ISO-10303-21;
HEADER;
FILE_DESCRIPTION (( 'STEP AP203' ),
    '1' );
FILE_NAME ('GT-0903A.STEP',
    '2016-11-28T21:06:02',
    ( 'Gem' ),
    ( '' ),
    'SwSTEP 2.0',
    'SolidWorks 2013',
    '' );
FILE_SCHEMA (( 'CONFIG_CONTROL_DESIGN' ));
ENDSEC;

DATA;
#1 = CARTESIAN_POINT ( 'NONE',  ( 1.017834422254338100, 4.210000000000000000, -2.146148837073387700 ) ) ;
#2 = ORIENTED_EDGE ( 'NONE', *, *, #4415, .F. ) ;
#3 = CARTESIAN_POINT ( 'NONE',  ( -2.248703621736432000, 4.199999999999997500, -1.190028287887013900 ) ) ;
#4 = EDGE_CURVE ( 'NONE', #196, #3492, #4359, .T. ) ;
#5 = CARTESIAN_POINT ( 'NONE',  ( 0.1652930117583982000, 4.199999999999997500, -2.600917463651638800 ) ) ;
#6 = VERTEX_POINT ( 'NONE', #2379 ) ;
#8 = CARTESIAN_POINT ( 'NONE',  ( 0.4510943451695783000, 4.200000000000000200, -2.425730231394227500 ) ) ;
#7 = CARTESIAN_POINT ( 'NONE',  ( 1.110091761267080000, 4.199999999999998400, -2.791767674619247700 ) ) ;
#9 = VERTEX_POINT ( 'NONE', #6694 ) ;
#10 = EDGE_CURVE ( 'NONE', #3344, #992, #7492, .T. ) ;
#11 = CARTESIAN_POINT ( 'NONE',  ( 0.2578462108074344700, 4.199999999999998400, -2.656834115681600200 ) ) ;
#12 = CARTESIAN_POINT ( 'NONE',  ( -2.266966632646324300, 4.209999999999996400, -1.814441447697520800 ) ) ;
#13 = EDGE_CURVE ( 'NONE', #6806, #740, #2710, .T. ) ;
#14 = ORIENTED_EDGE ( 'NONE', *, *, #3913, .T. ) ;
#15 = B_SPLINE_CURVE_WITH_KNOTS ( 'NONE', 3,
 ( #6830, #5649, #7527, #3781, #32, #4404, #661, #5054, #1282, #5671, #1921 ),
 .UNSPECIFIED., .F., .F.,
 ( 4, 1, 1, 1, 1, 1, 1, 1, 4 ),
 ( 0.0000000000000000000, 0.09586905370760416500, 0.1982071900027475600, 0.3080811444956044800, 0.4262725125268255800, 0.5536505723538200900, 0.6918439247637575600, 0.8404832487805107300, 1.000000000000000000 ),
 .UNSPECIFIED. ) ;
#16 = CARTESIAN_POINT ( 'NONE',  ( -0.6027089326604729800, 4.209999999999996400, -2.872437057387712900 ) ) ;
#17 = CARTESIAN_POINT ( 'NONE',  ( 1.758305590354104900, 4.209999999999999100, -1.851405174885989000 ) ) ;
#18 = VECTOR ( 'NONE', #3015, 1000.000000000000000 ) ;
#19 = DIRECTION ( 'NONE',  ( 0.0000000000000000000, -0.0000000000000000000, 1.000000000000000000 ) ) ;
#20 = ORIENTED_EDGE ( 'NONE', *, *, #6733, .F. ) ;
#21 = CARTESIAN_POINT ( 'NONE',  ( 1.384117292486174200, 4.209999999999998200, -2.086796534167768300 ) ) ;
#22 = CARTESIAN_POINT ( 'NONE',  ( -2.575031150993469800, 4.209999999999993700, -1.750165043712550200 ) ) ;
#23 = ORIENTED_EDGE ( 'NONE', *, *, #6935, .T. ) ;
#24 = CARTESIAN_POINT ( 'NONE',  ( 0.4368086997883392500, 4.199999999999996600, -2.990513286378844200 ) ) ;
#25 = CARTESIAN_POINT ( 'NONE',  ( -0.3895346148937997000, 4.200000000000000200, -2.315889133525459900 ) ) ;
#26 = ORIENTED_EDGE ( 'NONE', *, *, #4855, .T. ) ;
#27 = CARTESIAN_POINT ( 'NONE',  ( -0.3365841289178756500, 4.200000000000000200, -2.237804659639480500 ) ) ;
#28 = CIRCLE ( 'NONE', #6841, 0.6999999999999998400 ) ;
#29 = DIRECTION ( 'NONE',  ( 0.0000000000000000000, -1.000000000000000000, -0.0000000000000000000 ) ) ;
#30 = CARTESIAN_POINT ( 'NONE',  ( 0.9565424187110681500, 4.209999999999995500, -2.622316961980341700 ) ) ;
#31 = EDGE_CURVE ( 'NONE', #3546, #3157, #1034, .T. ) ;
#32 = CARTESIAN_POINT ( 'NONE',  ( -0.6292161527469771800, 4.210000000000000000, -2.379239965363154000 ) ) ;
#33 = VERTEX_POINT ( 'NONE', #4782 ) ;
#34 = CARTESIAN_POINT ( 'NONE',  ( 2.126537274160847300, 4.210000000000000000, -0.8777655746379443600 ) ) ;
#35 = ORIENTED_EDGE ( 'NONE', *, *, #2250, .F. ) ;
#36 = LINE ( 'NONE', #147, #4850 ) ;
#37 = CARTESIAN_POINT ( 'NONE',  ( -2.104469090599058400, 4.210000000000000000, -1.189796530087624800 ) ) ;
#38 = CARTESIAN_POINT ( 'NONE',  ( 0.3094816226403998600, 4.199999999999995700, -2.993896342218747000 ) ) ;
#39 = CARTESIAN_POINT ( 'NONE',  ( 0.08659049173294625100, 4.209999999999997300, -2.760482497314557600 ) ) ;
#41 = CARTESIAN_POINT ( 'NONE',  ( 1.231558187703143400, 4.199999999999998400, -2.418095536229994300 ) ) ;
#40 = DIRECTION ( 'NONE',  ( 0.0000000000000000000, 1.000000000000000000, 0.0000000000000000000 ) ) ;
#42 = DATE_AND_TIME ( #1698, #3376 ) ;
#43 = ORIENTED_EDGE ( 'NONE', *, *, #5945, .T. ) ;
#44 = CARTESIAN_POINT ( 'NONE',  ( 5.510910596163089600E-016, -4.799999999999999800, -2.000000000000000000 ) ) ;
#45 = CARTESIAN_POINT ( 'NONE',  ( -2.412959466869755600, 4.199999999999994800, -1.782516576194353600 ) ) ;
#46 = LINE ( 'NONE', #8072, #1703 ) ;
#47 = B_SPLINE_CURVE_WITH_KNOTS ( 'NONE', 3,
 ( #6525, #7811, #6576, #2850, #7208, #3469, #7831, #4097, #342, #4738, #970 ),
 .UNSPECIFIED., .F., .F.,
 ( 4, 1, 1, 1, 1, 1, 1, 1, 4 ),
 ( 0.0000000000000000000, 0.1292235386810191600, 0.2547141996250260100, 0.3751299739965528500, 0.4953321503739702700, 0.6155610472533010700, 0.7391624866900589100, 0.8662808176937782900, 1.000000000000000000 ),
 .UNSPECIFIED. ) ;
#48 = FACE_OUTER_BOUND ( 'NONE', #6148, .T. ) ;
#49 = CARTESIAN_POINT ( 'NONE',  ( 1.249999999999965100, 0.2999999999999999900, -5.000000000000008900 ) ) ;
#50 = CARTESIAN_POINT ( 'NONE',  ( 1.733372655596557200, 4.209999999999997300, -2.043627226691764800 ) ) ;
#51 = CARTESIAN_POINT ( 'NONE',  ( 1.840278234394300700, 4.199999999999994800, -2.364351038734283000 ) ) ;
#52 = CARTESIAN_POINT ( 'NONE',  ( 6.368163355566237400E-016, 0.2999999999999999900, -2.700000000000000200 ) ) ;
#53 = LINE ( 'NONE', #7608, #253 ) ;
#54 = CARTESIAN_POINT ( 'NONE',  ( 2.221601327117742800, 4.209999999999998200, -1.203596367891167900 ) ) ;
#55 = CARTESIAN_POINT ( 'NONE',  ( -0.3876720791672252900, 4.209999999999999100, -2.229955716390387400 ) ) ;
#56 = CARTESIAN_POINT ( 'NONE',  ( 2.038249839498368600, 4.209999999999995500, -2.066658426804816300 ) ) ;
#57 = CARTESIAN_POINT ( 'NONE',  ( 0.5808944442574774900, 4.200000000000000200, -2.476307282991149400 ) ) ;
#58 = CARTESIAN_POINT ( 'NONE',  ( 1.370100995422837800, 4.200000000000001100, -1.818425426326892200 ) ) ;
#59 = LINE ( 'NONE', #3115, #2123 ) ;
#60 = CARTESIAN_POINT ( 'NONE',  ( 0.8115374790748499700, 4.199999999999999300, -2.561824974208463300 ) ) ;
#61 = CARTESIAN_POINT ( 'NONE',  ( 1.520907793545339400, 4.200000000000000200, -1.783781043477738100 ) ) ;
#62 = CARTESIAN_POINT ( 'NONE',  ( -2.467172802723470500, 4.199999999999998400, -1.171813995338424800 ) ) ;
#63 = EDGE_LOOP ( 'NONE', ( #5275, #1681, #4722, #359 ) ) ;
#64 = CARTESIAN_POINT ( 'NONE',  ( -1.911712275856098300, 4.209999999999996400, -1.355454922130823200 ) ) ;
#65 = LINE ( 'NONE', #5048, #6522 ) ;
#66 = EDGE_CURVE ( 'NONE', #7679, #7866, #3884, .T. ) ;
#67 = CARTESIAN_POINT ( 'NONE',  ( 0.2174831058238350400, 4.209999999999995500, -2.906961979629220300 ) ) ;
#68 = CARTESIAN_POINT ( 'NONE',  ( 1.294177974868007100, 4.209999999999995500, -2.652187670398300100 ) ) ;
#69 = EDGE_CURVE ( 'NONE', #7664, #4350, #4172, .T. ) ;
#70 = ORIENTED_EDGE ( 'NONE', *, *, #7300, .T. ) ;
#71 = AXIS2_PLACEMENT_3D ( 'NONE', #3666, #8035, #4298 ) ;
#72 = CARTESIAN_POINT ( 'NONE',  ( 0.5085463207423888100, 4.209999999999997300, -2.338597200338383300 ) ) ;
#73 = FACE_OUTER_BOUND ( 'NONE', #5417, .T. ) ;
#74 = CARTESIAN_POINT ( 'NONE',  ( 0.1618368536628754800, 4.200000000000000200, -2.415858456852260100 ) ) ;
#75 = CARTESIAN_POINT ( 'NONE',  ( -2.175401867116365300, 4.199999999999996600, -1.899210080590620200 ) ) ;
#76 = DIRECTION ( 'NONE',  ( -0.5340813138265559900, 0.0000000000000000000, -0.8454331139843647100 ) ) ;
#77 = CARTESIAN_POINT ( 'NONE',  ( 1.387216857459661700, 4.199999999999994800, -2.685670860391197000 ) ) ;
#78 = EDGE_CURVE ( 'NONE', #6679, #2192, #2514, .T. ) ;
#79 = CARTESIAN_POINT ( 'NONE',  ( 1.293679965146641700, 4.199999999999996600, -2.626432820777131900 ) ) ;
#80 = CARTESIAN_POINT ( 'NONE',  ( -0.5415754193448102400, 4.200000000000002000, -2.272367741165615600 ) ) ;
#81 = DIRECTION ( 'NONE',  ( 0.0000000000000000000, -1.000000000000000000, 0.0000000000000000000 ) ) ;
#82 = CARTESIAN_POINT ( 'NONE',  ( 0.3859442706999095500, 4.200000000000002000, -2.252876567521447300 ) ) ;
#83 = CARTESIAN_POINT ( 'NONE',  ( 1.388905598425181900, 4.199999999999999300, -2.093984938400433600 ) ) ;
#84 = CARTESIAN_POINT ( 'NONE',  ( -0.3734658293060768600, 4.199999999999998400, -3.078750326130455800 ) ) ;
#85 = CARTESIAN_POINT ( 'NONE',  ( 1.726277093041748100, 4.200000000000000200, -1.810458756334774500 ) ) ;
#86 = CARTESIAN_POINT ( 'NONE',  ( -2.631219143501299900, 4.199999999999994800, -1.375755327688039700 ) ) ;
#87 = CARTESIAN_POINT ( 'NONE',  ( -2.575031150993469800, 4.209999999999993700, -1.750165043712550200 ) ) ;
#88 = EDGE_CURVE ( 'NONE', #7308, #5813, #7295, .T. ) ;
#89 = CARTESIAN_POINT ( 'NONE',  ( -0.3665141925078401800, 4.210000000000000000, -2.319365659977033400 ) ) ;
#91 = CARTESIAN_POINT ( 'NONE',  ( 1.250344489107790800, 4.199999999999994000, -2.757423558741219200 ) ) ;
#90 = CARTESIAN_POINT ( 'NONE',  ( 0.3686864481772927900, 4.200000000000000200, -2.624258750543337000 ) ) ;
#92 = CARTESIAN_POINT ( 'NONE',  ( 0.2647632745444181700, 4.210000000000000000, -2.242143752795064500 ) ) ;
#93 = DIRECTION ( 'NONE',  ( -4.916052998792304600E-015, 0.0000000000000000000, -1.000000000000000000 ) ) ;
#94 = DIRECTION ( 'NONE',  ( 0.0000000000000000000, -1.000000000000000000, 0.0000000000000000000 ) ) ;
#95 = AXIS2_PLACEMENT_3D ( 'NONE', #2986, #3600, #7970 ) ;
#96 = CARTESIAN_POINT ( 'NONE',  ( -0.3235311245906768400, 4.209999999999996400, -2.912811350953728800 ) ) ;
#97 = CARTESIAN_POINT ( 'NONE',  ( 1.559355588334844200, 4.200000000000000200, -1.672669998090477100 ) ) ;
#98 = CARTESIAN_POINT ( 'NONE',  ( 1.322644482888268000, 4.200000000000002000, -2.360343360303732000 ) ) ;
#99 = ORIENTED_EDGE ( 'NONE', *, *, #6455, .T. ) ;
#100 = CARTESIAN_POINT ( 'NONE',  ( 0.09081410204910010700, 4.199999999999996600, -2.857139897369910900 ) ) ;
#101 = CARTESIAN_POINT ( 'NONE',  ( 1.037575055419512200, 4.209999999999994600, -2.742490215010299000 ) ) ;
#102 = CARTESIAN_POINT ( 'NONE',  ( 1.535982665675050800, 4.209999999999999100, -1.775970964522766400 ) ) ;
#103 = VERTEX_POINT ( 'NONE', #1684 ) ;
#104 = CARTESIAN_POINT ( 'NONE',  ( -0.2210013080862998900, 4.209999999999996400, -2.930801062301212800 ) ) ;
#105 = DIRECTION ( 'NONE',  ( -0.8091437848515349300, 0.0000000000000000000, 0.5876107005800124100 ) ) ;
#106 = CARTESIAN_POINT ( 'NONE',  ( 0.4683106844550486400, 4.209999999999998200, -2.581347969123664000 ) ) ;
#107 = CARTESIAN_POINT ( 'NONE',  ( -2.591703917168878000, 4.199999999999994800, -1.724314453044524700 ) ) ;
#108 = ORIENTED_EDGE ( 'NONE', *, *, #906, .T. ) ;
#109 = LINE ( 'NONE', #4028, #3253 ) ;
#110 = ORIENTED_EDGE ( 'NONE', *, *, #4074, .F. ) ;
#111 = CARTESIAN_POINT ( 'NONE',  ( -2.163991790358946100, 4.209999999999998200, -1.180317352469192800 ) ) ;
#112 = CARTESIAN_POINT ( 'NONE',  ( 0.5199364633587143500, 4.199999999999997500, -2.769280836908857500 ) ) ;
#113 = CARTESIAN_POINT ( 'NONE',  ( -0.5769985134144458600, 4.209999999999993700, -3.060906555887170600 ) ) ;
#114 = ORIENTED_EDGE ( 'NONE', *, *, #6690, .T. ) ;
#115 = CARTESIAN_POINT ( 'NONE',  ( 1.819496939963849200, 4.209999999999997300, -2.097640935322124400 ) ) ;
#116 = B_SPLINE_CURVE_WITH_KNOTS ( 'NONE', 3,
 ( #6974, #737, #1358, #5758, #2005, #6368, #2640, #7001, #3264, #7633, #3895, #135, #4518, #765, #5158 ),
 .UNSPECIFIED., .F., .F.,
 ( 4, 1, 1, 1, 1, 1, 1, 1, 1, 1, 1, 1, 4 ),
 ( 0.0000000000000000000, 0.09216550349165848800, 0.1819839355272872300, 0.2703043905840875100, 0.3584157652291851100, 0.4447913453304790400, 0.5274662956955273900, 0.6085246492727785000, 0.6892296081624366100, 0.7688812256349580900, 0.8462285888204613700, 0.9227642774214311900, 1.000000000000000000 ),
 .UNSPECIFIED. ) ;
#117 = VECTOR ( 'NONE', #7057, 1000.000000000000100 ) ;
#118 = EDGE_CURVE ( 'NONE', #2275, #3980, #3984, .T. ) ;
#119 = ORIENTED_EDGE ( 'NONE', *, *, #5908, .F. ) ;
#120 = DIRECTION ( 'NONE',  ( 0.5532235170496834200, 0.0000000000000000000, -0.8330328566048153000 ) ) ;
#121 = DIRECTION ( 'NONE',  ( 0.0000000000000000000, -1.000000000000000000, 0.0000000000000000000 ) ) ;
#122 = ORIENTED_EDGE ( 'NONE', *, *, #6986, .T. ) ;
#123 = CARTESIAN_POINT ( 'NONE',  ( -0.4145460060589085700, 4.199999999999998400, -2.995039547699372300 ) ) ;
#124 = ORIENTED_EDGE ( 'NONE', *, *, #2704, .F. ) ;
#125 = DIRECTION ( 'NONE',  ( 0.0000000000000000000, 0.0000000000000000000, -1.000000000000000000 ) ) ;
#126 = CARTESIAN_POINT ( 'NONE',  ( 0.4842990251839068300, 4.209999999999995500, -3.059717753088380600 ) ) ;
#127 = LINE ( 'NONE', #1415, #1599 ) ;
#128 = DIRECTION ( 'NONE',  ( 0.04954044835755570100, 0.0000000000000000000, -0.9987721181413368200 ) ) ;
#129 = CARTESIAN_POINT ( 'NONE',  ( 0.1722177304072751200, 4.209999999999996400, -3.022534609037976800 ) ) ;
#130 = CARTESIAN_POINT ( 'NONE',  ( 0.0000000000000000000, 0.2999999999999999900, 0.0000000000000000000 ) ) ;
#131 = CARTESIAN_POINT ( 'NONE',  ( 1.734230941236550400, 4.209999999999998200, -1.819414894004042000 ) ) ;
#132 = CARTESIAN_POINT ( 'NONE',  ( 1.693040294687801800, 4.210000000000000000, -1.672436596007020700 ) ) ;
#133 = EDGE_LOOP ( 'NONE', ( #3836, #2597, #7353, #3356 ) ) ;
#134 = CARTESIAN_POINT ( 'NONE',  ( -0.1713183369728513400, 4.200000000000002000, -2.788525706216186300 ) ) ;
#135 = CARTESIAN_POINT ( 'NONE',  ( 2.069524473575530700, 4.209999999999996400, -2.113652383843863400 ) ) ;
#136 = DIRECTION ( 'NONE',  ( 0.8330328566048151900, 5.538766042879133800E-015, 0.5532235170496834200 ) ) ;
#137 = EDGE_CURVE ( 'NONE', #232, #6403, #835, .T. ) ;
#138 = FACE_OUTER_BOUND ( 'NONE', #3729, .T. ) ;
#139 = CARTESIAN_POINT ( 'NONE',  ( 1.758305590354104900, 4.200000000000000200, -1.851405174885989000 ) ) ;
#140 = DIRECTION ( 'NONE',  ( 0.0000000000000000000, 1.000000000000000000, 0.0000000000000000000 ) ) ;
#141 = ADVANCED_FACE ( 'NONE', ( #7099 ), #4581, .T. ) ;
#142 = EDGE_LOOP ( 'NONE', ( #4366, #1179, #1991, #301 ) ) ;
#143 = CARTESIAN_POINT ( 'NONE',  ( 0.09562184269871375200, 4.210000000000000000, 3.549121319842145200 ) ) ;
#144 = VECTOR ( 'NONE', #6615, 1000.000000000000000 ) ;
#146 = CARTESIAN_POINT ( 'NONE',  ( 0.9756688664547047400, 4.209999999999992900, -2.820016210077667600 ) ) ;
#145 = DIRECTION ( 'NONE',  ( -0.8088973282953159100, 0.0000000000000000000, 0.5879499232729774600 ) ) ;
#147 = CARTESIAN_POINT ( 'NONE',  ( -2.175401867116365700, 4.209999999999996400, -1.899210080590620500 ) ) ;
#148 = CARTESIAN_POINT ( 'NONE',  ( 1.922362875169021200, 4.199999999999999300, -2.105664701514185800 ) ) ;
#149 = VECTOR ( 'NONE', #4277, 1000.000000000000000 ) ;
#150 = AXIS2_PLACEMENT_3D ( 'NONE', #3056, #8045, #4303 ) ;
#151 = CARTESIAN_POINT ( 'NONE',  ( 1.387216857459661700, 4.209999999999993700, -2.685670860391197000 ) ) ;
#152 = EDGE_LOOP ( 'NONE', ( #1184, #7735, #4826, #5595 ) ) ;
#153 = CARTESIAN_POINT ( 'NONE',  ( 0.1351574808624722800, 4.200000000000000200, -2.291268362653698700 ) ) ;
#154 = ORIENTED_EDGE ( 'NONE', *, *, #400, .T. ) ;
#155 = CARTESIAN_POINT ( 'NONE',  ( 1.658058842546889600, 4.199999999999998400, -2.094199112105698200 ) ) ;
#156 = CARTESIAN_POINT ( 'NONE',  ( -0.2555161760609502800, 4.199999999999999300, -2.427496250171652800 ) ) ;
#157 = EDGE_LOOP ( 'NONE', ( #648, #4432, #6558, #5749 ) ) ;
#158 = CIRCLE ( 'NONE', #2161, 3.799999999999999800 ) ;
#159 = CARTESIAN_POINT ( 'NONE',  ( 0.5735367245984007700, 4.199999999999994800, -2.981252397593439100 ) ) ;
#160 = CARTESIAN_POINT ( 'NONE',  ( -0.5863252192061057000, 4.209999999999994600, -2.923403361784502300 ) ) ;
#161 = CARTESIAN_POINT ( 'NONE',  ( 0.3103496854278150500, 4.199999999999994800, -3.091122559785607100 ) ) ;
#162 = CARTESIAN_POINT ( 'NONE',  ( -0.5464578285252446000, 4.210000000000000000, 3.099665549985374000 ) ) ;
#163 = ORIENTED_EDGE ( 'NONE', *, *, #2300, .F. ) ;
#164 = CARTESIAN_POINT ( 'NONE',  ( 1.533510000264749900, 4.200000000000000200, -1.680817832581209100 ) ) ;
#165 = DIRECTION ( 'NONE',  ( 0.0000000000000000000, -1.000000000000000000, 0.0000000000000000000 ) ) ;
#166 = DIRECTION ( 'NONE',  ( 0.0000000000000000000, -1.000000000000000000, 0.0000000000000000000 ) ) ;
#167 = FACE_BOUND ( 'NONE', #5212, .T. ) ;
#168 = CARTESIAN_POINT ( 'NONE',  ( 1.733372655596557200, 4.199999999999998400, -2.043627226691764800 ) ) ;
#169 = CARTESIAN_POINT ( 'NONE',  ( 1.664399591686628800, 4.209999999999997300, -2.090963431419984500 ) ) ;
#170 = EDGE_CURVE ( 'NONE', #4227, #6221, #3771, .T. ) ;
#171 = CARTESIAN_POINT ( 'NONE',  ( -2.412959466869755600, 4.209999999999994600, -1.782516576194353600 ) ) ;
#173 = CARTESIAN_POINT ( 'NONE',  ( 1.221882174738482300, 4.209999999999992900, -2.872873682434756900 ) ) ;
#172 = CARTESIAN_POINT ( 'NONE',  ( -1.866415890267885800, 4.200000000000000200, -1.570090760252074600 ) ) ;
#174 = EDGE_CURVE ( 'NONE', #740, #7936, #446, .T. ) ;
#175 = CARTESIAN_POINT ( 'NONE',  ( 0.5240989807234184300, 4.209999999999995500, -2.797429554000944400 ) ) ;
#176 = CARTESIAN_POINT ( 'NONE',  ( -1.954799930790829900, 4.199999999999996600, -1.291355461288993700 ) ) ;
#177 = CC_DESIGN_PERSON_AND_ORGANIZATION_ASSIGNMENT ( #6693, #5899, ( #7880 ) ) ;
#178 = DIRECTION ( 'NONE',  ( -0.5518384118328618600, 0.0000000000000000000, 0.8339510580518408900 ) ) ;
#179 = CARTESIAN_POINT ( 'NONE',  ( 1.322644482888268000, 4.209999999999998200, -2.360343360303732000 ) ) ;
#180 = DIRECTION ( 'NONE',  ( 1.000000000000000000, -0.0000000000000000000, -3.533413092881963100E-015 ) ) ;
#181 = CARTESIAN_POINT ( 'NONE',  ( 0.2941510399638498400, 4.209999999999999100, -2.324392375472532600 ) ) ;
#182 = CARTESIAN_POINT ( 'NONE',  ( 0.5102063309654267800, 4.199999999999998400, -2.616862181843969900 ) ) ;
#183 = CARTESIAN_POINT ( 'NONE',  ( 0.6263867046960163200, 4.209999999999994600, -2.838798576007998300 ) ) ;
#184 = EDGE_CURVE ( 'NONE', #2829, #2194, #4025, .T. ) ;
#185 = CARTESIAN_POINT ( 'NONE',  ( 0.4683106844550486400, 4.199999999999999300, -2.581347969123664000 ) ) ;
#186 = DIRECTION ( 'NONE',  ( 1.000000000000000000, 0.0000000000000000000, 0.0000000000000000000 ) ) ;
#187 = CARTESIAN_POINT ( 'NONE',  ( 0.5086563611817143100, 4.209999999999996400, -2.730772877619206200 ) ) ;
#188 = DIRECTION ( 'NONE',  ( -0.8090842014354152600, 0.0000000000000000000, 0.5876927385867691800 ) ) ;
#189 = PLANE ( 'NONE',  #2039 ) ;
#190 = CARTESIAN_POINT ( 'NONE',  ( 0.8516085807177703500, 4.199999999999996600, -2.342820014586050300 ) ) ;
#191 = CARTESIAN_POINT ( 'NONE',  ( -0.1407431097426143600, 4.209999999999998200, -2.540765307435016100 ) ) ;
#192 = CARTESIAN_POINT ( 'NONE',  ( 0.5450776125554845900, 4.210000000000000000, 3.099665549985374000 ) ) ;
#193 = CARTESIAN_POINT ( 'NONE',  ( -2.501830609935940900, 4.199999999999997500, -1.687461754856188100 ) ) ;
#194 = DIRECTION ( 'NONE',  ( -0.5536002846818247600, 0.0000000000000000000, 0.8327825195092669600 ) ) ;
#195 = AXIS2_PLACEMENT_3D ( 'NONE', #5109, #3922, #178 ) ;
#196 = VERTEX_POINT ( 'NONE', #3121 ) ;
#197 = CARTESIAN_POINT ( 'NONE',  ( -0.2967557258478594800, 4.209999999999998200, -2.357580405363251900 ) ) ;
#199 = CARTESIAN_POINT ( 'NONE',  ( 1.763832998662612500, 4.210000000000000000, -1.702150763905515800 ) ) ;
#198 = CARTESIAN_POINT ( 'NONE',  ( 0.0000000000000000000, 0.0000000000000000000, 0.0000000000000000000 ) ) ;
#200 = CARTESIAN_POINT ( 'NONE',  ( 0.4864639101491886600, 4.209999999999996400, -2.950259952295060600 ) ) ;
#201 = DIRECTION ( 'NONE',  ( 0.0000000000000000000, -1.000000000000000000, 0.0000000000000000000 ) ) ;
#202 = CARTESIAN_POINT ( 'NONE',  ( 1.457219924866750100, 4.199999999999999300, -1.999583385300077500 ) ) ;
#203 = VERTEX_POINT ( 'NONE', #7489 ) ;
#204 = VERTEX_POINT ( 'NONE', #3736 ) ;
#205 = CARTESIAN_POINT ( 'NONE',  ( 0.4957789322647617200, 4.209999999999998200, -2.537866997762430600 ) ) ;
#206 = CARTESIAN_POINT ( 'NONE',  ( 1.225109932574491400, 4.200000000000002000, -2.402813738606782500 ) ) ;
#207 = ORIENTED_EDGE ( 'NONE', *, *, #5293, .T. ) ;
#208 = CARTESIAN_POINT ( 'NONE',  ( -0.1495467810483356000, 4.199999999999997500, -2.668325833298143200 ) ) ;
#209 = CARTESIAN_POINT ( 'NONE',  ( 0.6202871211351854700, 4.199999999999998400, -2.660040415677413800 ) ) ;
#210 = CARTESIAN_POINT ( 'NONE',  ( 0.2965739208513713500, 4.209999999999998200, -2.539572827766198900 ) ) ;
#211 = CARTESIAN_POINT ( 'NONE',  ( 1.895573519063285600, 4.209999999999993700, -2.449490449423247000 ) ) ;
#212 = CARTESIAN_POINT ( 'NONE',  ( 5.510910596163089600E-016, -0.2999999999999999900, -2.000000000000000000 ) ) ;
#213 = CARTESIAN_POINT ( 'NONE',  ( 1.440645134849207300, 4.209999999999998200, -1.947756091810252300 ) ) ;
#214 = ORIENTED_EDGE ( 'NONE', *, *, #5233, .T. ) ;
#215 = VECTOR ( 'NONE', #7287, 1000.000000000000100 ) ;
#216 = CARTESIAN_POINT ( 'NONE',  ( 0.8797227927069378700, 4.209999999999999100, -2.195829905243978700 ) ) ;
#217 = CARTESIAN_POINT ( 'NONE',  ( -0.2432235116688262200, 4.210000000000000000, -2.280549294185786600 ) ) ;
#218 = VERTEX_POINT ( 'NONE', #5582 ) ;
#219 = CARTESIAN_POINT ( 'NONE',  ( -0.4872565376919485400, 4.209999999999999100, -2.353407444986259600 ) ) ;
#220 = ADVANCED_FACE ( 'NONE', ( #3579 ), #7460, .T. ) ;
#221 = VERTEX_POINT ( 'NONE', #8104 ) ;
#222 = CARTESIAN_POINT ( 'NONE',  ( -2.553151720874720500, 4.209999999999994600, -1.491248605463935100 ) ) ;
#223 = B_SPLINE_CURVE_WITH_KNOTS ( 'NONE', 3,
 ( #1520, #4659, #2164, #6530, #2801, #7150, #3417, #7791, #4043, #290, #4690, #926, #5309, #1546, #5936, #2196, #6553, #2830, #7180, #3443, #7815, #4073, #318, #4714, #955, #5339, #1569 ),
 .UNSPECIFIED., .F., .F.,
 ( 4, 1, 1, 1, 1, 1, 1, 1, 1, 1, 1, 1, 1, 1, 1, 1, 1, 1, 1, 1, 1, 1, 1, 1, 4 ),
 ( 0.0000000000000000000, 0.04467344343234886500, 0.08829871406053121900, 0.1313324521489537800, 0.1738168373691169100, 0.2155824130621693300, 0.2573399324772299200, 0.2987148198572143800, 0.3404085665934371600, 0.3815722333397181800, 0.4218875380149034200, 0.4618370251780474200, 0.5014010828438868500, 0.5408722633731315500, 0.5804479153552868400, 0.6205913962365445800, 0.6614073440141252600, 0.7023392772471367400, 0.7434322958524459700, 0.7848426512282682400, 0.8265378650984615000, 0.8686861544102125700, 0.9116138619775203700, 0.9552615620522373300, 1.000000000000000000 ),
 .UNSPECIFIED. ) ;
#224 = VERTEX_POINT ( 'NONE', #1871 ) ;
#225 = CARTESIAN_POINT ( 'NONE',  ( 1.878652304558971400, 4.209999999999997300, -1.866791877885638300 ) ) ;
#226 = CYLINDRICAL_SURFACE ( 'NONE', #6026, 3.799999999999999400 ) ;
#227 = CARTESIAN_POINT ( 'NONE',  ( -0.5895684956970883600, 4.199999999999994800, -2.915788700259440300 ) ) ;
#228 = ORIENTED_EDGE ( 'NONE', *, *, #8026, .F. ) ;
#229 = CARTESIAN_POINT ( 'NONE',  ( 1.322644482888268000, 4.200000000000002000, -2.360343360303732000 ) ) ;
#230 = CARTESIAN_POINT ( 'NONE',  ( 5.510910596163089600E-016, 0.2999999999999999900, 2.000000000000000000 ) ) ;
#231 = CARTESIAN_POINT ( 'NONE',  ( -0.1977546319268887200, 4.209999999999997300, -2.879011957080757100 ) ) ;
#232 = VERTEX_POINT ( 'NONE', #2522 ) ;
#233 = CARTESIAN_POINT ( 'NONE',  ( 1.441325451736631200, 4.210000000000000000, -1.887600340273682300 ) ) ;
#234 = ORIENTED_EDGE ( 'NONE', *, *, #3691, .T. ) ;
#235 = CARTESIAN_POINT ( 'NONE',  ( 0.0000000000000000000, 0.0000000000000000000, 0.0000000000000000000 ) ) ;
#236 = CARTESIAN_POINT ( 'NONE',  ( -2.605429291118283300, 4.209999999999995500, -1.324387981980306400 ) ) ;
#237 = FACE_OUTER_BOUND ( 'NONE', #1594, .T. ) ;
#238 = PERSON_AND_ORGANIZATION ( #1487, #4347 ) ;
#239 = CARTESIAN_POINT ( 'NONE',  ( -2.566489718457482600, 4.209999999999992900, -1.762350909860939800 ) ) ;
#240 = VERTEX_POINT ( 'NONE', #5636 ) ;
#241 = CARTESIAN_POINT ( 'NONE',  ( 0.8729198798650140700, 4.200000000000000200, -2.088383420774766000 ) ) ;
#242 = VECTOR ( 'NONE', #7104, 1000.000000000000200 ) ;
#243 = CARTESIAN_POINT ( 'NONE',  ( 0.5102063309654267800, 4.199999999999998400, -2.616862181843969900 ) ) ;
#244 = CARTESIAN_POINT ( 'NONE',  ( 0.4669161170310681100, 4.209999999999993700, -3.068689744896184700 ) ) ;
#245 = CARTESIAN_POINT ( 'NONE',  ( -0.7136543142623671400, 4.209999999999995500, -2.779900429219539900 ) ) ;
#246 = CARTESIAN_POINT ( 'NONE',  ( -0.5464578285252446000, 4.210000000000000000, 3.099665549985374000 ) ) ;
#247 = DIRECTION ( 'NONE',  ( 0.0000000000000000000, -1.000000000000000000, 0.0000000000000000000 ) ) ;
#248 = LINE ( 'NONE', #1770, #3385 ) ;
#249 = CARTESIAN_POINT ( 'NONE',  ( -1.759985185297356500, 4.209999999999999100, -1.638482258692559400 ) ) ;
#250 = DIRECTION ( 'NONE',  ( 0.0000000000000000000, -1.000000000000000000, 0.0000000000000000000 ) ) ;
#251 = EDGE_CURVE ( 'NONE', #525, #4632, #4130, .T. ) ;
#252 = DIRECTION ( 'NONE',  ( 0.5879499232729781300, 8.751469945511802100E-015, 0.8088973282953153500 ) ) ;
#253 = VECTOR ( 'NONE', #3860, 1000.000000000000000 ) ;
#254 = CARTESIAN_POINT ( 'NONE',  ( -2.507670778965174700, 4.199999999999998400, -1.375064959134618900 ) ) ;
#255 = FACE_OUTER_BOUND ( 'NONE', #1397, .T. ) ;
#256 = CARTESIAN_POINT ( 'NONE',  ( 1.322644482888267700, 4.199999999999997500, -2.360343360303731600 ) ) ;
#257 = CARTESIAN_POINT ( 'NONE',  ( -0.5965391638508773500, 4.199999999999996600, -2.649620272126540900 ) ) ;
#258 = CARTESIAN_POINT ( 'NONE',  ( 0.2268589757531660800, 4.199999999999996600, -2.923672219165010400 ) ) ;
#259 = CARTESIAN_POINT ( 'NONE',  ( -0.1415925107626471700, 4.200000000000000200, -2.512979621358205400 ) ) ;
#260 = ORIENTED_EDGE ( 'NONE', *, *, #184, .F. ) ;
#261 = CARTESIAN_POINT ( 'NONE',  ( 0.08910157167960332200, 4.209999999999996400, -2.846865742869600700 ) ) ;
#262 = CARTESIAN_POINT ( 'NONE',  ( 1.481462540939305000, 4.200000000000000200, -1.814299703106200000 ) ) ;
#263 = AXIS2_PLACEMENT_3D ( 'NONE', #49, #4420, #672 ) ;
#264 = CIRCLE ( 'NONE', #3988, 0.7000000000000000700 ) ;
#265 = APPROVAL_STATUS ( 'not_yet_approved' ) ;
#266 = CARTESIAN_POINT ( 'NONE',  ( -2.619208801010836800, 4.209999999999992900, -1.671193310937402200 ) ) ;
#267 = ADVANCED_FACE ( 'NONE', ( #636 ), #5685, .T. ) ;
#268 = CARTESIAN_POINT ( 'NONE',  ( -2.553151720874720500, 4.209999999999994600, -1.491248605463935100 ) ) ;
#270 = ORIENTED_EDGE ( 'NONE', *, *, #1583, .T. ) ;
#269 = CARTESIAN_POINT ( 'NONE',  ( -2.521488549700779300, 4.209999999999995500, -1.818761556958086200 ) ) ;
#271 = CARTESIAN_POINT ( 'NONE',  ( -0.7117016224159487000, 4.200000000000000200, -2.719117268608434800 ) ) ;
#272 = CARTESIAN_POINT ( 'NONE',  ( 0.6226678177025888300, 4.209999999999997300, -2.863481289413532000 ) ) ;
#273 = CARTESIAN_POINT ( 'NONE',  ( 0.7615014521888000500, 4.209999999999999100, -2.223493675395140200 ) ) ;
#274 = CARTESIAN_POINT ( 'NONE',  ( 1.722993958903047600, 4.199999999999995700, -2.433679614085924900 ) ) ;
#275 = B_SPLINE_CURVE_WITH_KNOTS ( 'NONE', 3,
 ( #4997, #603, #6853, #3131, #7503, #3752, #1, #4382, #631, #5020, #1257, #5651, #1889, #6261, #2535, #6889, #3155, #7528, #3783 ),
 .UNSPECIFIED., .F., .F.,
 ( 4, 1, 1, 1, 1, 1, 1, 1, 1, 1, 1, 1, 1, 1, 1, 1, 4 ),
 ( 0.0000000000000000000, 0.04062594505535559900, 0.08074268177567574300, 0.1202493485955121700, 0.1601418845816096300, 0.2012495002726210300, 0.2438365504311357800, 0.2890769514741533500, 0.3368151668676508900, 0.3893970494154957400, 0.4495714949813352000, 0.5177713207267771200, 0.5950508774840316300, 0.6818532553673900500, 0.7778619156903522300, 0.8839043124221609400, 1.000000000000000000 ),
 .UNSPECIFIED. ) ;
#276 = CARTESIAN_POINT ( 'NONE',  ( -1.756425807187741200, 4.209999999999999100, -1.587469987401035800 ) ) ;
#277 = CARTESIAN_POINT ( 'NONE',  ( -0.6776200352766645900, 4.210000000000000000, -2.508747062383062800 ) ) ;
#278 = CARTESIAN_POINT ( 'NONE',  ( 1.492592078644308100, 4.200000000000001100, -1.804344594242983200 ) ) ;
#279 = CARTESIAN_POINT ( 'NONE',  ( 1.722993958903047600, 4.199999999999995700, -2.433679614085924900 ) ) ;
#280 = CARTESIAN_POINT ( 'NONE',  ( -2.464635055418193100, 4.199999999999998400, -1.867994622603373000 ) ) ;
#281 = CARTESIAN_POINT ( 'NONE',  ( 1.247326453353614100, 4.210000000000000000, -2.215968341310160700 ) ) ;
#282 = EDGE_CURVE ( 'NONE', #5929, #6, #6894, .T. ) ;
#283 = CARTESIAN_POINT ( 'NONE',  ( 0.0000000000000000000, 0.2999999999999999900, 0.0000000000000000000 ) ) ;
#284 = CARTESIAN_POINT ( 'NONE',  ( 1.308158246074559300, 4.199999999999997500, -2.327862608026857800 ) ) ;
#285 = CARTESIAN_POINT ( 'NONE',  ( -0.2595218978989785000, 4.200000000000000200, -2.269332866844381100 ) ) ;
#286 = CARTESIAN_POINT ( 'NONE',  ( 0.2606148768631720800, 4.209999999999992900, -3.078434786151583500 ) ) ;
#287 = CARTESIAN_POINT ( 'NONE',  ( 0.2112898671753979700, 4.200000000000002000, -2.252771243517949400 ) ) ;
#288 = CARTESIAN_POINT ( 'NONE',  ( -0.5309681032693368600, 4.209999999999994600, -2.985182326427233200 ) ) ;
#289 = CARTESIAN_POINT ( 'NONE',  ( -2.214757204271135200, 4.209999999999995500, -1.912025380602749200 ) ) ;
#290 = CARTESIAN_POINT ( 'NONE',  ( -2.012530775269971300, 4.209999999999999100, -1.115637644150285300 ) ) ;
#291 = EDGE_CURVE ( 'NONE', #6483, #7475, #4226, .T. ) ;
#292 = CARTESIAN_POINT ( 'NONE',  ( -0.6973356854180504700, 4.209999999999995500, -2.904365762217376600 ) ) ;
#293 = B_SPLINE_CURVE_WITH_KNOTS ( 'NONE', 3,
 ( #834, #5227, #2105, #6464, #2740, #7098, #3358, #7725, #3986, #236, #4621, #860, #5255, #1480, #5874, #2137, #6497, #2761, #7126, #3387, #7754, #4008, #266, #4653, #885, #5282, #1515 ),
 .UNSPECIFIED., .F., .F.,
 ( 4, 1, 1, 1, 1, 1, 1, 1, 1, 1, 1, 1, 1, 1, 1, 1, 1, 1, 1, 1, 1, 1, 1, 1, 4 ),
 ( 0.0000000000000000000, 0.04439156533774257800, 0.08794563570322767900, 0.1313461449661497400, 0.1741781752117689000, 0.2165838773768436800, 0.2592526042745203500, 0.3018390867447045500, 0.3446661344111126000, 0.3868780064512076800, 0.4281329332105053800, 0.4684187797199475000, 0.5079892078195656900, 0.5470696959633562000, 0.5862125408234073500, 0.6253740733367331200, 0.6649098172339993300, 0.7048483359981352300, 0.7448448251408744700, 0.7853435102845980300, 0.8264585354835731800, 0.8683630706220265600, 0.9112207164106502800, 0.9549905388397596000, 1.000000000000000000 ),
 .UNSPECIFIED. ) ;
#294 = CARTESIAN_POINT ( 'NONE',  ( -1.723958536067447200, 4.209999999999994600, -2.470274388587610400 ) ) ;
#295 = ORIENTED_EDGE ( 'NONE', *, *, #5648, .F. ) ;
#296 = CARTESIAN_POINT ( 'NONE',  ( -1.819031127815727800, 4.200000000000002000, -1.313212590881724900 ) ) ;
#297 = CARTESIAN_POINT ( 'NONE',  ( -0.7012152766673412900, 4.199999999999998400, -2.628231411068077300 ) ) ;
#298 = VERTEX_POINT ( 'NONE', #2604 ) ;
#299 = CARTESIAN_POINT ( 'NONE',  ( 2.477525637275314300, 4.199999999999996600, -1.541379383677288700 ) ) ;
#300 = ADVANCED_FACE ( 'NONE', ( #6707 ), #1860, .T. ) ;
#301 = ORIENTED_EDGE ( 'NONE', *, *, #2146, .T. ) ;
#302 = CARTESIAN_POINT ( 'NONE',  ( 1.988411993360758000, 4.199999999999994800, -2.398007601996044300 ) ) ;
#303 = CARTESIAN_POINT ( 'NONE',  ( -2.342690841851883900, 4.209999999999994600, -1.920660476298821300 ) ) ;
#304 = CARTESIAN_POINT ( 'NONE',  ( 1.149831317229165400, 4.200000000000000200, -2.106536101870718300 ) ) ;
#305 = VERTEX_POINT ( 'NONE', #1916 ) ;
#306 = CARTESIAN_POINT ( 'NONE',  ( 1.922362875169021200, 4.209999999999996400, -2.105664701514185800 ) ) ;
#307 = CARTESIAN_POINT ( 'NONE',  ( 1.096904859705360100, 4.200000000000000200, -2.073849348048068200 ) ) ;
#308 = CARTESIAN_POINT ( 'NONE',  ( 0.9333450869807556900, 4.200000000000001100, -2.153950345585571300 ) ) ;
#309 = ORIENTED_EDGE ( 'NONE', *, *, #7151, .F. ) ;
#310 = CARTESIAN_POINT ( 'NONE',  ( 0.3344991161668204900, 4.200000000000000200, -2.626347018976710000 ) ) ;
#311 = CARTESIAN_POINT ( 'NONE',  ( 0.09267762295996570500, 4.210000000000000000, -2.336034324289558000 ) ) ;
#312 = LINE ( 'NONE', #1506, #6762 ) ;
#313 = CARTESIAN_POINT ( 'NONE',  ( -2.409568569663309100, 4.199999999999995700, -1.900080669048297400 ) ) ;
#314 = ORIENTED_EDGE ( 'NONE', *, *, #5487, .T. ) ;
#315 = CARTESIAN_POINT ( 'NONE',  ( 1.842808839773822500, 4.209999999999996400, -2.008214112436697900 ) ) ;
#316 = ORIENTED_EDGE ( 'NONE', *, *, #2721, .T. ) ;
#317 = CARTESIAN_POINT ( 'NONE',  ( 0.1323138648317495600, 4.199999999999997500, -2.639167171217108100 ) ) ;
#318 = CARTESIAN_POINT ( 'NONE',  ( -2.363331986059633600, 4.209999999999997300, -1.110712777017516500 ) ) ;
#319 = CYLINDRICAL_SURFACE ( 'NONE', #4618, 0.2999999999999999300 ) ;
#320 = ORIENTED_EDGE ( 'NONE', *, *, #6723, .T. ) ;
#321 = CARTESIAN_POINT ( 'NONE',  ( -0.6391631161590233300, 4.199999999999999300, -3.013066007302076500 ) ) ;
#322 = CARTESIAN_POINT ( 'NONE',  ( 1.475896635836138500, 4.209999999999998200, -2.036890051186979200 ) ) ;
#323 = ORIENTED_EDGE ( 'NONE', *, *, #282, .F. ) ;
#324 = EDGE_LOOP ( 'NONE', ( #3399, #6098, #1854, #5678, #3370, #7502, #5983, #6777 ) ) ;
#325 = CARTESIAN_POINT ( 'NONE',  ( 0.7490848037528805600, 4.209999999999998200, -2.303488567046228400 ) ) ;
#326 = CARTESIAN_POINT ( 'NONE',  ( -0.6822695713457231900, 4.199999999999995700, -2.945084988755100900 ) ) ;
#327 = VECTOR ( 'NONE', #7661, 1000.000000000000000 ) ;
#328 = EDGE_CURVE ( 'NONE', #433, #2192, #4329, .T. ) ;
#329 = CARTESIAN_POINT ( 'NONE',  ( 1.383264429011068900, 4.210000000000000000, -1.797445114994545200 ) ) ;
#330 = CARTESIAN_POINT ( 'NONE',  ( -2.175401867116365700, 4.199999999999998400, -1.899210080590620500 ) ) ;
#331 = EDGE_CURVE ( 'NONE', #5525, #2010, #5059, .T. ) ;
#332 = ORIENTED_EDGE ( 'NONE', *, *, #4118, .F. ) ;
#333 = CARTESIAN_POINT ( 'NONE',  ( 1.021354705168356000, 4.209999999999999100, -2.052856073082506100 ) ) ;
#334 = FACE_OUTER_BOUND ( 'NONE', #4881, .T. ) ;
#335 = CARTESIAN_POINT ( 'NONE',  ( 1.078761923710187100, 4.199999999999999300, -2.776383909970204600 ) ) ;
#336 = CARTESIAN_POINT ( 'NONE',  ( -0.5662730926386557700, 4.209999999999998200, -2.500600570654546700 ) ) ;
#337 = CARTESIAN_POINT ( 'NONE',  ( -0.3734658293060768600, 4.199999999999994000, -3.078750326130455800 ) ) ;
#338 = CARTESIAN_POINT ( 'NONE',  ( 0.05313334704515868700, 4.200000000000002000, -2.458832802031341900 ) ) ;
#339 = FACE_OUTER_BOUND ( 'NONE', #5611, .T. ) ;
#340 = EDGE_LOOP ( 'NONE', ( #2203, #4681, #3143, #3941 ) ) ;
#341 = DIRECTION ( 'NONE',  ( 0.0000000000000000000, -1.000000000000000000, 0.0000000000000000000 ) ) ;
#342 = CARTESIAN_POINT ( 'NONE',  ( 1.094188228957913700, 4.199999999999995700, -2.785011371381212800 ) ) ;
#343 = ADVANCED_FACE ( 'NONE', ( #5257 ), #5726, .F. ) ;
#344 = EDGE_CURVE ( 'NONE', #6109, #7590, #53, .T. ) ;
#345 = VECTOR ( 'NONE', #4051, 1000.000000000000000 ) ;
#346 = CARTESIAN_POINT ( 'NONE',  ( 1.879685658775066800, 4.199999999999996600, -1.917427505287861800 ) ) ;
#347 = CARTESIAN_POINT ( 'NONE',  ( 1.242459085142817700, 4.199999999999994000, -2.864466976540323000 ) ) ;
#348 = LINE ( 'NONE', #1696, #6802 ) ;
#349 = CARTESIAN_POINT ( 'NONE',  ( 0.8729198798650140700, 4.200000000000000200, -2.088383420774766000 ) ) ;
#350 = CARTESIAN_POINT ( 'NONE',  ( -0.5175713466417442000, 4.209999999999994600, -3.082169668903883800 ) ) ;
#351 = DIRECTION ( 'NONE',  ( 0.0000000000000000000, 0.0000000000000000000, 1.000000000000000000 ) ) ;
#352 = ORIENTED_EDGE ( 'NONE', *, *, #1842, .F. ) ;
#353 = ORIENTED_EDGE ( 'NONE', *, *, #5023, .T. ) ;
#354 = CARTESIAN_POINT ( 'NONE',  ( 0.9387253741741523600, 4.200000000000001100, -2.151790034044419800 ) ) ;
#355 = ADVANCED_FACE ( 'NONE', ( #6514 ), #4605, .T. ) ;
#356 = CARTESIAN_POINT ( 'NONE',  ( -0.4956350745858894600, 4.200000000000000200, -3.086270276403083800 ) ) ;
#357 = LINE ( 'NONE', #7432, #3885 ) ;
#358 = PLANE ( 'NONE',  #6439 ) ;
#359 = ORIENTED_EDGE ( 'NONE', *, *, #4606, .T. ) ;
#360 = CARTESIAN_POINT ( 'NONE',  ( 1.384117292486174200, 4.209999999999998200, -2.086796534167768300 ) ) ;
#361 = ORIENTED_EDGE ( 'NONE', *, *, #855, .T. ) ;
#362 = CARTESIAN_POINT ( 'NONE',  ( 0.9063650587452241100, 4.200000000000000200, -2.073109013180062500 ) ) ;
#363 = VECTOR ( 'NONE', #6133, 1000.000000000000000 ) ;
#364 = CARTESIAN_POINT ( 'NONE',  ( 1.880650290264976200, 4.199999999999998400, -1.883689531343057500 ) ) ;
#365 = CARTESIAN_POINT ( 'NONE',  ( -1.843448621417450800, 4.210000000000000900, -1.274499461255108200 ) ) ;
#366 = CARTESIAN_POINT ( 'NONE',  ( -0.4872565376919485400, 4.200000000000000200, -2.353407444986259600 ) ) ;
#367 = CARTESIAN_POINT ( 'NONE',  ( -0.1713183369728513400, 4.199999999999998400, -2.788525706216186300 ) ) ;
#368 = DIRECTION ( 'NONE',  ( 0.0000000000000000000, 1.000000000000000000, 0.0000000000000000000 ) ) ;
#369 = AXIS2_PLACEMENT_3D ( 'NONE', #5448, #1677, #6066 ) ;
#370 = CARTESIAN_POINT ( 'NONE',  ( 1.282890414001667900, 4.209999999999995500, -2.564949980094142700 ) ) ;
#371 = DIRECTION ( 'NONE',  ( 0.0000000000000000000, 0.0000000000000000000, -1.000000000000000000 ) ) ;
#372 = CARTESIAN_POINT ( 'NONE',  ( 0.8699290488456600200, 4.199999999999999300, -2.210502240884753900 ) ) ;
#373 = CARTESIAN_POINT ( 'NONE',  ( 1.855980885104555200, 4.209999999999999100, -1.800973875501175500 ) ) ;
#374 = CARTESIAN_POINT ( 'NONE',  ( 1.357531866810427000, 4.199999999999993100, -2.768601804304265300 ) ) ;
#375 = B_SPLINE_CURVE_WITH_KNOTS ( 'NONE', 3,
 ( #3944, #1444, #5844, #2095, #6454, #2730, #7090, #3346, #7715, #3976, #225, #4609, #852, #5246, #1470, #5867, #2124, #6486, #2753 ),
 .UNSPECIFIED., .F., .F.,
 ( 4, 1, 1, 1, 1, 1, 1, 1, 1, 1, 1, 1, 1, 1, 1, 1, 4 ),
 ( 0.0000000000000000000, 0.06625841458841866300, 0.1301800247094941100, 0.1917407653182312300, 0.2521538410766107100, 0.3118895344165513700, 0.3714341797924691800, 0.4307444863841941000, 0.4901918563912959200, 0.5505060587975221200, 0.6107032015052669100, 0.6712209664201034300, 0.7331244869134023700, 0.7967568446639076200, 0.8619919442625712000, 0.9296120864588668400, 1.000000000000000000 ),
 .UNSPECIFIED. ) ;
#376 = CARTESIAN_POINT ( 'NONE',  ( 0.7615014521888000500, 4.209999999999999100, -2.223493675395140200 ) ) ;
#377 = CARTESIAN_POINT ( 'NONE',  ( -2.342298087008801500, 4.199999999999994800, -1.814145977085384100 ) ) ;
#378 = CARTESIAN_POINT ( 'NONE',  ( -1.875607549702736700, 4.200000000000001100, -1.457888971400267900 ) ) ;
#379 = CARTESIAN_POINT ( 'NONE',  ( 1.053107261623089000, 4.210000000000000000, -2.159456571875156200 ) ) ;
#380 = AXIS2_PLACEMENT_3D ( 'NONE', #3617, #7996, #4251 ) ;
#381 = DIRECTION ( 'NONE',  ( 0.0000000000000000000, -1.000000000000000000, 0.0000000000000000000 ) ) ;
#382 = CARTESIAN_POINT ( 'NONE',  ( 1.868150780299669300, 4.209999999999997300, -2.005954084931922800 ) ) ;
#383 = ADVANCED_FACE ( 'NONE', ( #4868 ), #189, .T. ) ;
#384 = CARTESIAN_POINT ( 'NONE',  ( -1.843448621417450800, 4.200000000000001100, -1.274499461255108200 ) ) ;
#385 = DIRECTION ( 'NONE',  ( 0.5487035896422666200, 0.0000000000000000000, -0.8360169679580020700 ) ) ;
#386 = CARTESIAN_POINT ( 'NONE',  ( 4.450000000000000200, 4.200000000000000200, 0.0000000000000000000 ) ) ;
#387 = CARTESIAN_POINT ( 'NONE',  ( -2.442060331937774300, 4.199999999999998400, -1.154635558515877800 ) ) ;
#388 = CARTESIAN_POINT ( 'NONE',  ( 1.771983284111699800, 4.199999999999998400, -1.880544434463290400 ) ) ;
#389 = CARTESIAN_POINT ( 'NONE',  ( -0.3780561601040103300, 4.209999999999998200, -2.317452759645902900 ) ) ;
#390 = ADVANCED_FACE ( 'NONE', ( #1516 ), #1440, .F. ) ;
#391 = CARTESIAN_POINT ( 'NONE',  ( 1.207297651319037200, 4.209999999999996400, -2.786312424895355900 ) ) ;
#392 = CARTESIAN_POINT ( 'NONE',  ( -2.507670778965174200, 4.209999999999995500, -1.375064959134618700 ) ) ;
#393 = ORIENTED_EDGE ( 'NONE', *, *, #4924, .T. ) ;
#394 = PLANE ( 'NONE',  #6549 ) ;
#395 = CARTESIAN_POINT ( 'NONE',  ( 0.3907178456745743500, 4.200000000000000200, -3.090427229038879500 ) ) ;
#396 = CARTESIAN_POINT ( 'NONE',  ( 1.385777326169350900, 4.209999999999997300, -2.555966441933375000 ) ) ;
#397 = CARTESIAN_POINT ( 'NONE',  ( -2.198157684633801300, 4.209999999999999100, -1.070646634118111300 ) ) ;
#398 = ORIENTED_EDGE ( 'NONE', *, *, #1133, .F. ) ;
#399 = CARTESIAN_POINT ( 'NONE',  ( -0.6292161527469771800, 4.200000000000000200, -2.379239965363154000 ) ) ;
#400 = EDGE_CURVE ( 'NONE', #1314, #2202, #1712, .T. ) ;
#401 = CARTESIAN_POINT ( 'NONE',  ( -0.5464578285252446000, 4.210000000000000000, 2.907041648618186700 ) ) ;
#402 = CARTESIAN_POINT ( 'NONE',  ( -4.322904116447636700, 0.0000000000000000000, 1.250000000000029100 ) ) ;
#403 = ORIENTED_EDGE ( 'NONE', *, *, #5325, .T. ) ;
#404 = CARTESIAN_POINT ( 'NONE',  ( 1.165573936519115600, 4.200000000000001100, -2.282092457469147500 ) ) ;
#405 = CARTESIAN_POINT ( 'NONE',  ( 1.492592078644308100, 4.209999999999999100, -1.804344594242983200 ) ) ;
#406 = ORIENTED_EDGE ( 'NONE', *, *, #3855, .F. ) ;
#407 = CARTESIAN_POINT ( 'NONE',  ( -0.4699853261978427200, 4.210000000000000000, -2.237652659270867900 ) ) ;
#408 = CARTESIAN_POINT ( 'NONE',  ( 0.5450776125554843700, 4.200000000000000200, 3.099665549985374000 ) ) ;
#409 = CARTESIAN_POINT ( 'NONE',  ( 0.9105279611261807300, 4.199999999999997500, -2.747571537923311400 ) ) ;
#410 = ORIENTED_EDGE ( 'NONE', *, *, #5761, .T. ) ;
#411 = CARTESIAN_POINT ( 'NONE',  ( -0.5161864002631804100, 4.199999999999995700, -2.992340242920906100 ) ) ;
#412 = CARTESIAN_POINT ( 'NONE',  ( 0.3019239391457745900, 4.200000000000004600, -2.239559977149358200 ) ) ;
#413 = VECTOR ( 'NONE', #2108, 1000.000000000000000 ) ;
#414 = CARTESIAN_POINT ( 'NONE',  ( -2.490895480501886400, 4.199999999999997500, -1.190524395613924000 ) ) ;
#415 = EDGE_LOOP ( 'NONE', ( #7924, #3990, #1985, #4066 ) ) ;
#416 = CARTESIAN_POINT ( 'NONE',  ( 1.769275736731351400, 4.209999999999997300, -1.989606402136042500 ) ) ;
#417 = ORIENTED_EDGE ( 'NONE', *, *, #3837, .F. ) ;
#418 = ORIENTED_EDGE ( 'NONE', *, *, #7196, .T. ) ;
#419 = CARTESIAN_POINT ( 'NONE',  ( 1.962142285229546300, 4.209999999999994600, -2.141448988102146300 ) ) ;
#420 = CARTESIAN_POINT ( 'NONE',  ( -2.104469090599058400, 4.200000000000000200, -1.189796530087624800 ) ) ;
#421 = FACE_OUTER_BOUND ( 'NONE', #7282, .T. ) ;
#422 = ADVANCED_FACE ( 'NONE', ( #6312 ), #1318, .T. ) ;
#423 = CARTESIAN_POINT ( 'NONE',  ( -0.4145460060589085700, 4.209999999999994600, -2.995039547699372300 ) ) ;
#424 = CARTESIAN_POINT ( 'NONE',  ( 1.731877477423876300, 4.199999999999996600, -2.149083835677744900 ) ) ;
#425 = CARTESIAN_POINT ( 'NONE',  ( 1.345239432392152600, 4.199999999999996600, -2.414625185788076100 ) ) ;
#426 = CARTESIAN_POINT ( 'NONE',  ( -2.363331986059633600, 4.199999999999999300, -1.110712777017516500 ) ) ;
#427 = VERTEX_POINT ( 'NONE', #844 ) ;
#428 = ORIENTED_EDGE ( 'NONE', *, *, #6539, .T. ) ;
#429 = VECTOR ( 'NONE', #2016, 1000.000000000000000 ) ;
#430 = CARTESIAN_POINT ( 'NONE',  ( 2.082271379832647500, 4.209999999999993700, -2.258237630827755600 ) ) ;
#431 = LOCAL_TIME ( 13, 6, 2.000000000000000000, #2107 ) ;
#432 = DIRECTION ( 'NONE',  ( -0.8090765340455407000, 0.0000000000000000000, 0.5877032942368581900 ) ) ;
#433 = VERTEX_POINT ( 'NONE', #1459 ) ;
#434 = CARTESIAN_POINT ( 'NONE',  ( 1.924742226289856600, 4.209999999999996400, -2.004570890131209800 ) ) ;
#435 = DIRECTION ( 'NONE',  ( -1.000000000000000000, 0.0000000000000000000, 0.0000000000000000000 ) ) ;
#436 = EDGE_CURVE ( 'NONE', #33, #7704, #2121, .T. ) ;
#437 = CARTESIAN_POINT ( 'NONE',  ( -2.116245714285963000, 4.200000000000000200, -1.077115017741433700 ) ) ;
#438 = CARTESIAN_POINT ( 'NONE',  ( 1.140690715418764200, 4.199999999999993100, -2.887831468756306500 ) ) ;
#439 = VECTOR ( 'NONE', #2548, 1000.000000000000000 ) ;
#440 = EDGE_CURVE ( 'NONE', #3869, #4079, #3009, .T. ) ;
#441 = FACE_OUTER_BOUND ( 'NONE', #1337, .T. ) ;
#442 = CARTESIAN_POINT ( 'NONE',  ( -0.5863252192061057000, 4.209999999999994600, -2.923403361784502300 ) ) ;
#443 = DIRECTION ( 'NONE',  ( -0.0000000000000000000, -1.000000000000000000, -0.0000000000000000000 ) ) ;
#444 = CARTESIAN_POINT ( 'NONE',  ( 1.720592637596486800, 4.199999999999997500, -2.055295278884060400 ) ) ;
#445 = CARTESIAN_POINT ( 'NONE',  ( 0.0000000000000000000, 0.2999999999999999900, 0.0000000000000000000 ) ) ;
#446 = LINE ( 'NONE', #1824, #5450 ) ;
#447 = CARTESIAN_POINT ( 'NONE',  ( 1.992009957852893100, 4.209999999999996400, -2.234227038269928300 ) ) ;
#448 = VECTOR ( 'NONE', #5960, 1000.000000000000000 ) ;
#449 = CARTESIAN_POINT ( 'NONE',  ( -2.453481925212976900, 4.209999999999995500, -1.309087395044322900 ) ) ;
#450 = EDGE_CURVE ( 'NONE', #2073, #5305, #7979, .T. ) ;
#451 = CARTESIAN_POINT ( 'NONE',  ( 4.450000000000000200, 4.200000000000000200, 0.0000000000000000000 ) ) ;
#452 = DIRECTION ( 'NONE',  ( 0.0000000000000000000, -1.000000000000000000, 0.0000000000000000000 ) ) ;
#453 = ORIENTED_EDGE ( 'NONE', *, *, #1420, .F. ) ;
#454 = CARTESIAN_POINT ( 'NONE',  ( 1.707896537150924300, 4.209999999999996400, -2.065344880320303400 ) ) ;
#455 = CARTESIAN_POINT ( 'NONE',  ( 0.0000000000000000000, 0.0000000000000000000, 0.0000000000000000000 ) ) ;
#456 = VERTEX_POINT ( 'NONE', #1494 ) ;
#457 = CYLINDRICAL_SURFACE ( 'NONE', #3567, 4.500000000000000000 ) ;
#458 = CARTESIAN_POINT ( 'NONE',  ( 0.4106642716595095300, 4.199999999999994800, -3.087235180717910600 ) ) ;
#459 = CARTESIAN_POINT ( 'NONE',  ( 2.055800768412042500, 4.199999999999997500, -2.088817281669392800 ) ) ;
#460 = ORIENTED_EDGE ( 'NONE', *, *, #2834, .F. ) ;
#461 = CARTESIAN_POINT ( 'NONE',  ( 1.199755955534653800, 4.209999999999999100, -2.153137820378611300 ) ) ;
#462 = CARTESIAN_POINT ( 'NONE',  ( 0.1054351343686549400, 4.210000000000000000, -2.319786749323303500 ) ) ;
#463 = ORIENTED_EDGE ( 'NONE', *, *, #3530, .F. ) ;
#464 = CARTESIAN_POINT ( 'NONE',  ( -2.442060331937774300, 4.199999999999997500, -1.154635558515877800 ) ) ;
#465 = ADVANCED_FACE ( 'NONE', ( #2813 ), #4620, .T. ) ;
#466 = CARTESIAN_POINT ( 'NONE',  ( 2.477525637275314300, 4.199999999999996600, -1.541379383677288700 ) ) ;
#467 = CARTESIAN_POINT ( 'NONE',  ( 0.1527033574734318900, 4.209999999999998200, -2.472242296409848700 ) ) ;
#468 = CARTESIAN_POINT ( 'NONE',  ( 0.1910927074563150400, 4.199999999999998400, -2.790583771317711700 ) ) ;
#469 = CARTESIAN_POINT ( 'NONE',  ( 0.9494185116784300500, 4.200000000000000200, -2.147496488452659500 ) ) ;
#470 = CARTESIAN_POINT ( 'NONE',  ( 0.3413341530851289300, 4.209999999999995500, -3.003541528381503700 ) ) ;
#471 = AXIS2_PLACEMENT_3D ( 'NONE', #7838, #4102, #351 ) ;
#472 = CARTESIAN_POINT ( 'NONE',  ( -1.756425807187741200, 4.200000000000000200, -1.587469987401035800 ) ) ;
#473 = CARTESIAN_POINT ( 'NONE',  ( -2.420664715009985800, 4.200000000000000200, -1.279960874199482600 ) ) ;
#474 = CARTESIAN_POINT ( 'NONE',  ( 1.737631472834594500, 4.200000000000001100, -2.143593379634487500 ) ) ;
#475 = CARTESIAN_POINT ( 'NONE',  ( 2.079814099826117400, 4.199999999999995700, -2.140357244532619300 ) ) ;
#476 = CARTESIAN_POINT ( 'NONE',  ( 0.5808944442574774900, 4.209999999999999100, -2.476307282991149400 ) ) ;
#477 = CARTESIAN_POINT ( 'NONE',  ( 0.3686864481772927900, 4.199999999999999300, -2.624258750543337000 ) ) ;
#478 = DIRECTION ( 'NONE',  ( -1.224646799147353900E-016, 0.0000000000000000000, -1.000000000000000000 ) ) ;
#479 = CARTESIAN_POINT ( 'NONE',  ( 0.6032893042787352800, 4.199999999999994800, -2.927336903666394500 ) ) ;
#480 = EDGE_CURVE ( 'NONE', #224, #1137, #5932, .T. ) ;
#481 = CARTESIAN_POINT ( 'NONE',  ( 1.929687874841104200, 4.209999999999996400, -2.336404923922630300 ) ) ;
#482 = EDGE_CURVE ( 'NONE', #7743, #5525, #6129, .T. ) ;
#483 = CARTESIAN_POINT ( 'NONE',  ( 0.9613351181752665100, 4.209999999999999100, -2.056221021674209800 ) ) ;
#484 = CARTESIAN_POINT ( 'NONE',  ( 0.2716425764013020200, 4.209999999999999100, -2.326757410454952900 ) ) ;
#485 = CARTESIAN_POINT ( 'NONE',  ( -2.512076736030880700, 4.199999999999996600, -1.381999607231510600 ) ) ;
#486 = CARTESIAN_POINT ( 'NONE',  ( -0.6091518637681959700, 4.199999999999996600, -2.807203591507237700 ) ) ;
#487 = CARTESIAN_POINT ( 'NONE',  ( 5.510910596163089600E-016, -4.799999999999999800, 2.000000000000000000 ) ) ;
#488 = CARTESIAN_POINT ( 'NONE',  ( 1.438817766923019100, 4.200000000000000200, -1.901680509977638200 ) ) ;
#489 = ORIENTED_EDGE ( 'NONE', *, *, #1080, .F. ) ;
#490 = CARTESIAN_POINT ( 'NONE',  ( 0.1719777649641927900, 4.200000000000000200, -2.391034646203078500 ) ) ;
#491 = ORIENTED_EDGE ( 'NONE', *, *, #5740, .F. ) ;
#492 = CARTESIAN_POINT ( 'NONE',  ( 0.3174855027292320400, 4.200000000000000200, -2.629129828154934200 ) ) ;
#493 = CARTESIAN_POINT ( 'NONE',  ( 1.185458161800011300, 4.199999999999997500, -2.318131600110253200 ) ) ;
#494 = EDGE_CURVE ( 'NONE', #3851, #3271, #7593, .T. ) ;
#495 = ORIENTED_EDGE ( 'NONE', *, *, #3841, .T. ) ;
#496 = CARTESIAN_POINT ( 'NONE',  ( 0.1948756548163540500, 4.209999999999996400, -2.835815962751543100 ) ) ;
#497 = ORIENTED_EDGE ( 'NONE', *, *, #7688, .F. ) ;
#498 = CARTESIAN_POINT ( 'NONE',  ( 1.720592637596486800, 4.209999999999997300, -2.055295278884060400 ) ) ;
#499 = ADVANCED_FACE ( 'NONE', ( #939 ), #1925, .T. ) ;
#500 = CARTESIAN_POINT ( 'NONE',  ( 1.880223784518659300, 4.199999999999997500, -2.091351645659000400 ) ) ;
#501 = DIRECTION ( 'NONE',  ( 0.8091657259084742400, 0.0000000000000000000, -0.5875804864144246200 ) ) ;
#502 = EDGE_LOOP ( 'NONE', ( #323, #7642, #2720, #6689 ) ) ;
#503 = CARTESIAN_POINT ( 'NONE',  ( 0.5085463207423888100, 4.200000000000002000, -2.338597200338383300 ) ) ;
#505 = CARTESIAN_POINT ( 'NONE',  ( 1.874420839322750800, 4.209999999999992900, -2.454627458804434800 ) ) ;
#504 = CARTESIAN_POINT ( 'NONE',  ( 0.4707362876387090100, 4.209999999999997300, -2.670731353428293700 ) ) ;
#506 = CARTESIAN_POINT ( 'NONE',  ( 0.2057716478311971100, 4.209999999999994600, -2.722348569265349700 ) ) ;
#507 = FACE_OUTER_BOUND ( 'NONE', #918, .T. ) ;
#508 = ORIENTED_EDGE ( 'NONE', *, *, #4697, .F. ) ;
#509 = EDGE_CURVE ( 'NONE', #305, #823, #4377, .T. ) ;
#510 = CARTESIAN_POINT ( 'NONE',  ( 5.510910596163089600E-016, -4.799999999999999800, -2.000000000000000000 ) ) ;
#511 = CARTESIAN_POINT ( 'NONE',  ( 1.853917897718693400, 4.199999999999995700, -2.364258046425306200 ) ) ;
#512 = ORIENTED_EDGE ( 'NONE', *, *, #8026, .T. ) ;
#513 = EDGE_LOOP ( 'NONE', ( #3020, #3943, #4565, #5101, #4039, #2031, #3631, #1298, #1083, #4438 ) ) ;
#514 = CARTESIAN_POINT ( 'NONE',  ( -0.5188265279740969000, 4.200000000000000200, -2.257906132778587000 ) ) ;
#515 = CARTESIAN_POINT ( 'NONE',  ( 0.3758352871773774600, 4.209999999999999100, -2.345598722936525600 ) ) ;
#516 = LINE ( 'NONE', #6919, #5324 ) ;
#517 = DIRECTION ( 'NONE',  ( 0.0000000000000000000, -1.000000000000000000, 0.0000000000000000000 ) ) ;
#518 = CARTESIAN_POINT ( 'NONE',  ( -2.566489718457482600, 4.199999999999994000, -1.762350909860939800 ) ) ;
#519 = VERTEX_POINT ( 'NONE', #6896 ) ;
#520 = CARTESIAN_POINT ( 'NONE',  ( -0.5781956464681749000, 4.199999999999995700, -2.939130205676086000 ) ) ;
#521 = ORIENTED_EDGE ( 'NONE', *, *, #7316, .T. ) ;
#522 = B_SPLINE_CURVE_WITH_KNOTS ( 'NONE', 3,
 ( #474, #4219, #3014, #7367, #3619, #8000, #4253, #500, #4901, #1134, #5519, #1753, #6149, #2410, #6756 ),
 .UNSPECIFIED., .F., .F.,
 ( 4, 1, 1, 1, 1, 1, 1, 1, 1, 1, 1, 1, 4 ),
 ( 0.0000000000000000000, 0.1290914781786893800, 0.2543571031812084100, 0.3784341074524704700, 0.5031433338206181500, 0.5646216467617231100, 0.6245312198671171300, 0.6832883890965247800, 0.7420336420501517600, 0.8023740433297027500, 0.8650813300695197100, 0.9305844046142627300, 1.000000000000000000 ),
 .UNSPECIFIED. ) ;
#523 = DIRECTION ( 'NONE',  ( 2.170129154568818200E-013, 1.000000000000000000, -2.174659202760622000E-013 ) ) ;
#524 = CARTESIAN_POINT ( 'NONE',  ( 0.2716425764013020200, 4.209999999999999100, -2.326757410454952900 ) ) ;
#525 = VERTEX_POINT ( 'NONE', #5002 ) ;
#526 = LINE ( 'NONE', #3265, #6980 ) ;
#527 = CARTESIAN_POINT ( 'NONE',  ( 0.0000000000000000000, 0.2999999999999999900, 0.0000000000000000000 ) ) ;
#528 = CARTESIAN_POINT ( 'NONE',  ( -0.3237421833826456500, 4.210000000000000000, -2.335398121775528000 ) ) ;
#529 = EDGE_LOOP ( 'NONE', ( #497, #3102, #6040, #3597 ) ) ;
#530 = DIRECTION ( 'NONE',  ( 0.0000000000000000000, 0.0000000000000000000, -1.000000000000000000 ) ) ;
#531 = CARTESIAN_POINT ( 'NONE',  ( -1.919821543715028300, 4.210000000000000000, -1.182868918999382200 ) ) ;
#532 = FACE_BOUND ( 'NONE', #513, .T. ) ;
#533 = CARTESIAN_POINT ( 'NONE',  ( 0.8473486846334245000, 4.209999999999999100, -2.287951455266920200 ) ) ;
#534 = CARTESIAN_POINT ( 'NONE',  ( 0.5258572431755386100, 4.209999999999995500, -2.811407200248059500 ) ) ;
#535 = CARTESIAN_POINT ( 'NONE',  ( 1.567708317647567700, 4.200000000000001100, -1.765471939614581500 ) ) ;
#537 = CARTESIAN_POINT ( 'NONE',  ( 1.988411993360758000, 4.199999999999994800, -2.398007601996044300 ) ) ;
#536 = CARTESIAN_POINT ( 'NONE',  ( 0.5199364633587143500, 4.199999999999996600, -2.769280836908857500 ) ) ;
#538 = CYLINDRICAL_SURFACE ( 'NONE', #7622, 0.2999999999999999300 ) ;
#539 = ORIENTED_EDGE ( 'NONE', *, *, #7003, .F. ) ;
#540 = CARTESIAN_POINT ( 'NONE',  ( 0.1784489972705422300, 4.209999999999999100, -2.380334517244530300 ) ) ;
#541 = CARTESIAN_POINT ( 'NONE',  ( 1.755659656604422900, 4.209999999999995500, -2.333947142109048700 ) ) ;
#542 = FACE_OUTER_BOUND ( 'NONE', #1578, .T. ) ;
#543 = VECTOR ( 'NONE', #4029, 1000.000000000000000 ) ;
#544 = CARTESIAN_POINT ( 'NONE',  ( 0.4636812470817053800, 4.200000000000000200, -2.450498849313690100 ) ) ;
#545 = CARTESIAN_POINT ( 'NONE',  ( 0.8949284269791890600, 4.209999999999994600, -2.724523035879648200 ) ) ;
#546 = ADVANCED_FACE ( 'NONE', ( #7391 ), #7340, .T. ) ;
#547 = VERTEX_POINT ( 'NONE', #3163 ) ;
#548 = CARTESIAN_POINT ( 'NONE',  ( 0.1839788579632599400, 4.209999999999997300, -2.585258023278301600 ) ) ;
#549 = CARTESIAN_POINT ( 'NONE',  ( 0.4159974811301924700, 4.199999999999999300, -2.553188554774432600 ) ) ;
#550 = ORIENTED_EDGE ( 'NONE', *, *, #2360, .F. ) ;
#551 = LINE ( 'NONE', #6095, #5361 ) ;
#552 = CARTESIAN_POINT ( 'NONE',  ( 1.981507637401173500, 4.199999999999997500, -2.171318443887884500 ) ) ;
#553 = CARTESIAN_POINT ( 'NONE',  ( -0.2555161760609502800, 4.199999999999996600, -2.427496250171652800 ) ) ;
#554 = ORIENTED_EDGE ( 'NONE', *, *, #7036, .T. ) ;
#555 = CARTESIAN_POINT ( 'NONE',  ( 2.519723965777403300, 4.209999999999994600, -1.593425917069204000 ) ) ;
#556 = CARTESIAN_POINT ( 'NONE',  ( -2.063545356668664300, 4.200000000000001100, -1.092205119348345300 ) ) ;
#557 = ORIENTED_EDGE ( 'NONE', *, *, #6302, .F. ) ;
#558 = VECTOR ( 'NONE', #1743, 1000.000000000000100 ) ;
#559 = EDGE_CURVE ( 'NONE', #4350, #203, #4673, .T. ) ;
#560 = CARTESIAN_POINT ( 'NONE',  ( 0.5056455769902479200, 4.199999999999995700, -2.921491002137280200 ) ) ;
#561 = CARTESIAN_POINT ( 'NONE',  ( 1.684118792276156700, 4.210000000000000000, -1.780276388945523800 ) ) ;
#563 = CARTESIAN_POINT ( 'NONE',  ( 0.7588846822388059000, 4.200000000000000200, -2.232261721480155900 ) ) ;
#562 = CARTESIAN_POINT ( 'NONE',  ( -0.2991042509657865800, 4.199999999999996600, -2.855086602468126100 ) ) ;
#564 = DIRECTION ( 'NONE',  ( 0.8332809203497978400, 0.0000000000000000000, 0.5528498058071412700 ) ) ;
#565 = CARTESIAN_POINT ( 'NONE',  ( 2.127632413564704900, 4.209999999999997300, -1.521597417005726300 ) ) ;
#566 = AXIS2_PLACEMENT_3D ( 'NONE', #6260, #2534, #6888 ) ;
#567 = CARTESIAN_POINT ( 'NONE',  ( -1.756425807187741200, 4.209999999999999100, -1.587469987401035800 ) ) ;
#568 = CARTESIAN_POINT ( 'NONE',  ( 0.9925448721406168200, 4.199999999999995700, -2.834060370657404300 ) ) ;
#569 = CARTESIAN_POINT ( 'NONE',  ( -0.3586526035282788800, 4.210000000000000000, -2.233981759504906100 ) ) ;
#570 = CARTESIAN_POINT ( 'NONE',  ( -0.1407431097426143600, 4.209999999999998200, -2.540765307435016100 ) ) ;
#571 = CARTESIAN_POINT ( 'NONE',  ( 1.987133379528592800, 4.209999999999995500, -2.260088207502758600 ) ) ;
#572 = CARTESIAN_POINT ( 'NONE',  ( -0.2580035316488272200, 4.209999999999997300, -2.670253019638740600 ) ) ;
#573 = CARTESIAN_POINT ( 'NONE',  ( 0.5102063309654267800, 4.209999999999997300, -2.616862181843969900 ) ) ;
#574 = CARTESIAN_POINT ( 'NONE',  ( 2.466583601941012100, 4.199999999999997500, -1.595721295518772300 ) ) ;
#575 = CARTESIAN_POINT ( 'NONE',  ( -1.723958536067447200, 4.209999999999994600, -2.470274388587610400 ) ) ;
#576 = CARTESIAN_POINT ( 'NONE',  ( 0.4223111802189886100, 4.209999999999993700, -2.996570683950970700 ) ) ;
#577 = CARTESIAN_POINT ( 'NONE',  ( -2.095575389629934700, 4.209999999999993700, -2.322850321391662900 ) ) ;
#579 = CARTESIAN_POINT ( 'NONE',  ( 0.7563041846757374600, 4.209999999999997300, -2.384989800682172100 ) ) ;
#578 = CARTESIAN_POINT ( 'NONE',  ( -0.4832444660801925600, 4.199999999999995700, -3.001256295087193900 ) ) ;
#580 = VERTEX_POINT ( 'NONE', #4361 ) ;
#581 = CARTESIAN_POINT ( 'NONE',  ( 1.990048006598502000, 4.199999999999994000, -2.247261612062713400 ) ) ;
#582 = EDGE_CURVE ( 'NONE', #5941, #3139, #4486, .T. ) ;
#583 = CARTESIAN_POINT ( 'NONE',  ( 0.1537185260269838500, 4.199999999999994800, -3.003183682371437100 ) ) ;
#584 = EDGE_CURVE ( 'NONE', #2788, #7664, #5735, .T. ) ;
#585 = CC_DESIGN_DATE_AND_TIME_ASSIGNMENT ( #42, #2158, ( #7880 ) ) ;
#586 = VERTEX_POINT ( 'NONE', #2066 ) ;
#587 = CARTESIAN_POINT ( 'NONE',  ( -1.762331358563246700, 4.209999999999999100, -1.489079307485136100 ) ) ;
#588 = CARTESIAN_POINT ( 'NONE',  ( 1.121107143034658900, 4.209999999999995500, -2.887131796143884300 ) ) ;
#589 = CARTESIAN_POINT ( 'NONE',  ( 1.370100995422837800, 4.210000000000000900, -1.818425426326892200 ) ) ;
#590 = ORIENTED_EDGE ( 'NONE', *, *, #1176, .T. ) ;
#591 = CARTESIAN_POINT ( 'NONE',  ( -2.653484551123721900, 4.209999999999996400, -1.454841635673157700 ) ) ;
#592 = CARTESIAN_POINT ( 'NONE',  ( 0.5231969994938883200, 4.200000000000002000, -2.790259080370737400 ) ) ;
#593 = CARTESIAN_POINT ( 'NONE',  ( 1.853917897718693400, 4.209999999999994600, -2.364258046425306200 ) ) ;
#594 = CARTESIAN_POINT ( 'NONE',  ( 5.510910596163089600E-016, -0.2999999999999999900, -2.000000000000000000 ) ) ;
#595 = CARTESIAN_POINT ( 'NONE',  ( -0.1636899660950432200, 4.199999999999999300, -2.395499058318475000 ) ) ;
#596 = VERTEX_POINT ( 'NONE', #6434 ) ;
#597 = CARTESIAN_POINT ( 'NONE',  ( 1.944625422650890800, 4.199999999999997500, -2.323861730202098700 ) ) ;
#598 = CARTESIAN_POINT ( 'NONE',  ( 1.158587205576721900, 4.209999999999995500, -2.798433772152946200 ) ) ;
#599 = EDGE_CURVE ( 'NONE', #6109, #2083, #4591, .T. ) ;
#600 = CARTESIAN_POINT ( 'NONE',  ( 0.1951595189178025000, 4.209999999999997300, -2.755084254739881700 ) ) ;
#601 = ORIENTED_EDGE ( 'NONE', *, *, #4542, .T. ) ;
#602 = EDGE_CURVE ( 'NONE', #3307, #7976, #2419, .T. ) ;
#603 = CARTESIAN_POINT ( 'NONE',  ( 0.9387253741741523600, 4.209999999999999100, -2.151790034044419800 ) ) ;
#604 = LINE ( 'NONE', #5854, #5416 ) ;
#605 = VERTEX_POINT ( 'NONE', #7611 ) ;
#606 = CARTESIAN_POINT ( 'NONE',  ( -2.361327338630545100, 4.209999999999998200, -1.239501228121634900 ) ) ;
#607 = DIRECTION ( 'NONE',  ( 0.0000000000000000000, -1.000000000000000000, 0.0000000000000000000 ) ) ;
#608 = CARTESIAN_POINT ( 'NONE',  ( 0.2715936612929004100, 4.209999999999998200, -2.543696002785966700 ) ) ;
#609 = CARTESIAN_POINT ( 'NONE',  ( 1.191282548134748900, 4.209999999999994600, -2.792598070003174700 ) ) ;
#610 = ORIENTED_EDGE ( 'NONE', *, *, #4118, .T. ) ;
#611 = VERTEX_POINT ( 'NONE', #3863 ) ;
#612 = VECTOR ( 'NONE', #5884, 1000.000000000000000 ) ;
#613 = CARTESIAN_POINT ( 'NONE',  ( -1.930943557959538000, 4.200000000000000200, -1.324836926556301600 ) ) ;
#614 = CARTESIAN_POINT ( 'NONE',  ( -0.1550901739091391500, 4.209999999999998200, -2.703615097949041900 ) ) ;
#615 = VERTEX_POINT ( 'NONE', #4494 ) ;
#616 = B_SPLINE_CURVE_WITH_KNOTS ( 'NONE', 3,
 ( #3187, #6916, #3807, #61, #4437, #683, #5078, #1309, #5698, #1945, #6320, #2583, #6942, #3218, #7584, #3831, #85, #4470, #709 ),
 .UNSPECIFIED., .F., .F.,
 ( 4, 1, 1, 1, 1, 1, 1, 1, 1, 1, 1, 1, 1, 1, 1, 1, 4 ),
 ( 0.0000000000000000000, 0.06497542322893538900, 0.1276511889293115700, 0.1894793835663158600, 0.2501516919801498000, 0.3105546049495692700, 0.3713122360612085600, 0.4332117631929879900, 0.4971693249820829900, 0.5610818726458688400, 0.6230774137124703800, 0.6844008290761213200, 0.7450984307931563000, 0.8068117001492367500, 0.8694262111773362100, 0.9335934213547151300, 1.000000000000000000 ),
 .UNSPECIFIED. ) ;
#617 = CARTESIAN_POINT ( 'NONE',  ( 5.510910596163089600E-016, -0.2999999999999999900, 2.000000000000000000 ) ) ;
#618 = CARTESIAN_POINT ( 'NONE',  ( 1.235524528176591000, 4.199999999999994000, -2.867300092872062700 ) ) ;
#619 = CARTESIAN_POINT ( 'NONE',  ( 1.338258694342912000, 4.200000000000000200, -1.958149200564108800 ) ) ;
#620 = LINE ( 'NONE', #6393, #6875 ) ;
#621 = CARTESIAN_POINT ( 'NONE',  ( -2.639325295441662600, 4.199999999999995700, -1.617497866857141100 ) ) ;
#622 = CARTESIAN_POINT ( 'NONE',  ( 0.5265445000770133700, 4.199999999999996600, -2.832044155086281400 ) ) ;
#623 = CALENDAR_DATE ( 2016, 28, 11 ) ;
#624 = AXIS2_PLACEMENT_3D ( 'NONE', #2743, #862, #5259 ) ;
#625 = CARTESIAN_POINT ( 'NONE',  ( -0.5552377568817653500, 4.200000000000000200, -2.464966695795952400 ) ) ;
#626 = CARTESIAN_POINT ( 'NONE',  ( -0.2432235116688262200, 4.210000000000000000, -2.280549294185786600 ) ) ;
#627 = EDGE_LOOP ( 'NONE', ( #7599, #4406, #5228, #1533, #5016, #5823, #5798, #5327, #6212, #7656 ) ) ;
#628 = CARTESIAN_POINT ( 'NONE',  ( 1.071946756348517200, 4.199999999999994000, -2.771735622085215800 ) ) ;
#629 = CIRCLE ( 'NONE', #2731, 4.500000000000000000 ) ;
#630 = CARTESIAN_POINT ( 'NONE',  ( 0.3344991161668204900, 4.209999999999997300, -2.626347018976710000 ) ) ;
#631 = CARTESIAN_POINT ( 'NONE',  ( 1.053107261623089000, 4.210000000000000000, -2.159456571875156200 ) ) ;
#632 = LINE ( 'NONE', #4134, #5445 ) ;
#633 = CARTESIAN_POINT ( 'NONE',  ( -2.227036381621721800, 4.199999999999996600, -1.185224892033773800 ) ) ;
#634 = CARTESIAN_POINT ( 'NONE',  ( 0.3854736268777442200, 4.209999999999994600, -3.004825838486362400 ) ) ;
#635 = CARTESIAN_POINT ( 'NONE',  ( 0.1480627071316399900, 4.199999999999997500, -2.619020938290213000 ) ) ;
#636 = FACE_OUTER_BOUND ( 'NONE', #4510, .T. ) ;
#638 = CARTESIAN_POINT ( 'NONE',  ( 0.4757471392446286900, 4.199999999999998400, -2.477970038984441000 ) ) ;
#637 = CARTESIAN_POINT ( 'NONE',  ( 1.094188228957913700, 4.199999999999997500, -2.785011371381212800 ) ) ;
#639 = EDGE_CURVE ( 'NONE', #1859, #1206, #116, .T. ) ;
#640 = FACE_OUTER_BOUND ( 'NONE', #2979, .T. ) ;
#641 = CARTESIAN_POINT ( 'NONE',  ( -1.250000000000025100, 0.2999999999999999900, -3.588523373199614200 ) ) ;
#642 = CARTESIAN_POINT ( 'NONE',  ( 0.2713341963578529400, 4.199999999999999300, -2.647702612163493000 ) ) ;
#643 = CARTESIAN_POINT ( 'NONE',  ( -2.293581953012662700, 4.209999999999995500, -1.817421154222031800 ) ) ;
#644 = B_SPLINE_CURVE_WITH_KNOTS ( 'NONE', 3,
 ( #4147, #3518, #4793, #1022, #5409, #1642, #6033, #2298, #6652, #2938, #7284, #3541, #7914, #4175, #420, #4812, #1052, #5438, #1669, #6059, #2329, #6681, #2956 ),
 .UNSPECIFIED., .F., .F.,
 ( 4, 1, 1, 1, 1, 1, 1, 1, 1, 1, 1, 1, 1, 1, 1, 1, 1, 1, 1, 1, 4 ),
 ( 0.0000000000000000000, 0.05309206303346548200, 0.1041945477645521400, 0.1533749893891694400, 0.2003482751694642100, 0.2459481267179567900, 0.2898889822006430200, 0.3323685284246244400, 0.3737751178979944500, 0.4141558033459351000, 0.4538912753188657500, 0.4928927548750266000, 0.5312188330609320900, 0.5696216262467298500, 0.6080104826535590600, 0.6466147937347543900, 0.6860365952864272400, 0.7648944498707165300, 0.8426066816970312300, 0.9206651884665016900, 1.000000000000000000 ),
 .UNSPECIFIED. ) ;
#645 = ORIENTED_EDGE ( 'NONE', *, *, #3527, .T. ) ;
#646 = CARTESIAN_POINT ( 'NONE',  ( -0.6091518637681959700, 4.209999999999995500, -2.807203591507237700 ) ) ;
#647 = CARTESIAN_POINT ( 'NONE',  ( 1.771983284111699800, 4.209999999999998200, -1.880544434463290400 ) ) ;
#648 = ORIENTED_EDGE ( 'NONE', *, *, #6455, .F. ) ;
#649 = LINE ( 'NONE', #3562, #3985 ) ;
#650 = CARTESIAN_POINT ( 'NONE',  ( 1.388905598425181900, 4.209999999999998200, -2.093984938400433600 ) ) ;
#651 = EDGE_CURVE ( 'NONE', #5170, #3641, #3872, .T. ) ;
#652 = CARTESIAN_POINT ( 'NONE',  ( 0.08910157167960332200, 4.209999999999996400, -2.846865742869600700 ) ) ;
#653 = CARTESIAN_POINT ( 'NONE',  ( 0.4070927173604546000, 4.199999999999996600, -3.001564438429748600 ) ) ;
#654 = DIRECTION ( 'NONE',  ( 3.533413092881963100E-015, -0.0000000000000000000, 1.000000000000000000 ) ) ;
#655 = CARTESIAN_POINT ( 'NONE',  ( -0.3722306006873094000, 4.200000000000002000, -2.318246333087360600 ) ) ;
#656 = ORIENTED_EDGE ( 'NONE', *, *, #6690, .F. ) ;
#657 = CARTESIAN_POINT ( 'NONE',  ( -0.3512041083881963200, 4.200000000000001100, -2.235272054986406200 ) ) ;
#658 = ORIENTED_EDGE ( 'NONE', *, *, #3165, .T. ) ;
#659 = CARTESIAN_POINT ( 'NONE',  ( 0.7563721511984425900, 4.200000000000000200, -2.243497948914419600 ) ) ;
#660 = CARTESIAN_POINT ( 'NONE',  ( 0.9361261991616453000, 4.209999999999998200, -2.581293790894029400 ) ) ;
#661 = CARTESIAN_POINT ( 'NONE',  ( -0.6632348920777930700, 4.209999999999998200, -2.461155652706956700 ) ) ;
#662 = CARTESIAN_POINT ( 'NONE',  ( 0.7617745958454664700, 4.209999999999998200, -2.409835791110888500 ) ) ;
#663 = EDGE_CURVE ( 'NONE', #5029, #3271, #5545, .T. ) ;
#664 = B_SPLINE_CURVE_WITH_KNOTS ( 'NONE', 3,
 ( #6705, #7331, #4212, #468, #4865, #1094, #5481, #1724, #6111, #2372, #6728, #3007, #7358, #3613, #7991, #4246, #492, #4897, #1126 ),
 .UNSPECIFIED., .F., .F.,
 ( 4, 1, 1, 1, 1, 1, 1, 1, 1, 1, 1, 1, 1, 1, 1, 1, 4 ),
 ( 0.0000000000000000000, 0.07112473019510344400, 0.1389303106823050200, 0.2044975387198541300, 0.2680295764597179800, 0.3304856442116228000, 0.3924643337460564900, 0.4541134535558584700, 0.5165847615578016400, 0.5786647410820431300, 0.6393049890153267300, 0.6980960124288573300, 0.7570390469942351900, 0.8160111453779026500, 0.8757912940871970300, 0.9369100290002264600, 1.000000000000000000 ),
 .UNSPECIFIED. ) ;
#665 = CARTESIAN_POINT ( 'NONE',  ( 0.2941783453378514800, 4.199999999999994000, -2.986030024181095800 ) ) ;
#666 = CARTESIAN_POINT ( 'NONE',  ( 0.08477364732199355000, 4.209999999999996400, -2.788311712438162900 ) ) ;
#668 = CARTESIAN_POINT ( 'NONE',  ( 1.243907730728637000, 4.199999999999998400, -2.447362867234962100 ) ) ;
#667 = CARTESIAN_POINT ( 'NONE',  ( -1.557516858156873000, 4.209999999999993700, -2.713564712176589600 ) ) ;
#669 = DIRECTION ( 'NONE',  ( 0.0000000000000000000, -1.000000000000000000, 0.0000000000000000000 ) ) ;
#670 = CARTESIAN_POINT ( 'NONE',  ( -0.8517087539358433300, 4.199999999999998400, -2.512930730411408600 ) ) ;
#671 = CARTESIAN_POINT ( 'NONE',  ( -2.435940456615546700, 4.199999999999994800, -1.765696984524636900 ) ) ;
#672 = DIRECTION ( 'NONE',  ( -6.913199529551666400E-015, 0.0000000000000000000, -1.000000000000000000 ) ) ;
#673 = CARTESIAN_POINT ( 'NONE',  ( 1.720592637596486800, 4.209999999999997300, -2.055295278884060400 ) ) ;
#674 = CARTESIAN_POINT ( 'NONE',  ( 1.812370243504914000, 4.199999999999995700, -2.360286805882930500 ) ) ;
#675 = DIRECTION ( 'NONE',  ( 0.9259947745106934500, 0.0000000000000000000, -0.3775363261712572600 ) ) ;
#676 = DIRECTION ( 'NONE',  ( 0.5340813138265561000, 0.0000000000000000000, 0.8454331139843647100 ) ) ;
#677 = CARTESIAN_POINT ( 'NONE',  ( -0.4162913616399799300, 4.210000000000000900, -2.229655832004598700 ) ) ;
#678 = CARTESIAN_POINT ( 'NONE',  ( 1.727190893775862400, 4.209999999999995500, -2.311849191220454600 ) ) ;
#679 = CARTESIAN_POINT ( 'NONE',  ( 0.5602068275814121600, 4.199999999999997500, -2.422677421420460900 ) ) ;
#680 = CARTESIAN_POINT ( 'NONE',  ( 1.350422313522481800, 4.200000000000000200, -1.862694361220269100 ) ) ;
#681 = ORIENTED_EDGE ( 'NONE', *, *, #1973, .F. ) ;
#682 = CARTESIAN_POINT ( 'NONE',  ( -0.4956350745858895700, 4.200000000000000200, -3.086270276403084300 ) ) ;
#683 = CARTESIAN_POINT ( 'NONE',  ( 1.551557448176037200, 4.199999999999999300, -1.769667052218663900 ) ) ;
#684 = CARTESIAN_POINT ( 'NONE',  ( -1.930943557959538000, 4.209999999999999100, -1.324836926556301600 ) ) ;
#685 = ORIENTED_EDGE ( 'NONE', *, *, #6360, .T. ) ;
#686 = ORIENTED_EDGE ( 'NONE', *, *, #1164, .T. ) ;
#687 = CARTESIAN_POINT ( 'NONE',  ( 0.2090714127005783000, 4.209999999999995500, -2.889220196357956900 ) ) ;
#688 = PLANE ( 'NONE',  #5716 ) ;
#689 = VERTEX_POINT ( 'NONE', #7028 ) ;
#690 = CARTESIAN_POINT ( 'NONE',  ( 1.291483439222412400, 4.209999999999993700, -2.674883004097628400 ) ) ;
#691 = CARTESIAN_POINT ( 'NONE',  ( 0.4774788462680303900, 4.209999999999999100, -2.306371203429515400 ) ) ;
#692 = ORIENTED_EDGE ( 'NONE', *, *, #1759, .T. ) ;
#693 = EDGE_CURVE ( 'NONE', #3307, #3344, #3674, .T. ) ;
#694 = CARTESIAN_POINT ( 'NONE',  ( 0.1719777649641927900, 4.200000000000000200, -2.391034646203078500 ) ) ;
#695 = DIRECTION ( 'NONE',  ( -0.9767574455669368900, 6.409896394124591700E-015, 0.2143475974429202800 ) ) ;
#696 = ORIENTED_EDGE ( 'NONE', *, *, #7413, .T. ) ;
#697 = CARTESIAN_POINT ( 'NONE',  ( -0.2632585174752081200, 4.200000000000000200, -2.703124474039411100 ) ) ;
#698 = CARTESIAN_POINT ( 'NONE',  ( 2.466583601941012100, 4.199999999999997500, -1.595721295518772300 ) ) ;
#699 = LINE ( 'NONE', #8098, #2188 ) ;
#700 = EDGE_LOOP ( 'NONE', ( #996, #7138, #1923, #8056 ) ) ;
#701 = CARTESIAN_POINT ( 'NONE',  ( 1.391359210719896000, 4.199999999999998400, -2.621264809645383200 ) ) ;
#702 = CARTESIAN_POINT ( 'NONE',  ( 1.291483439222412400, 4.199999999999994800, -2.674883004097628400 ) ) ;
#703 = ORIENTED_EDGE ( 'NONE', *, *, #6939, .T. ) ;
#704 = CARTESIAN_POINT ( 'NONE',  ( -0.5553304972407597800, 4.200000000000000200, -2.284131739772440100 ) ) ;
#705 = CARTESIAN_POINT ( 'NONE',  ( 0.3449436911865271200, 4.200000000000001100, -2.242929659575104000 ) ) ;
#706 = ORIENTED_EDGE ( 'NONE', *, *, #3946, .T. ) ;
#707 = LINE ( 'NONE', #6292, #2391 ) ;
#708 = CARTESIAN_POINT ( 'NONE',  ( -0.3466405121676453500, 4.200000000000000200, -3.067511195166570600 ) ) ;
#709 = CARTESIAN_POINT ( 'NONE',  ( 1.738276070434710400, 4.200000000000000200, -1.823969762679101600 ) ) ;
#710 = ORIENTED_EDGE ( 'NONE', *, *, #8029, .T. ) ;
#711 = EDGE_CURVE ( 'NONE', #203, #7021, #2223, .T. ) ;
#712 = CARTESIAN_POINT ( 'NONE',  ( -2.648225550698934900, 4.199999999999994000, -1.428250854585507000 ) ) ;
#713 = ORIENTED_EDGE ( 'NONE', *, *, #2340, .T. ) ;
#714 = DIRECTION ( 'NONE',  ( -0.0000000000000000000, 1.000000000000000000, -0.0000000000000000000 ) ) ;
#715 = ORIENTED_EDGE ( 'NONE', *, *, #2125, .T. ) ;
#716 = LINE ( 'NONE', #2352, #2401 ) ;
#717 = CARTESIAN_POINT ( 'NONE',  ( -2.384260044619015900, 4.209999999999997300, -1.254295199003393900 ) ) ;
#719 = CARTESIAN_POINT ( 'NONE',  ( 1.237513705830021200, 4.199999999999996600, -2.768834412457511300 ) ) ;
#718 = CARTESIAN_POINT ( 'NONE',  ( 0.4008806332097998300, 4.199999999999998400, -2.629240389679573700 ) ) ;
#720 = ORIENTED_EDGE ( 'NONE', *, *, #1583, .F. ) ;
#721 = CARTESIAN_POINT ( 'NONE',  ( 1.737631472834594300, 4.209999999999996400, -2.143593379634487000 ) ) ;
#722 = DIRECTION ( 'NONE',  ( -0.5876927385867690700, -7.034407914149029200E-015, -0.8090842014354151500 ) ) ;
#723 = LINE ( 'NONE', #5274, #5537 ) ;
#724 = CIRCLE ( 'NONE', #5951, 0.04999999999999969700 ) ;
#725 = CARTESIAN_POINT ( 'NONE',  ( -0.3371854219590743100, 4.209999999999994600, -2.934798478028851900 ) ) ;
#726 = CARTESIAN_POINT ( 'NONE',  ( 1.508104028389200900, 4.200000000000000200, -1.691464129051533800 ) ) ;
#727 = EDGE_LOOP ( 'NONE', ( #7697, #2865, #3655, #1962 ) ) ;
#728 = CARTESIAN_POINT ( 'NONE',  ( 0.3907178456745743500, 4.199999999999994800, -3.090427229038879500 ) ) ;
#729 = VECTOR ( 'NONE', #5193, 1000.000000000000000 ) ;
#730 = CARTESIAN_POINT ( 'NONE',  ( 2.020046274287173600, 4.199999999999996600, -2.047432661544078300 ) ) ;
#731 = CARTESIAN_POINT ( 'NONE',  ( 0.09416020813144589100, 4.199999999999994800, -2.877214525812587200 ) ) ;
#732 = CARTESIAN_POINT ( 'NONE',  ( 0.9970925096047336100, 4.209999999999994600, -2.691241470516450500 ) ) ;
#733 = CARTESIAN_POINT ( 'NONE',  ( 1.567708317647567700, 4.210000000000000900, -1.765471939614581500 ) ) ;
#734 = CARTESIAN_POINT ( 'NONE',  ( 1.816886535476440100, 4.199999999999997500, -1.747451718264512400 ) ) ;
#735 = LINE ( 'NONE', #365, #543 ) ;
#736 = CARTESIAN_POINT ( 'NONE',  ( -0.2076118933195889900, 4.209999999999994600, -2.903206595776015600 ) ) ;
#737 = CARTESIAN_POINT ( 'NONE',  ( 2.003018246034371500, 4.209999999999992900, -2.385173308581033600 ) ) ;
#738 = CARTESIAN_POINT ( 'NONE',  ( 0.4159974811301924700, 4.209999999999998200, -2.553188554774432600 ) ) ;
#739 = CARTESIAN_POINT ( 'NONE',  ( -2.575031150993469800, 4.200000000000000200, -1.750165043712550200 ) ) ;
#740 = VERTEX_POINT ( 'NONE', #5811 ) ;
#741 = CARTESIAN_POINT ( 'NONE',  ( 1.693416431372076500, 4.199999999999998400, -2.075187785887667100 ) ) ;
#742 = LINE ( 'NONE', #5343, #2232 ) ;
#743 = EDGE_CURVE ( 'NONE', #6074, #7679, #6788, .T. ) ;
#744 = CARTESIAN_POINT ( 'NONE',  ( -2.123874737298384400, 4.209999999999999100, -1.185010285485403200 ) ) ;
#746 = CARTESIAN_POINT ( 'NONE',  ( 0.8238321944967539300, 4.209999999999996400, -2.590510494306896400 ) ) ;
#745 = CARTESIAN_POINT ( 'NONE',  ( 0.5231969994938883200, 4.200000000000002000, -2.790259080370737400 ) ) ;
#747 = B_SPLINE_CURVE_WITH_KNOTS ( 'NONE', 3,
 ( #498, #7320, #454, #4846, #1077, #5468, #1707 ),
 .UNSPECIFIED., .F., .F.,
 ( 4, 1, 1, 1, 4 ),
 ( 0.0000000000000000000, 0.2107201837555495700, 0.4472338814846622500, 0.7106940756460489200, 1.000000000000000000 ),
 .UNSPECIFIED. ) ;
#748 = EDGE_CURVE ( 'NONE', #783, #3641, #6801, .T. ) ;
#749 = CARTESIAN_POINT ( 'NONE',  ( -0.5386301317528361400, 4.209999999999993700, -3.076596641505634700 ) ) ;
#750 = VERTEX_POINT ( 'NONE', #3372 ) ;
#751 = AXIS2_PLACEMENT_3D ( 'NONE', #3877, #120, #4505 ) ;
#752 = CARTESIAN_POINT ( 'NONE',  ( 1.844823290688418100, 4.209999999999997300, -2.092301857624852000 ) ) ;
#753 = VECTOR ( 'NONE', #4363, 1000.000000000000100 ) ;
#754 = CARTESIAN_POINT ( 'NONE',  ( 1.252420729968780600, 4.209999999999993700, -2.859829722051037100 ) ) ;
#755 = DIRECTION ( 'NONE',  ( 0.0000000000000000000, 0.0000000000000000000, 1.000000000000000000 ) ) ;
#756 = ADVANCED_FACE ( 'NONE', ( #1806 ), #4670, .T. ) ;
#757 = CARTESIAN_POINT ( 'NONE',  ( -0.4311747980709432800, 4.199999999999998400, -3.000037908853487000 ) ) ;
#758 = CARTESIAN_POINT ( 'NONE',  ( 0.5012568119797299300, 4.209999999999992000, -3.049807198950595000 ) ) ;
#759 = EDGE_CURVE ( 'NONE', #7305, #3851, #6606, .T. ) ;
#760 = CARTESIAN_POINT ( 'NONE',  ( 0.1924218775182969000, 4.209999999999992000, -3.040153188799064000 ) ) ;
#761 = DIRECTION ( 'NONE',  ( 0.0000000000000000000, 0.0000000000000000000, -1.000000000000000000 ) ) ;
#762 = CARTESIAN_POINT ( 'NONE',  ( 0.5450776125554845900, 4.210000000000000000, 2.907041648618186700 ) ) ;
#763 = CARTESIAN_POINT ( 'NONE',  ( 1.667028782908281500, 4.209999999999999100, -1.667261830691615800 ) ) ;
#764 = CARTESIAN_POINT ( 'NONE',  ( -0.1656049494328878900, 4.200000000000001100, -2.761731317875239200 ) ) ;
#765 = CARTESIAN_POINT ( 'NONE',  ( 2.044117877660307500, 4.209999999999995500, -2.074067094836563400 ) ) ;
#766 = DIRECTION ( 'NONE',  ( -0.0000000000000000000, -0.0000000000000000000, 1.000000000000000000 ) ) ;
#767 = CARTESIAN_POINT ( 'NONE',  ( 1.771983284111699800, 4.199999999999999300, -1.880544434463290400 ) ) ;
#768 = CARTESIAN_POINT ( 'NONE',  ( 2.279764856874035400, 4.209999999999997300, -1.280774609801209200 ) ) ;
#769 = B_SPLINE_CURVE_WITH_KNOTS ( 'NONE', 3,
 ( #1760, #5528, #6764, #3047, #7407, #3658, #8025, #4294, #540, #4934, #1163, #5557, #1792, #6172, #2440 ),
 .UNSPECIFIED., .F., .F.,
 ( 4, 1, 1, 1, 1, 1, 1, 1, 1, 1, 1, 1, 4 ),
 ( 0.0000000000000000000, 0.08069440596041303800, 0.1571922402454535000, 0.2291028488962914800, 0.2967732966666752900, 0.3613323894294272500, 0.4226797739336574700, 0.4809405460187056700, 0.5372807162798847200, 0.6476083897775091200, 0.7581475384830509400, 0.8751239576591843800, 1.000000000000000000 ),
 .UNSPECIFIED. ) ;
#770 = AXIS2_PLACEMENT_3D ( 'NONE', #5669, #1967, #6341 ) ;
#771 = DIRECTION ( 'NONE',  ( 0.0000000000000000000, -1.000000000000000000, 0.0000000000000000000 ) ) ;
#773 = CARTESIAN_POINT ( 'NONE',  ( 1.010039380886872800, 4.209999999999993700, -2.846188263248848700 ) ) ;
#772 = DIRECTION ( 'NONE',  ( -0.0000000000000000000, -1.000000000000000000, -0.0000000000000000000 ) ) ;
#774 = DIRECTION ( 'NONE',  ( 0.0000000000000000000, -1.000000000000000000, 0.0000000000000000000 ) ) ;
#775 = CARTESIAN_POINT ( 'NONE',  ( -2.085427680909769600, 4.209999999999998200, -1.196052701272775300 ) ) ;
#776 = CARTESIAN_POINT ( 'NONE',  ( 1.935248292390568300, 4.199999999999997500, -2.114647495338611200 ) ) ;
#777 = CARTESIAN_POINT ( 'NONE',  ( 1.391359210719896000, 4.209999999999997300, -2.621264809645383200 ) ) ;
#778 = CARTESIAN_POINT ( 'NONE',  ( 0.1054351343686549400, 4.200000000000000200, -2.319786749323303500 ) ) ;
#779 = AXIS2_PLACEMENT_3D ( 'NONE', #1491, #2309, #6660 ) ;
#780 = CARTESIAN_POINT ( 'NONE',  ( -2.208133474957481000, 4.209999999999995500, -1.800068186532085100 ) ) ;
#781 = CARTESIAN_POINT ( 'NONE',  ( -0.2460785781969911100, 4.199999999999999300, -2.482016425349098400 ) ) ;
#782 = CARTESIAN_POINT ( 'NONE',  ( 0.5846081808134436800, 4.199999999999995700, -2.964278335945614600 ) ) ;
#783 = VERTEX_POINT ( 'NONE', #3422 ) ;
#784 = DIRECTION ( 'NONE',  ( 0.0000000000000000000, 0.0000000000000000000, -1.000000000000000000 ) ) ;
#785 = CARTESIAN_POINT ( 'NONE',  ( 0.3364685015141872800, 4.199999999999996600, -3.093585461136504100 ) ) ;
#786 = CARTESIAN_POINT ( 'NONE',  ( 0.3686864481772927900, 4.209999999999999100, -2.624258750543337000 ) ) ;
#787 = CARTESIAN_POINT ( 'NONE',  ( -2.482878620409001900, 4.199999999999997500, -1.340527698748420700 ) ) ;
#788 = CARTESIAN_POINT ( 'NONE',  ( 1.508104028389200900, 4.199999999999999300, -1.691464129051533800 ) ) ;
#789 = EDGE_LOOP ( 'NONE', ( #1485, #1274, #5111, #5237 ) ) ;
#790 = CARTESIAN_POINT ( 'NONE',  ( 0.9098287569007044200, 4.209999999999997300, -2.521835974944513800 ) ) ;
#791 = CARTESIAN_POINT ( 'NONE',  ( 0.09562184269871375200, 4.200000000000000200, 3.549121319842145200 ) ) ;
#792 = CARTESIAN_POINT ( 'NONE',  ( -1.998271441623060000, 4.209999999999997300, -1.665437208856262600 ) ) ;
#793 = CARTESIAN_POINT ( 'NONE',  ( 1.720592637596486800, 4.200000000000001100, -2.055295278884060400 ) ) ;
#794 = ORIENTED_EDGE ( 'NONE', *, *, #1811, .T. ) ;
#795 = CARTESIAN_POINT ( 'NONE',  ( 1.658058842546889600, 4.209999999999997300, -2.094199112105698200 ) ) ;
#796 = CARTESIAN_POINT ( 'NONE',  ( -0.1550901739091391500, 4.200000000000003700, -2.703615097949041900 ) ) ;
#797 = CARTESIAN_POINT ( 'NONE',  ( -2.457285967468243000, 4.209999999999995500, -1.745612028056417800 ) ) ;
#798 = CARTESIAN_POINT ( 'NONE',  ( 1.242459085142817900, 4.209999999999994600, -2.864466976540323500 ) ) ;
#799 = EDGE_LOOP ( 'NONE', ( #20, #4577, #5817, #154 ) ) ;
#800 = CARTESIAN_POINT ( 'NONE',  ( -1.938938555612545600, 4.199999999999997500, -1.313616267065254900 ) ) ;
#801 = VECTOR ( 'NONE', #7571, 1000.000000000000000 ) ;
#802 = ORIENTED_EDGE ( 'NONE', *, *, #2780, .F. ) ;
#803 = ORIENTED_EDGE ( 'NONE', *, *, #5107, .F. ) ;
#804 = CARTESIAN_POINT ( 'NONE',  ( 0.3373402305253597700, 4.210000000000000900, -2.329248034698497600 ) ) ;
#805 = ORIENTED_EDGE ( 'NONE', *, *, #7425, .T. ) ;
#806 = CARTESIAN_POINT ( 'NONE',  ( -4.999999999999986700, 0.2999999999999999900, 1.250000000000052400 ) ) ;
#807 = CARTESIAN_POINT ( 'NONE',  ( 0.6285392870227587400, 4.209999999999996400, -2.812074178693484900 ) ) ;
#808 = VECTOR ( 'NONE', #252, 1000.000000000000100 ) ;
#809 = CARTESIAN_POINT ( 'NONE',  ( 0.4432721117422506700, 4.199999999999998400, -2.565753805389404900 ) ) ;
#810 = CARTESIAN_POINT ( 'NONE',  ( 0.3974103937469851100, 4.209999999999992900, -3.089356213266245100 ) ) ;
#811 = CARTESIAN_POINT ( 'NONE',  ( 0.5199364633587143500, 4.209999999999996400, -2.769280836908857500 ) ) ;
#812 = CARTESIAN_POINT ( 'NONE',  ( 1.207297651319037400, 4.209999999999995500, -2.786312424895356400 ) ) ;
#813 = DIRECTION ( 'NONE',  ( -1.000000000000000000, 0.0000000000000000000, -0.0000000000000000000 ) ) ;
#814 = ORIENTED_EDGE ( 'NONE', *, *, #7874, .T. ) ;
#815 = CARTESIAN_POINT ( 'NONE',  ( 0.8481439309836167300, 4.199999999999997500, -2.313745698330564900 ) ) ;
#816 = CARTESIAN_POINT ( 'NONE',  ( -0.1434546213284927400, 4.209999999999996400, -2.486728449901909300 ) ) ;
#817 = EDGE_CURVE ( 'NONE', #2783, #7609, #5352, .T. ) ;
#818 = VECTOR ( 'NONE', #2576, 1000.000000000000100 ) ;
#819 = CARTESIAN_POINT ( 'NONE',  ( -1.250000000000034900, 0.2999999999999999900, -4.999999999999991100 ) ) ;
#820 = CARTESIAN_POINT ( 'NONE',  ( -2.514638024318423900, 4.199999999999999300, -1.667222188588985300 ) ) ;
#821 = DATE_AND_TIME ( #2500, #4157 ) ;
#822 = B_SPLINE_CURVE_WITH_KNOTS ( 'NONE', 3,
 ( #5560, #6130, #7822, #4085, #329, #4724, #961, #5349, #1581, #5970, #2234, #6594, #2861, #7219, #3482, #7846, #4106, #360, #4753 ),
 .UNSPECIFIED., .F., .F.,
 ( 4, 1, 1, 1, 1, 1, 1, 1, 1, 1, 1, 1, 1, 1, 1, 1, 4 ),
 ( 0.0000000000000000000, 0.06874976600088772400, 0.1348116108181926000, 0.1988531907824901100, 0.2615636817336382500, 0.3227046410651335800, 0.3836948134703284100, 0.4447276704645153900, 0.5064047915511099600, 0.5679898560555793900, 0.6286374702473654900, 0.6885382249580158700, 0.7486884477866624400, 0.8092731518862030800, 0.8708778465408241200, 0.9343959031623296800, 0.9999999999999998900 ),
 .UNSPECIFIED. ) ;
#823 = VERTEX_POINT ( 'NONE', #979 ) ;
#824 = CARTESIAN_POINT ( 'NONE',  ( -0.2739111124488474200, 4.210000000000000000, -2.387758221143189400 ) ) ;
#825 = VECTOR ( 'NONE', #7857, 1000.000000000000000 ) ;
#827 = CARTESIAN_POINT ( 'NONE',  ( 1.717894191136535300, 4.210000000000000000, -1.679790356539260200 ) ) ;
#826 = DIRECTION ( 'NONE',  ( 0.0000000000000000000, 0.0000000000000000000, -1.000000000000000000 ) ) ;
#828 = CARTESIAN_POINT ( 'NONE',  ( 0.4633527629853357900, 4.209999999999994600, -2.973464422322784200 ) ) ;
#829 = CARTESIAN_POINT ( 'NONE',  ( -0.4319868029730490300, 4.209999999999992900, -3.090282095136664100 ) ) ;
#830 = CARTESIAN_POINT ( 'NONE',  ( 1.449955800662056500, 4.200000000000000200, -1.981743049981696600 ) ) ;
#831 = VECTOR ( 'NONE', #1061, 1000.000000000000000 ) ;
#832 = AXIS2_PLACEMENT_3D ( 'NONE', #1597, #5979, #2244 ) ;
#833 = DIRECTION ( 'NONE',  ( -6.913199529551666400E-015, -0.0000000000000000000, -1.000000000000000000 ) ) ;
#834 = CARTESIAN_POINT ( 'NONE',  ( -2.442060331937774300, 4.209999999999997300, -1.154635558515877800 ) ) ;
#835 = LINE ( 'NONE', #4233, #3973 ) ;
#836 = CARTESIAN_POINT ( 'NONE',  ( 0.5066932206918158800, 4.209999999999997300, -2.589821401949825100 ) ) ;
#837 = CARTESIAN_POINT ( 'NONE',  ( -0.6994144877383444700, 4.209999999999997300, -2.616206984745584200 ) ) ;
#838 = LINE ( 'NONE', #919, #3975 ) ;
#839 = CARTESIAN_POINT ( 'NONE',  ( 0.6185989390978344800, 4.199999999999998400, -2.647630108511695100 ) ) ;
#840 = CARTESIAN_POINT ( 'NONE',  ( 1.936636379427676900, 4.209999999999992900, -2.432803884635524200 ) ) ;
#841 = DIRECTION ( 'NONE',  ( 0.0000000000000000000, 0.0000000000000000000, 1.000000000000000000 ) ) ;
#842 = CARTESIAN_POINT ( 'NONE',  ( 1.437833932273383700, 4.209999999999998200, -1.916381091490706700 ) ) ;
#843 = VERTEX_POINT ( 'NONE', #5375 ) ;
#844 = CARTESIAN_POINT ( 'NONE',  ( 1.475896635836138500, 4.209999999999998200, -2.036890051186979200 ) ) ;
#845 = VERTEX_POINT ( 'NONE', #1610 ) ;
#846 = CARTESIAN_POINT ( 'NONE',  ( 0.8907272818099176700, 4.209999999999999100, -2.182552025510283900 ) ) ;
#847 = CARTESIAN_POINT ( 'NONE',  ( -0.2769969752116899800, 4.209999999999999100, -2.259515202184186200 ) ) ;
#848 = FACE_OUTER_BOUND ( 'NONE', #2627, .T. ) ;
#849 = CARTESIAN_POINT ( 'NONE',  ( -0.4563432408061183800, 4.209999999999997300, -2.331897801319301700 ) ) ;
#850 = CARTESIAN_POINT ( 'NONE',  ( -2.548443360543786200, 4.209999999999996400, -1.465664338811108600 ) ) ;
#851 = EDGE_LOOP ( 'NONE', ( #7005, #2404, #7803, #2929 ) ) ;
#852 = CARTESIAN_POINT ( 'NONE',  ( 1.870587509748850900, 4.209999999999998200, -1.833418706861714900 ) ) ;
#853 = EDGE_CURVE ( 'NONE', #2489, #2022, #3289, .T. ) ;
#854 = CARTESIAN_POINT ( 'NONE',  ( 1.317732615225249100, 4.199999999999998400, -2.349330068250662600 ) ) ;
#855 = EDGE_CURVE ( 'NONE', #1137, #4079, #4965, .T. ) ;
#856 = DIRECTION ( 'NONE',  ( 0.0000000000000000000, 0.0000000000000000000, -1.000000000000000000 ) ) ;
#857 = CARTESIAN_POINT ( 'NONE',  ( -0.1838623141889358400, 4.209999999999997300, -2.837120493274754000 ) ) ;
#858 = CARTESIAN_POINT ( 'NONE',  ( 1.444686221809143900, 4.209999999999998200, -1.873978714786120400 ) ) ;
#859 = DIRECTION ( 'NONE',  ( 1.000000000000000000, 0.0000000000000000000, 0.0000000000000000000 ) ) ;
#860 = CARTESIAN_POINT ( 'NONE',  ( -2.631219143501299900, 4.209999999999993700, -1.375755327688039700 ) ) ;
#861 = CARTESIAN_POINT ( 'NONE',  ( -1.289173802485118900, 4.210000000000000000, -1.871700617176565600 ) ) ;
#862 = DIRECTION ( 'NONE',  ( 0.0000000000000000000, -1.000000000000000000, -0.0000000000000000000 ) ) ;
#863 = CARTESIAN_POINT ( 'NONE',  ( 0.8270983852397585400, 4.200000000000000200, -2.120203078237551600 ) ) ;
#864 = EDGE_CURVE ( 'NONE', #7468, #7535, #8069, .T. ) ;
#865 = CARTESIAN_POINT ( 'NONE',  ( 0.5106413617645558800, 4.199999999999998400, -2.620851900221099900 ) ) ;
#866 = CARTESIAN_POINT ( 'NONE',  ( 0.5012568119797299300, 4.209999999999992000, -3.049807198950595000 ) ) ;
#867 = CARTESIAN_POINT ( 'NONE',  ( -0.7108576244473319200, 4.209999999999995500, -2.834147115213565100 ) ) ;
#868 = CARTESIAN_POINT ( 'NONE',  ( 0.8993953931495561900, 4.210000000000000000, -2.075994053156168000 ) ) ;
#869 = CARTESIAN_POINT ( 'NONE',  ( 1.660827768944995100, 4.199999999999996600, -2.393329042041942900 ) ) ;
#870 = B_SPLINE_CURVE_WITH_KNOTS ( 'NONE', 3,
 ( #7844, #3528, #1039, #5427, #1656, #6049, #2317, #6668, #2947, #7301, #3558, #7926, #4189, #437, #4827, #1063, #5454, #1687, #6071, #2346, #6698, #2968, #7327, #3585, #7953, #4208, #464 ),
 .UNSPECIFIED., .F., .F.,
 ( 4, 1, 1, 1, 1, 1, 1, 1, 1, 1, 1, 1, 1, 1, 1, 1, 1, 1, 1, 1, 1, 1, 1, 1, 4 ),
 ( 0.0000000000000000000, 0.04467344343234886500, 0.08829871406053121900, 0.1313324521489537800, 0.1738168373691169100, 0.2155824130621693300, 0.2573399324772299200, 0.2987148198572143800, 0.3404085665934371600, 0.3815722333397181800, 0.4218875380149034200, 0.4618370251780474200, 0.5014010828438868500, 0.5408722633731315500, 0.5804479153552868400, 0.6205913962365445800, 0.6614073440141252600, 0.7023392772471367400, 0.7434322958524459700, 0.7848426512282682400, 0.8265378650984615000, 0.8686861544102125700, 0.9116138619775203700, 0.9552615620522373300, 1.000000000000000000 ),
 .UNSPECIFIED. ) ;
#871 = CARTESIAN_POINT ( 'NONE',  ( -0.5704517199464211900, 4.200000000000000200, -2.298226907259910400 ) ) ;
#872 = CARTESIAN_POINT ( 'NONE',  ( -1.557516858156873000, 4.199999999999994800, -2.713564712176589600 ) ) ;
#873 = ADVANCED_FACE ( 'NONE', ( #542 ), #4131, .T. ) ;
#874 = CARTESIAN_POINT ( 'NONE',  ( 2.126537274160847300, 4.210000000000000000, -0.8777655746379443600 ) ) ;
#875 = CARTESIAN_POINT ( 'NONE',  ( 1.322644482888267700, 4.209999999999997300, -2.360343360303731600 ) ) ;
#876 = AXIS2_PLACEMENT_3D ( 'NONE', #386, #1015, #5398 ) ;
#877 = ORIENTED_EDGE ( 'NONE', *, *, #5270, .T. ) ;
#878 = CARTESIAN_POINT ( 'NONE',  ( 1.959231978191368700, 4.200000000000000200, -2.137853399825620800 ) ) ;
#879 = CARTESIAN_POINT ( 'NONE',  ( 0.2090714127005783000, 4.199999999999996600, -2.889220196357956900 ) ) ;
#880 = CARTESIAN_POINT ( 'NONE',  ( -0.1468727407804002700, 4.199999999999999300, -2.462066550044860000 ) ) ;
#881 = CARTESIAN_POINT ( 'NONE',  ( 0.09081410204910010700, 4.209999999999995500, -2.857139897369910900 ) ) ;
#882 = CARTESIAN_POINT ( 'NONE',  ( 1.488842098186164300, 4.200000000000000200, -1.807698863277803300 ) ) ;
#883 = EDGE_LOOP ( 'NONE', ( #270, #3347, #4547, #4520 ) ) ;
#884 = PERSON_AND_ORGANIZATION_ROLE ( 'creator' ) ;
#885 = CARTESIAN_POINT ( 'NONE',  ( -2.591703917168878000, 4.209999999999993700, -1.724314453044524700 ) ) ;
#886 = ORIENTED_EDGE ( 'NONE', *, *, #2146, .F. ) ;
#887 = ORIENTED_EDGE ( 'NONE', *, *, #3503, .F. ) ;
#888 = CARTESIAN_POINT ( 'NONE',  ( -2.541111415532761400, 4.209999999999995500, -1.441373557734842500 ) ) ;
#889 = CARTESIAN_POINT ( 'NONE',  ( -2.464635055418193100, 4.209999999999996400, -1.867994622603373000 ) ) ;
#890 = ORIENTED_EDGE ( 'NONE', *, *, #3428, .T. ) ;
#891 = CARTESIAN_POINT ( 'NONE',  ( -0.8517087539358433300, 4.209999999999997300, -2.512930730411408600 ) ) ;
#892 = CARTESIAN_POINT ( 'NONE',  ( -0.7135539188549887600, 4.200000000000000200, -2.750344164072307000 ) ) ;
#893 = CARTESIAN_POINT ( 'NONE',  ( 0.6285392870227587400, 4.209999999999996400, -2.812074178693484900 ) ) ;
#894 = CARTESIAN_POINT ( 'NONE',  ( 1.242459085142817900, 4.209999999999994600, -2.864466976540323500 ) ) ;
#895 = ORIENTED_EDGE ( 'NONE', *, *, #3038, .T. ) ;
#896 = CARTESIAN_POINT ( 'NONE',  ( 1.744226800020501900, 4.199999999999994800, -2.443080450432249900 ) ) ;
#897 = FACE_OUTER_BOUND ( 'NONE', #3175, .T. ) ;
#898 = CARTESIAN_POINT ( 'NONE',  ( -1.757701028128108200, 4.210000000000000000, -1.537414702769505800 ) ) ;
#899 = CARTESIAN_POINT ( 'NONE',  ( -0.6898764959966857700, 4.209999999999996400, -2.560912086396484700 ) ) ;
#900 = VERTEX_POINT ( 'NONE', #2277 ) ;
#901 = EDGE_CURVE ( 'NONE', #2983, #5074, #4768, .T. ) ;
#902 = CARTESIAN_POINT ( 'NONE',  ( 2.058966848323748400, 4.210000000000000000, -0.9847141900692557600 ) ) ;
#903 = CARTESIAN_POINT ( 'NONE',  ( 1.765728392367491100, 4.199999999999994800, -2.450110153699787100 ) ) ;
#904 = ORIENTED_EDGE ( 'NONE', *, *, #6584, .F. ) ;
#905 = CARTESIAN_POINT ( 'NONE',  ( -2.442731809024704800, 4.199999999999994800, -1.882517547855643700 ) ) ;
#906 = EDGE_CURVE ( 'NONE', #6945, #783, #3096, .T. ) ;
#907 = VERTEX_POINT ( 'NONE', #5990 ) ;
#908 = AXIS2_PLACEMENT_3D ( 'NONE', #1196, #5584, #1827 ) ;
#909 = CARTESIAN_POINT ( 'NONE',  ( 1.231480830196368700, 4.209999999999998200, -2.193161145574153500 ) ) ;
#910 = FACE_OUTER_BOUND ( 'NONE', #8059, .T. ) ;
#911 = DIRECTION ( 'NONE',  ( 0.0000000000000000000, 0.0000000000000000000, -1.000000000000000000 ) ) ;
#912 = ORIENTED_EDGE ( 'NONE', *, *, #2716, .F. ) ;
#913 = CARTESIAN_POINT ( 'NONE',  ( 1.277924854190383600, 4.199999999999995700, -2.267998828636592600 ) ) ;
#914 = CARTESIAN_POINT ( 'NONE',  ( -0.2955634737965242600, 4.200000000000001100, -2.250752975573569300 ) ) ;
#915 = CARTESIAN_POINT ( 'NONE',  ( 0.3103496854278150500, 4.209999999999993700, -3.091122559785607100 ) ) ;
#916 = ORIENTED_EDGE ( 'NONE', *, *, #3086, .T. ) ;
#917 = CARTESIAN_POINT ( 'NONE',  ( 0.1902652262397523100, 4.200000000000002800, -2.260144741368780500 ) ) ;
#918 = EDGE_LOOP ( 'NONE', ( #6493, #3146, #1688, #3568 ) ) ;
#919 = CARTESIAN_POINT ( 'NONE',  ( 0.5083637379351044800, 4.209999999999997300, -2.600341263087320200 ) ) ;
#920 = CIRCLE ( 'NONE', #3662, 4.500000000000000000 ) ;
#921 = ADVANCED_FACE ( 'NONE', ( #4557 ), #1948, .T. ) ;
#922 = EDGE_CURVE ( 'NONE', #1031, #2275, #3892, .T. ) ;
#923 = CARTESIAN_POINT ( 'NONE',  ( -0.5568983166936829500, 4.209999999999994600, -2.965569256448210600 ) ) ;
#924 = CARTESIAN_POINT ( 'NONE',  ( -2.175401867116365700, 4.209999999999996400, -1.899210080590620500 ) ) ;
#925 = ORIENTED_EDGE ( 'NONE', *, *, #6048, .F. ) ;
#926 = CARTESIAN_POINT ( 'NONE',  ( -2.063545356668664300, 4.210000000000000000, -1.092205119348345300 ) ) ;
#927 = B_SPLINE_CURVE_WITH_KNOTS ( 'NONE', 3,
 ( #335, #964, #5355, #1590, #5974, #2240, #6601, #2868, #7223, #3487, #7853 ),
 .UNSPECIFIED., .F., .F.,
 ( 4, 1, 1, 1, 1, 1, 1, 1, 4 ),
 ( 0.0000000000000000000, 0.08437013078946852000, 0.1785553661703812900, 0.2838476293863111400, 0.4009533469081068600, 0.5308301436973389400, 0.6736898291548725200, 0.8300581566958548100, 1.000000000000000000 ),
 .UNSPECIFIED. ) ;
#928 = FACE_OUTER_BOUND ( 'NONE', #2579, .T. ) ;
#929 = CARTESIAN_POINT ( 'NONE',  ( -0.6904061404378776200, 4.209999999999993700, -2.925307019182516100 ) ) ;
#930 = DIRECTION ( 'NONE',  ( -0.9259947745106934500, 0.0000000000000000000, 0.3775363261712572600 ) ) ;
#931 = DESIGN_CONTEXT ( 'detailed design', #6496, 'design' ) ;
#932 = CARTESIAN_POINT ( 'NONE',  ( 5.878304635907295200E-016, -4.799999999999999800, -2.299999999999999800 ) ) ;
#933 = FACE_OUTER_BOUND ( 'NONE', #4330, .T. ) ;
#934 = CARTESIAN_POINT ( 'NONE',  ( -1.835296547209666100, 4.200000000000001100, -1.287424305658856600 ) ) ;
#935 = EDGE_LOOP ( 'NONE', ( #3247, #7370, #2374, #3540 ) ) ;
#936 = CARTESIAN_POINT ( 'NONE',  ( -0.6994144877383444700, 4.199999999999998400, -2.616206984745584200 ) ) ;
#937 = EDGE_CURVE ( 'NONE', #596, #2877, #7681, .T. ) ;
#938 = CARTESIAN_POINT ( 'NONE',  ( 2.492323008757928000, 4.199999999999996600, -1.559850698494045900 ) ) ;
#939 = FACE_OUTER_BOUND ( 'NONE', #7441, .T. ) ;
#940 = CARTESIAN_POINT ( 'NONE',  ( -2.319956691148547200, 4.209999999999994600, -1.923419244017506000 ) ) ;
#941 = CIRCLE ( 'NONE', #7511, 0.8000000000000000400 ) ;
#942 = CARTESIAN_POINT ( 'NONE',  ( 1.132503530778125300, 4.199999999999999300, -2.094079581337680500 ) ) ;
#943 = CARTESIAN_POINT ( 'NONE',  ( 1.947847350674763800, 4.209999999999996400, -2.125234623322314500 ) ) ;
#944 = CARTESIAN_POINT ( 'NONE',  ( 1.059842586244447200, 4.200000000000001100, -2.060026588729596800 ) ) ;
#945 = DIRECTION ( 'NONE',  ( 0.0000000000000000000, 0.0000000000000000000, 1.000000000000000000 ) ) ;
#946 = ORIENTED_EDGE ( 'NONE', *, *, #1811, .F. ) ;
#947 = CARTESIAN_POINT ( 'NONE',  ( -0.6904061404378776200, 4.209999999999993700, -2.925307019182516100 ) ) ;
#948 = CARTESIAN_POINT ( 'NONE',  ( 0.08177536789187395100, 4.210000000000000000, -2.353635164231154600 ) ) ;
#949 = ORIENTED_EDGE ( 'NONE', *, *, #853, .F. ) ;
#950 = CARTESIAN_POINT ( 'NONE',  ( -2.376279380424847400, 4.199999999999996600, -1.912955305600681600 ) ) ;
#951 = LINE ( 'NONE', #322, #5556 ) ;
#952 = CARTESIAN_POINT ( 'NONE',  ( 1.849796084932829700, 4.209999999999996400, -1.998106788817442200 ) ) ;
#954 = ORIENTED_EDGE ( 'NONE', *, *, #331, .F. ) ;
#953 = CARTESIAN_POINT ( 'NONE',  ( 0.1067047441186559200, 4.199999999999999300, -2.684057606576249400 ) ) ;
#955 = CARTESIAN_POINT ( 'NONE',  ( -2.416424289829526300, 4.209999999999998200, -1.137999044871052200 ) ) ;
#956 = FACE_OUTER_BOUND ( 'NONE', #7243, .T. ) ;
#957 = CARTESIAN_POINT ( 'NONE',  ( -0.6254853563054535400, 4.199999999999996600, -3.027139866060673000 ) ) ;
#958 = CARTESIAN_POINT ( 'NONE',  ( 0.7563041846757374600, 4.209999999999997300, -2.384989800682172100 ) ) ;
#959 = CARTESIAN_POINT ( 'NONE',  ( -0.6630918271092655100, 4.199999999999996600, -2.981431209960240000 ) ) ;
#960 = ADVANCED_FACE ( 'NONE', ( #6216 ), #1960, .T. ) ;
#961 = CARTESIAN_POINT ( 'NONE',  ( 1.359070730603530800, 4.210000000000000000, -1.840144577702218100 ) ) ;
#962 = CARTESIAN_POINT ( 'NONE',  ( 1.001589371575747100, 4.210000000000000000, -2.052428818682629200 ) ) ;
#963 = CARTESIAN_POINT ( 'NONE',  ( 1.849796084932829700, 4.199999999999997500, -1.998106788817442200 ) ) ;
#964 = CARTESIAN_POINT ( 'NONE',  ( 1.071946756348517200, 4.199999999999994800, -2.771735622085215800 ) ) ;
#965 = CARTESIAN_POINT ( 'NONE',  ( -0.5552377568817653500, 4.209999999999999100, -2.464966695795952400 ) ) ;
#966 = CARTESIAN_POINT ( 'NONE',  ( -0.3216064386218265300, 4.199999999999995700, -3.052745574003223900 ) ) ;
#967 = CARTESIAN_POINT ( 'NONE',  ( 0.05313409030564530300, 4.200000000000001100, -2.474758498771628500 ) ) ;
#968 = ADVANCED_FACE ( 'NONE', ( #1219 ), #1986, .T. ) ;
#969 = CARTESIAN_POINT ( 'NONE',  ( 2.127632413564705300, 4.200000000000000200, -1.521597417005725800 ) ) ;
#970 = CARTESIAN_POINT ( 'NONE',  ( 1.078761923710187100, 4.199999999999999300, -2.776383909970204600 ) ) ;
#971 = CARTESIAN_POINT ( 'NONE',  ( 1.880720758290479000, 4.199999999999997500, -1.900610199351749900 ) ) ;
#972 = CARTESIAN_POINT ( 'NONE',  ( 1.252420729968780600, 4.209999999999993700, -2.859829722051037100 ) ) ;
#973 = B_SPLINE_CURVE_WITH_KNOTS ( 'NONE', 3,
 ( #3233, #7048, #5204, #1438, #5834, #2080, #6446, #2718, #7076, #3337, #7707, #3965, #211, #4599, #840, #5234, #1456, #5858, #2114 ),
 .UNSPECIFIED., .F., .F.,
 ( 4, 1, 1, 1, 1, 1, 1, 1, 1, 1, 1, 1, 1, 1, 1, 1, 4 ),
 ( 0.0000000000000000000, 0.07068460326100564600, 0.1380200896814754400, 0.2034412636573717500, 0.2664735016073681600, 0.3279435745086791700, 0.3884409218539293700, 0.4480095346037893900, 0.5080982809350322900, 0.5678570501110588000, 0.6268075423502588200, 0.6859026581593451500, 0.7458690020283763600, 0.8066123252838091100, 0.8689897545944113000, 0.9330894895775685400, 1.000000000000000000 ),
 .UNSPECIFIED. ) ;
#974 = CARTESIAN_POINT ( 'NONE',  ( 0.8486707299187213900, 4.200000000000000200, -2.103302840130518300 ) ) ;
#975 = EDGE_CURVE ( 'NONE', #7021, #7071, #2910, .T. ) ;
#976 = CARTESIAN_POINT ( 'NONE',  ( -0.5030545498715867100, 4.209999999999993700, -3.084883333538808600 ) ) ;
#977 = CARTESIAN_POINT ( 'NONE',  ( -1.930943557959538000, 4.209999999999999100, -1.324836926556301600 ) ) ;
#978 = CARTESIAN_POINT ( 'NONE',  ( 0.9494185116784300500, 4.200000000000001100, -2.147496488452659500 ) ) ;
#979 = CARTESIAN_POINT ( 'NONE',  ( 0.5083637379351044800, 4.199999999999998400, -2.600341263087320200 ) ) ;
#980 = ORIENTED_EDGE ( 'NONE', *, *, #3225, .T. ) ;
#981 = DIRECTION ( 'NONE',  ( 0.0000000000000000000, 0.0000000000000000000, 1.000000000000000000 ) ) ;
#982 = DIRECTION ( 'NONE',  ( 0.0000000000000000000, -1.000000000000000000, 0.0000000000000000000 ) ) ;
#983 = CARTESIAN_POINT ( 'NONE',  ( 0.7588846822388059000, 4.209999999999999100, -2.232261721480155900 ) ) ;
#984 = CARTESIAN_POINT ( 'NONE',  ( 0.8993953931495561900, 4.200000000000000200, -2.075994053156168000 ) ) ;
#985 = EDGE_LOOP ( 'NONE', ( #7785, #5709, #7450, #320 ) ) ;
#986 = AXIS2_PLACEMENT_3D ( 'NONE', #6184, #2454, #6812 ) ;
#987 = CARTESIAN_POINT ( 'NONE',  ( 1.875301498570545600, 4.199999999999997500, -1.850028861359106300 ) ) ;
#988 = CARTESIAN_POINT ( 'NONE',  ( -0.4721945728079221000, 4.200000000000000200, -2.341277047309212400 ) ) ;
#989 = CLOSED_SHELL ( 'NONE', ( #2120, #7237, #2650, #4718 ) ) ;
#990 = CARTESIAN_POINT ( 'NONE',  ( -0.1599160618041841100, 4.199999999999995700, -2.733273787864587000 ) ) ;
#991 = CARTESIAN_POINT ( 'NONE',  ( 1.293679965146641700, 4.209999999999995500, -2.626432820777131900 ) ) ;
#992 = VERTEX_POINT ( 'NONE', #5195 ) ;
#993 = ADVANCED_FACE ( 'NONE', ( #7487 ), #7389, .T. ) ;
#994 = CARTESIAN_POINT ( 'NONE',  ( 0.8907272818099176700, 4.200000000000000200, -2.182552025510283900 ) ) ;
#995 = CARTESIAN_POINT ( 'NONE',  ( 1.846545327000859200, 4.209999999999999100, -1.784989964693800800 ) ) ;
#996 = ORIENTED_EDGE ( 'NONE', *, *, #1579, .F. ) ;
#997 = CARTESIAN_POINT ( 'NONE',  ( 1.370697141302648700, 4.199999999999994800, -2.742816001486212900 ) ) ;
#998 = CARTESIAN_POINT ( 'NONE',  ( 0.7588846822388059000, 4.209999999999999100, -2.232261721480155900 ) ) ;
#999 = LINE ( 'NONE', #5684, #5996 ) ;
#1000 = EDGE_LOOP ( 'NONE', ( #7700, #1994, #7794, #4617 ) ) ;
#1001 = CARTESIAN_POINT ( 'NONE',  ( -2.389541937831865900, 4.199999999999995700, -1.796603510637217600 ) ) ;
#1002 = CARTESIAN_POINT ( 'NONE',  ( -1.869417430398278200, 4.200000000000000200, -1.492034535574771300 ) ) ;
#1003 = ORIENTED_EDGE ( 'NONE', *, *, #2206, .F. ) ;
#1004 = ORIENTED_EDGE ( 'NONE', *, *, #4814, .F. ) ;
#1005 = CARTESIAN_POINT ( 'NONE',  ( 1.071473526460497100, 4.209999999999997300, -2.169155298896285900 ) ) ;
#1006 = ADVANCED_FACE ( 'NONE', ( #4164 ), #7406, .T. ) ;
#1007 = CARTESIAN_POINT ( 'NONE',  ( 2.038249839498368600, 4.199999999999996600, -2.066658426804816300 ) ) ;
#1008 = VECTOR ( 'NONE', #3189, 1000.000000000000000 ) ;
#1009 = EDGE_CURVE ( 'NONE', #2192, #6753, #2506, .T. ) ;
#1010 = CARTESIAN_POINT ( 'NONE',  ( 1.839252504709287400, 4.209999999999996400, -2.013358490310634100 ) ) ;
#1011 = CARTESIAN_POINT ( 'NONE',  ( 0.8189439072916924200, 4.199999999999998400, -2.579404191176580600 ) ) ;
#1012 = EDGE_CURVE ( 'NONE', #2010, #1137, #1024, .T. ) ;
#1013 = VERTEX_POINT ( 'NONE', #2157 ) ;
#1014 = APPROVAL ( #6524, 'UNSPECIFIED' ) ;
#1015 = DIRECTION ( 'NONE',  ( 0.0000000000000000000, 1.000000000000000000, 0.0000000000000000000 ) ) ;
#1016 = DIRECTION ( 'NONE',  ( 0.0000000000000000000, 0.0000000000000000000, -1.000000000000000000 ) ) ;
#1017 = LINE ( 'NONE', #678, #6207 ) ;
#1018 = CARTESIAN_POINT ( 'NONE',  ( 1.776746188676701300, 4.199999999999996600, -1.895642776823187400 ) ) ;
#1019 = CARTESIAN_POINT ( 'NONE',  ( -0.3722306006873093400, 4.209999999999999100, -2.318246333087360200 ) ) ;
#1020 = PERSON_AND_ORGANIZATION ( #1487, #4347 ) ;
#1021 = ORIENTED_EDGE ( 'NONE', *, *, #2360, .T. ) ;
#1022 = CARTESIAN_POINT ( 'NONE',  ( -2.338261451623370400, 4.199999999999999300, -1.226199084226093000 ) ) ;
#1023 = EDGE_CURVE ( 'NONE', #7305, #5754, #5832, .T. ) ;
#1024 = LINE ( 'NONE', #5896, #825 ) ;
#1025 = CARTESIAN_POINT ( 'NONE',  ( -0.2685759434054255100, 4.209999999999996400, -2.734554289840205300 ) ) ;
#1026 = DIRECTION ( 'NONE',  ( 0.0000000000000000000, 1.000000000000000000, 0.0000000000000000000 ) ) ;
#1027 = CARTESIAN_POINT ( 'NONE',  ( 1.381125777022619100, 4.209999999999994600, -2.530359195224688200 ) ) ;
#1028 = CARTESIAN_POINT ( 'NONE',  ( -2.226069817773723700, 4.209999999999997300, -1.072867154894333600 ) ) ;
#1029 = LINE ( 'NONE', #5942, #4355 ) ;
#1030 = CARTESIAN_POINT ( 'NONE',  ( -0.6632348920777930700, 4.199999999999999300, -2.461155652706956700 ) ) ;
#1031 = VERTEX_POINT ( 'NONE', #5977 ) ;
#1032 = DIRECTION ( 'NONE',  ( -0.0000000000000000000, -1.000000000000000000, -0.0000000000000000000 ) ) ;
#1033 = CARTESIAN_POINT ( 'NONE',  ( 1.994693006324582000, 4.199999999999995700, -2.392777882021430300 ) ) ;
#1034 = CIRCLE ( 'NONE', #4721, 0.04999999999999969700 ) ;
#1035 = CARTESIAN_POINT ( 'NONE',  ( 1.185458161800011300, 4.199999999999999300, -2.318131600110253200 ) ) ;
#1036 = CARTESIAN_POINT ( 'NONE',  ( 2.038249839498368600, 4.209999999999995500, -2.066658426804816300 ) ) ;
#1037 = LINE ( 'NONE', #2159, #2517 ) ;
#1038 = CARTESIAN_POINT ( 'NONE',  ( -0.5188265279740969000, 4.210000000000000000, -2.257906132778587000 ) ) ;
#1039 = CARTESIAN_POINT ( 'NONE',  ( -1.860788085236049900, 4.200000000000000200, -1.249385015998748100 ) ) ;
#1040 = ADVANCED_FACE ( 'NONE', ( #7285 ), #6630, .T. ) ;
#1041 = CARTESIAN_POINT ( 'NONE',  ( 0.9427068896358051800, 4.199999999999997500, -2.787352390266447400 ) ) ;
#1042 = ORIENTED_EDGE ( 'NONE', *, *, #2206, .T. ) ;
#1043 = CARTESIAN_POINT ( 'NONE',  ( -0.5309681032693368600, 4.199999999999995700, -2.985182326427233200 ) ) ;
#1044 = CARTESIAN_POINT ( 'NONE',  ( 0.2796588013326054600, 4.200000000000004600, -2.240268146950447700 ) ) ;
#1045 = VECTOR ( 'NONE', #3590, 1000.000000000000000 ) ;
#1046 = CARTESIAN_POINT ( 'NONE',  ( -2.513327492701311600, 4.199999999999996600, -1.210210363198900500 ) ) ;
#1047 = CARTESIAN_POINT ( 'NONE',  ( 1.762592914113302100, 4.209999999999998200, -2.003964473187222600 ) ) ;
#1048 = CARTESIAN_POINT ( 'NONE',  ( 0.2571943781377258300, 4.210000000000000000, -2.243096808470071300 ) ) ;
#1049 = ORIENTED_EDGE ( 'NONE', *, *, #2879, .F. ) ;
#1050 = CARTESIAN_POINT ( 'NONE',  ( -1.759985185297356000, 4.200000000000000200, -1.638482258692558500 ) ) ;
#1051 = CARTESIAN_POINT ( 'NONE',  ( 2.126537274160847300, 4.210000000000000000, -0.8777655746379443600 ) ) ;
#1052 = CARTESIAN_POINT ( 'NONE',  ( -2.066834705234872300, 4.200000000000001100, -1.204015753151062200 ) ) ;
#1053 = ORIENTED_EDGE ( 'NONE', *, *, #2353, .F. ) ;
#1054 = CARTESIAN_POINT ( 'NONE',  ( -0.4482070661639147000, 4.209999999999994600, -3.003028824337105300 ) ) ;
#1055 = CARTESIAN_POINT ( 'NONE',  ( 1.728078362250164800, 4.199999999999997500, -2.153077275518315400 ) ) ;
#1056 = CARTESIAN_POINT ( 'NONE',  ( 1.334359476637978000, 4.199999999999995700, -2.387877240951263000 ) ) ;
#1057 = CARTESIAN_POINT ( 'NONE',  ( -2.389894785409441400, 4.199999999999998400, -1.123654941032805600 ) ) ;
#1058 = CARTESIAN_POINT ( 'NONE',  ( -0.09700205866847379200, 4.210000000000000000, 3.549121319842145200 ) ) ;
#1059 = CARTESIAN_POINT ( 'NONE',  ( 2.087905385434271300, 4.209999999999994600, -2.228095968196561300 ) ) ;
#1060 = EDGE_CURVE ( 'NONE', #5991, #218, #5633, .T. ) ;
#1061 = DIRECTION ( 'NONE',  ( 0.0000000000000000000, -1.000000000000000000, 0.0000000000000000000 ) ) ;
#1062 = CARTESIAN_POINT ( 'NONE',  ( 1.896998685039465300, 4.209999999999995500, -2.003566440618438400 ) ) ;
#1063 = CARTESIAN_POINT ( 'NONE',  ( -2.170467431516231600, 4.199999999999999300, -1.070826028774367600 ) ) ;
#1064 = CARTESIAN_POINT ( 'NONE',  ( 1.180697017213250300, 4.199999999999994800, -2.883969037635047500 ) ) ;
#1065 = CARTESIAN_POINT ( 'NONE',  ( 1.472430337812036500, 4.200000000000000200, -2.030538696993905700 ) ) ;
#1066 = DIRECTION ( 'NONE',  ( 0.5340778828702459300, 0.0000000000000000000, 0.8454352813958238000 ) ) ;
#1067 = DIRECTION ( 'NONE',  ( 5.329070518200750600E-015, 0.0000000000000000000, -1.000000000000000000 ) ) ;
#1068 = EDGE_CURVE ( 'NONE', #6124, #3307, #2319, .T. ) ;
#1069 = ADVANCED_BREP_SHAPE_REPRESENTATION ( '', ( #3626, #4640, #4749, #3777, #3726, #2017 ), #1168 ) ;
#1070 = CARTESIAN_POINT ( 'NONE',  ( 1.987133379528592800, 4.209999999999995500, -2.260088207502758600 ) ) ;
#1071 = CARTESIAN_POINT ( 'NONE',  ( -2.396503949270180300, 4.209999999999996400, -1.262927280451564800 ) ) ;
#1072 = ORIENTED_EDGE ( 'NONE', *, *, #7112, .T. ) ;
#1073 = ADVANCED_FACE ( 'NONE', ( #3963 ), #5612, .T. ) ;
#1074 = DIRECTION ( 'NONE',  ( 0.0000000000000000000, 1.000000000000000000, 0.0000000000000000000 ) ) ;
#1075 = CARTESIAN_POINT ( 'NONE',  ( 2.019456716277555000, 4.199999999999993100, -2.370157818508711300 ) ) ;
#1076 = CARTESIAN_POINT ( 'NONE',  ( 0.6185989390978344800, 4.200000000000002000, -2.647630108511695100 ) ) ;
#1077 = CARTESIAN_POINT ( 'NONE',  ( 1.676514626310547900, 4.209999999999996400, -2.084781136130351400 ) ) ;
#1078 = ORIENTED_EDGE ( 'NONE', *, *, #2943, .T. ) ;
#1079 = CARTESIAN_POINT ( 'NONE',  ( 5.510910596163089600E-016, -4.799999999999999800, -2.000000000000000000 ) ) ;
#1080 = EDGE_CURVE ( 'NONE', #2202, #750, #2445, .T. ) ;
#1081 = CARTESIAN_POINT ( 'NONE',  ( 0.4487772525223436800, 4.199999999999994800, -3.076159902982038100 ) ) ;
#1082 = CARTESIAN_POINT ( 'NONE',  ( 2.044117877660307500, 4.199999999999997500, -2.074067094836563400 ) ) ;
#1083 = ORIENTED_EDGE ( 'NONE', *, *, #4870, .T. ) ;
#1084 = CARTESIAN_POINT ( 'NONE',  ( 1.166806692656987100, 4.209999999999999100, -2.120523112561541400 ) ) ;
#1085 = ORIENTED_EDGE ( 'NONE', *, *, #6113, .F. ) ;
#1086 = CARTESIAN_POINT ( 'NONE',  ( 0.08177536789187395100, 4.210000000000000000, -2.353635164231154600 ) ) ;
#1087 = CARTESIAN_POINT ( 'NONE',  ( -2.514638024318423900, 4.199999999999998400, -1.667222188588985300 ) ) ;
#1088 = CARTESIAN_POINT ( 'NONE',  ( 2.506466043461177000, 4.199999999999997500, -1.577182454784257000 ) ) ;
#1089 = ORIENTED_EDGE ( 'NONE', *, *, #5079, .F. ) ;
#1090 = AXIS2_PLACEMENT_3D ( 'NONE', #5411, #1645, #6035 ) ;
#1091 = CARTESIAN_POINT ( 'NONE',  ( 0.1532459390948860700, 4.209999999999999100, -2.461099828080239000 ) ) ;
#1092 = TOROIDAL_SURFACE ( 'NONE', #4456, 4.450000000000000200, 0.04999999999999969700 ) ;
#1093 = ORIENTED_EDGE ( 'NONE', *, *, #6512, .T. ) ;
#1094 = CARTESIAN_POINT ( 'NONE',  ( 0.1951595189178025000, 4.199999999999998400, -2.755084254739881700 ) ) ;
#1095 = CARTESIAN_POINT ( 'NONE',  ( 0.9832331607811668500, 4.200000000000001100, -2.142172534853542800 ) ) ;
#1096 = CARTESIAN_POINT ( 'NONE',  ( 0.3094816226403998600, 4.209999999999994600, -2.993896342218747000 ) ) ;
#1097 = ORIENTED_EDGE ( 'NONE', *, *, #3194, .F. ) ;
#1098 = ORIENTED_EDGE ( 'NONE', *, *, #1281, .T. ) ;
#1099 = CARTESIAN_POINT ( 'NONE',  ( -1.762331358563246700, 4.200000000000000200, -1.489079307485136100 ) ) ;
#1100 = CARTESIAN_POINT ( 'NONE',  ( -2.396503949270180300, 4.199999999999998400, -1.262927280451564800 ) ) ;
#1101 = LINE ( 'NONE', #2405, #5906 ) ;
#1102 = ORIENTED_EDGE ( 'NONE', *, *, #5272, .F. ) ;
#1103 = DIRECTION ( 'NONE',  ( 0.0000000000000000000, -1.000000000000000000, 0.0000000000000000000 ) ) ;
#1104 = CARTESIAN_POINT ( 'NONE',  ( 2.055800768412042500, 4.199999999999996600, -2.088817281669392800 ) ) ;
#1105 = CARTESIAN_POINT ( 'NONE',  ( 0.5709392567700526400, 4.209999999999998200, -2.448409054792025000 ) ) ;
#1106 = CARTESIAN_POINT ( 'NONE',  ( 0.3850753432790003900, 4.199999999999997500, -2.625887846582186200 ) ) ;
#1107 = ORIENTED_EDGE ( 'NONE', *, *, #1009, .T. ) ;
#1108 = VERTEX_POINT ( 'NONE', #6234 ) ;
#1109 = CARTESIAN_POINT ( 'NONE',  ( 0.1929693183537817800, 4.199999999999996600, -2.822110729252379300 ) ) ;
#1110 = LINE ( 'NONE', #6650, #6110 ) ;
#1111 = CARTESIAN_POINT ( 'NONE',  ( 0.6175494164659602900, 4.199999999999996600, -2.886222551718240900 ) ) ;
#1112 = CARTESIAN_POINT ( 'NONE',  ( 1.917787494143354400, 4.209999999999994600, -2.344278692596105000 ) ) ;
#1113 = CARTESIAN_POINT ( 'NONE',  ( 0.9200306778828664100, 4.210000000000000000, -2.067452234247249400 ) ) ;
#1114 = ORIENTED_EDGE ( 'NONE', *, *, #748, .F. ) ;
#1115 = CARTESIAN_POINT ( 'NONE',  ( 0.6185989390978344800, 4.200000000000002800, -2.647630108511695100 ) ) ;
#1116 = EDGE_CURVE ( 'NONE', #2293, #3890, #5440, .T. ) ;
#1117 = CARTESIAN_POINT ( 'NONE',  ( -0.6087917548320924700, 4.199999999999997500, -2.768964919007416800 ) ) ;
#1118 = ADVANCED_FACE ( 'NONE', ( #3764 ), #4720, .T. ) ;
#1119 = DIRECTION ( 'NONE',  ( 0.0000000000000000000, 0.0000000000000000000, -1.000000000000000000 ) ) ;
#1120 = VECTOR ( 'NONE', #2822, 1000.000000000000200 ) ;
#1121 = FACE_OUTER_BOUND ( 'NONE', #502, .T. ) ;
#1122 = B_SPLINE_CURVE_WITH_KNOTS ( 'NONE', 3,
 ( #3989, #4624, #6501, #2765, #7127, #3390, #7757, #4010, #268, #4656, #888, #5285, #1517, #5902, #2162 ),
 .UNSPECIFIED., .F., .F.,
 ( 4, 1, 1, 1, 1, 1, 1, 1, 1, 1, 1, 1, 4 ),
 ( 0.0000000000000000000, 0.1074848635119409600, 0.2083087965156367700, 0.3026455186445762300, 0.3925371797726293600, 0.4778337735830540700, 0.5586951755999607400, 0.6363196603187241100, 0.7111063911072629300, 0.7846299194695112200, 0.8567549454119044400, 0.9285409564294747600, 1.000000000000000000 ),
 .UNSPECIFIED. ) ;
#1123 = CARTESIAN_POINT ( 'NONE',  ( 1.444686221809143900, 4.199999999999999300, -1.873978714786120400 ) ) ;
#1124 = CARTESIAN_POINT ( 'NONE',  ( 0.1784489972705422300, 4.200000000000000200, -2.380334517244530300 ) ) ;
#1125 = ORIENTED_EDGE ( 'NONE', *, *, #174, .F. ) ;
#1126 = CARTESIAN_POINT ( 'NONE',  ( 0.3344991161668204900, 4.200000000000000200, -2.626347018976710000 ) ) ;
#1127 = CARTESIAN_POINT ( 'NONE',  ( 1.218374260780163800, 4.199999999999998400, -2.387708381918651800 ) ) ;
#1128 = VECTOR ( 'NONE', #6795, 1000.000000000000000 ) ;
#1129 = CARTESIAN_POINT ( 'NONE',  ( 2.545041292225849600, 4.210000000000014200, -1.622435481315568600 ) ) ;
#1130 = CARTESIAN_POINT ( 'NONE',  ( -0.09700205866847379200, 4.210000000000000000, 2.457585878761416000 ) ) ;
#1131 = LINE ( 'NONE', #6376, #5935 ) ;
#1132 = CARTESIAN_POINT ( 'NONE',  ( 0.0000000000000000000, 0.0000000000000000000, 0.0000000000000000000 ) ) ;
#1133 = EDGE_CURVE ( 'NONE', #2073, #2829, #5247, .T. ) ;
#1134 = CARTESIAN_POINT ( 'NONE',  ( 1.908711392143421600, 4.199999999999998400, -2.099089687471863600 ) ) ;
#1135 = CARTESIAN_POINT ( 'NONE',  ( 1.497173117415370200, 4.209999999999998200, -1.800533468862443500 ) ) ;
#1137 = VERTEX_POINT ( 'NONE', #2611 ) ;
#1136 = CARTESIAN_POINT ( 'NONE',  ( 0.4934299956658456700, 4.200000000000003700, -2.321707923024025200 ) ) ;
#1139 = CARTESIAN_POINT ( 'NONE',  ( 1.895573519063285600, 4.209999999999993700, -2.449490449423247000 ) ) ;
#1138 = CARTESIAN_POINT ( 'NONE',  ( 0.4823108639647321600, 4.209999999999995500, -2.683460943117593100 ) ) ;
#1140 = CARTESIAN_POINT ( 'NONE',  ( 0.2134886514728609500, 4.209999999999997300, -2.707021564320127600 ) ) ;
#1141 = ORIENTED_EDGE ( 'NONE', *, *, #3118, .F. ) ;
#1142 = VECTOR ( 'NONE', #2082, 1000.000000000000000 ) ;
#1143 = DIRECTION ( 'NONE',  ( 0.0000000000000000000, 0.0000000000000000000, 1.000000000000000000 ) ) ;
#1144 = CARTESIAN_POINT ( 'NONE',  ( 1.840278234394300700, 4.199999999999994800, -2.364351038734283000 ) ) ;
#1145 = ORIENTED_EDGE ( 'NONE', *, *, #3046, .T. ) ;
#1146 = CARTESIAN_POINT ( 'NONE',  ( -0.5553304972407597800, 4.199999999999999300, -2.284131739772440100 ) ) ;
#1147 = AXIS2_PLACEMENT_3D ( 'NONE', #2820, #7171, #3433 ) ;
#1148 = CARTESIAN_POINT ( 'NONE',  ( 0.3933127120807379300, 4.209999999999998200, -2.356783568085015500 ) ) ;
#1149 = VECTOR ( 'NONE', #4261, 1000.000000000000000 ) ;
#1150 = CARTESIAN_POINT ( 'NONE',  ( -0.5863252192061057000, 4.200000000000000200, -2.923403361784502300 ) ) ;
#1151 = B_SPLINE_CURVE_WITH_KNOTS ( 'NONE', 3,
 ( #1370, #5142, #2649, #7016, #3282, #7644, #3905, #153, #4535, #778, #5175, #1400, #5796, #2048, #6412, #2678, #7042, #3312, #7676 ),
 .UNSPECIFIED., .F., .F.,
 ( 4, 1, 1, 1, 1, 1, 1, 1, 1, 1, 1, 1, 1, 1, 1, 1, 4 ),
 ( 0.0000000000000000000, 0.06900190557697416500, 0.1353901803741401600, 0.1990763325822255700, 0.2604687213329854900, 0.3207506857716184700, 0.3802267984512318100, 0.4391696627835219900, 0.4979505958638846300, 0.5571194194312872900, 0.6165053180176609500, 0.6757003131283846300, 0.7363664626164160300, 0.7986700447063674900, 0.8631075722089837100, 0.9301281475716090000, 1.000000000000000000 ),
 .UNSPECIFIED. ) ;
#1152 = CARTESIAN_POINT ( 'NONE',  ( -0.2604746350388773000, 4.209999999999997300, -2.686669724441917800 ) ) ;
#1153 = DIRECTION ( 'NONE',  ( 0.0000000000000000000, 0.0000000000000000000, -1.000000000000000000 ) ) ;
#1154 = CARTESIAN_POINT ( 'NONE',  ( -0.3097489466112748300, 4.209999999999999100, -2.345520683985988300 ) ) ;
#1155 = CARTESIAN_POINT ( 'NONE',  ( -2.218115509163852000, 4.199999999999998400, -1.513695803261769300 ) ) ;
#1156 = CARTESIAN_POINT ( 'NONE',  ( -1.941563308821528900, 4.210000000000000900, -1.163775194498355400 ) ) ;
#1157 = ADVANCED_FACE ( 'NONE', ( #6887 ), #7431, .T. ) ;
#1158 = CARTESIAN_POINT ( 'NONE',  ( 0.8556268053534775700, 4.209999999999998200, -2.245249876385955600 ) ) ;
#1159 = CARTESIAN_POINT ( 'NONE',  ( 0.5265445000770133700, 4.209999999999995500, -2.832044155086281400 ) ) ;
#1160 = CARTESIAN_POINT ( 'NONE',  ( 1.584233315428260400, 4.199999999999999300, -1.762426956207142200 ) ) ;
#1162 = CARTESIAN_POINT ( 'NONE',  ( 1.994693006324582000, 4.199999999999994800, -2.392777882021430300 ) ) ;
#1161 = CARTESIAN_POINT ( 'NONE',  ( 0.5220944640221653100, 4.199999999999997500, -2.783165382711124900 ) ) ;
#1163 = CARTESIAN_POINT ( 'NONE',  ( 0.2023805502270108500, 4.209999999999999100, -2.353866212772964600 ) ) ;
#1164 = EDGE_CURVE ( 'NONE', #224, #3869, #6701, .T. ) ;
#1165 = CARTESIAN_POINT ( 'NONE',  ( 1.741224806309549700, 4.209999999999996400, -2.323662467779604900 ) ) ;
#1166 = EDGE_CURVE ( 'NONE', #900, #1859, #973, .T. ) ;
#1167 = CARTESIAN_POINT ( 'NONE',  ( 1.660827768944995500, 4.200000000000000200, -2.393329042041942400 ) ) ;
#1168 =( GEOMETRIC_REPRESENTATION_CONTEXT ( 3 ) GLOBAL_UNCERTAINTY_ASSIGNED_CONTEXT ( ( #2540 ) ) GLOBAL_UNIT_ASSIGNED_CONTEXT ( ( #2739, #3357, #7724 ) ) REPRESENTATION_CONTEXT ( 'NONE', 'WORKASPACE' ) );
#1169 = CARTESIAN_POINT ( 'NONE',  ( 0.4757471392446286900, 4.200000000000000200, -2.477970038984441000 ) ) ;
#1170 = CARTESIAN_POINT ( 'NONE',  ( 0.9105279611261807300, 4.209999999999996400, -2.747571537923311400 ) ) ;
#1171 = DIRECTION ( 'NONE',  ( 0.9260305523936079900, 0.0000000000000000000, -0.3774485607782726600 ) ) ;
#1172 = CARTESIAN_POINT ( 'NONE',  ( 0.1480627071316399900, 4.209999999999997300, -2.619020938290213000 ) ) ;
#1173 = CARTESIAN_POINT ( 'NONE',  ( 0.3574248842862415300, 4.199999999999998400, -2.538089522115306800 ) ) ;
#1174 = CARTESIAN_POINT ( 'NONE',  ( 1.985990749504155300, 4.200000000000000200, -2.183354800025993900 ) ) ;
#1175 = CARTESIAN_POINT ( 'NONE',  ( -0.2499286328252434400, 4.199999999999998400, -2.452815776659473800 ) ) ;
#1176 = EDGE_CURVE ( 'NONE', #1618, #1031, #7641, .T. ) ;
#1177 = DIRECTION ( 'NONE',  ( 0.5879499232729781300, 8.751469945511802100E-015, 0.8088973282953153500 ) ) ;
#1178 = CARTESIAN_POINT ( 'NONE',  ( 2.540955346252969300, 4.209999999999995500, -1.617847677446124100 ) ) ;
#1179 = ORIENTED_EDGE ( 'NONE', *, *, #4262, .F. ) ;
#1180 = CARTESIAN_POINT ( 'NONE',  ( -2.089702021258697900, 4.200000000000001100, -1.083650104641570700 ) ) ;
#1181 = DIRECTION ( 'NONE',  ( -0.5876927385867690700, -7.034407914149029200E-015, -0.8090842014354151500 ) ) ;
#1182 = CARTESIAN_POINT ( 'NONE',  ( 0.4966276559569877700, 4.199999999999994000, -2.936485354197223800 ) ) ;
#1183 = CARTESIAN_POINT ( 'NONE',  ( 1.698954572812348500, 4.210000000000001700, -1.788555629962682100 ) ) ;
#1184 = ORIENTED_EDGE ( 'NONE', *, *, #1482, .F. ) ;
#1186 = CARTESIAN_POINT ( 'NONE',  ( 0.0000000000000000000, 0.0000000000000000000, 0.0000000000000000000 ) ) ;
#1185 = CARTESIAN_POINT ( 'NONE',  ( -0.3235311245906768400, 4.199999999999997500, -2.912811350953728800 ) ) ;
#1187 = FACE_OUTER_BOUND ( 'NONE', #3286, .T. ) ;
#1188 = ORIENTED_EDGE ( 'NONE', *, *, #651, .F. ) ;
#1189 = CARTESIAN_POINT ( 'NONE',  ( 1.078761923710187100, 4.199999999999999300, -2.776383909970204600 ) ) ;
#1190 = DIRECTION ( 'NONE',  ( 0.8454352813958238000, 0.0000000000000000000, -0.5340778828702459300 ) ) ;
#1191 = ORIENTED_EDGE ( 'NONE', *, *, #864, .F. ) ;
#1192 = DIRECTION ( 'NONE',  ( 0.9259947745106934500, 0.0000000000000000000, -0.3775363261712572600 ) ) ;
#1193 = VECTOR ( 'NONE', #6621, 1000.000000000000000 ) ;
#1194 = CARTESIAN_POINT ( 'NONE',  ( 1.010039380886872800, 4.199999999999994000, -2.846188263248848700 ) ) ;
#1195 = EDGE_LOOP ( 'NONE', ( #3073, #8066, #1380, #681, #4778, #6780, #4472, #1269, #417, #4886, #1870, #2077, #3785, #5615, #7886, #6746, #5708, #3692 ) ) ;
#1196 = CARTESIAN_POINT ( 'NONE',  ( 0.0000000000000000000, 4.200000000000000200, 0.0000000000000000000 ) ) ;
#1197 = VERTEX_POINT ( 'NONE', #4572 ) ;
#1198 = DIRECTION ( 'NONE',  ( 0.2143475974429203100, 0.0000000000000000000, 0.9767574455669370000 ) ) ;
#1199 = PLANE ( 'NONE',  #4398 ) ;
#1200 = ORIENTED_EDGE ( 'NONE', *, *, #6634, .F. ) ;
#1201 = CARTESIAN_POINT ( 'NONE',  ( -0.1415925107626471700, 4.209999999999999100, -2.512979621358205400 ) ) ;
#1202 = FACE_OUTER_BOUND ( 'NONE', #4260, .T. ) ;
#1203 = CARTESIAN_POINT ( 'NONE',  ( 1.982513919965216900, 4.209999999999994600, -2.272319330972781200 ) ) ;
#1204 = CARTESIAN_POINT ( 'NONE',  ( -0.2604746350388773000, 4.209999999999997300, -2.686669724441917800 ) ) ;
#1205 = CARTESIAN_POINT ( 'NONE',  ( 5.510910596163089600E-016, 0.2999999999999999900, 2.700000000000000200 ) ) ;
#1206 = VERTEX_POINT ( 'NONE', #7153 ) ;
#1207 = CARTESIAN_POINT ( 'NONE',  ( 2.426298246816001900, 4.199999999999995700, -1.584381844701981100 ) ) ;
#1208 = VECTOR ( 'NONE', #6880, 1000.000000000000000 ) ;
#1209 = CARTESIAN_POINT ( 'NONE',  ( -2.384260044619016300, 4.199999999999996600, -1.254295199003394100 ) ) ;
#1210 = CARTESIAN_POINT ( 'NONE',  ( 0.4070927173604546000, 4.209999999999995500, -3.001564438429748600 ) ) ;
#1211 = CARTESIAN_POINT ( 'NONE',  ( 1.078761923710187100, 4.209999999999994600, -2.776383909970204600 ) ) ;
#1213 = CARTESIAN_POINT ( 'NONE',  ( 0.7659157057760153100, 4.209999999999999100, -2.429859748684235900 ) ) ;
#1212 = CARTESIAN_POINT ( 'NONE',  ( 2.126537274160847300, 4.210000000000000000, -0.8777655746379443600 ) ) ;
#1214 = SHAPE_DEFINITION_REPRESENTATION ( #5518, #3678 ) ;
#1215 = VERTEX_POINT ( 'NONE', #3419 ) ;
#1216 = AXIS2_PLACEMENT_3D ( 'NONE', #1132, #5514, #1752 ) ;
#1217 = CARTESIAN_POINT ( 'NONE',  ( 1.982513919965216900, 4.199999999999995700, -2.272319330972781200 ) ) ;
#1218 = CARTESIAN_POINT ( 'NONE',  ( 0.1924218775182969000, 4.199999999999993100, -3.040153188799064000 ) ) ;
#1219 = FACE_OUTER_BOUND ( 'NONE', #1386, .T. ) ;
#1220 = VECTOR ( 'NONE', #432, 999.9999999999998900 ) ;
#1221 = B_SPLINE_CURVE_WITH_KNOTS ( 'NONE', 3,
 ( #5153, #7024, #4545, #786, #5182, #1409, #5804, #2055, #6421, #2687, #7049, #3317, #7683, #3933, #187, #4573, #811, #5205, #1439 ),
 .UNSPECIFIED., .F., .F.,
 ( 4, 1, 1, 1, 1, 1, 1, 1, 1, 1, 1, 1, 1, 1, 1, 1, 4 ),
 ( 0.0000000000000000000, 0.06243310057069263000, 0.1222704025922797100, 0.1802360147849860500, 0.2375673414224113200, 0.2941022717509321200, 0.3508599021220126800, 0.4090113070562129100, 0.4683207489348550900, 0.5287055216660978600, 0.5892867762935480900, 0.6512849615214082500, 0.7150881534035799000, 0.7812960313420426200, 0.8504007796686767800, 0.9235688617937395400, 1.000000000000000000 ),
 .UNSPECIFIED. ) ;
#1222 = CARTESIAN_POINT ( 'NONE',  ( -1.783332442291067200, 4.210000000000000900, -1.397666761205070800 ) ) ;
#1223 = CARTESIAN_POINT ( 'NONE',  ( 1.140690715418764200, 4.209999999999992000, -2.887831468756306500 ) ) ;
#1224 = CARTESIAN_POINT ( 'NONE',  ( 1.359070730603530800, 4.210000000000000000, -1.840144577702218100 ) ) ;
#1225 = ORIENTED_EDGE ( 'NONE', *, *, #975, .T. ) ;
#1226 = CARTESIAN_POINT ( 'NONE',  ( -2.656335411912253100, 4.209999999999994600, -1.481702493014575200 ) ) ;
#1227 = CARTESIAN_POINT ( 'NONE',  ( 1.826376672326766900, 4.209999999999995500, -2.362993323950907300 ) ) ;
#1228 = DIRECTION ( 'NONE',  ( 0.0000000000000000000, 0.0000000000000000000, -1.000000000000000000 ) ) ;
#1229 = ORIENTED_EDGE ( 'NONE', *, *, #2015, .F. ) ;
#1230 = CARTESIAN_POINT ( 'NONE',  ( -0.1717256716834263100, 4.200000000000000200, -2.375696089221789100 ) ) ;
#1231 = CYLINDRICAL_SURFACE ( 'NONE', #5511, 0.8000000000000000400 ) ;
#1232 = CARTESIAN_POINT ( 'NONE',  ( 1.940945139533726900, 4.199999999999997500, -2.327174586340534600 ) ) ;
#1233 = CARTESIAN_POINT ( 'NONE',  ( 1.126225076529447900, 4.209999999999994600, -2.795894830616883400 ) ) ;
#1234 = CARTESIAN_POINT ( 'NONE',  ( 0.2057716478311971100, 4.209999999999994600, -2.722348569265349700 ) ) ;
#1235 = VERTEX_POINT ( 'NONE', #6473 ) ;
#1236 = CARTESIAN_POINT ( 'NONE',  ( -4.322904116447659800, 0.0000000000000000000, -1.249999999999950700 ) ) ;
#1237 = FACE_OUTER_BOUND ( 'NONE', #3935, .T. ) ;
#1238 = EDGE_CURVE ( 'NONE', #232, #6806, #5053, .T. ) ;
#1239 = CARTESIAN_POINT ( 'NONE',  ( -2.338261451623370400, 4.209999999999998200, -1.226199084226093000 ) ) ;
#1240 = CARTESIAN_POINT ( 'NONE',  ( 2.279764856874035400, 4.209999999999997300, -1.280774609801209200 ) ) ;
#1241 = CARTESIAN_POINT ( 'NONE',  ( 0.2476464107409852000, 4.210000000000000000, -2.550799262904556800 ) ) ;
#1243 = CARTESIAN_POINT ( 'NONE',  ( 0.2941510399638498400, 4.200000000000000200, -2.324392375472532600 ) ) ;
#1242 = CARTESIAN_POINT ( 'NONE',  ( 1.174930454918110100, 4.209999999999993700, -2.796729380356203900 ) ) ;
#1244 = VERTEX_POINT ( 'NONE', #4695 ) ;
#1245 = PLANE ( 'NONE',  #3718 ) ;
#1246 = CARTESIAN_POINT ( 'NONE',  ( -2.208133474957481000, 4.199999999999995700, -1.800068186532085100 ) ) ;
#1247 = AXIS2_PLACEMENT_3D ( 'NONE', #8017, #4282, #530 ) ;
#1248 = DIRECTION ( 'NONE',  ( 0.0000000000000000000, -0.0000000000000000000, -1.000000000000000000 ) ) ;
#1249 = CARTESIAN_POINT ( 'NONE',  ( 1.242459085142817900, 4.199999999999994800, -2.864466976540323500 ) ) ;
#1250 = CARTESIAN_POINT ( 'NONE',  ( 1.340925931556623800, 4.200000000000000200, -1.981821424929620000 ) ) ;
#1251 = CARTESIAN_POINT ( 'NONE',  ( -2.630194129284881400, 4.199999999999994000, -1.644404743454416000 ) ) ;
#1252 = CARTESIAN_POINT ( 'NONE',  ( 0.5231200652442107300, 4.199999999999996600, -2.870555712060845400 ) ) ;
#1253 = CARTESIAN_POINT ( 'NONE',  ( 1.706718004239859800, 4.210000000000000000, -1.542322083864804800 ) ) ;
#1254 = CARTESIAN_POINT ( 'NONE',  ( -0.5308243372252371400, 4.200000000000000200, -2.407184309635310700 ) ) ;
#1255 = CARTESIAN_POINT ( 'NONE',  ( -0.2595218978989785000, 4.209999999999999100, -2.269332866844381100 ) ) ;
#1256 = CARTESIAN_POINT ( 'NONE',  ( 1.057523586769559600, 4.199999999999995700, -2.761898292954595700 ) ) ;
#1257 = CARTESIAN_POINT ( 'NONE',  ( 1.090034478816831900, 4.210000000000000900, -2.182679587385054600 ) ) ;
#1258 = CARTESIAN_POINT ( 'NONE',  ( -2.205721033979192400, 4.199999999999996600, -1.181868311860895200 ) ) ;
#1259 = CARTESIAN_POINT ( 'NONE',  ( 0.3743620947948352900, 4.209999999999995500, -3.006076700402514000 ) ) ;
#1260 = CARTESIAN_POINT ( 'NONE',  ( 0.1323138648317495600, 4.199999999999996600, -2.639167171217108100 ) ) ;
#1262 = CARTESIAN_POINT ( 'NONE',  ( 0.4957789322647617200, 4.199999999999999300, -2.537866997762430600 ) ) ;
#1261 = CARTESIAN_POINT ( 'NONE',  ( 1.083990051750216300, 4.199999999999996600, -2.779307842317764600 ) ) ;
#1263 = ORIENTED_EDGE ( 'NONE', *, *, #3950, .F. ) ;
#1264 = DIRECTION ( 'NONE',  ( 0.5964097545692538200, -6.361541600679663000E-015, -0.8026801384453476900 ) ) ;
#1265 = EDGE_CURVE ( 'NONE', #3109, #845, #6187, .T. ) ;
#1266 = CARTESIAN_POINT ( 'NONE',  ( 0.2858612049991552900, 4.199999999999998400, -2.640147174140648400 ) ) ;
#1267 = CARTESIAN_POINT ( 'NONE',  ( -2.318400100455148700, 4.209999999999995500, -1.817302708965357900 ) ) ;
#1268 = EDGE_CURVE ( 'NONE', #6003, #6945, #3571, .T. ) ;
#1269 = ORIENTED_EDGE ( 'NONE', *, *, #5961, .T. ) ;
#1270 = CARTESIAN_POINT ( 'NONE',  ( -0.6062207696767254500, 4.209999999999996400, -2.726962939173305700 ) ) ;
#1271 = CARTESIAN_POINT ( 'NONE',  ( 1.779204487753701900, 4.209999999999999100, -1.911206682135147900 ) ) ;
#1272 = CARTESIAN_POINT ( 'NONE',  ( 1.940945139533726900, 4.200000000000000200, -2.327174586340534600 ) ) ;
#1273 = DIRECTION ( 'NONE',  ( 0.0000000000000000000, -1.000000000000000000, 0.0000000000000000000 ) ) ;
#1274 = ORIENTED_EDGE ( 'NONE', *, *, #4265, .F. ) ;
#1275 = ORIENTED_EDGE ( 'NONE', *, *, #2985, .F. ) ;
#1276 = CARTESIAN_POINT ( 'NONE',  ( 1.720592637596486800, 4.209999999999997300, -2.055295278884060400 ) ) ;
#1277 = CARTESIAN_POINT ( 'NONE',  ( 0.3910792990359905900, 4.200000000000000200, -3.004194789431663200 ) ) ;
#1278 = CARTESIAN_POINT ( 'NONE',  ( -0.3586526035282788800, 4.200000000000000200, -2.233981759504906100 ) ) ;
#1279 = ORIENTED_EDGE ( 'NONE', *, *, #4870, .F. ) ;
#1280 = CARTESIAN_POINT ( 'NONE',  ( 0.9231305073880740100, 4.209999999999998200, -2.552206825756055100 ) ) ;
#1281 = EDGE_CURVE ( 'NONE', #7247, #3157, #629, .T. ) ;
#1282 = CARTESIAN_POINT ( 'NONE',  ( -0.6898764959966857700, 4.209999999999996400, -2.560912086396484700 ) ) ;
#1283 = ORIENTED_EDGE ( 'NONE', *, *, #2596, .T. ) ;
#1284 = DIRECTION ( 'NONE',  ( -0.0000000000000000000, -1.000000000000000000, -0.0000000000000000000 ) ) ;
#1285 = LINE ( 'NONE', #4983, #7751 ) ;
#1286 = ORIENTED_EDGE ( 'NONE', *, *, #7455, .F. ) ;
#1287 = CARTESIAN_POINT ( 'NONE',  ( 0.2790125612965559900, 4.199999999999996600, -2.976749349826985500 ) ) ;
#1288 = CARTESIAN_POINT ( 'NONE',  ( 0.08555074711074367500, 4.209999999999996400, -2.817318093273550900 ) ) ;
#1290 = CARTESIAN_POINT ( 'NONE',  ( 1.260250580688668600, 4.199999999999995700, -2.489850495725279600 ) ) ;
#1289 = CARTESIAN_POINT ( 'NONE',  ( -2.175401867116365700, 4.200000000000002000, -1.899210080590620500 ) ) ;
#1291 = EDGE_LOOP ( 'NONE', ( #5830, #7458, #5003, #3893 ) ) ;
#1292 = ORIENTED_EDGE ( 'NONE', *, *, #3689, .F. ) ;
#1293 = CARTESIAN_POINT ( 'NONE',  ( 0.6061670438622910300, 4.209999999999998200, -2.572924011302303500 ) ) ;
#1294 = LINE ( 'NONE', #1751, #7761 ) ;
#1295 = VERTEX_POINT ( 'NONE', #1812 ) ;
#1296 = CARTESIAN_POINT ( 'NONE',  ( -1.499244902648217500, 4.209999999999994600, -2.633394569687073500 ) ) ;
#1297 = CARTESIAN_POINT ( 'NONE',  ( -2.457285967468243000, 4.199999999999995700, -1.745612028056417800 ) ) ;
#1298 = ORIENTED_EDGE ( 'NONE', *, *, #6052, .T. ) ;
#1299 = CLOSED_SHELL ( 'NONE', ( #5374, #3425, #4955, #7145 ) ) ;
#1300 = CARTESIAN_POINT ( 'NONE',  ( 1.784194049938866000, 4.199999999999995700, -2.350000209239476500 ) ) ;
#1301 = CIRCLE ( 'NONE', #6332, 0.6999999999999998400 ) ;
#1302 = CARTESIAN_POINT ( 'NONE',  ( 2.038249839498368600, 4.200000000000001100, -2.066658426804816300 ) ) ;
#1303 = CARTESIAN_POINT ( 'NONE',  ( -0.4436944154760389900, 4.210000000000000900, -2.232264700839500500 ) ) ;
#1304 = DIRECTION ( 'NONE',  ( -0.0000000000000000000, -1.000000000000000000, -0.0000000000000000000 ) ) ;
#1305 = CARTESIAN_POINT ( 'NONE',  ( 0.5360400538153617900, 4.199999999999999300, -2.377327568421859100 ) ) ;
#1306 = CARTESIAN_POINT ( 'NONE',  ( 1.339824476218010700, 4.200000000000000200, -1.909975364466975500 ) ) ;
#1307 = ORIENTED_EDGE ( 'NONE', *, *, #2455, .F. ) ;
#1308 = CARTESIAN_POINT ( 'NONE',  ( -0.4847381912827583000, 4.209999999999993700, -3.087655490735025800 ) ) ;
#1309 = CARTESIAN_POINT ( 'NONE',  ( 1.584233315428260400, 4.199999999999999300, -1.762426956207142200 ) ) ;
#1310 = VECTOR ( 'NONE', #194, 1000.000000000000200 ) ;
#1311 = CARTESIAN_POINT ( 'NONE',  ( 1.741992131201233900, 4.199999999999999300, -1.828422276825266700 ) ) ;
#1312 = CARTESIAN_POINT ( 'NONE',  ( -1.896465491276258900, 4.210000000000000000, -1.388351237793507700 ) ) ;
#1313 = VECTOR ( 'NONE', #5287, 1000.000000000000000 ) ;
#1314 = VERTEX_POINT ( 'NONE', #2200 ) ;
#1315 = EDGE_CURVE ( 'NONE', #7934, #6003, #4862, .T. ) ;
#1316 = CARTESIAN_POINT ( 'NONE',  ( 0.2026151413843951800, 4.209999999999996400, -2.870083178581642100 ) ) ;
#1317 = CARTESIAN_POINT ( 'NONE',  ( 0.9163623707734742700, 4.200000000000000200, -2.537058378317630100 ) ) ;
#1318 = CYLINDRICAL_SURFACE ( 'NONE', #3711, 0.7000000000000000700 ) ;
#1319 = CARTESIAN_POINT ( 'NONE',  ( 1.286126031513988600, 4.209999999999994600, -2.694841712900049000 ) ) ;
#1320 = EDGE_CURVE ( 'NONE', #900, #1429, #46, .T. ) ;
#1321 = AXIS2_PLACEMENT_3D ( 'NONE', #2425, #1171, #5566 ) ;
#1322 = CARTESIAN_POINT ( 'NONE',  ( 0.4431055265671121100, 4.210000000000000900, -2.280267778218965500 ) ) ;
#1323 = FACE_OUTER_BOUND ( 'NONE', #6177, .T. ) ;
#1324 = CARTESIAN_POINT ( 'NONE',  ( 0.1880183868763711000, 4.200000000000000200, -2.367526859509710300 ) ) ;
#1325 = CARTESIAN_POINT ( 'NONE',  ( 2.589126637423453400, 4.209999999999993700, -1.717991286281802300 ) ) ;
#1326 = ORIENTED_EDGE ( 'NONE', *, *, #6617, .F. ) ;
#1327 = CARTESIAN_POINT ( 'NONE',  ( -0.2685759434054255100, 4.200000000000000200, -2.734554289840205300 ) ) ;
#1328 = CARTESIAN_POINT ( 'NONE',  ( 2.398934904461640800, 4.199999999999996600, -1.578322171175226400 ) ) ;
#1329 = CARTESIAN_POINT ( 'NONE',  ( 1.784876453706974600, 4.200000000000000200, -1.717155431819657600 ) ) ;
#1330 = LINE ( 'NONE', #162, #7798 ) ;
#1331 = CARTESIAN_POINT ( 'NONE',  ( 1.385777326169350900, 4.199999999999998400, -2.555966441933375000 ) ) ;
#1332 = EDGE_CURVE ( 'NONE', #3641, #8028, #6505, .T. ) ;
#1333 = CARTESIAN_POINT ( 'NONE',  ( 1.279667554592470700, 4.199999999999996600, -2.713040073093073300 ) ) ;
#1334 = CARTESIAN_POINT ( 'NONE',  ( -0.5623015609063303200, 4.200000000000000200, -2.290093725874605500 ) ) ;
#1335 = CARTESIAN_POINT ( 'NONE',  ( 1.078761923710187100, 4.209999999999994600, -2.776383909970204600 ) ) ;
#1336 = CARTESIAN_POINT ( 'NONE',  ( 0.3019239391457745900, 4.200000000000000200, -2.239559977149358200 ) ) ;
#1337 = EDGE_LOOP ( 'NONE', ( #954, #4216, #1888, #1864 ) ) ;
#1338 = CARTESIAN_POINT ( 'NONE',  ( -0.3216064386218265300, 4.200000000000000200, -3.052745574003223900 ) ) ;
#1339 = LINE ( 'NONE', #7261, #6532 ) ;
#1340 = CARTESIAN_POINT ( 'NONE',  ( -2.656335411912253100, 4.199999999999995700, -1.481702493014575200 ) ) ;
#1341 = CARTESIAN_POINT ( 'NONE',  ( 5.510910596163089600E-016, -4.799999999999999800, 2.000000000000000000 ) ) ;
#1342 = EDGE_CURVE ( 'NONE', #221, #5029, #1507, .T. ) ;
#1343 = CARTESIAN_POINT ( 'NONE',  ( -2.361327338630545100, 4.209999999999998200, -1.239501228121634900 ) ) ;
#1345 = CARTESIAN_POINT ( 'NONE',  ( 1.223254946707049900, 4.199999999999994800, -2.778804703082507400 ) ) ;
#1344 = CARTESIAN_POINT ( 'NONE',  ( 0.4308187712791190500, 4.199999999999997500, -2.640871327723069300 ) ) ;
#1346 = CARTESIAN_POINT ( 'NONE',  ( 1.737631472834594300, 4.199999999999999300, -2.143593379634487000 ) ) ;
#1347 = DIRECTION ( 'NONE',  ( -0.0000000000000000000, 1.000000000000000000, -0.0000000000000000000 ) ) ;
#1348 = AXIS2_PLACEMENT_3D ( 'NONE', #283, #4678, #911 ) ;
#1349 = CARTESIAN_POINT ( 'NONE',  ( -0.3516753660364305100, 4.209999999999994600, -2.952554160469909500 ) ) ;
#1350 = CARTESIAN_POINT ( 'NONE',  ( 1.459245747184854100, 4.200000000000002000, -1.721109079123141600 ) ) ;
#1351 = CARTESIAN_POINT ( 'NONE',  ( 0.3974103937469851100, 4.199999999999994000, -3.089356213266245100 ) ) ;
#1352 = CARTESIAN_POINT ( 'NONE',  ( 1.976037535285252200, 4.199999999999997500, -2.019132559854564900 ) ) ;
#1353 = CARTESIAN_POINT ( 'NONE',  ( 0.1016933436184559300, 4.199999999999997500, -2.906179450254194200 ) ) ;
#1354 = CARTESIAN_POINT ( 'NONE',  ( 0.9565424187110681500, 4.209999999999995500, -2.622316961980341700 ) ) ;
#1355 = CARTESIAN_POINT ( 'NONE',  ( 1.601344344317587200, 4.210000000000000900, -1.761558281807087400 ) ) ;
#1356 = CARTESIAN_POINT ( 'NONE',  ( 1.804982021433628500, 4.199999999999997500, -1.734241473820658400 ) ) ;
#1357 = CARTESIAN_POINT ( 'NONE',  ( -0.1977546319268887200, 4.209999999999997300, -2.879011957080757100 ) ) ;
#1358 = CARTESIAN_POINT ( 'NONE',  ( 2.019456716277555000, 4.209999999999992000, -2.370157818508711300 ) ) ;
#1359 = CARTESIAN_POINT ( 'NONE',  ( 0.3574248842862415300, 4.209999999999997300, -2.538089522115306800 ) ) ;
#1360 = CARTESIAN_POINT ( 'NONE',  ( 1.664399591686628800, 4.199999999999998400, -2.090963431419984500 ) ) ;
#1361 = ADVANCED_FACE ( 'NONE', ( #7969 ), #4750, .T. ) ;
#1362 = B_SPLINE_CURVE_WITH_KNOTS ( 'NONE', 3,
 ( #5298, #1537, #5922, #2182, #6545, #2818, #7168, #3431, #7806, #4059, #306, #4704, #943, #5326, #1557 ),
 .UNSPECIFIED., .F., .F.,
 ( 4, 1, 1, 1, 1, 1, 1, 1, 1, 1, 1, 1, 4 ),
 ( 0.0000000000000000000, 0.1290914781786893800, 0.2543571031812084100, 0.3784341074524704700, 0.5031433338206181500, 0.5646216467617231100, 0.6245312198671171300, 0.6832883890965247800, 0.7420336420501517600, 0.8023740433297027500, 0.8650813300695197100, 0.9305844046142627300, 1.000000000000000000 ),
 .UNSPECIFIED. ) ;
#1363 = VERTEX_POINT ( 'NONE', #6832 ) ;
#1364 = CARTESIAN_POINT ( 'NONE',  ( -2.085427680909769600, 4.209999999999998200, -1.196052701272775300 ) ) ;
#1366 = CARTESIAN_POINT ( 'NONE',  ( 0.8333748456828270500, 4.209999999999996400, -2.612191621518419500 ) ) ;
#1365 = CARTESIAN_POINT ( 'NONE',  ( 1.475896635836138900, 4.200000000000000200, -2.036890051186979200 ) ) ;
#1367 = CARTESIAN_POINT ( 'NONE',  ( -0.5030545498715867100, 4.209999999999993700, -3.084883333538808600 ) ) ;
#1368 = CARTESIAN_POINT ( 'NONE',  ( 1.865230541143152700, 4.209999999999995500, -2.090491896733215800 ) ) ;
#1369 = VERTEX_POINT ( 'NONE', #2068 ) ;
#1370 = CARTESIAN_POINT ( 'NONE',  ( 0.2571943781377258300, 4.200000000000001100, -2.243096808470071300 ) ) ;
#1371 = ORIENTED_EDGE ( 'NONE', *, *, #4966, .F. ) ;
#1372 = CARTESIAN_POINT ( 'NONE',  ( -0.4482070661639147000, 4.199999999999998400, -3.003028824337105300 ) ) ;
#1373 = VECTOR ( 'NONE', #1913, 1000.000000000000000 ) ;
#1374 = CARTESIAN_POINT ( 'NONE',  ( 0.5086863173697235800, 4.199999999999997500, -2.603188601551983600 ) ) ;
#1375 = EDGE_LOOP ( 'NONE', ( #4777, #1956, #2574, #554 ) ) ;
#1376 = CARTESIAN_POINT ( 'NONE',  ( 0.5174364007778231600, 4.209999999999996400, -3.038373875509472000 ) ) ;
#1377 = CARTESIAN_POINT ( 'NONE',  ( 0.08910157167960332200, 4.200000000000000200, -2.846865742869600700 ) ) ;
#1378 = CARTESIAN_POINT ( 'NONE',  ( 0.2142540966870909700, 4.209999999999996400, -3.055317012983958900 ) ) ;
#1379 = DIRECTION ( 'NONE',  ( -0.8457619372230845700, 0.0000000000000000000, 0.5335604422599703500 ) ) ;
#1380 = ORIENTED_EDGE ( 'NONE', *, *, #8096, .T. ) ;
#1381 = CARTESIAN_POINT ( 'NONE',  ( 1.640119440424135900, 4.210000000000000000, -1.664824606644421200 ) ) ;
#1382 = VECTOR ( 'NONE', #5377, 1000.000000000000000 ) ;
#1383 = CARTESIAN_POINT ( 'NONE',  ( -0.1599160618041841100, 4.200000000000000200, -2.733273787864587000 ) ) ;
#1384 = DIRECTION ( 'NONE',  ( -0.0000000000000000000, -1.000000000000000000, -0.0000000000000000000 ) ) ;
#1385 = CARTESIAN_POINT ( 'NONE',  ( 1.727190893775862400, 4.209999999999995500, -2.311849191220454600 ) ) ;
#1386 = EDGE_LOOP ( 'NONE', ( #5226, #2809, #2389, #3721 ) ) ;
#1387 = EDGE_CURVE ( 'NONE', #4152, #4537, #3002, .T. ) ;
#1388 = CARTESIAN_POINT ( 'NONE',  ( 1.779204487753701900, 4.200000000000000200, -1.911206682135147900 ) ) ;
#1389 = ORIENTED_EDGE ( 'NONE', *, *, #7529, .T. ) ;
#1390 = CARTESIAN_POINT ( 'NONE',  ( -2.495222136314718700, 4.209999999999995500, -1.697905130528073900 ) ) ;
#1391 = EDGE_LOOP ( 'NONE', ( #1326, #6262, #610, #70 ) ) ;
#1392 = VECTOR ( 'NONE', #6165, 1000.000000000000000 ) ;
#1394 = CARTESIAN_POINT ( 'NONE',  ( 1.045747256502597600, 4.209999999999994600, -2.866199493214805400 ) ) ;
#1393 = CARTESIAN_POINT ( 'NONE',  ( -1.930943557959538000, 4.200000000000000200, -1.324836926556301600 ) ) ;
#1395 = PLANE ( 'NONE',  #8009 ) ;
#1396 = CARTESIAN_POINT ( 'NONE',  ( -2.066834705234872300, 4.210000000000000900, -1.204015753151062200 ) ) ;
#1397 = EDGE_LOOP ( 'NONE', ( #1513, #4231, #1454, #6032 ) ) ;
#1398 = CARTESIAN_POINT ( 'NONE',  ( 1.947847350674763800, 4.199999999999999300, -2.125234623322314500 ) ) ;
#1399 = CARTESIAN_POINT ( 'NONE',  ( 1.385777326169350900, 4.209999999999997300, -2.555966441933375000 ) ) ;
#1400 = CARTESIAN_POINT ( 'NONE',  ( 0.08177536789187395100, 4.200000000000000200, -2.353635164231154600 ) ) ;
#1401 = LINE ( 'NONE', #1253, #4551 ) ;
#1402 = DIRECTION ( 'NONE',  ( 0.0000000000000000000, -1.000000000000000000, 0.0000000000000000000 ) ) ;
#1403 = CARTESIAN_POINT ( 'NONE',  ( -0.2452894895878495700, 4.199999999999999300, -2.552443857421314200 ) ) ;
#1404 = ORIENTED_EDGE ( 'NONE', *, *, #1482, .T. ) ;
#1405 = CARTESIAN_POINT ( 'NONE',  ( 0.5947358223775151000, 4.199999999999995700, -2.946409931954713000 ) ) ;
#1406 = VECTOR ( 'NONE', #6019, 1000.000000000000100 ) ;
#1407 = CARTESIAN_POINT ( 'NONE',  ( -2.135578763054032200, 4.199999999999998400, -1.458885405592517100 ) ) ;
#1408 = CARTESIAN_POINT ( 'NONE',  ( 0.3634308325258258600, 4.199999999999994000, -3.093650808694523100 ) ) ;
#1409 = CARTESIAN_POINT ( 'NONE',  ( 0.4008806332097998300, 4.209999999999997300, -2.629240389679573700 ) ) ;
#1410 = CARTESIAN_POINT ( 'NONE',  ( -2.420664715009985800, 4.200000000000000200, -1.279960874199482600 ) ) ;
#1411 = CARTESIAN_POINT ( 'NONE',  ( 1.483513695602602500, 4.200000000000000200, -1.705127366988446600 ) ) ;
#1412 = FACE_OUTER_BOUND ( 'NONE', #2212, .T. ) ;
#1413 = CARTESIAN_POINT ( 'NONE',  ( 0.8973174201687469400, 4.209999999999997300, -2.492686316244220100 ) ) ;
#1414 = CARTESIAN_POINT ( 'NONE',  ( -1.378930517360572800, 4.210000000000000000, -1.806518127862378800 ) ) ;
#1415 = CARTESIAN_POINT ( 'NONE',  ( 0.09562184269871375200, 4.210000000000000000, 2.457585878761416000 ) ) ;
#1416 = DIRECTION ( 'NONE',  ( -0.0000000000000000000, 1.000000000000000000, -0.0000000000000000000 ) ) ;
#1417 = ORIENTED_EDGE ( 'NONE', *, *, #5544, .F. ) ;
#1418 = CIRCLE ( 'NONE', #5095, 0.2999999999999999300 ) ;
#1419 = CARTESIAN_POINT ( 'NONE',  ( -2.507670778965174700, 4.209999999999996400, -1.375064959134618900 ) ) ;
#1420 = EDGE_CURVE ( 'NONE', #2395, #6074, #4756, .T. ) ;
#1421 = CARTESIAN_POINT ( 'NONE',  ( -2.489259113350298600, 4.209999999999994600, -1.706456492818381000 ) ) ;
#1423 = DIRECTION ( 'NONE',  ( 0.0000000000000000000, -1.000000000000000000, 0.0000000000000000000 ) ) ;
#1422 = CARTESIAN_POINT ( 'NONE',  ( -0.09700205866847379200, 4.210000000000000000, 2.457585878761416000 ) ) ;
#1424 = EDGE_CURVE ( 'NONE', #6003, #3563, #4661, .T. ) ;
#1425 = ORIENTED_EDGE ( 'NONE', *, *, #4074, .T. ) ;
#1426 = CARTESIAN_POINT ( 'NONE',  ( -1.930943557959538000, 4.199999999999997500, -1.324836926556301600 ) ) ;
#1427 = CC_DESIGN_APPROVAL ( #1014, ( #7880 ) ) ;
#1428 = CARTESIAN_POINT ( 'NONE',  ( -0.09700205866847379200, 4.200000000000000200, 3.549121319842145200 ) ) ;
#1429 = VERTEX_POINT ( 'NONE', #7749 ) ;
#1430 = LINE ( 'NONE', #2076, #2932 ) ;
#1431 = DIRECTION ( 'NONE',  ( -0.0000000000000000000, -1.000000000000000000, -0.0000000000000000000 ) ) ;
#1432 = CARTESIAN_POINT ( 'NONE',  ( 3.588523373199619600, 0.2999999999999999900, -1.250000000000012200 ) ) ;
#1433 = CARTESIAN_POINT ( 'NONE',  ( 0.3758352871773774600, 4.209999999999999100, -2.345598722936525600 ) ) ;
#1434 = DIRECTION ( 'NONE',  ( 3.471962430397089600E-014, -0.0000000000000000000, 1.000000000000000000 ) ) ;
#1435 = CARTESIAN_POINT ( 'NONE',  ( 0.6294418458895092400, 4.209999999999994600, -2.783219554155652400 ) ) ;
#1436 = EDGE_CURVE ( 'NONE', #2417, #1618, #3296, .T. ) ;
#1437 = CARTESIAN_POINT ( 'NONE',  ( 0.4159974811301924700, 4.199999999999999300, -2.553188554774432600 ) ) ;
#1438 = CARTESIAN_POINT ( 'NONE',  ( 1.701910532524554000, 4.209999999999996400, -2.422376913210638100 ) ) ;
#1439 = CARTESIAN_POINT ( 'NONE',  ( 0.5231969994938883200, 4.209999999999996400, -2.790259080370737400 ) ) ;
#1440 = PLANE ( 'NONE',  #2893 ) ;
#1441 = CARTESIAN_POINT ( 'NONE',  ( 0.8473486846334245000, 4.199999999999997500, -2.287951455266920200 ) ) ;
#1442 = CARTESIAN_POINT ( 'NONE',  ( -0.1514472676996570200, 4.210000000000000000, -2.438741230074618300 ) ) ;
#1443 = CARTESIAN_POINT ( 'NONE',  ( -2.530041378552208000, 4.199999999999995700, -1.635962487016283900 ) ) ;
#1444 = CARTESIAN_POINT ( 'NONE',  ( 1.842808839773822500, 4.209999999999996400, -2.008214112436697900 ) ) ;
#1445 = CARTESIAN_POINT ( 'NONE',  ( -0.2555161760609502800, 4.209999999999998200, -2.427496250171652800 ) ) ;
#1446 = CARTESIAN_POINT ( 'NONE',  ( 1.667028782908281500, 4.209999999999999100, -1.667261830691615800 ) ) ;
#1447 = CARTESIAN_POINT ( 'NONE',  ( 0.4368086997883392500, 4.209999999999995500, -2.990513286378844200 ) ) ;
#1448 = CARTESIAN_POINT ( 'NONE',  ( -0.3734658293060768600, 4.209999999999992900, -3.078750326130455800 ) ) ;
#1449 = CARTESIAN_POINT ( 'NONE',  ( 1.444712019654241800, 4.200000000000000200, -1.964366554590186300 ) ) ;
#1450 = CARTESIAN_POINT ( 'NONE',  ( 1.225109932574491400, 4.209999999999997300, -2.402813738606782500 ) ) ;
#1451 = AXIS2_PLACEMENT_3D ( 'NONE', #5876, #2138, #1486 ) ;
#1452 = CARTESIAN_POINT ( 'NONE',  ( 0.0000000000000000000, 0.2999999999999999900, -4.500000000000000000 ) ) ;
#1453 = DIRECTION ( 'NONE',  ( 0.0000000000000000000, -0.0000000000000000000, 1.000000000000000000 ) ) ;
#1454 = ORIENTED_EDGE ( 'NONE', *, *, #7786, .T. ) ;
#1455 = CARTESIAN_POINT ( 'NONE',  ( -0.6994144877383444700, 4.200000000000000200, -2.616206984745584200 ) ) ;
#1456 = CARTESIAN_POINT ( 'NONE',  ( 1.976113820105298600, 4.209999999999993700, -2.408247351968822800 ) ) ;
#1457 = CARTESIAN_POINT ( 'NONE',  ( -0.7012152766673412900, 4.209999999999997300, -2.628231411068077300 ) ) ;
#1458 = CARTESIAN_POINT ( 'NONE',  ( 1.441325451736631200, 4.210000000000000000, -1.887600340273682300 ) ) ;
#1459 = CARTESIAN_POINT ( 'NONE',  ( 1.436359753967463700, 4.200000000000000200, -1.740016643991944400 ) ) ;
#1460 = B_SPLINE_CURVE_WITH_KNOTS ( 'NONE', 3,
 ( #2479, #1835, #3724, #8094, #4354, #600, #4996, #1234, #5620, #1857, #6240, #2507, #6851, #3130, #7501, #3750, #8114, #4381, #630 ),
 .UNSPECIFIED., .F., .F.,
 ( 4, 1, 1, 1, 1, 1, 1, 1, 1, 1, 1, 1, 1, 1, 1, 1, 4 ),
 ( 0.0000000000000000000, 0.07112473019510344400, 0.1389303106823050200, 0.2044975387198541300, 0.2680295764597179800, 0.3304856442116228000, 0.3924643337460564900, 0.4541134535558584700, 0.5165847615578016400, 0.5786647410820431300, 0.6393049890153267300, 0.6980960124288573300, 0.7570390469942351900, 0.8160111453779026500, 0.8757912940871970300, 0.9369100290002264600, 1.000000000000000000 ),
 .UNSPECIFIED. ) ;
#1461 = ORIENTED_EDGE ( 'NONE', *, *, #3379, .T. ) ;
#1462 = CARTESIAN_POINT ( 'NONE',  ( 0.9035111960402730800, 4.209999999999998200, -2.171224213151349900 ) ) ;
#1463 = CARTESIAN_POINT ( 'NONE',  ( -0.3155419829163184600, 4.210000000000000000, -2.243855908561630300 ) ) ;
#1464 = ORIENTED_EDGE ( 'NONE', *, *, #7836, .T. ) ;
#1465 = CARTESIAN_POINT ( 'NONE',  ( -0.4237519128475037400, 4.209999999999998200, -2.319364657588614400 ) ) ;
#1466 = ORIENTED_EDGE ( 'NONE', *, *, #3577, .F. ) ;
#1467 = CARTESIAN_POINT ( 'NONE',  ( -2.541111415532761400, 4.209999999999995500, -1.441373557734842500 ) ) ;
#1468 = EDGE_CURVE ( 'NONE', #3980, #7366, #6117, .T. ) ;
#1469 = AXIS2_PLACEMENT_3D ( 'NONE', #6258, #2532, #6884 ) ;
#1470 = CARTESIAN_POINT ( 'NONE',  ( 1.855980885104555200, 4.209999999999999100, -1.800973875501175500 ) ) ;
#1471 = ORIENTED_EDGE ( 'NONE', *, *, #7209, .T. ) ;
#1472 = CARTESIAN_POINT ( 'NONE',  ( 0.3576965038489530700, 4.199999999999995700, -3.005703657758022700 ) ) ;
#1473 = CARTESIAN_POINT ( 'NONE',  ( 0.5231969994938883200, 4.200000000000002000, -2.790259080370737400 ) ) ;
#1474 = CLOSED_SHELL ( 'NONE', ( #422, #2742, #220, #2781 ) ) ;
#1475 = CARTESIAN_POINT ( 'NONE',  ( -0.1713183369728513400, 4.209999999999997300, -2.788525706216186300 ) ) ;
#1476 = CARTESIAN_POINT ( 'NONE',  ( 1.449868819188254100, 4.209999999999999100, -1.861088955321136100 ) ) ;
#1477 = LINE ( 'NONE', #577, #4633 ) ;
#1478 = ORIENTED_EDGE ( 'NONE', *, *, #5385, .T. ) ;
#1479 = APPLICATION_PROTOCOL_DEFINITION ( 'international standard', 'config_control_design', 1994, #5254 ) ;
#1480 = CARTESIAN_POINT ( 'NONE',  ( -2.648225550698934900, 4.209999999999992900, -1.428250854585507000 ) ) ;
#1481 = ADVANCED_FACE ( 'NONE', ( #7586 ), #2601, .T. ) ;
#1482 = EDGE_CURVE ( 'NONE', #2293, #7250, #4252, .T. ) ;
#1483 = ORIENTED_EDGE ( 'NONE', *, *, #584, .T. ) ;
#1484 = DIRECTION ( 'NONE',  ( -0.0000000000000000000, 1.000000000000000000, -0.0000000000000000000 ) ) ;
#1485 = ORIENTED_EDGE ( 'NONE', *, *, #4108, .F. ) ;
#1486 = DIRECTION ( 'NONE',  ( 0.0000000000000000000, 0.0000000000000000000, 1.000000000000000000 ) ) ;
#1487 = PERSON ( 'UNSPECIFIED', 'UNSPECIFIED', 'UNSPECIFIED', ('UNSPECIFIED'), ('UNSPECIFIED'), ('UNSPECIFIED') ) ;
#1488 = CARTESIAN_POINT ( 'NONE',  ( 0.7917627899558309400, 4.200000000000001100, -2.159610325819457900 ) ) ;
#1489 = LINE ( 'NONE', #7228, #3169 ) ;
#1490 = VERTEX_POINT ( 'NONE', #310 ) ;
#1491 = CARTESIAN_POINT ( 'NONE',  ( -1.250000000000000000, 0.2999999999999999900, 5.000000000000000000 ) ) ;
#1492 = CARTESIAN_POINT ( 'NONE',  ( 0.5330021683716847900, 4.209999999999995500, -3.025837936763669000 ) ) ;
#1493 = CARTESIAN_POINT ( 'NONE',  ( -0.7028684703315160000, 4.209999999999995500, -2.882204337656113500 ) ) ;
#1494 = CARTESIAN_POINT ( 'NONE',  ( -0.5464578285252442700, 4.200000000000000200, 2.907041648618186700 ) ) ;
#1495 = ORIENTED_EDGE ( 'NONE', *, *, #5807, .F. ) ;
#1496 = EDGE_LOOP ( 'NONE', ( #2759, #3554, #7994, #1471 ) ) ;
#1497 = CARTESIAN_POINT ( 'NONE',  ( 5.510910596163089600E-016, -0.2999999999999999900, 2.700000000000000200 ) ) ;
#1498 = CARTESIAN_POINT ( 'NONE',  ( -0.5873019970581451200, 4.200000000000000200, -2.315042083438457500 ) ) ;
#1499 = EDGE_CURVE ( 'NONE', #7609, #1968, #1822, .T. ) ;
#1500 = VECTOR ( 'NONE', #3594, 1000.000000000000100 ) ;
#1501 = PLANE ( 'NONE',  #4788 ) ;
#1502 = CARTESIAN_POINT ( 'NONE',  ( -2.566489718457482600, 4.209999999999992900, -1.762350909860939800 ) ) ;
#1503 = LOCAL_TIME ( 13, 6, 2.000000000000000000, #3182 ) ;
#1504 = VERTEX_POINT ( 'NONE', #7203 ) ;
#1505 = CARTESIAN_POINT ( 'NONE',  ( 1.317732615225249100, 4.199999999999997500, -2.349330068250662600 ) ) ;
#1506 = CARTESIAN_POINT ( 'NONE',  ( -0.3722306006873093400, 4.209999999999999100, -2.318246333087360200 ) ) ;
#1507 = CIRCLE ( 'NONE', #4388, 3.799999999999999400 ) ;
#1508 = CARTESIAN_POINT ( 'NONE',  ( 0.1970540628868958900, 4.199999999999995700, -2.849871787982585700 ) ) ;
#1509 = CARTESIAN_POINT ( 'NONE',  ( -0.1570811512874617500, 4.200000000000000200, -2.416597590053182600 ) ) ;
#1510 = CARTESIAN_POINT ( 'NONE',  ( 0.1016933436184559300, 4.209999999999996400, -2.906179450254194200 ) ) ;
#1511 = CARTESIAN_POINT ( 'NONE',  ( 1.492592078644308100, 4.200000000000000200, -1.804344594242983200 ) ) ;
#1512 = LINE ( 'NONE', #3801, #7974 ) ;
#1513 = ORIENTED_EDGE ( 'NONE', *, *, #2970, .F. ) ;
#1514 = SECURITY_CLASSIFICATION_LEVEL ( 'unclassified' ) ;
#1515 = CARTESIAN_POINT ( 'NONE',  ( -2.575031150993469800, 4.209999999999993700, -1.750165043712550200 ) ) ;
#1516 = FACE_OUTER_BOUND ( 'NONE', #7607, .T. ) ;
#1517 = CARTESIAN_POINT ( 'NONE',  ( -2.520908810025362700, 4.209999999999995500, -1.395900633547488600 ) ) ;
#1518 = CARTESIAN_POINT ( 'NONE',  ( -2.426097218394769800, 4.209999999999993700, -1.891741731272873300 ) ) ;
#1519 = VECTOR ( 'NONE', #7533, 1000.000000000000000 ) ;
#1520 = CARTESIAN_POINT ( 'NONE',  ( -1.843448621417450800, 4.210000000000000900, -1.274499461255108200 ) ) ;
#1521 = CARTESIAN_POINT ( 'NONE',  ( -0.7136543142623671400, 4.199999999999999300, -2.779900429219539900 ) ) ;
#1522 = CARTESIAN_POINT ( 'NONE',  ( 0.6287342270439412200, 4.209999999999996400, -2.752265827234176200 ) ) ;
#1523 = DIRECTION ( 'NONE',  ( 0.0000000000000000000, -1.000000000000000000, 0.0000000000000000000 ) ) ;
#1524 = VERTEX_POINT ( 'NONE', #1419 ) ;
#1525 = CARTESIAN_POINT ( 'NONE',  ( 1.765728392367491100, 4.199999999999994800, -2.450110153699787100 ) ) ;
#1526 = CARTESIAN_POINT ( 'NONE',  ( -1.762331358563246700, 4.209999999999999100, -1.489079307485136100 ) ) ;
#1527 = CARTESIAN_POINT ( 'NONE',  ( -0.6961612102979631800, 4.209999999999996400, -2.597346657515314600 ) ) ;
#1528 = FACE_OUTER_BOUND ( 'NONE', #2898, .T. ) ;
#1529 = CARTESIAN_POINT ( 'NONE',  ( 1.737631472834594500, 4.209999999999997300, -2.143593379634487500 ) ) ;
#1530 = ADVANCED_FACE ( 'NONE', ( #2802 ), #5818, .T. ) ;
#1531 = CARTESIAN_POINT ( 'NONE',  ( 1.809172183513438400, 4.199999999999994800, -2.458095780709626400 ) ) ;
#1532 = CARTESIAN_POINT ( 'NONE',  ( -2.426097218394769800, 4.199999999999995700, -1.891741731272873300 ) ) ;
#1533 = ORIENTED_EDGE ( 'NONE', *, *, #1436, .F. ) ;
#1534 = CARTESIAN_POINT ( 'NONE',  ( 1.215832827870355400, 4.209999999999999100, -2.172094284526394400 ) ) ;
#1535 = EDGE_CURVE ( 'NONE', #2489, #615, #5923, .T. ) ;
#1536 = CYLINDRICAL_SURFACE ( 'NONE', #7227, 3.800000000000000300 ) ;
#1537 = CARTESIAN_POINT ( 'NONE',  ( 1.746017272602772500, 4.209999999999997300, -2.136880008110285400 ) ) ;
#1538 = CARTESIAN_POINT ( 'NONE',  ( 1.247326453353614100, 4.200000000000000200, -2.215968341310160700 ) ) ;
#1539 = B_SPLINE_SURFACE_WITH_KNOTS ( 'NONE', 3, 1, ( 
 ( #6430, #7691 ),
 ( #1502, #5887 ),
 ( #2151, #6515 ),
 ( #2784, #7136 ),
 ( #3404, #7775 ),
 ( #4024, #280 ),
 ( #4674, #905 ),
 ( #5296, #1532 ),
 ( #5919, #2178 ),
 ( #6543, #2814 ),
 ( #7163, #3427 ),
 ( #7802, #4055 ),
 ( #303, #4700 ),
 ( #940, #5321 ),
 ( #1555, #5948 ),
 ( #2211, #6562 ),
 ( #2840, #7195 ),
 ( #3455, #7823 ),
 ( #4086, #330 ) ),
 .UNSPECIFIED., .F., .F., .F.,
 ( 4, 1, 1, 1, 1, 1, 1, 1, 1, 1, 1, 1, 1, 1, 1, 1, 4 ),
 ( 2, 2 ),
 ( 0.0000000000000000000, 0.09568540698673762300, 0.1877839358068813500, 0.2764190188752765900, 0.3625983164093154500, 0.4045652530541014600, 0.4453724796559169800, 0.4848900224346198700, 0.5235945459873191400, 0.5612674148071582500, 0.5984988589817978900, 0.6350198624567731100, 0.6714330127941243700, 0.7456789357917291700, 0.8249145092954272000, 0.9089753627987340300, 1.000000000000000000 ),
 ( 0.0000000000000000000, 1.000000000000000000 ),
 .UNSPECIFIED. ) ;
#1540 = CARTESIAN_POINT ( 'NONE',  ( -0.3365841289178756500, 4.200000000000000200, -2.237804659639480500 ) ) ;
#1541 = CARTESIAN_POINT ( 'NONE',  ( 0.3634308325258258600, 4.209999999999992900, -3.093650808694523100 ) ) ;
#1542 = CARTESIAN_POINT ( 'NONE',  ( 0.1704806111814186100, 4.200000000000002000, -2.268785271756915000 ) ) ;
#1543 = DIRECTION ( 'NONE',  ( 0.0000000000000000000, -1.000000000000000000, 0.0000000000000000000 ) ) ;
#1544 = CARTESIAN_POINT ( 'NONE',  ( -0.5781956464681749000, 4.209999999999994600, -2.939130205676086000 ) ) ;
#1545 = CARTESIAN_POINT ( 'NONE',  ( -1.813715250942901100, 4.209999999999994600, -2.405091899273423800 ) ) ;
#1546 = CARTESIAN_POINT ( 'NONE',  ( -2.116245714285963000, 4.210000000000000000, -1.077115017741433700 ) ) ;
#1547 = EDGE_CURVE ( 'NONE', #7468, #6109, #375, .T. ) ;
#1548 = CARTESIAN_POINT ( 'NONE',  ( -0.6822695713457231900, 4.209999999999994600, -2.945084988755100900 ) ) ;
#1549 = CARTESIAN_POINT ( 'NONE',  ( 0.9098287569007044200, 4.209999999999997300, -2.521835974944513800 ) ) ;
#1550 = CARTESIAN_POINT ( 'NONE',  ( -0.09700205866847379200, 4.210000000000000000, 2.907041648618186700 ) ) ;
#1551 = CARTESIAN_POINT ( 'NONE',  ( -1.843448621417450800, 4.200000000000001100, -1.274499461255108200 ) ) ;
#1552 = CARTESIAN_POINT ( 'NONE',  ( -0.7117016224159487000, 4.199999999999997500, -2.719117268608434800 ) ) ;
#1553 = CARTESIAN_POINT ( 'NONE',  ( 2.506466043461177000, 4.199999999999997500, -1.577182454784257000 ) ) ;
#1554 = PLANE ( 'NONE',  #6926 ) ;
#1555 = CARTESIAN_POINT ( 'NONE',  ( -2.290352365542626300, 4.209999999999994600, -1.923791415737055500 ) ) ;
#1556 = CARTESIAN_POINT ( 'NONE',  ( 1.114849146519806900, 4.199999999999999300, -2.083231607179781600 ) ) ;
#1557 = CARTESIAN_POINT ( 'NONE',  ( 1.959231978191368700, 4.209999999999995500, -2.137853399825620800 ) ) ;
#1558 = CARTESIAN_POINT ( 'NONE',  ( 1.021354705168356000, 4.200000000000000200, -2.052856073082506100 ) ) ;
#1559 = CARTESIAN_POINT ( 'NONE',  ( -0.5940300266086063800, 4.199999999999998400, -2.633152358252708300 ) ) ;
#1560 = CARTESIAN_POINT ( 'NONE',  ( -0.4956350745858894600, 4.200000000000000200, -3.086270276403083800 ) ) ;
#1561 = CARTESIAN_POINT ( 'NONE',  ( 0.07250759194638660400, 4.209999999999998200, -2.372340977622621400 ) ) ;
#1562 = CARTESIAN_POINT ( 'NONE',  ( -2.342690841851883900, 4.199999999999995700, -1.920660476298821300 ) ) ;
#1563 = ORIENTED_EDGE ( 'NONE', *, *, #1911, .T. ) ;
#1564 = ADVANCED_FACE ( 'NONE', ( #4060 ), #7118, .F. ) ;
#1565 = EDGE_LOOP ( 'NONE', ( #1694, #5848, #4313, #5131, #99 ) ) ;
#1566 = CARTESIAN_POINT ( 'NONE',  ( 1.858968863085549900, 4.209999999999996400, -1.982479734673588500 ) ) ;
#1567 = CARTESIAN_POINT ( 'NONE',  ( 0.09093212589731045100, 4.199999999999997500, -2.733849075702857500 ) ) ;
#1568 = ORIENTED_EDGE ( 'NONE', *, *, #4001, .T. ) ;
#1569 = CARTESIAN_POINT ( 'NONE',  ( -2.442060331937774300, 4.209999999999997300, -1.154635558515877800 ) ) ;
#1570 = CARTESIAN_POINT ( 'NONE',  ( -0.6105564458609116200, 4.199999999999997500, -3.039786153915769800 ) ) ;
#1571 = B_SPLINE_SURFACE_WITH_KNOTS ( 'NONE', 3, 1, ( 
 ( #4902, #6734 ),
 ( #1135, #5520 ),
 ( #1754, #6150 ),
 ( #2411, #6757 ),
 ( #3042, #7400 ),
 ( #3651, #8020 ),
 ( #4288, #535 ),
 ( #4927, #1160 ),
 ( #5552, #1787 ),
 ( #6171, #2437 ),
 ( #6793, #3063 ),
 ( #7428, #3681 ),
 ( #8053, #4307 ),
 ( #561, #4958 ),
 ( #1183, #5577 ),
 ( #1814, #6192 ),
 ( #2459, #6818 ),
 ( #3090, #7449 ),
 ( #3708, #8074 ) ),
 .UNSPECIFIED., .F., .F., .F.,
 ( 4, 1, 1, 1, 1, 1, 1, 1, 1, 1, 1, 1, 1, 1, 1, 1, 4 ),
 ( 2, 2 ),
 ( 0.0000000000000000000, 0.06497542322893538900, 0.1276511889293115700, 0.1894793835663158600, 0.2501516919801498000, 0.3105546049495692700, 0.3713122360612085600, 0.4332117631929879900, 0.4971693249820829900, 0.5610818726458688400, 0.6230774137124703800, 0.6844008290761213200, 0.7450984307931563000, 0.8068117001492367500, 0.8694262111773362100, 0.9335934213547151300, 1.000000000000000000 ),
 ( 0.0000000000000000000, 1.000000000000000000 ),
 .UNSPECIFIED. ) ;
#1572 = DIRECTION ( 'NONE',  ( 0.0000000000000000000, -1.000000000000000000, 0.0000000000000000000 ) ) ;
#1573 = ORIENTED_EDGE ( 'NONE', *, *, #6516, .F. ) ;
#1574 = FACE_OUTER_BOUND ( 'NONE', #6323, .T. ) ;
#1575 = CARTESIAN_POINT ( 'NONE',  ( 0.7797289950885016900, 4.209999999999999100, -2.477438924375130500 ) ) ;
#1576 = ADVANCED_FACE ( 'NONE', ( #928 ), #2038, .T. ) ;
#1577 = CARTESIAN_POINT ( 'NONE',  ( -0.6391631161590233300, 4.199999999999996600, -3.013066007302076500 ) ) ;
#1578 = EDGE_LOOP ( 'NONE', ( #7068, #6529, #6468, #6011 ) ) ;
#1579 = EDGE_CURVE ( 'NONE', #5074, #203, #7181, .T. ) ;
#1580 = CARTESIAN_POINT ( 'NONE',  ( -1.867230042759281800, 4.209999999999999100, -1.578496286359052400 ) ) ;
#1581 = CARTESIAN_POINT ( 'NONE',  ( 1.344119715977943200, 4.210000000000001700, -1.886066005499868800 ) ) ;
#1582 = CARTESIAN_POINT ( 'NONE',  ( 1.250000000000000000, 0.2999999999999999900, 3.588523373199622700 ) ) ;
#1583 = EDGE_CURVE ( 'NONE', #6370, #298, #723, .T. ) ;
#1584 = ORIENTED_EDGE ( 'NONE', *, *, #5270, .F. ) ;
#1585 = AXIS2_PLACEMENT_3D ( 'NONE', #2071, #7702, #3954 ) ;
#1586 = CARTESIAN_POINT ( 'NONE',  ( 0.9815849715508653300, 4.210000000000000900, -2.053229645298460000 ) ) ;
#1587 = VECTOR ( 'NONE', #5971, 1000.000000000000000 ) ;
#1588 = CARTESIAN_POINT ( 'NONE',  ( -0.09700205866847379200, 4.210000000000000000, 2.907041648618186700 ) ) ;
#1589 = ORIENTED_EDGE ( 'NONE', *, *, #639, .F. ) ;
#1590 = CARTESIAN_POINT ( 'NONE',  ( 1.037575055419512200, 4.199999999999995700, -2.742490215010299000 ) ) ;
#1591 = B_SPLINE_SURFACE_WITH_KNOTS ( 'NONE', 3, 1, ( 
 ( #7479, #3728 ),
 ( #8099, #4358 ),
 ( #608, #5000 ),
 ( #1241, #5625 ),
 ( #1863, #6243 ),
 ( #2513, #6858 ),
 ( #3134, #7507 ),
 ( #3757, #5 ),
 ( #4385, #635 ),
 ( #5026, #1260 ),
 ( #5655, #1894 ),
 ( #6266, #2538 ),
 ( #6893, #3161 ),
 ( #7532, #3789 ),
 ( #39, #4411 ),
 ( #666, #5058 ),
 ( #1288, #5674 ),
 ( #1928, #6296 ),
 ( #2557, #6922 ) ),
 .UNSPECIFIED., .F., .F., .F.,
 ( 4, 1, 1, 1, 1, 1, 1, 1, 1, 1, 1, 1, 1, 1, 1, 1, 4 ),
 ( 2, 2 ),
 ( 0.0000000000000000000, 0.06168161246580999800, 0.1212104701624424500, 0.1800481171731447800, 0.2378669408911875700, 0.2956377030086456100, 0.3539926892929226000, 0.4138810282916968700, 0.4759218590439695500, 0.5386320203745023100, 0.6005818831132019300, 0.6627325123343432700, 0.7260969653921507400, 0.7905871957084469300, 0.8575377940488762000, 0.9274093633917608300, 1.000000000000000000 ),
 ( 0.0000000000000000000, 1.000000000000000000 ),
 .UNSPECIFIED. ) ;
#1592 = CARTESIAN_POINT ( 'NONE',  ( -0.5432752654758672400, 4.209999999999997300, -2.433930682993194600 ) ) ;
#1593 = CARTESIAN_POINT ( 'NONE',  ( -0.2766199926909256300, 4.199999999999997500, -3.013535604553509600 ) ) ;
#1594 = EDGE_LOOP ( 'NONE', ( #4048, #6966, #1093, #7740 ) ) ;
#1595 = CARTESIAN_POINT ( 'NONE',  ( 0.05313446967642478100, 4.200000000000000200, -2.482887202093008400 ) ) ;
#1596 = ORIENTED_EDGE ( 'NONE', *, *, #1844, .F. ) ;
#1597 = CARTESIAN_POINT ( 'NONE',  ( -1.736067221215207400E-014, 4.210000000000016800, -2.390575938702607400E-014 ) ) ;
#1598 = CARTESIAN_POINT ( 'NONE',  ( 2.279764856874035400, 4.209999999999997300, -1.280774609801209200 ) ) ;
#1599 = VECTOR ( 'NONE', #6708, 1000.000000000000000 ) ;
#1600 = EDGE_CURVE ( 'NONE', #8028, #3266, #5729, .T. ) ;
#1601 = CARTESIAN_POINT ( 'NONE',  ( 1.880650290264976200, 4.199999999999997500, -1.883689531343057500 ) ) ;
#1602 = CARTESIAN_POINT ( 'NONE',  ( 1.271829098541183800, 4.209999999999993700, -2.850794914460073900 ) ) ;
#1603 = ORIENTED_EDGE ( 'NONE', *, *, #2700, .T. ) ;
#1604 = CARTESIAN_POINT ( 'NONE',  ( 0.8270983852397585400, 4.200000000000000200, -2.120203078237551600 ) ) ;
#1605 = FACE_OUTER_BOUND ( 'NONE', #4668, .T. ) ;
#1606 = CARTESIAN_POINT ( 'NONE',  ( -0.4956350745858894600, 4.209999999999993700, -3.086270276403083800 ) ) ;
#1607 = CARTESIAN_POINT ( 'NONE',  ( -1.924525911353947900, 4.209999999999998200, -1.335054418781308000 ) ) ;
#1608 = CARTESIAN_POINT ( 'NONE',  ( 0.9662440602222082100, 4.200000000000000200, -2.143958059313379600 ) ) ;
#1609 = EDGE_LOOP ( 'NONE', ( #3501, #6979, #3017, #1461 ) ) ;
#1610 = CARTESIAN_POINT ( 'NONE',  ( 0.9333450869807556900, 4.209999999999999100, -2.153950345585571300 ) ) ;
#1611 = PLANE ( 'NONE',  #7275 ) ;
#1612 = ADVANCED_FACE ( 'NONE', ( #3865, #2409, #532, #6987, #5341, #3667, #2007, #334, #6790, #5143, #3475 ), #4138, .T. ) ;
#1613 = VECTOR ( 'NONE', #250, 1000.000000000000000 ) ;
#1614 = FACE_OUTER_BOUND ( 'NONE', #529, .T. ) ;
#1615 = CARTESIAN_POINT ( 'NONE',  ( 1.863879928793032800, 4.199999999999997500, -1.817164801019570700 ) ) ;
#1616 = CARTESIAN_POINT ( 'NONE',  ( 1.741992131201233900, 4.209999999999998200, -1.828422276825266700 ) ) ;
#1617 = CARTESIAN_POINT ( 'NONE',  ( -0.4563432408061183800, 4.199999999999998400, -2.331897801319301700 ) ) ;
#1618 = VERTEX_POINT ( 'NONE', #6025 ) ;
#1619 = CARTESIAN_POINT ( 'NONE',  ( 0.0000000000000000000, 0.0000000000000000000, 0.0000000000000000000 ) ) ;
#1620 = ADVANCED_FACE ( 'NONE', ( #1799 ), #7470, .T. ) ;
#1621 = CARTESIAN_POINT ( 'NONE',  ( 1.291483439222412400, 4.209999999999993700, -2.674883004097628400 ) ) ;
#1622 = LINE ( 'NONE', #4483, #3106 ) ;
#1623 = CARTESIAN_POINT ( 'NONE',  ( 0.9176879461719396100, 4.200000000000000200, -2.161478857918630100 ) ) ;
#1624 = CARTESIAN_POINT ( 'NONE',  ( 1.835567830079184700, 4.209999999999998200, -1.769230418177292400 ) ) ;
#1626 = ORIENTED_EDGE ( 'NONE', *, *, #4774, .T. ) ;
#1625 = CARTESIAN_POINT ( 'NONE',  ( 1.380816466648671100, 4.199999999999995700, -2.715230116254558000 ) ) ;
#1627 = CARTESIAN_POINT ( 'NONE',  ( -2.095575389629934700, 4.209999999999993700, -2.322850321391662900 ) ) ;
#1628 = ORIENTED_EDGE ( 'NONE', *, *, #5216, .F. ) ;
#1629 = VECTOR ( 'NONE', #3333, 1000.000000000000000 ) ;
#1630 = CARTESIAN_POINT ( 'NONE',  ( -2.435940456615546700, 4.199999999999995700, -1.765696984524636900 ) ) ;
#1631 = B_SPLINE_SURFACE_WITH_KNOTS ( 'NONE', 3, 1, ( 
 ( #1862, #2512 ),
 ( #634, #5025 ),
 ( #1259, #5654 ),
 ( #1893, #6265 ),
 ( #2537, #6892 ),
 ( #3160, #7531 ),
 ( #3788, #38 ),
 ( #4410, #665 ),
 ( #5057, #1287 ),
 ( #5673, #1927 ),
 ( #6295, #2556 ),
 ( #6921, #3195 ),
 ( #7558, #3812 ),
 ( #67, #4446 ),
 ( #687, #5081 ),
 ( #1316, #5705 ),
 ( #1949, #6326 ),
 ( #2592, #6948 ),
 ( #3221, #7591 ) ),
 .UNSPECIFIED., .F., .F., .F.,
 ( 4, 1, 1, 1, 1, 1, 1, 1, 1, 1, 1, 1, 1, 1, 1, 1, 4 ),
 ( 2, 2 ),
 ( 0.0000000000000000000, 0.05748859542922270200, 0.1139535731809579600, 0.1695360677592698300, 0.2254912000167908800, 0.2821753910347522000, 0.3404515381667214100, 0.4006431535748403200, 0.4633039413270502200, 0.5276953743498353800, 0.5913907199053136700, 0.6550360536107963100, 0.7199304510739745800, 0.7864722671177127900, 0.8550335905429717900, 0.9256682181797465400, 1.000000000000000000 ),
 ( 0.0000000000000000000, 1.000000000000000000 ),
 .UNSPECIFIED. ) ;
#1632 = EDGE_LOOP ( 'NONE', ( #5370, #4962, #8046, #5680 ) ) ;
#1633 = CARTESIAN_POINT ( 'NONE',  ( -1.865969175642557400, 4.200000000000000200, -1.523720952614585600 ) ) ;
#1634 = CARTESIAN_POINT ( 'NONE',  ( 1.090034478816831900, 4.210000000000000900, -2.182679587385054600 ) ) ;
#1635 = DIRECTION ( 'NONE',  ( -0.9807539606072638300, 0.0000000000000000000, 0.1952477112622981700 ) ) ;
#1636 = CARTESIAN_POINT ( 'NONE',  ( 0.0000000000000000000, 4.150000000000001200, -4.450000000000000200 ) ) ;
#1637 = ORIENTED_EDGE ( 'NONE', *, *, #3962, .T. ) ;
#1638 = CARTESIAN_POINT ( 'NONE',  ( -2.095575389629934700, 4.209999999999993700, -2.322850321391662900 ) ) ;
#1639 = CARTESIAN_POINT ( 'NONE',  ( 1.779204487753701900, 4.199999999999999300, -1.911206682135147900 ) ) ;
#1640 = B_SPLINE_SURFACE_WITH_KNOTS ( 'NONE', 3, 1, ( 
 ( #6648, #387 ),
 ( #2933, #7277 ),
 ( #3535, #7909 ),
 ( #4169, #414 ),
 ( #4809, #1046 ),
 ( #5432, #1662 ),
 ( #6055, #2323 ),
 ( #6674, #2952 ),
 ( #7310, #3196 ),
 ( #5585, #1828 ),
 ( #6208, #2471 ),
 ( #6826, #3103 ),
 ( #7465, #3716 ),
 ( #8087, #4345 ),
 ( #591, #4990 ),
 ( #1226, #5610 ),
 ( #1849, #6233 ),
 ( #2498, #6845 ),
 ( #3124, #7493 ),
 ( #3741, #8107 ),
 ( #4371, #621 ),
 ( #5011, #1251 ),
 ( #5640, #1876 ),
 ( #6252, #2526 ),
 ( #6876, #3147 ),
 ( #7521, #3772 ),
 ( #22, #4395 ) ),
 .UNSPECIFIED., .F., .F., .F.,
 ( 4, 1, 1, 1, 1, 1, 1, 1, 1, 1, 1, 1, 1, 1, 1, 1, 1, 1, 1, 1, 1, 1, 1, 1, 4 ),
 ( 2, 2 ),
 ( 0.0000000000000000000, 0.04439156533774257800, 0.08794563570322767900, 0.1313461449661497400, 0.1741781752117689000, 0.2165838773768436800, 0.2592526042745203500, 0.3018390867447045500, 0.3446661344111126000, 0.3868780064512076800, 0.4281329332105053800, 0.4684187797199475000, 0.5079892078195656900, 0.5470696959633562000, 0.5862125408234073500, 0.6253740733367331200, 0.6649098172339993300, 0.7048483359981352300, 0.7448448251408744700, 0.7853435102845980300, 0.8264585354835731800, 0.8683630706220265600, 0.9112207164106502800, 0.9549905388397596000, 1.000000000000000000 ),
 ( 0.0000000000000000000, 1.000000000000000000 ),
 .UNSPECIFIED. ) ;
#1641 = DIRECTION ( 'NONE',  ( -0.0000000000000000000, -1.000000000000000000, -0.0000000000000000000 ) ) ;
#1642 = CARTESIAN_POINT ( 'NONE',  ( -2.292892148657759600, 4.199999999999997500, -1.204826611100043400 ) ) ;
#1643 = ADVANCED_FACE ( 'NONE', ( #1605 ), #7484, .T. ) ;
#1644 = CARTESIAN_POINT ( 'NONE',  ( -0.2883537042981401100, 4.209999999999998200, -2.819362681112897100 ) ) ;
#1645 = DIRECTION ( 'NONE',  ( 0.0000000000000000000, 1.000000000000000000, 0.0000000000000000000 ) ) ;
#1646 = CARTESIAN_POINT ( 'NONE',  ( 1.376243486821002900, 4.209999999999996400, -2.509687881630499700 ) ) ;
#1647 = CARTESIAN_POINT ( 'NONE',  ( -2.253985344054321200, 4.209999999999997300, -1.076907053850495500 ) ) ;
#1648 = CARTESIAN_POINT ( 'NONE',  ( -0.6898764959966857700, 4.199999999999997500, -2.560912086396484700 ) ) ;
#1649 = EDGE_CURVE ( 'NONE', #4350, #7545, #8062, .T. ) ;
#1650 = CARTESIAN_POINT ( 'NONE',  ( 0.7588846822388059000, 4.200000000000000200, -2.232261721480155900 ) ) ;
#1651 = B_SPLINE_SURFACE_WITH_KNOTS ( 'NONE', 3, 1, ( 
 ( #2053, #3909 ),
 ( #2685, #7047 ),
 ( #3316, #7682 ),
 ( #3931, #185 ),
 ( #4571, #809 ),
 ( #5203, #1437 ),
 ( #5833, #2079 ),
 ( #6445, #2717 ),
 ( #7075, #3336 ),
 ( #7706, #3964 ),
 ( #210, #4598 ) ),
 .UNSPECIFIED., .F., .F., .F.,
 ( 4, 1, 1, 1, 1, 1, 1, 1, 4 ),
 ( 2, 2 ),
 ( 0.0000000000000000000, 0.1210361031366553600, 0.2422968937564218000, 0.3648867866571352000, 0.4911084250457063400, 0.6187410767108642000, 0.7447852278079991600, 0.8711216964940932100, 0.9999999999999998900 ),
 ( 0.0000000000000000000, 1.000000000000000000 ),
 .UNSPECIFIED. ) ;
#1652 = CARTESIAN_POINT ( 'NONE',  ( 2.003018246034371500, 4.199999999999994800, -2.385173308581033600 ) ) ;
#1653 = CARTESIAN_POINT ( 'NONE',  ( 1.205486191807512200, 4.200000000000000200, -2.358805714924534100 ) ) ;
#1654 = CARTESIAN_POINT ( 'NONE',  ( 2.032127026086540100, 4.199999999999996600, -2.060191793921345700 ) ) ;
#1655 = CARTESIAN_POINT ( 'NONE',  ( -0.5553304972407597800, 4.209999999999998200, -2.284131739772440100 ) ) ;
#1656 = CARTESIAN_POINT ( 'NONE',  ( -1.899177390217265500, 4.200000000000000200, -1.203557174963745500 ) ) ;
#1657 = CARTESIAN_POINT ( 'NONE',  ( 0.9756688664547047400, 4.199999999999994000, -2.820016210077667600 ) ) ;
#1658 = CARTESIAN_POINT ( 'NONE',  ( -0.5446593415769629400, 4.199999999999995700, -2.976408895965286600 ) ) ;
#1659 = ORIENTED_EDGE ( 'NONE', *, *, #1315, .T. ) ;
#1660 = AXIS2_PLACEMENT_3D ( 'NONE', #6030, #6651, #2937 ) ;
#1661 = CARTESIAN_POINT ( 'NONE',  ( 0.2647632745444181700, 4.200000000000004600, -2.242143752795064500 ) ) ;
#1662 = CARTESIAN_POINT ( 'NONE',  ( -2.534405372932892600, 4.199999999999999300, -1.230971928689889900 ) ) ;
#1663 = CARTESIAN_POINT ( 'NONE',  ( 1.754492221579219600, 4.209999999999996400, -2.017808203212123600 ) ) ;
#1664 = DIRECTION ( 'NONE',  ( -0.5335604422599704600, 0.0000000000000000000, -0.8457619372230844600 ) ) ;
#1665 = ORIENTED_EDGE ( 'NONE', *, *, #5677, .T. ) ;
#1666 = B_SPLINE_CURVE_WITH_KNOTS ( 'NONE', 3,
 ( #7102, #7727, #241, #4627, #863, #5261, #1488, #5877, #2141, #6504, #2769 ),
 .UNSPECIFIED., .F., .F.,
 ( 4, 1, 1, 1, 1, 1, 1, 1, 4 ),
 ( 0.0000000000000000000, 0.1362514136476641600, 0.2658982168219436400, 0.3908775039273820200, 0.5128811376833684000, 0.6328489854411092400, 0.7523631320196774200, 0.8741664723777103900, 1.000000000000000000 ),
 .UNSPECIFIED. ) ;
#1667 = CARTESIAN_POINT ( 'NONE',  ( 1.959231978191368700, 4.209999999999995500, -2.137853399825620800 ) ) ;
#1668 = ORIENTED_EDGE ( 'NONE', *, *, #7567, .F. ) ;
#1669 = CARTESIAN_POINT ( 'NONE',  ( -2.014316520873357300, 4.200000000000000200, -1.235568365047247300 ) ) ;
#1670 = CARTESIAN_POINT ( 'NONE',  ( -0.4773479953974298400, 4.209999999999994600, -3.001965789160256000 ) ) ;
#1671 = CARTESIAN_POINT ( 'NONE',  ( 1.735865040427619200, 4.199999999999997500, -2.145278907479333700 ) ) ;
#1672 = ORIENTED_EDGE ( 'NONE', *, *, #6765, .F. ) ;
#1673 = CARTESIAN_POINT ( 'NONE',  ( 1.326613182256100000, 4.199999999999998400, -2.369671038751919300 ) ) ;
#1674 = CARTESIAN_POINT ( 'NONE',  ( -2.416424289829526300, 4.200000000000000200, -1.137999044871052200 ) ) ;
#1675 = LINE ( 'NONE', #6119, #18 ) ;
#1676 = ORIENTED_EDGE ( 'NONE', *, *, #5785, .T. ) ;
#1677 = DIRECTION ( 'NONE',  ( 0.0000000000000000000, -1.000000000000000000, 0.0000000000000000000 ) ) ;
#1678 = B_SPLINE_SURFACE_WITH_KNOTS ( 'NONE', 3, 1, ( 
 ( #5180, #6472 ),
 ( #2745, #7103 ),
 ( #3364, #7730 ),
 ( #3991, #243 ),
 ( #4628, #865 ) ),
 .UNSPECIFIED., .F., .F., .F.,
 ( 4, 1, 4 ),
 ( 2, 2 ),
 ( 0.0000000000000000000, 0.4165703817114461700, 1.000000000000000000 ),
 ( 0.0000000000000000000, 1.000000000000000000 ),
 .UNSPECIFIED. ) ;
#1679 = CARTESIAN_POINT ( 'NONE',  ( 2.089519394293826200, 4.209999999999995500, -2.198164154506651700 ) ) ;
#1680 = ORIENTED_EDGE ( 'NONE', *, *, #2741, .F. ) ;
#1681 = ORIENTED_EDGE ( 'NONE', *, *, #2340, .F. ) ;
#1682 = CARTESIAN_POINT ( 'NONE',  ( 1.322644482888268000, 4.209999999999998200, -2.360343360303732000 ) ) ;
#1683 = CARTESIAN_POINT ( 'NONE',  ( 1.868150780299669300, 4.209999999999997300, -2.005954084931922800 ) ) ;
#1684 = CARTESIAN_POINT ( 'NONE',  ( -0.3722306006873093400, 4.209999999999999100, -2.318246333087360200 ) ) ;
#1685 = LINE ( 'NONE', #2424, #6487 ) ;
#1686 = EDGE_CURVE ( 'NONE', #6753, #2877, #7040, .T. ) ;
#1687 = CARTESIAN_POINT ( 'NONE',  ( -2.226069817773723700, 4.199999999999998400, -1.072867154894333600 ) ) ;
#1688 = ORIENTED_EDGE ( 'NONE', *, *, #2544, .T. ) ;
#1689 = ADVANCED_FACE ( 'NONE', ( #138, #3283 ), #4273, .T. ) ;
#1690 = CARTESIAN_POINT ( 'NONE',  ( 1.221882174738482300, 4.199999999999994000, -2.872873682434756900 ) ) ;
#1691 = EDGE_CURVE ( 'NONE', #3093, #900, #3087, .T. ) ;
#1692 = ORIENTED_EDGE ( 'NONE', *, *, #4814, .T. ) ;
#1693 = DIRECTION ( 'NONE',  ( 0.0000000000000000000, 0.0000000000000000000, -1.000000000000000000 ) ) ;
#1694 = ORIENTED_EDGE ( 'NONE', *, *, #6947, .T. ) ;
#1695 = VECTOR ( 'NONE', #7672, 1000.000000000000000 ) ;
#1696 = CARTESIAN_POINT ( 'NONE',  ( -1.106524693554710800, 4.199999999999999300, -2.296698760607089400 ) ) ;
#1697 = DIRECTION ( 'NONE',  ( 0.8090842014354149300, 0.0000000000000000000, -0.5876927385867694000 ) ) ;
#1698 = CALENDAR_DATE ( 2016, 28, 11 ) ;
#1699 = ORIENTED_EDGE ( 'NONE', *, *, #170, .T. ) ;
#1700 = CARTESIAN_POINT ( 'NONE',  ( 1.976894331356900500, 4.209999999999994600, -2.284327776610798100 ) ) ;
#1701 = CARTESIAN_POINT ( 'NONE',  ( 1.680954519081338600, 4.199999999999996600, -2.408973720803548000 ) ) ;
#1702 = EDGE_CURVE ( 'NONE', #3459, #2417, #5592, .T. ) ;
#1703 = VECTOR ( 'NONE', #5575, 1000.000000000000000 ) ;
#1704 = CARTESIAN_POINT ( 'NONE',  ( -1.723958536067447200, 4.199999999999995700, -2.470274388587610400 ) ) ;
#1705 = CARTESIAN_POINT ( 'NONE',  ( 1.994693006324582000, 4.200000000000000200, -2.392777882021430300 ) ) ;
#1706 = CARTESIAN_POINT ( 'NONE',  ( 0.6166404537526509700, 4.200000000000002000, -2.634720325901212900 ) ) ;
#1707 = CARTESIAN_POINT ( 'NONE',  ( 1.658058842546889600, 4.209999999999997300, -2.094199112105698200 ) ) ;
#1708 = FACE_OUTER_BOUND ( 'NONE', #6583, .T. ) ;
#1709 = DIRECTION ( 'NONE',  ( 0.0000000000000000000, 0.0000000000000000000, 1.000000000000000000 ) ) ;
#1710 = CARTESIAN_POINT ( 'NONE',  ( 0.4842990251839068300, 4.199999999999996600, -3.059717753088380600 ) ) ;
#1711 = CARTESIAN_POINT ( 'NONE',  ( 2.038249839498368600, 4.199999999999997500, -2.066658426804816300 ) ) ;
#1712 = LINE ( 'NONE', #7080, #3197 ) ;
#1713 = CARTESIAN_POINT ( 'NONE',  ( 1.132503530778125300, 4.209999999999999100, -2.094079581337680500 ) ) ;
#1714 = FACE_OUTER_BOUND ( 'NONE', #157, .T. ) ;
#1715 = CARTESIAN_POINT ( 'NONE',  ( 0.06516506707457056500, 4.209999999999998200, -2.392245384453228800 ) ) ;
#1716 = CARTESIAN_POINT ( 'NONE',  ( -2.541686999534642900, 4.199999999999995700, -1.605292200549184100 ) ) ;
#1717 = CARTESIAN_POINT ( 'NONE',  ( -0.5895684956970883600, 4.209999999999993700, -2.915788700259440300 ) ) ;
#1718 = CARTESIAN_POINT ( 'NONE',  ( 2.532528946950007000, 4.199999999999994800, -1.608386302385318200 ) ) ;
#1719 = ORIENTED_EDGE ( 'NONE', *, *, #494, .T. ) ;
#1720 = B_SPLINE_CURVE_WITH_KNOTS ( 'NONE', 3,
 ( #2432, #1781, #3057, #7423, #3675, #8047, #4304, #555, #4953, #1178, #5574 ),
 .UNSPECIFIED., .F., .F.,
 ( 4, 1, 1, 1, 1, 1, 1, 1, 4 ),
 ( 0.0000000000000000000, 0.1502416863489467200, 0.2932441302384928300, 0.4288197962993665100, 0.5580831118918365700, 0.6790332632111932800, 0.7934741198663458600, 0.8998559695680260500, 1.000000000000000000 ),
 .UNSPECIFIED. ) ;
#1721 = DIRECTION ( 'NONE',  ( -1.000000000000000000, 0.0000000000000000000, 0.0000000000000000000 ) ) ;
#1722 = CARTESIAN_POINT ( 'NONE',  ( 0.1552090306687686200, 4.209999999999999100, -2.444940817754241500 ) ) ;
#1723 = LINE ( 'NONE', #762, #7990 ) ;
#1724 = CARTESIAN_POINT ( 'NONE',  ( 0.2057716478311971100, 4.199999999999995700, -2.722348569265349700 ) ) ;
#1725 = CARTESIAN_POINT ( 'NONE',  ( 1.017834422254338100, 4.200000000000000200, -2.146148837073387700 ) ) ;
#1726 = CARTESIAN_POINT ( 'NONE',  ( 0.2790125612965559900, 4.209999999999995500, -2.976749349826985500 ) ) ;
#1727 = EDGE_LOOP ( 'NONE', ( #6189, #1803, #3260, #7728 ) ) ;
#1728 = CARTESIAN_POINT ( 'NONE',  ( -1.783332442291067200, 4.200000000000001100, -1.397666761205070800 ) ) ;
#1729 = CARTESIAN_POINT ( 'NONE',  ( -2.384260044619015900, 4.199999999999999300, -1.254295199003393900 ) ) ;
#1730 = FACE_OUTER_BOUND ( 'NONE', #340, .T. ) ;
#1731 = ADVANCED_FACE ( 'NONE', ( #6400 ), #4972, .T. ) ;
#1732 = CARTESIAN_POINT ( 'NONE',  ( 0.0000000000000000000, 0.2999999999999999900, 0.0000000000000000000 ) ) ;
#1733 = CARTESIAN_POINT ( 'NONE',  ( 2.038249839498368600, 4.200000000000001100, -2.066658426804816300 ) ) ;
#1734 = CARTESIAN_POINT ( 'NONE',  ( 0.5602068275814121600, 4.209999999999996400, -2.422677421420460900 ) ) ;
#1735 = CARTESIAN_POINT ( 'NONE',  ( 0.4008806332097998300, 4.199999999999997500, -2.629240389679573700 ) ) ;
#1736 = CARTESIAN_POINT ( 'NONE',  ( 0.1914274470461439200, 4.199999999999996600, -2.809417804086987000 ) ) ;
#1737 = CARTESIAN_POINT ( 'NONE',  ( 0.6263867046960163200, 4.199999999999995700, -2.838798576007998300 ) ) ;
#1738 = EDGE_CURVE ( 'NONE', #3268, #3093, #4137, .T. ) ;
#1739 = CARTESIAN_POINT ( 'NONE',  ( 1.905632910533489500, 4.209999999999994600, -2.350924308036748600 ) ) ;
#1740 = EDGE_CURVE ( 'NONE', #298, #5991, #7868, .T. ) ;
#1741 = CARTESIAN_POINT ( 'NONE',  ( 0.8993953931495561900, 4.210000000000000000, -2.075994053156168000 ) ) ;
#1742 = CARTESIAN_POINT ( 'NONE',  ( 0.2792683664727948500, 4.200000000000002000, -2.325956144733836200 ) ) ;
#1743 = DIRECTION ( 'NONE',  ( -0.5879499232729773500, -8.751469945511757900E-015, -0.8088973282953158000 ) ) ;
#1744 = CARTESIAN_POINT ( 'NONE',  ( -0.6062207696767254500, 4.199999999999997500, -2.726962939173305700 ) ) ;
#1745 = CARTESIAN_POINT ( 'NONE',  ( 0.3344991161668204900, 4.209999999999997300, -2.626347018976710000 ) ) ;
#1746 = CARTESIAN_POINT ( 'NONE',  ( 1.455630867645619300, 4.200000000000000200, -1.848478858942518100 ) ) ;
#1747 = CARTESIAN_POINT ( 'NONE',  ( 0.1880183868763711000, 4.200000000000000200, -2.367526859509710300 ) ) ;
#1748 = CARTESIAN_POINT ( 'NONE',  ( -0.3586526035282788800, 4.200000000000000200, -2.233981759504906100 ) ) ;
#1749 = EDGE_CURVE ( 'NONE', #204, #6124, #1401, .T. ) ;
#1750 = CARTESIAN_POINT ( 'NONE',  ( -2.442060331937774300, 4.209999999999997300, -1.154635558515877800 ) ) ;
#1751 = CARTESIAN_POINT ( 'NONE',  ( -2.495222136314718200, 4.209999999999994600, -1.697905130528073700 ) ) ;
#1752 = DIRECTION ( 'NONE',  ( 0.0000000000000000000, 0.0000000000000000000, -1.000000000000000000 ) ) ;
#1753 = CARTESIAN_POINT ( 'NONE',  ( 1.935248292390568300, 4.199999999999995700, -2.114647495338611200 ) ) ;
#1754 = CARTESIAN_POINT ( 'NONE',  ( 1.506173059494961800, 4.209999999999998200, -1.793046104228119600 ) ) ;
#1755 = CARTESIAN_POINT ( 'NONE',  ( 0.4774788462680303900, 4.200000000000003700, -2.306371203429515400 ) ) ;
#1757 = CARTESIAN_POINT ( 'NONE',  ( 1.916308319419175000, 4.209999999999993700, -2.442169997875879500 ) ) ;
#1756 = CARTESIAN_POINT ( 'NONE',  ( 0.4922539572794318300, 4.209999999999996400, -2.697910858414956700 ) ) ;
#1758 = CARTESIAN_POINT ( 'NONE',  ( 0.2230777396909978400, 4.209999999999998200, -2.692799660724953800 ) ) ;
#1759 = EDGE_CURVE ( 'NONE', #3464, #750, #4760, .T. ) ;
#1760 = CARTESIAN_POINT ( 'NONE',  ( 0.1524248239939171300, 4.209999999999998200, -2.477962266183080700 ) ) ;
#1761 = B_SPLINE_SURFACE_WITH_KNOTS ( 'NONE', 3, 1, ( 
 ( #4845, #1076 ),
 ( #7940, #1706 ),
 ( #6087, #2358 ),
 ( #6714, #2988 ),
 ( #7337, #3602 ),
 ( #7972, #4222 ),
 ( #476, #4877 ),
 ( #1105, #5489 ),
 ( #1734, #6120 ),
 ( #2381, #6735 ),
 ( #3016, #7368 ),
 ( #3621, #8002 ),
 ( #4255, #503 ),
 ( #4903, #1136 ),
 ( #5521, #1755 ),
 ( #6151, #2412 ),
 ( #6759, #3043 ),
 ( #7401, #3652 ),
 ( #8021, #4289 ),
 ( #2289, #1901 ),
 ( #2287, #6647 ),
 ( #2931, #7276 ),
 ( #3534, #7908 ),
 ( #4168, #412 ),
 ( #4808, #1044 ),
 ( #5431, #1661 ),
 ( #6054, #2322 ) ),
 .UNSPECIFIED., .F., .F., .F.,
 ( 4, 1, 1, 1, 1, 1, 1, 1, 1, 1, 1, 1, 1, 1, 1, 1, 1, 1, 1, 1, 1, 1, 1, 1, 4 ),
 ( 2, 2 ),
 ( 0.0000000000000000000, 0.06385135931131572000, 0.1245001093056614800, 0.1819768881527777900, 0.2360996606679068300, 0.2872169287996562100, 0.3354378279301343800, 0.3808915132191890700, 0.4234606946628317600, 0.4640645146558492500, 0.5034774541931483800, 0.5414164878675483700, 0.5782845699103462700, 0.6141775727536031800, 0.6495408482765489000, 0.6843718693014605400, 0.7191098775151731900, 0.7535807519351698200, 0.7878465374851080200, 0.8219297391858730900, 0.8564396994078383700, 0.8912319953136186300, 0.9266159590758811200, 0.9627112077634200100, 0.9999999999999998900 ),
 ( 0.0000000000000000000, 1.000000000000000000 ),
 .UNSPECIFIED. ) ;
#1762 = CARTESIAN_POINT ( 'NONE',  ( 1.826376672326766900, 4.199999999999996600, -2.362993323950907300 ) ) ;
#1763 = VERTEX_POINT ( 'NONE', #7523 ) ;
#1764 = PLANE ( 'NONE',  #6100 ) ;
#1765 = ORIENTED_EDGE ( 'NONE', *, *, #2554, .F. ) ;
#1766 = CARTESIAN_POINT ( 'NONE',  ( 0.4092846630216513400, 4.210000000000000900, -2.370300574655379100 ) ) ;
#1767 = CARTESIAN_POINT ( 'NONE',  ( 0.8238321944967539300, 4.199999999999996600, -2.590510494306896400 ) ) ;
#1768 = DIRECTION ( 'NONE',  ( 0.0000000000000000000, -1.000000000000000000, 0.0000000000000000000 ) ) ;
#1769 = ADVANCED_FACE ( 'NONE', ( #7677 ), #4397, .F. ) ;
#1770 = CARTESIAN_POINT ( 'NONE',  ( -1.145789686303881700, 4.209999999999997300, -2.393031312121586500 ) ) ;
#1771 = ORIENTED_EDGE ( 'NONE', *, *, #7139, .T. ) ;
#1772 = AXIS2_PLACEMENT_3D ( 'NONE', #1240, #3133, #7506 ) ;
#1773 = CARTESIAN_POINT ( 'NONE',  ( 0.5106413617645558800, 4.200000000000000200, -2.620851900221099900 ) ) ;
#1774 = CIRCLE ( 'NONE', #1348, 4.500000000000000000 ) ;
#1775 = ORIENTED_EDGE ( 'NONE', *, *, #1332, .F. ) ;
#1776 = CARTESIAN_POINT ( 'NONE',  ( 1.727190893775862400, 4.200000000000001100, -2.311849191220454600 ) ) ;
#1777 = B_SPLINE_SURFACE_WITH_KNOTS ( 'NONE', 3, 1, ( 
 ( #7959, #2350 ),
 ( #467, #4864 ),
 ( #1091, #5480 ),
 ( #1722, #6108 ),
 ( #2371, #6727 ),
 ( #3005, #7355 ),
 ( #3612, #7989 ),
 ( #4243, #490 ),
 ( #4896, #1124 ),
 ( #5505, #1747 ),
 ( #6139, #2399 ),
 ( #6747, #3035 ),
 ( #7387, #3639 ),
 ( #8014, #4274 ),
 ( #524, #4918 ) ),
 .UNSPECIFIED., .F., .F., .F.,
 ( 4, 1, 1, 1, 1, 1, 1, 1, 1, 1, 1, 1, 4 ),
 ( 2, 2 ),
 ( 0.0000000000000000000, 0.08069440596041303800, 0.1571922402454535000, 0.2291028488962914800, 0.2967732966666752900, 0.3613323894294272500, 0.4226797739336574700, 0.4809405460187056700, 0.5372807162798847200, 0.6476083897775091200, 0.7581475384830509400, 0.8751239576591843800, 1.000000000000000000 ),
 ( 0.0000000000000000000, 1.000000000000000000 ),
 .UNSPECIFIED. ) ;
#1778 = CARTESIAN_POINT ( 'NONE',  ( -0.2967557258478594800, 4.209999999999998200, -2.357580405363251900 ) ) ;
#1779 = DIRECTION ( 'NONE',  ( 0.5518384118328618600, 0.0000000000000000000, -0.8339510580518408900 ) ) ;
#1780 = EDGE_LOOP ( 'NONE', ( #2070, #4335, #7312, #3451 ) ) ;
#1781 = CARTESIAN_POINT ( 'NONE',  ( 2.435179839680474700, 4.209999999999994600, -1.486503449675667900 ) ) ;
#1782 = CARTESIAN_POINT ( 'NONE',  ( -1.964199997034461700, 4.209999999999999100, -1.146163310356158800 ) ) ;
#1783 = LINE ( 'NONE', #768, #117 ) ;
#1784 = VERTEX_POINT ( 'NONE', #1914 ) ;
#1785 = CARTESIAN_POINT ( 'NONE',  ( 0.8699290488456600200, 4.209999999999998200, -2.210502240884753900 ) ) ;
#1786 = CARTESIAN_POINT ( 'NONE',  ( 0.5256140153241835000, 4.209999999999995500, -2.851745648038191700 ) ) ;
#1787 = CARTESIAN_POINT ( 'NONE',  ( 1.601344344317587200, 4.200000000000001100, -1.761558281807087400 ) ) ;
#1788 = CARTESIAN_POINT ( 'NONE',  ( 0.5231969994938883200, 4.199999999999996600, -2.790259080370737400 ) ) ;
#1789 = ORIENTED_EDGE ( 'NONE', *, *, #4443, .T. ) ;
#1790 = ORIENTED_EDGE ( 'NONE', *, *, #4701, .F. ) ;
#1791 = VECTOR ( 'NONE', #766, 1000.000000000000000 ) ;
#1792 = CARTESIAN_POINT ( 'NONE',  ( 0.2459842415030653000, 4.209999999999999100, -2.331371961051933500 ) ) ;
#1793 = B_SPLINE_SURFACE_WITH_KNOTS ( 'NONE', 3, 1, ( 
 ( #977, #7215 ),
 ( #1607, #5986 ),
 ( #2252, #6612 ),
 ( #2888, #7235 ),
 ( #3505, #7870 ),
 ( #4126, #378 ),
 ( #4776, #1002 ),
 ( #5391, #1633 ),
 ( #6015, #2274 ),
 ( #6640, #2918 ),
 ( #7262, #3523 ) ),
 .UNSPECIFIED., .F., .F., .F.,
 ( 4, 1, 1, 1, 1, 1, 1, 1, 4 ),
 ( 2, 2 ),
 ( 0.0000000000000000000, 0.1358395671154532200, 0.2712207147222754900, 0.4075051560328681900, 0.5458979967042719700, 0.6791184859411039100, 0.7981951993579961000, 0.9049495800865128300, 1.000000000000000000 ),
 ( 0.0000000000000000000, 1.000000000000000000 ),
 .UNSPECIFIED. ) ;
#1794 = CARTESIAN_POINT ( 'NONE',  ( 1.731953855974032200, 4.209999999999995500, -2.315858492942458800 ) ) ;
#1795 = ORIENTED_EDGE ( 'NONE', *, *, #3870, .F. ) ;
#1796 = CARTESIAN_POINT ( 'NONE',  ( 0.4865844231667082500, 4.200000000000001100, -2.507419966116782200 ) ) ;
#1797 = CARTESIAN_POINT ( 'NONE',  ( 0.9264242529554513900, 4.209999999999994600, -2.768527289730734300 ) ) ;
#1798 = CARTESIAN_POINT ( 'NONE',  ( 1.436359753967463700, 4.200000000000000200, -1.740016643991944400 ) ) ;
#1799 = FACE_OUTER_BOUND ( 'NONE', #7551, .T. ) ;
#1800 = VECTOR ( 'NONE', #833, 1000.000000000000000 ) ;
#1801 = CARTESIAN_POINT ( 'NONE',  ( 0.1182329254773749200, 4.209999999999998200, -2.660873650245283400 ) ) ;
#1802 = CARTESIAN_POINT ( 'NONE',  ( 0.3067848025404645900, 4.199999999999999300, -2.538479597245842700 ) ) ;
#1803 = ORIENTED_EDGE ( 'NONE', *, *, #3379, .F. ) ;
#1804 = CARTESIAN_POINT ( 'NONE',  ( 1.989523303738274000, 4.199999999999995700, -2.195597970629282500 ) ) ;
#1805 = CARTESIAN_POINT ( 'NONE',  ( -0.2460785781969911100, 4.199999999999996600, -2.482016425349098400 ) ) ;
#1806 = FACE_OUTER_BOUND ( 'NONE', #5806, .T. ) ;
#1807 = DIRECTION ( 'NONE',  ( 0.0000000000000000000, -1.000000000000000000, 0.0000000000000000000 ) ) ;
#1808 = CARTESIAN_POINT ( 'NONE',  ( 0.6185989390978344800, 4.209999999999997300, -2.647630108511695100 ) ) ;
#1809 = LINE ( 'NONE', #3036, #149 ) ;
#1810 = ADVANCED_FACE ( 'NONE', ( #4344 ), #2528, .T. ) ;
#1811 = EDGE_CURVE ( 'NONE', #1206, #6774, #2695, .T. ) ;
#1812 = CARTESIAN_POINT ( 'NONE',  ( 5.510910596163089600E-016, -4.799999999999999800, -1.700000000000000200 ) ) ;
#1813 = CARTESIAN_POINT ( 'NONE',  ( 0.4864639101491886600, 4.199999999999997500, -2.950259952295060600 ) ) ;
#1814 = CARTESIAN_POINT ( 'NONE',  ( 1.712785887870324600, 4.209999999999997300, -1.798945005545551100 ) ) ;
#1815 = ORIENTED_EDGE ( 'NONE', *, *, #5079, .T. ) ;
#1817 = DIRECTION ( 'NONE',  ( 0.0000000000000000000, 0.0000000000000000000, -1.000000000000000000 ) ) ;
#1816 = CARTESIAN_POINT ( 'NONE',  ( -0.3516753660364305100, 4.199999999999995700, -2.952554160469909500 ) ) ;
#1818 = VERTEX_POINT ( 'NONE', #3803 ) ;
#1819 = VECTOR ( 'NONE', #695, 1000.000000000000100 ) ;
#1820 = CARTESIAN_POINT ( 'NONE',  ( 0.09081410204910010700, 4.199999999999996600, -2.857139897369910900 ) ) ;
#1821 = ORIENTED_EDGE ( 'NONE', *, *, #7772, .T. ) ;
#1822 = B_SPLINE_CURVE_WITH_KNOTS ( 'NONE', 3,
 ( #1560, #2846, #3463, #7829, #4094, #337, #4732, #966, #5358, #1593, #5976, #2242, #6603, #2872, #7225, #3490, #7855, #4113, #367, #4763, #990, #4555, #796 ),
 .UNSPECIFIED., .F., .F.,
 ( 4, 1, 1, 1, 1, 1, 1, 1, 1, 1, 1, 1, 1, 1, 1, 1, 1, 1, 1, 1, 4 ),
 ( 0.0000000000000000000, 0.05693751319199837800, 0.1109356873876957800, 0.1629470182161035000, 0.2135750950779067300, 0.2634554870488303700, 0.3133080682265153600, 0.3639370010948259600, 0.4159483319232332200, 0.4701867483292980200, 0.5274907205729094700, 0.5881161035238918800, 0.6522405194185525400, 0.6864730833420771300, 0.7235791304483799600, 0.7627399543894247700, 0.8048908518991968500, 0.8494867703897157600, 0.8971501235910613900, 0.9469957496459506800, 1.000000000000000000 ),
 .UNSPECIFIED. ) ;
#1823 = AXIS2_PLACEMENT_3D ( 'NONE', #2642, #7004, #3267 ) ;
#1824 = CARTESIAN_POINT ( 'NONE',  ( -1.145789686303881700, 4.209999999999997300, -2.393031312121586500 ) ) ;
#1825 = CARTESIAN_POINT ( 'NONE',  ( 1.027567296335716100, 4.199999999999995700, -2.857192052875012300 ) ) ;
#1826 = FACE_OUTER_BOUND ( 'NONE', #935, .T. ) ;
#1827 = DIRECTION ( 'NONE',  ( 0.0000000000000000000, 0.0000000000000000000, -1.000000000000000000 ) ) ;
#1828 = CARTESIAN_POINT ( 'NONE',  ( -2.605429291118283300, 4.199999999999996600, -1.324387981980306400 ) ) ;
#1829 = CARTESIAN_POINT ( 'NONE',  ( 1.929687874841104200, 4.209999999999996400, -2.336404923922630300 ) ) ;
#1830 = DIRECTION ( 'NONE',  ( -1.000000000000000000, 5.764390969681042600E-015, 0.0000000000000000000 ) ) ;
#1831 = CARTESIAN_POINT ( 'NONE',  ( -0.1434546213284927400, 4.209999999999996400, -2.486728449901909300 ) ) ;
#1832 = CARTESIAN_POINT ( 'NONE',  ( 1.976894331356900500, 4.209999999999994600, -2.284327776610798100 ) ) ;
#1833 = B_SPLINE_SURFACE_WITH_KNOTS ( 'NONE', 3, 1, ( 
 ( #2994, #7343 ),
 ( #7978, #4229 ),
 ( #481, #4885 ),
 ( #1112, #5495 ),
 ( #1739, #6128 ),
 ( #2387, #6739 ),
 ( #3024, #7376 ),
 ( #3628, #8007 ),
 ( #4263, #511 ),
 ( #4909, #1144 ),
 ( #5530, #1762 ),
 ( #6156, #2418 ),
 ( #6766, #3048 ),
 ( #7408, #3659 ),
 ( #8027, #4295 ),
 ( #541, #4935 ),
 ( #1165, #5558 ),
 ( #1794, #6173 ),
 ( #2442, #6800 ) ),
 .UNSPECIFIED., .F., .F., .F.,
 ( 4, 1, 1, 1, 1, 1, 1, 1, 1, 1, 1, 1, 1, 1, 1, 1, 4 ),
 ( 2, 2 ),
 ( 0.0000000000000000000, 0.06214962581656737600, 0.1221413512164322300, 0.1804113026687851300, 0.2374351254673271700, 0.2933839231705762100, 0.3498522023881974200, 0.4060406500747016400, 0.4638475689019476700, 0.5222946330771944800, 0.5826856065383809700, 0.6442126130816722100, 0.7089326089784233600, 0.7757931713560513000, 0.8465553913561195700, 0.9211676425787883600, 1.000000000000000000 ),
 ( 0.0000000000000000000, 1.000000000000000000 ),
 .UNSPECIFIED. ) ;
#1834 = DIRECTION ( 'NONE',  ( 0.0000000000000000000, -1.000000000000000000, 0.0000000000000000000 ) ) ;
#1835 = CARTESIAN_POINT ( 'NONE',  ( 0.1929693183537817800, 4.209999999999995500, -2.822110729252379300 ) ) ;
#1836 = CARTESIAN_POINT ( 'NONE',  ( 2.398934904461640800, 4.199999999999996600, -1.578322171175226400 ) ) ;
#1837 = CARTESIAN_POINT ( 'NONE',  ( 0.3964741833981027000, 4.209999999999994600, -3.003308630137028400 ) ) ;
#1838 = DIRECTION ( 'NONE',  ( 0.0000000000000000000, -1.000000000000000000, 0.0000000000000000000 ) ) ;
#1840 = CARTESIAN_POINT ( 'NONE',  ( 0.7797289950885016900, 4.209999999999999100, -2.477438924375130500 ) ) ;
#1839 = DIRECTION ( 'NONE',  ( 0.5341282171938834800, 0.0000000000000000000, 0.8454034821298547200 ) ) ;
#1841 = CARTESIAN_POINT ( 'NONE',  ( 1.969713777221000700, 4.199999999999996600, -2.295712419869995200 ) ) ;
#1842 = EDGE_CURVE ( 'NONE', #5553, #2010, #7476, .T. ) ;
#1843 = CARTESIAN_POINT ( 'NONE',  ( 0.2369298861290274600, 4.199999999999994800, -3.068340617424770500 ) ) ;
#1844 = EDGE_CURVE ( 'NONE', #3093, #7117, #1017, .T. ) ;
#1845 = CC_DESIGN_SECURITY_CLASSIFICATION ( #7880, ( #5792 ) ) ;
#1846 = CARTESIAN_POINT ( 'NONE',  ( -1.819031127815727800, 4.210000000000001700, -1.313212590881724900 ) ) ;
#1847 = CARTESIAN_POINT ( 'NONE',  ( 1.160584349673167400, 4.209999999999993700, -2.886963831074474700 ) ) ;
#1848 = CARTESIAN_POINT ( 'NONE',  ( 1.350422313522481800, 4.209999999999999100, -1.862694361220269100 ) ) ;
#1849 = CARTESIAN_POINT ( 'NONE',  ( -2.657187580992258700, 4.209999999999994600, -1.508808101061175400 ) ) ;
#1850 = CARTESIAN_POINT ( 'NONE',  ( 4.450000000000000200, 4.200000000000000200, 0.0000000000000000000 ) ) ;
#1851 = CARTESIAN_POINT ( 'NONE',  ( 1.798274515366409300, 4.209999999999994600, -2.355898972734468400 ) ) ;
#1852 = CARTESIAN_POINT ( 'NONE',  ( -0.5912676562081489200, 4.199999999999998400, -2.616750573620901100 ) ) ;
#1853 = CARTESIAN_POINT ( 'NONE',  ( -0.1807523055516381800, 4.200000000000000200, -2.356961834267372600 ) ) ;
#1854 = ORIENTED_EDGE ( 'NONE', *, *, #1315, .F. ) ;
#1855 = CARTESIAN_POINT ( 'NONE',  ( 1.094188228957913700, 4.209999999999994600, -2.785011371381212800 ) ) ;
#1856 = EDGE_CURVE ( 'NONE', #3266, #6613, #2901, .T. ) ;
#1857 = CARTESIAN_POINT ( 'NONE',  ( 0.2230777396909978400, 4.209999999999998200, -2.692799660724953800 ) ) ;
#1858 = DIRECTION ( 'NONE',  ( -0.0000000000000000000, 1.000000000000000000, -0.0000000000000000000 ) ) ;
#1859 = VERTEX_POINT ( 'NONE', #6315 ) ;
#1860 = B_SPLINE_SURFACE_WITH_KNOTS ( 'NONE', 3, 1, ( 
 ( #6960, #3820 ),
 ( #3229, #7601 ),
 ( #5256, #208 ),
 ( #6808, #3079 ),
 ( #7440, #3700 ),
 ( #8065, #4321 ),
 ( #570, #4973 ),
 ( #1201, #5588 ),
 ( #1831, #6211 ),
 ( #2474, #6827 ),
 ( #3105, #7469 ),
 ( #3720, #8091 ),
 ( #4349, #595 ),
 ( #4993, #1230 ),
 ( #5616, #1853 ),
 ( #6237, #2503 ),
 ( #6849, #3127 ),
 ( #7497, #3746 ),
 ( #8111, #4376 ),
 ( #626, #5015 ),
 ( #1255, #5644 ),
 ( #1882, #6256 ),
 ( #2531, #6882 ),
 ( #3150, #7525 ),
 ( #3776, #27 ),
 ( #4400, #657 ),
 ( #5049, #1278 ) ),
 .UNSPECIFIED., .F., .F., .F.,
 ( 4, 1, 1, 1, 1, 1, 1, 1, 1, 1, 1, 1, 1, 1, 1, 1, 1, 1, 1, 1, 1, 1, 1, 1, 4 ),
 ( 2, 2 ),
 ( 0.0000000000000000000, 0.06272759149621377800, 0.1225453566919819100, 0.1791031457429747600, 0.2330955444949627500, 0.2837474367562940500, 0.3319908623763714300, 0.3772617988179323100, 0.4201858599960460200, 0.4610492436928377300, 0.5004966391926397600, 0.5386574316515699800, 0.5756370165372377600, 0.6112409315985335400, 0.6464728662112539900, 0.6811543454719513100, 0.7150471040341475100, 0.7488886766446677400, 0.7826777031828176000, 0.8167706238453112900, 0.8512980598439243700, 0.8865742495210561200, 0.9230915419389565900, 0.9608171627558128600, 1.000000000000000000 ),
 ( 0.0000000000000000000, 1.000000000000000000 ),
 .UNSPECIFIED. ) ;
#1861 = CARTESIAN_POINT ( 'NONE',  ( -2.315386232859110400, 4.209999999999998200, -1.214797586932507800 ) ) ;
#1862 = CARTESIAN_POINT ( 'NONE',  ( 0.3910792990359905900, 4.209999999999994600, -3.004194789431663200 ) ) ;
#1863 = CARTESIAN_POINT ( 'NONE',  ( 0.2251273313110485300, 4.209999999999996400, -2.560182105968769500 ) ) ;
#1864 = ORIENTED_EDGE ( 'NONE', *, *, #1842, .T. ) ;
#1866 = CARTESIAN_POINT ( 'NONE',  ( 0.3373402305253597700, 4.200000000000001100, -2.329248034698497600 ) ) ;
#1865 = CARTESIAN_POINT ( 'NONE',  ( 1.158587205576721900, 4.209999999999995500, -2.798433772152946200 ) ) ;
#1867 = ORIENTED_EDGE ( 'NONE', *, *, #2749, .F. ) ;
#1868 = DIRECTION ( 'NONE',  ( 0.0000000000000000000, -0.0000000000000000000, -1.000000000000000000 ) ) ;
#1869 = DIRECTION ( 'NONE',  ( 0.0000000000000000000, -1.000000000000000000, 0.0000000000000000000 ) ) ;
#1870 = ORIENTED_EDGE ( 'NONE', *, *, #4207, .T. ) ;
#1871 = CARTESIAN_POINT ( 'NONE',  ( 0.09562184269871375200, 4.210000000000000000, 2.907041648618186700 ) ) ;
#1872 = VECTOR ( 'NONE', #3440, 1000.000000000000000 ) ;
#1873 = DIRECTION ( 'NONE',  ( 0.0000000000000000000, -1.000000000000000000, 0.0000000000000000000 ) ) ;
#1874 = ORIENTED_EDGE ( 'NONE', *, *, #78, .T. ) ;
#1875 = CARTESIAN_POINT ( 'NONE',  ( 1.345834247004607600, 4.200000000000000200, -2.005116725775812500 ) ) ;
#1876 = CARTESIAN_POINT ( 'NONE',  ( -2.619208801010836800, 4.199999999999994000, -1.671193310937402200 ) ) ;
#1877 = EDGE_LOOP ( 'NONE', ( #6196, #352, #4017, #2978 ) ) ;
#1878 = CARTESIAN_POINT ( 'NONE',  ( 0.5132389638016901000, 4.199999999999996600, -2.905501529955619500 ) ) ;
#1879 = DIRECTION ( 'NONE',  ( -0.0000000000000000000, -1.000000000000000000, -0.0000000000000000000 ) ) ;
#1880 = CARTESIAN_POINT ( 'NONE',  ( -0.5026833486633537400, 4.200000000000000200, -2.367298605083917100 ) ) ;
#1881 = ORIENTED_EDGE ( 'NONE', *, *, #2090, .T. ) ;
#1882 = CARTESIAN_POINT ( 'NONE',  ( -0.2769969752116899800, 4.209999999999999100, -2.259515202184186200 ) ) ;
#1883 = LINE ( 'NONE', #7269, #3557 ) ;
#1884 = DIRECTION ( 'NONE',  ( -0.0000000000000000000, 1.000000000000000000, -0.0000000000000000000 ) ) ;
#1885 = CARTESIAN_POINT ( 'NONE',  ( 1.037575055419512200, 4.199999999999994800, -2.742490215010299000 ) ) ;
#1886 = ORIENTED_EDGE ( 'NONE', *, *, #2393, .T. ) ;
#1887 = CARTESIAN_POINT ( 'NONE',  ( -1.813715250942901100, 4.209999999999994600, -2.405091899273423800 ) ) ;
#1888 = ORIENTED_EDGE ( 'NONE', *, *, #4009, .T. ) ;
#1889 = CARTESIAN_POINT ( 'NONE',  ( 1.127275183506374800, 4.209999999999997300, -2.223312056140240900 ) ) ;
#1890 = ORIENTED_EDGE ( 'NONE', *, *, #5631, .T. ) ;
#1891 = LINE ( 'NONE', #6474, #429 ) ;
#1892 = CARTESIAN_POINT ( 'NONE',  ( -2.184670029142026200, 4.199999999999995700, -1.180317683959238200 ) ) ;
#1893 = CARTESIAN_POINT ( 'NONE',  ( 0.3576965038489530700, 4.209999999999994600, -3.005703657758022700 ) ) ;
#1894 = CARTESIAN_POINT ( 'NONE',  ( 0.1182329254773749200, 4.199999999999998400, -2.660873650245283400 ) ) ;
#1896 = CARTESIAN_POINT ( 'NONE',  ( 0.5066932206918158800, 4.199999999999998400, -2.589821401949825100 ) ) ;
#1895 = CARTESIAN_POINT ( 'NONE',  ( 1.078761923710187100, 4.199999999999997500, -2.776383909970204600 ) ) ;
#1897 = PERSON_AND_ORGANIZATION ( #1487, #4347 ) ;
#1898 = EDGE_CURVE ( 'NONE', #4755, #4537, #4154, .T. ) ;
#1899 = ORIENTED_EDGE ( 'NONE', *, *, #1166, .F. ) ;
#1900 = AXIS2_PLACEMENT_3D ( 'NONE', #3748, #8112, #4378 ) ;
#1901 = CARTESIAN_POINT ( 'NONE',  ( 0.3859442706999095500, 4.200000000000006400, -2.252876567521447300 ) ) ;
#1902 = B_SPLINE_SURFACE_WITH_KNOTS ( 'NONE', 3, 1, ( 
 ( #6835, #2438 ),
 ( #8100, #4360 ),
 ( #609, #5001 ),
 ( #1242, #5626 ),
 ( #1865, #6244 ),
 ( #2515, #6859 ),
 ( #3135, #7508 ),
 ( #3758, #7 ),
 ( #4386, #637 ),
 ( #5027, #1261 ),
 ( #5656, #1895 ) ),
 .UNSPECIFIED., .F., .F., .F.,
 ( 4, 1, 1, 1, 1, 1, 1, 1, 4 ),
 ( 2, 2 ),
 ( 0.0000000000000000000, 0.1292235386810191600, 0.2547141996250260100, 0.3751299739965528500, 0.4953321503739702700, 0.6155610472533010700, 0.7391624866900589100, 0.8662808176937782900, 1.000000000000000000 ),
 ( 0.0000000000000000000, 1.000000000000000000 ),
 .UNSPECIFIED. ) ;
#1903 = CARTESIAN_POINT ( 'NONE',  ( 0.3011979732632842900, 4.199999999999997500, -2.633887679108066300 ) ) ;
#1904 = CARTESIAN_POINT ( 'NONE',  ( -2.342298087008801500, 4.209999999999993700, -1.814145977085384100 ) ) ;
#1905 = VECTOR ( 'NONE', #186, 1000.000000000000000 ) ;
#1906 = TOROIDAL_SURFACE ( 'NONE', #3843, 4.450000000000000200, 0.04999999999999969700 ) ;
#1907 = CARTESIAN_POINT ( 'NONE',  ( -0.5965391638508773500, 4.209999999999995500, -2.649620272126540900 ) ) ;
#1908 = CARTESIAN_POINT ( 'NONE',  ( 1.780012745410982900, 4.209999999999997300, -1.943100067502235000 ) ) ;
#1909 = CARTESIAN_POINT ( 'NONE',  ( 1.929687874841104200, 4.199999999999997500, -2.336404923922630300 ) ) ;
#1910 = CARTESIAN_POINT ( 'NONE',  ( 0.09562184269871375200, 4.210000000000000000, 3.099665549985374000 ) ) ;
#1911 = EDGE_CURVE ( 'NONE', #615, #4755, #7278, .T. ) ;
#1912 = VECTOR ( 'NONE', #5066, 1000.000000000000000 ) ;
#1913 = DIRECTION ( 'NONE',  ( 0.0000000000000000000, -1.000000000000000000, 0.0000000000000000000 ) ) ;
#1914 = CARTESIAN_POINT ( 'NONE',  ( -2.384260044619015900, 4.200000000000001100, -1.254295199003393900 ) ) ;
#1915 = CARTESIAN_POINT ( 'NONE',  ( 0.6185989390978344800, 4.200000000000002800, -2.647630108511695100 ) ) ;
#1916 = CARTESIAN_POINT ( 'NONE',  ( 0.2716425764013020200, 4.200000000000001100, -2.326757410454952900 ) ) ;
#1917 = VECTOR ( 'NONE', #4115, 1000.000000000000000 ) ;
#1918 = CARTESIAN_POINT ( 'NONE',  ( 0.7511960680446784200, 4.199999999999999300, -2.266645781359088600 ) ) ;
#1919 = B_SPLINE_SURFACE_WITH_KNOTS ( 'NONE', 3, 1, ( 
 ( #4729, #5381 ),
 ( #1616, #5999 ),
 ( #2261, #6628 ),
 ( #2902, #7245 ),
 ( #3514, #7884 ),
 ( #4142, #388 ),
 ( #4791, #1018 ),
 ( #5402, #1639 ),
 ( #6027, #2291 ),
 ( #6649, #2934 ),
 ( #7279, #3537 ),
 ( #7910, #4170 ),
 ( #416, #4810 ),
 ( #1047, #5434 ),
 ( #1663, #6056 ),
 ( #2324, #6676 ),
 ( #2953, #7311 ),
 ( #3565, #7932 ),
 ( #4193, #444 ) ),
 .UNSPECIFIED., .F., .F., .F.,
 ( 4, 1, 1, 1, 1, 1, 1, 1, 1, 1, 1, 1, 1, 1, 1, 1, 4 ),
 ( 2, 2 ),
 ( 0.0000000000000000000, 0.06686330010282229300, 0.1317395682025935000, 0.1937374595078951200, 0.2549832425225639900, 0.3153361666491323900, 0.3760612384742588200, 0.4364461508435340500, 0.4987030657455582300, 0.5610219861113136000, 0.6220009322969287700, 0.6829622824798170500, 0.7431799578006204100, 0.8045202586698917400, 0.8678060571773877900, 0.9325233795060541300, 1.000000000000000000 ),
 ( 0.0000000000000000000, 1.000000000000000000 ),
 .UNSPECIFIED. ) ;
#1920 = CARTESIAN_POINT ( 'NONE',  ( 0.9163623707734741600, 4.209999999999997300, -2.537058378317629700 ) ) ;
#1921 = CARTESIAN_POINT ( 'NONE',  ( -0.6994144877383444700, 4.209999999999997300, -2.616206984745584200 ) ) ;
#1922 = VERTEX_POINT ( 'NONE', #5094 ) ;
#1923 = ORIENTED_EDGE ( 'NONE', *, *, #69, .T. ) ;
#1924 = VECTOR ( 'NONE', #3077, 1000.000000000000000 ) ;
#1925 = B_SPLINE_SURFACE_WITH_KNOTS ( 'NONE', 3, 1, ( 
 ( #4309, #563 ),
 ( #6194, #2461 ),
 ( #6820, #3092 ),
 ( #7452, #3710 ),
 ( #8077, #4334 ),
 ( #579, #4984 ),
 ( #1213, #5600 ),
 ( #1840, #6222 ),
 ( #2487, #6836 ),
 ( #3116, #7481 ),
 ( #3731, #8101 ) ),
 .UNSPECIFIED., .F., .F., .F.,
 ( 4, 1, 1, 1, 1, 1, 1, 1, 4 ),
 ( 2, 2 ),
 ( 0.0000000000000000000, 0.09623784800558320100, 0.1982602785055436700, 0.3077773621164623900, 0.4259105345860532100, 0.5534942023379076900, 0.6915994535651970300, 0.8403614483939875200, 1.000000000000000000 ),
 ( 0.0000000000000000000, 1.000000000000000000 ),
 .UNSPECIFIED. ) ;
#1926 = EDGE_CURVE ( 'NONE', #6806, #2882, #3956, .T. ) ;
#1927 = CARTESIAN_POINT ( 'NONE',  ( 0.2644808487394946800, 4.199999999999996600, -2.965494198984598700 ) ) ;
#1928 = CARTESIAN_POINT ( 'NONE',  ( 0.08790299828308312200, 4.209999999999996400, -2.836891995631814800 ) ) ;
#1930 = CARTESIAN_POINT ( 'NONE',  ( 1.273154796002727400, 4.199999999999999300, -2.529089417524571700 ) ) ;
#1929 = DIRECTION ( 'NONE',  ( 0.0000000000000000000, -1.000000000000000000, 0.0000000000000000000 ) ) ;
#1931 = EDGE_LOOP ( 'NONE', ( #4012, #2337, #512, #1626 ) ) ;
#1932 = CARTESIAN_POINT ( 'NONE',  ( 0.5899334743507370600, 4.209999999999998200, -2.506370985828553900 ) ) ;
#1933 = CARTESIAN_POINT ( 'NONE',  ( 2.653002718507156300, 4.200000000000000200, -1.616756965436710900 ) ) ;
#1934 = CARTESIAN_POINT ( 'NONE',  ( -2.477569463615714600, 4.199999999999994800, -1.723220209900081700 ) ) ;
#1935 = AXIS2_PLACEMENT_3D ( 'NONE', #3545, #7916, #4177 ) ;
#1936 = DIRECTION ( 'NONE',  ( 1.319372524391284800E-012, 1.000000000000000000, -1.321596210984499500E-012 ) ) ;
#1937 = CARTESIAN_POINT ( 'NONE',  ( 1.755659656604422900, 4.199999999999996600, -2.333947142109048700 ) ) ;
#1938 = CARTESIAN_POINT ( 'NONE',  ( 1.271829098541183800, 4.199999999999994800, -2.850794914460073900 ) ) ;
#1939 = CARTESIAN_POINT ( 'NONE',  ( 1.225109932574491400, 4.200000000000002000, -2.402813738606782500 ) ) ;
#1940 = CARTESIAN_POINT ( 'NONE',  ( -0.4699853261978427200, 4.210000000000000000, -2.237652659270867900 ) ) ;
#1941 = CARTESIAN_POINT ( 'NONE',  ( 0.5085463207423888100, 4.199999999999998400, -2.338597200338383300 ) ) ;
#1942 = CARTESIAN_POINT ( 'NONE',  ( 1.338258694342912000, 4.200000000000000200, -1.958149200564108800 ) ) ;
#1943 = CARTESIAN_POINT ( 'NONE',  ( -0.4635069647706345200, 4.209999999999995500, -3.090354409171718800 ) ) ;
#1944 = B_SPLINE_SURFACE_WITH_KNOTS ( 'NONE', 3, 1, ( 
 ( #2351, #6163 ),
 ( #2429, #6782 ),
 ( #3054, #7420 ),
 ( #3672, #8042 ),
 ( #4301, #552 ),
 ( #4949, #1174 ),
 ( #5570, #1804 ),
 ( #6182, #2451 ),
 ( #6810, #3081 ),
 ( #7442, #3701 ),
 ( #8067, #4323 ),
 ( #571, #4975 ),
 ( #1203, #5589 ),
 ( #1832, #6213 ),
 ( #2476, #6828 ),
 ( #3107, #7472 ),
 ( #3722, #8092 ),
 ( #4351, #597 ),
 ( #4994, #1232 ) ),
 .UNSPECIFIED., .F., .F., .F.,
 ( 4, 1, 1, 1, 1, 1, 1, 1, 1, 1, 1, 1, 1, 1, 1, 1, 4 ),
 ( 2, 2 ),
 ( 0.0000000000000000000, 0.06502878505460510400, 0.1282542436972556300, 0.1890916120526820500, 0.2489151292941125200, 0.3085306012157372800, 0.3681353845721654400, 0.4281503035309139300, 0.4902368379143696700, 0.5525436197393768200, 0.6132919027925199900, 0.6748373115935560900, 0.7360245179337260300, 0.7994662701968359200, 0.8637213155096618000, 0.9303949442984033000, 1.000000000000000000 ),
 ( 0.0000000000000000000, 1.000000000000000000 ),
 .UNSPECIFIED. ) ;
#1945 = CARTESIAN_POINT ( 'NONE',  ( 1.618745064415156600, 4.199999999999999300, -1.761918476415394100 ) ) ;
#1946 = CARTESIAN_POINT ( 'NONE',  ( -2.513327492701311600, 4.199999999999996600, -1.210210363198900500 ) ) ;
#1947 = CARTESIAN_POINT ( 'NONE',  ( -1.875607549702736700, 4.210000000000000900, -1.457888971400267900 ) ) ;
#1948 = B_SPLINE_SURFACE_WITH_KNOTS ( 'NONE', 3, 1, ( 
 ( #1036, #1007 ),
 ( #5424, #1654 ),
 ( #6046, #2314 ),
 ( #6665, #2946 ),
 ( #7297, #3556 ),
 ( #7923, #4187 ),
 ( #434, #4825 ),
 ( #1062, #5452 ),
 ( #1683, #6068 ),
 ( #2343, #6897 ),
 ( #3168, #7534 ) ),
 .UNSPECIFIED., .F., .F., .F.,
 ( 4, 1, 1, 1, 1, 1, 1, 1, 4 ),
 ( 2, 2 ),
 ( 0.0000000000000000000, 0.1222636594354540300, 0.2412350049518991200, 0.3601475075864712900, 0.4804491210360116200, 0.6037314656903770600, 0.7297262660241847800, 0.8608921075107660600, 1.000000000000000000 ),
 ( 0.0000000000000000000, 1.000000000000000000 ),
 .UNSPECIFIED. ) ;
#1949 = CARTESIAN_POINT ( 'NONE',  ( 0.1970540628868958900, 4.209999999999994600, -2.849871787982585700 ) ) ;
#1950 = CARTESIAN_POINT ( 'NONE',  ( 0.9098287569007044200, 4.199999999999998400, -2.521835974944513800 ) ) ;
#1952 = CARTESIAN_POINT ( 'NONE',  ( 1.279667554592470700, 4.209999999999995500, -2.713040073093073300 ) ) ;
#1951 = DIRECTION ( 'NONE',  ( 1.819197792942385700E-013, 1.000000000000000000, -1.269344147461209700E-014 ) ) ;
#1953 = CARTESIAN_POINT ( 'NONE',  ( 0.4056469215454345200, 4.209999999999998200, -2.260299079195719600 ) ) ;
#1954 = EDGE_CURVE ( 'NONE', #4049, #3109, #2691, .T. ) ;
#1955 = CARTESIAN_POINT ( 'NONE',  ( 0.2225802914035031600, 4.200000000000000200, -2.340737071744956900 ) ) ;
#1956 = ORIENTED_EDGE ( 'NONE', *, *, #1080, .T. ) ;
#1957 = CARTESIAN_POINT ( 'NONE',  ( -0.2780249460438681300, 4.199999999999999300, -2.779281490132214900 ) ) ;
#1958 = CARTESIAN_POINT ( 'NONE',  ( -0.09700205866847379200, 4.200000000000000200, 2.457585878761416000 ) ) ;
#1959 = CARTESIAN_POINT ( 'NONE',  ( 1.741348945348566400, 4.199999999999999300, -1.690043455319333100 ) ) ;
#1960 = B_SPLINE_SURFACE_WITH_KNOTS ( 'NONE', 3, 1, ( 
 ( #721, #1346 ),
 ( #6354, #2628 ),
 ( #6985, #3246 ),
 ( #7623, #3875 ),
 ( #115, #4504 ),
 ( #752, #5140 ),
 ( #1368, #5768 ),
 ( #2018, #6379 ),
 ( #2647, #7013 ),
 ( #3280, #7640 ),
 ( #3903, #148 ),
 ( #4531, #776 ),
 ( #5172, #1398 ),
 ( #5793, #2045 ),
 ( #6409, #2674 ) ),
 .UNSPECIFIED., .F., .F., .F.,
 ( 4, 1, 1, 1, 1, 1, 1, 1, 1, 1, 1, 1, 4 ),
 ( 2, 2 ),
 ( 0.0000000000000000000, 0.1290914781786893800, 0.2543571031812084100, 0.3784341074524704700, 0.5031433338206181500, 0.5646216467617231100, 0.6245312198671171300, 0.6832883890965247800, 0.7420336420501517600, 0.8023740433297027500, 0.8650813300695197100, 0.9305844046142627300, 1.000000000000000000 ),
 ( 0.0000000000000000000, 1.000000000000000000 ),
 .UNSPECIFIED. ) ;
#1961 = CARTESIAN_POINT ( 'NONE',  ( 1.376243486821002900, 4.199999999999997500, -2.509687881630499700 ) ) ;
#1962 = ORIENTED_EDGE ( 'NONE', *, *, #1023, .T. ) ;
#1963 = CARTESIAN_POINT ( 'NONE',  ( 1.261606130011495800, 4.199999999999995700, -2.744286043443577000 ) ) ;
#1964 = CARTESIAN_POINT ( 'NONE',  ( 0.08910157167960332200, 4.199999999999997500, -2.846865742869600700 ) ) ;
#1965 = CARTESIAN_POINT ( 'NONE',  ( 1.071946756348517200, 4.209999999999993700, -2.771735622085215800 ) ) ;
#1966 = CARTESIAN_POINT ( 'NONE',  ( 0.2647632745444181700, 4.200000000000000200, -2.242143752795064500 ) ) ;
#1967 = DIRECTION ( 'NONE',  ( 1.000000000000000000, -0.0000000000000000000, 0.0000000000000000000 ) ) ;
#1968 = VERTEX_POINT ( 'NONE', #3234 ) ;
#1969 = CARTESIAN_POINT ( 'NONE',  ( -0.2981970213595254200, 4.199999999999998400, -3.034842935834559400 ) ) ;
#1970 = B_SPLINE_SURFACE_WITH_KNOTS ( 'NONE', 3, 1, ( 
 ( #7659, #5076 ),
 ( #790, #5185 ),
 ( #1413, #5810 ),
 ( #2058, #6426 ),
 ( #2692, #7053 ),
 ( #3320, #7686 ),
 ( #3937, #190 ),
 ( #4578, #815 ),
 ( #5208, #1441 ),
 ( #5838, #2087 ),
 ( #6450, #2723 ),
 ( #7082, #3340 ),
 ( #7711, #3970 ),
 ( #216, #4603 ),
 ( #846, #5238 ),
 ( #1462, #5862 ),
 ( #2117, #6479 ),
 ( #2748, #7110 ),
 ( #3371, #7736 ) ),
 .UNSPECIFIED., .F., .F., .F.,
 ( 4, 1, 1, 1, 1, 1, 1, 1, 1, 1, 1, 1, 1, 1, 1, 1, 4 ),
 ( 2, 2 ),
 ( 0.0000000000000000000, 0.1162442289371648900, 0.2225982005825304600, 0.3188635957668545200, 0.4056360503643267100, 0.4827842380084189600, 0.5511820557146391900, 0.6109078491502923900, 0.6634204672058865400, 0.7110127592225381500, 0.7561529299632118200, 0.7986196280386386200, 0.8394188159317449400, 0.8797013393878687600, 0.9193005199685356800, 0.9589217340361451100, 1.000000000000000000 ),
 ( 0.0000000000000000000, 1.000000000000000000 ),
 .UNSPECIFIED. ) ;
#1971 = CARTESIAN_POINT ( 'NONE',  ( 1.444086938888129200, 4.209999999999999100, -1.733632728347430900 ) ) ;
#1972 = DIRECTION ( 'NONE',  ( -0.6689015012055361500, 0.0000000000000000000, -0.7433510487548801200 ) ) ;
#1973 = EDGE_CURVE ( 'NONE', #3761, #2426, #3754, .T. ) ;
#1974 = CARTESIAN_POINT ( 'NONE',  ( -2.655522286674553400, 4.199999999999995700, -1.536055766124620600 ) ) ;
#1975 = ORIENTED_EDGE ( 'NONE', *, *, #6539, .F. ) ;
#1976 = CARTESIAN_POINT ( 'NONE',  ( 1.716526510855722600, 4.199999999999998400, -2.058513822507682900 ) ) ;
#1977 = B_SPLINE_CURVE_WITH_KNOTS ( 'NONE', 3,
 ( #4149, #7892, #1025, #5410, #1644, #6034, #2301, #6655, #2939, #7286, #3544, #7915, #4176, #423, #4815, #1054, #5441, #1670, #6061 ),
 .UNSPECIFIED., .F., .F.,
 ( 4, 1, 1, 1, 1, 1, 1, 1, 1, 1, 1, 1, 1, 1, 1, 1, 4 ),
 ( 0.0000000000000000000, 0.1163844169727271000, 0.2223030357200271300, 0.3187015967560423200, 0.4050102787680989700, 0.4823014382115977100, 0.5505487937101617400, 0.6100731057114372500, 0.6623381064770179600, 0.7098213308536530700, 0.7545097319062732400, 0.7974456606741057200, 0.8383730222789930200, 0.8784551137408073100, 0.9182960576080450000, 0.9586100816119879100, 0.9999999999999998900 ),
 .UNSPECIFIED. ) ;
#1978 = LINE ( 'NONE', #4612, #5313 ) ;
#1979 = VERTEX_POINT ( 'NONE', #6968 ) ;
#1980 = CARTESIAN_POINT ( 'NONE',  ( -2.315386232859110400, 4.209999999999998200, -1.214797586932507800 ) ) ;
#1982 = CARTESIAN_POINT ( 'NONE',  ( 1.212667983787992800, 4.199999999999995700, -2.783785745953903500 ) ) ;
#1981 = CARTESIAN_POINT ( 'NONE',  ( 0.4584134125800684000, 4.199999999999998400, -2.659094962955010000 ) ) ;
#1983 = ORIENTED_EDGE ( 'NONE', *, *, #69, .F. ) ;
#1984 = CARTESIAN_POINT ( 'NONE',  ( -0.6733079786699213100, 4.209999999999993700, -2.963855629207809500 ) ) ;
#1985 = ORIENTED_EDGE ( 'NONE', *, *, #4105, .T. ) ;
#1986 = PLANE ( 'NONE',  #195 ) ;
#1987 = AXIS2_PLACEMENT_3D ( 'NONE', #6547, #4706, #945 ) ;
#1988 = FACE_OUTER_BOUND ( 'NONE', #2488, .T. ) ;
#1989 = ORIENTED_EDGE ( 'NONE', *, *, #4523, .F. ) ;
#1990 = DIRECTION ( 'NONE',  ( 0.3774485607782725500, 8.337819944835652900E-015, 0.9260305523936079900 ) ) ;
#1991 = ORIENTED_EDGE ( 'NONE', *, *, #5376, .T. ) ;
#1992 = ADVANCED_FACE ( 'NONE', ( #7084 ), #7629, .T. ) ;
#1993 = CARTESIAN_POINT ( 'NONE',  ( -0.3670166407857060100, 4.209999999999994600, -2.966535912115563000 ) ) ;
#1994 = ORIENTED_EDGE ( 'NONE', *, *, #3158, .F. ) ;
#1995 = CARTESIAN_POINT ( 'NONE',  ( 1.436359753967463700, 4.200000000000000200, -1.740016643991944400 ) ) ;
#1996 = CARTESIAN_POINT ( 'NONE',  ( 0.4106642716595095300, 4.199999999999994800, -3.087235180717910600 ) ) ;
#1997 = LINE ( 'NONE', #6399, #1791 ) ;
#1998 = CARTESIAN_POINT ( 'NONE',  ( 1.924742226289856600, 4.199999999999997500, -2.004570890131209800 ) ) ;
#1999 = CARTESIAN_POINT ( 'NONE',  ( 0.1116867829013081200, 4.199999999999997500, -2.933133623643396700 ) ) ;
#2000 = CARTESIAN_POINT ( 'NONE',  ( 0.9231305073880740100, 4.209999999999998200, -2.552206825756055100 ) ) ;
#2001 = CARTESIAN_POINT ( 'NONE',  ( 1.636040674697764900, 4.209999999999999100, -1.764077991596761700 ) ) ;
#2002 = CARTESIAN_POINT ( 'NONE',  ( 1.784876453706974600, 4.200000000000000200, -1.717155431819657600 ) ) ;
#2003 = ORIENTED_EDGE ( 'NONE', *, *, #6429, .T. ) ;
#2004 = CARTESIAN_POINT ( 'NONE',  ( -0.1906521115411860500, 4.209999999999994600, -2.858921324655852900 ) ) ;
#2005 = CARTESIAN_POINT ( 'NONE',  ( 2.058052030321063400, 4.209999999999993700, -2.317055068221501600 ) ) ;
#2006 = CARTESIAN_POINT ( 'NONE',  ( 0.3067848025404645900, 4.209999999999998200, -2.538479597245842700 ) ) ;
#2007 = FACE_BOUND ( 'NONE', #4244, .T. ) ;
#2008 = CARTESIAN_POINT ( 'NONE',  ( -0.5464578285252446000, 4.200000000000000200, 2.907041648618186700 ) ) ;
#2009 = LINE ( 'NONE', #5769, #3668 ) ;
#2010 = VERTEX_POINT ( 'NONE', #2658 ) ;
#2011 = EDGE_CURVE ( 'NONE', #6715, #4648, #620, .T. ) ;
#2012 = CARTESIAN_POINT ( 'NONE',  ( -2.042835162065980400, 4.209999999999999100, -1.216899670190848300 ) ) ;
#2013 = VECTOR ( 'NONE', #4549, 1000.000000000000000 ) ;
#2014 = CARTESIAN_POINT ( 'NONE',  ( 0.8638071256996938700, 4.209999999999996400, -2.672488415553931200 ) ) ;
#2015 = EDGE_CURVE ( 'NONE', #7568, #1314, #1221, .T. ) ;
#2016 = DIRECTION ( 'NONE',  ( -1.000000000000000000, -0.0000000000000000000, 3.471962430397089600E-014 ) ) ;
#2017 = AXIS2_PLACEMENT_3D ( 'NONE', #235, #4619, #859 ) ;
#2018 = CARTESIAN_POINT ( 'NONE',  ( 1.880223784518659300, 4.209999999999996400, -2.091351645659000400 ) ) ;
#2019 = LINE ( 'NONE', #3593, #2421 ) ;
#2020 = CARTESIAN_POINT ( 'NONE',  ( 1.271829098541183800, 4.209999999999993700, -2.850794914460073900 ) ) ;
#2021 = DIRECTION ( 'NONE',  ( -0.0000000000000000000, 1.000000000000000000, -0.0000000000000000000 ) ) ;
#2022 = VERTEX_POINT ( 'NONE', #7654 ) ;
#2023 = CARTESIAN_POINT ( 'NONE',  ( -0.4657083275811282300, 4.199999999999999300, -3.003366334634384400 ) ) ;
#2024 = CARTESIAN_POINT ( 'NONE',  ( -0.3389749313870515900, 4.200000000000000200, -2.327568148631316400 ) ) ;
#2025 = ORIENTED_EDGE ( 'NONE', *, *, #344, .T. ) ;
#2026 = FACE_OUTER_BOUND ( 'NONE', #4031, .T. ) ;
#2027 = CARTESIAN_POINT ( 'NONE',  ( 0.5330021683716847900, 4.209999999999995500, -3.025837936763669000 ) ) ;
#2028 = EDGE_CURVE ( 'NONE', #6037, #6489, #5240, .T. ) ;
#2029 = DIRECTION ( 'NONE',  ( -0.5341282171938834800, 0.0000000000000000000, -0.8454034821298547200 ) ) ;
#2030 = CARTESIAN_POINT ( 'NONE',  ( 0.2369298861290274600, 4.209999999999993700, -3.068340617424770500 ) ) ;
#2031 = ORIENTED_EDGE ( 'NONE', *, *, #5531, .T. ) ;
#2032 = CARTESIAN_POINT ( 'NONE',  ( 1.612866926461451900, 4.210000000000000000, -1.664763241612583300 ) ) ;
#2033 = CARTESIAN_POINT ( 'NONE',  ( -0.1567314045616872700, 4.200000000000002000, -2.713701687621751500 ) ) ;
#2034 = LINE ( 'NONE', #6270, #363 ) ;
#2035 = DIRECTION ( 'NONE',  ( 0.6315135785242983500, 0.0000000000000000000, 0.7753648174501051000 ) ) ;
#2036 = CARTESIAN_POINT ( 'NONE',  ( 1.780012745410982900, 4.199999999999998400, -1.943100067502235000 ) ) ;
#2037 = CARTESIAN_POINT ( 'NONE',  ( 1.716526510855722600, 4.199999999999998400, -2.058513822507682900 ) ) ;
#2038 = B_SPLINE_SURFACE_WITH_KNOTS ( 'NONE', 3, 1, ( 
 ( #875, #256 ),
 ( #3378, #1505 ),
 ( #5888, #2152 ),
 ( #6518, #2786 ),
 ( #7137, #3406 ),
 ( #7779, #4026 ),
 ( #281, #4676 ),
 ( #909, #5297 ),
 ( #1534, #5921 ),
 ( #2180, #6544 ),
 ( #2816, #7166 ),
 ( #3430, #7804 ),
 ( #4057, #304 ),
 ( #4703, #942 ),
 ( #5323, #1556 ),
 ( #5952, #2213 ),
 ( #6563, #2841 ),
 ( #7198, #3457 ),
 ( #7824, #4088 ),
 ( #333, #4725 ),
 ( #962, #5353 ),
 ( #1586, #5972 ),
 ( #2237, #6597 ),
 ( #2864, #7221 ),
 ( #3485, #7849 ),
 ( #4110, #362 ),
 ( #4757, #984 ) ),
 .UNSPECIFIED., .F., .F., .F.,
 ( 4, 1, 1, 1, 1, 1, 1, 1, 1, 1, 1, 1, 1, 1, 1, 1, 1, 1, 1, 1, 1, 1, 1, 1, 4 ),
 ( 2, 2 ),
 ( 0.0000000000000000000, 0.06276989629738292900, 0.1223530843932226600, 0.1789745488749086800, 0.2328882654693447700, 0.2837015255735882400, 0.3318012657691689600, 0.3774112571609666800, 0.4202501892535544000, 0.4610894855454135700, 0.5003831267062008900, 0.5385682215613956100, 0.5755066068535281700, 0.6113719652924877200, 0.6463539657069173900, 0.6807598325175781000, 0.7148688663453526300, 0.7486190305089380800, 0.7825523194476230500, 0.8166818192091839200, 0.8513631091699583900, 0.8866605712216892900, 0.9230430128385029900, 0.9607508111880334000, 1.000000000000000000 ),
 ( 0.0000000000000000000, 1.000000000000000000 ),
 .UNSPECIFIED. ) ;
#2039 = AXIS2_PLACEMENT_3D ( 'NONE', #7684, #2614, #813 ) ;
#2040 = CARTESIAN_POINT ( 'NONE',  ( -2.238140041234804000, 4.209999999999995500, -1.808692459799608600 ) ) ;
#2042 = CARTESIAN_POINT ( 'NONE',  ( 1.082788941626448500, 4.209999999999995500, -2.880061387666420300 ) ) ;
#2041 = CARTESIAN_POINT ( 'NONE',  ( -1.911712275856098300, 4.199999999999997500, -1.355454922130823200 ) ) ;
#2043 = DIRECTION ( 'NONE',  ( -0.9259947745106934500, 0.0000000000000000000, 0.3775363261712572600 ) ) ;
#2044 = CARTESIAN_POINT ( 'NONE',  ( -2.042835162065980400, 4.209999999999999100, -1.216899670190848300 ) ) ;
#2045 = CARTESIAN_POINT ( 'NONE',  ( 1.955364439401009700, 4.199999999999998400, -2.133566601022390600 ) ) ;
#2046 = B_SPLINE_SURFACE_WITH_KNOTS ( 'NONE', 3, 1, ( 
 ( #6581, #2853 ),
 ( #3474, #7835 ),
 ( #4100, #349 ),
 ( #4742, #974 ),
 ( #5368, #1604 ),
 ( #5984, #2249 ),
 ( #6611, #2884 ),
 ( #7234, #3500 ),
 ( #7867, #4123 ),
 ( #376, #4773 ),
 ( #998, #5389 ) ),
 .UNSPECIFIED., .F., .F., .F.,
 ( 4, 1, 1, 1, 1, 1, 1, 1, 4 ),
 ( 2, 2 ),
 ( 0.0000000000000000000, 0.1362514136476641600, 0.2658982168219436400, 0.3908775039273820200, 0.5128811376833684000, 0.6328489854411092400, 0.7523631320196774200, 0.8741664723777103900, 1.000000000000000000 ),
 ( 0.0000000000000000000, 1.000000000000000000 ),
 .UNSPECIFIED. ) ;
#2047 = CARTESIAN_POINT ( 'NONE',  ( 1.376243486821002900, 4.209999999999996400, -2.509687881630499700 ) ) ;
#2048 = CARTESIAN_POINT ( 'NONE',  ( 0.06516506707457056500, 4.199999999999999300, -2.392245384453228800 ) ) ;
#2049 = AXIS2_PLACEMENT_3D ( 'NONE', #510, #4908, #1143 ) ;
#2050 = CARTESIAN_POINT ( 'NONE',  ( 0.2716425764013020200, 4.209999999999999100, -2.326757410454952900 ) ) ;
#2051 = CARTESIAN_POINT ( 'NONE',  ( -0.2532788697130452000, 4.199999999999997500, -2.638864862993071100 ) ) ;
#2052 = CARTESIAN_POINT ( 'NONE',  ( 0.6032893042787352800, 4.199999999999994800, -2.927336903666394500 ) ) ;
#2053 = CARTESIAN_POINT ( 'NONE',  ( 0.5106413617645558800, 4.209999999999997300, -2.620851900221099900 ) ) ;
#2054 = CARTESIAN_POINT ( 'NONE',  ( 0.3815274658664287200, 4.199999999999994000, -3.091512944108377500 ) ) ;
#2055 = CARTESIAN_POINT ( 'NONE',  ( 0.4308187712791190500, 4.209999999999996400, -2.640871327723069300 ) ) ;
#2056 = CARTESIAN_POINT ( 'NONE',  ( -2.384260044619015900, 4.200000000000001100, -1.254295199003393900 ) ) ;
#2057 = CARTESIAN_POINT ( 'NONE',  ( 1.459245747184854100, 4.200000000000001100, -1.721109079123141600 ) ) ;
#2058 = CARTESIAN_POINT ( 'NONE',  ( 0.8814799554792400700, 4.209999999999996400, -2.450091449402837600 ) ) ;
#2059 = B_SPLINE_SURFACE_WITH_KNOTS ( 'NONE', 3, 1, ( 
 ( #6090, #3604 ),
 ( #4880, #1109 ),
 ( #5493, #1736 ),
 ( #6123, #2383 ),
 ( #6737, #3019 ),
 ( #7372, #3625 ),
 ( #8005, #4259 ),
 ( #506, #4907 ),
 ( #1140, #5526 ),
 ( #1758, #6154 ),
 ( #2416, #6865 ),
 ( #3141, #7515 ),
 ( #3762, #11 ),
 ( #4390, #642 ),
 ( #5034, #1266 ),
 ( #5661, #1903 ),
 ( #6271, #2542 ),
 ( #6900, #3171 ),
 ( #7536, #3796 ) ),
 .UNSPECIFIED., .F., .F., .F.,
 ( 4, 1, 1, 1, 1, 1, 1, 1, 1, 1, 1, 1, 1, 1, 1, 1, 4 ),
 ( 2, 2 ),
 ( 0.0000000000000000000, 0.07112473019510344400, 0.1389303106823050200, 0.2044975387198541300, 0.2680295764597179800, 0.3304856442116228000, 0.3924643337460564900, 0.4541134535558584700, 0.5165847615578016400, 0.5786647410820431300, 0.6393049890153267300, 0.6980960124288573300, 0.7570390469942351900, 0.8160111453779026500, 0.8757912940871970300, 0.9369100290002264600, 1.000000000000000000 ),
 ( 0.0000000000000000000, 1.000000000000000000 ),
 .UNSPECIFIED. ) ;
#2060 = CARTESIAN_POINT ( 'NONE',  ( -0.7047306167565399200, 4.199999999999996600, -2.651704427378002400 ) ) ;
#2061 = DIRECTION ( 'NONE',  ( 0.5518384118328618600, 0.0000000000000000000, -0.8339510580518408900 ) ) ;
#2062 = CARTESIAN_POINT ( 'NONE',  ( 5.510910596163089600E-016, 0.2999999999999999900, 2.000000000000000000 ) ) ;
#2063 = CARTESIAN_POINT ( 'NONE',  ( -0.5464578285252451600, 4.200000000000000200, 3.099665549985374000 ) ) ;
#2064 = CARTESIAN_POINT ( 'NONE',  ( -1.289173802485118900, 4.210000000000000000, -1.871700617176565600 ) ) ;
#2066 = CARTESIAN_POINT ( 'NONE',  ( 0.8189439072916924200, 4.199999999999998400, -2.579404191176580600 ) ) ;
#2065 = CARTESIAN_POINT ( 'NONE',  ( 2.221601327117742400, 4.200000000000000200, -1.203596367891167900 ) ) ;
#2067 = CARTESIAN_POINT ( 'NONE',  ( 0.5265445000770133700, 4.209999999999995500, -2.832044155086281400 ) ) ;
#2068 = CARTESIAN_POINT ( 'NONE',  ( 1.720592637596486800, 4.200000000000001100, -2.055295278884060400 ) ) ;
#2069 = CARTESIAN_POINT ( 'NONE',  ( 1.475896635836138500, 4.209999999999998200, -2.036890051186979200 ) ) ;
#2070 = ORIENTED_EDGE ( 'NONE', *, *, #6864, .T. ) ;
#2071 = CARTESIAN_POINT ( 'NONE',  ( -2.175401867116365300, 4.209999999999995500, -1.899210080590620200 ) ) ;
#2072 = CARTESIAN_POINT ( 'NONE',  ( 5.510910596163089600E-016, 0.0000000000000000000, -2.000000000000000000 ) ) ;
#2073 = VERTEX_POINT ( 'NONE', #7077 ) ;
#2074 = ORIENTED_EDGE ( 'NONE', *, *, #5694, .T. ) ;
#2075 = CARTESIAN_POINT ( 'NONE',  ( 0.4092846630216513400, 4.210000000000000900, -2.370300574655379100 ) ) ;
#2076 = CARTESIAN_POINT ( 'NONE',  ( -1.998271441623060000, 4.199999999999998400, -1.665437208856262600 ) ) ;
#2077 = ORIENTED_EDGE ( 'NONE', *, *, #2858, .T. ) ;
#2078 = CARTESIAN_POINT ( 'NONE',  ( 0.6287342270439412200, 4.209999999999996400, -2.752265827234176200 ) ) ;
#2079 = CARTESIAN_POINT ( 'NONE',  ( 0.3872103203919197200, 4.200000000000000200, -2.543716372579171400 ) ) ;
#2080 = CARTESIAN_POINT ( 'NONE',  ( 1.744226800020501900, 4.209999999999993700, -2.443080450432249900 ) ) ;
#2081 = CARTESIAN_POINT ( 'NONE',  ( 1.436359753967463700, 4.210000000000000000, -1.740016643991944400 ) ) ;
#2082 = DIRECTION ( 'NONE',  ( 0.0000000000000000000, -1.000000000000000000, 0.0000000000000000000 ) ) ;
#2083 = VERTEX_POINT ( 'NONE', #2081 ) ;
#2084 = DIRECTION ( 'NONE',  ( 3.147829924388884200E-015, -1.000000000000000000, 7.720777734406035500E-015 ) ) ;
#2085 = B_SPLINE_CURVE_WITH_KNOTS ( 'NONE', 3,
 ( #7473, #6829, #8093, #4352, #598, #4995, #1233, #5619, #1855, #6239, #2505 ),
 .UNSPECIFIED., .F., .F.,
 ( 4, 1, 1, 1, 1, 1, 1, 1, 4 ),
 ( 0.0000000000000000000, 0.1292235386810191600, 0.2547141996250260100, 0.3751299739965528500, 0.4953321503739702700, 0.6155610472533010700, 0.7391624866900589100, 0.8662808176937782900, 1.000000000000000000 ),
 .UNSPECIFIED. ) ;
#2086 = CIRCLE ( 'NONE', #7958, 4.500000000000000000 ) ;
#2087 = CARTESIAN_POINT ( 'NONE',  ( 0.8502595676719260100, 4.199999999999997500, -2.265266829145645000 ) ) ;
#2088 = CARTESIAN_POINT ( 'NONE',  ( -0.1636899660950432200, 4.209999999999998200, -2.395499058318475000 ) ) ;
#2089 = ORIENTED_EDGE ( 'NONE', *, *, #7776, .F. ) ;
#2090 = EDGE_CURVE ( 'NONE', #7071, #3499, #2106, .T. ) ;
#2091 = CARTESIAN_POINT ( 'NONE',  ( -0.5765103626379302100, 4.209999999999996400, -2.540709196770830400 ) ) ;
#2092 = VERTEX_POINT ( 'NONE', #6447 ) ;
#2093 = CARTESIAN_POINT ( 'NONE',  ( -2.541686999534642900, 4.199999999999996600, -1.605292200549184100 ) ) ;
#2094 = ORIENTED_EDGE ( 'NONE', *, *, #3038, .F. ) ;
#2095 = CARTESIAN_POINT ( 'NONE',  ( 1.858968863085549900, 4.209999999999996400, -1.982479734673588500 ) ) ;
#2096 = FACE_OUTER_BOUND ( 'NONE', #4412, .T. ) ;
#2097 = CARTESIAN_POINT ( 'NONE',  ( -0.2460785781969911100, 4.209999999999998200, -2.482016425349098400 ) ) ;
#2099 = CARTESIAN_POINT ( 'NONE',  ( 1.612866926461451900, 4.210000000000000000, -1.664763241612583300 ) ) ;
#2098 = CARTESIAN_POINT ( 'NONE',  ( 0.3854736268777442200, 4.199999999999995700, -3.004825838486362400 ) ) ;
#2100 = CARTESIAN_POINT ( 'NONE',  ( 0.4070927173604546000, 4.209999999999995500, -3.001564438429748600 ) ) ;
#2101 = CARTESIAN_POINT ( 'NONE',  ( -0.3216064386218265300, 4.209999999999994600, -3.052745574003223900 ) ) ;
#2102 = ORIENTED_EDGE ( 'NONE', *, *, #440, .F. ) ;
#2103 = CARTESIAN_POINT ( 'NONE',  ( 1.440645134849207300, 4.199999999999999300, -1.947756091810252300 ) ) ;
#2104 = AXIS2_PLACEMENT_3D ( 'NONE', #5622, #1858, #6241 ) ;
#2105 = CARTESIAN_POINT ( 'NONE',  ( -2.467172802723470500, 4.209999999999997300, -1.171813995338424800 ) ) ;
#2106 = LINE ( 'NONE', #5835, #2497 ) ;
#2107 = COORDINATED_UNIVERSAL_TIME_OFFSET ( 8, 0, .BEHIND. ) ;
#2108 = DIRECTION ( 'NONE',  ( 0.0000000000000000000, -1.000000000000000000, 0.0000000000000000000 ) ) ;
#2109 = DIRECTION ( 'NONE',  ( 0.0000000000000000000, -1.000000000000000000, 0.0000000000000000000 ) ) ;
#2110 = ORIENTED_EDGE ( 'NONE', *, *, #1468, .T. ) ;
#2111 = CARTESIAN_POINT ( 'NONE',  ( 1.994693006324582000, 4.200000000000000200, -2.392777882021430300 ) ) ;
#2112 = VECTOR ( 'NONE', #3181, 1000.000000000000000 ) ;
#2113 = DIRECTION ( 'NONE',  ( 0.0000000000000000000, -1.000000000000000000, 0.0000000000000000000 ) ) ;
#2114 = CARTESIAN_POINT ( 'NONE',  ( 1.994693006324582000, 4.209999999999993700, -2.392777882021430300 ) ) ;
#2115 = CARTESIAN_POINT ( 'NONE',  ( 1.449868819188254100, 4.209999999999999100, -1.861088955321136100 ) ) ;
#2116 = CIRCLE ( 'NONE', #7347, 0.2999999999999999300 ) ;
#2117 = CARTESIAN_POINT ( 'NONE',  ( 0.9176879461719396100, 4.209999999999999100, -2.161478857918630100 ) ) ;
#2118 = CARTESIAN_POINT ( 'NONE',  ( -0.3512041083881963200, 4.210000000000000900, -2.235272054986406200 ) ) ;
#2119 = CARTESIAN_POINT ( 'NONE',  ( -0.3895346148937997000, 4.209999999999999100, -2.315889133525459900 ) ) ;
#2120 = ADVANCED_FACE ( 'NONE', ( #237 ), #3373, .T. ) ;
#2121 = CIRCLE ( 'NONE', #3302, 0.7000000000000000700 ) ;
#2122 = CARTESIAN_POINT ( 'NONE',  ( -2.531969052099958300, 4.209999999999995500, -1.418095579996192500 ) ) ;
#2123 = VECTOR ( 'NONE', #7480, 1000.000000000000000 ) ;
#2124 = CARTESIAN_POINT ( 'NONE',  ( 1.835567830079184700, 4.209999999999998200, -1.769230418177292400 ) ) ;
#2125 = EDGE_CURVE ( 'NONE', #1235, #2395, #7897, .T. ) ;
#2126 = CARTESIAN_POINT ( 'NONE',  ( -0.5964461884915704900, 4.199999999999995700, -2.899641047461738900 ) ) ;
#2127 = CARTESIAN_POINT ( 'NONE',  ( 0.3253305105843878900, 4.199999999999996600, -2.999452600254090700 ) ) ;
#2128 = EDGE_CURVE ( 'NONE', #3492, #5991, #1891, .T. ) ;
#2129 = CARTESIAN_POINT ( 'NONE',  ( -0.1550901739091391500, 4.200000000000003700, -2.703615097949041900 ) ) ;
#2130 = EDGE_LOOP ( 'NONE', ( #5604, #119, #7887, #2681 ) ) ;
#2131 = CARTESIAN_POINT ( 'NONE',  ( -0.1599160618041841100, 4.209999999999994600, -2.733273787864587000 ) ) ;
#2132 = CARTESIAN_POINT ( 'NONE',  ( 1.455630867645619300, 4.209999999999999100, -1.848478858942518100 ) ) ;
#2133 = VERTEX_POINT ( 'NONE', #3966 ) ;
#2134 = LINE ( 'NONE', #6075, #3786 ) ;
#2135 = ORIENTED_EDGE ( 'NONE', *, *, #1600, .T. ) ;
#2136 = PERSON_AND_ORGANIZATION_ROLE ( 'design_owner' ) ;
#2137 = CARTESIAN_POINT ( 'NONE',  ( -2.656335411912253100, 4.209999999999994600, -1.481702493014575200 ) ) ;
#2139 = ORIENTED_EDGE ( 'NONE', *, *, #6516, .T. ) ;
#2138 = DIRECTION ( 'NONE',  ( -0.0000000000000000000, 1.000000000000000000, -0.0000000000000000000 ) ) ;
#2140 = B_SPLINE_SURFACE_WITH_KNOTS ( 'NONE', 3, 1, ( 
 ( #2402, #6677 ),
 ( #6749, #3037 ),
 ( #7390, #3642 ),
 ( #8015, #4278 ),
 ( #528, #4920 ),
 ( #1154, #5543 ),
 ( #1778, #6164 ),
 ( #2430, #6783 ),
 ( #3055, #7421 ),
 ( #3673, #8043 ),
 ( #4302, #553 ),
 ( #4950, #1175 ),
 ( #5572, #1805 ),
 ( #6183, #2452 ),
 ( #6811, #3082 ),
 ( #7443, #3702 ),
 ( #8068, #4324 ),
 ( #572, #4976 ),
 ( #1204, #5590 ) ),
 .UNSPECIFIED., .F., .F., .F.,
 ( 4, 1, 1, 1, 1, 1, 1, 1, 1, 1, 1, 1, 1, 1, 1, 1, 4 ),
 ( 2, 2 ),
 ( 0.0000000000000000000, 0.04068447172380160900, 0.08079553695228351700, 0.1202131010135472200, 0.1601390948119556000, 0.2011725972391909000, 0.2439269483287218900, 0.2889452071545939300, 0.3369647488674184000, 0.3894181247305864600, 0.4494660926809447800, 0.5178200516666503500, 0.5952270497231554300, 0.6817333696197076500, 0.7780125296199712500, 0.8838956102974663300, 1.000000000000000000 ),
 ( 0.0000000000000000000, 1.000000000000000000 ),
 .UNSPECIFIED. ) ;
#2141 = CARTESIAN_POINT ( 'NONE',  ( 0.7666511823671248200, 4.200000000000000200, -2.206238405580898600 ) ) ;
#2142 = EDGE_CURVE ( 'NONE', #6613, #4648, #5043, .T. ) ;
#2143 = CARTESIAN_POINT ( 'NONE',  ( -0.7012152766673412900, 4.209999999999997300, -2.628231411068077300 ) ) ;
#2144 = CARTESIAN_POINT ( 'NONE',  ( 0.5611422487769850400, 4.209999999999995500, -2.997167066783656100 ) ) ;
#2145 = CARTESIAN_POINT ( 'NONE',  ( 0.8729198798650140700, 4.210000000000000000, -2.088383420774766000 ) ) ;
#2146 = EDGE_CURVE ( 'NONE', #7662, #6678, #36, .T. ) ;
#2147 = CARTESIAN_POINT ( 'NONE',  ( 1.667644344692589500, 4.209999999999995500, -2.398627619164569700 ) ) ;
#2148 = CARTESIAN_POINT ( 'NONE',  ( 0.7563721511984425900, 4.209999999999999100, -2.243497948914419600 ) ) ;
#2149 = CARTESIAN_POINT ( 'NONE',  ( -0.6092658787560361100, 4.199999999999998400, -2.344937202037882300 ) ) ;
#2150 = ORIENTED_EDGE ( 'NONE', *, *, #7720, .T. ) ;
#2151 = CARTESIAN_POINT ( 'NONE',  ( -2.549727038864564800, 4.209999999999992000, -1.786265840868942200 ) ) ;
#2152 = CARTESIAN_POINT ( 'NONE',  ( 1.308158246074559300, 4.199999999999996600, -2.327862608026857800 ) ) ;
#2153 = DIRECTION ( 'NONE',  ( 0.0000000000000000000, -1.000000000000000000, 0.0000000000000000000 ) ) ;
#2154 = CARTESIAN_POINT ( 'NONE',  ( 0.1937586722407250700, 4.199999999999997500, -2.828608813603745700 ) ) ;
#2155 = CARTESIAN_POINT ( 'NONE',  ( -0.1717256716834263100, 4.200000000000000200, -2.375696089221789100 ) ) ;
#2156 = CARTESIAN_POINT ( 'NONE',  ( 0.1235312700418419600, 4.209999999999994600, -2.958380942453322100 ) ) ;
#2157 = CARTESIAN_POINT ( 'NONE',  ( 5.878304635907295200E-016, -4.799999999999999800, 1.700000000000000200 ) ) ;
#2158 = DATE_TIME_ROLE ( 'classification_date' ) ;
#2159 = CARTESIAN_POINT ( 'NONE',  ( 5.510910596163089600E-016, -4.799999999999999800, -1.700000000000000200 ) ) ;
#2160 = ADVANCED_FACE ( 'NONE', ( #6498 ), #1395, .T. ) ;
#2161 = AXIS2_PLACEMENT_3D ( 'NONE', #5632, #1869, #6248 ) ;
#2162 = CARTESIAN_POINT ( 'NONE',  ( -2.507670778965174700, 4.209999999999996400, -1.375064959134618900 ) ) ;
#2163 = CARTESIAN_POINT ( 'NONE',  ( -2.392904329127113700, 4.209999999999994600, -1.906951633221809100 ) ) ;
#2164 = CARTESIAN_POINT ( 'NONE',  ( -1.860788085236049900, 4.210000000000000000, -1.249385015998748100 ) ) ;
#2165 = EDGE_CURVE ( 'NONE', #3268, #4746, #7961, .T. ) ;
#2166 = CARTESIAN_POINT ( 'NONE',  ( -0.7128981741672672000, 4.200000000000000200, -2.807834555198213300 ) ) ;
#2167 = CARTESIAN_POINT ( 'NONE',  ( 0.6235551245481258900, 4.209999999999998200, -2.684064439909329200 ) ) ;
#2168 = PLANE ( 'NONE',  #6911 ) ;
#2169 = CARTESIAN_POINT ( 'NONE',  ( 1.787341838087540300, 4.199999999999996600, -2.455152391577811500 ) ) ;
#2170 = VERTEX_POINT ( 'NONE', #7037 ) ;
#2171 = CARTESIAN_POINT ( 'NONE',  ( -1.771021791777901000, 4.210000000000000000, -1.442512417636588000 ) ) ;
#2172 = CARTESIAN_POINT ( 'NONE',  ( -0.6994144877383444700, 4.209999999999997300, -2.616206984745584200 ) ) ;
#2173 = ORIENTED_EDGE ( 'NONE', *, *, #7879, .T. ) ;
#2174 = EDGE_CURVE ( 'NONE', #298, #196, #4654, .T. ) ;
#2175 = CARTESIAN_POINT ( 'NONE',  ( 2.435179839680474700, 4.209999999999994600, -1.486503449675667900 ) ) ;
#2176 = ORIENTED_EDGE ( 'NONE', *, *, #2541, .F. ) ;
#2177 = CARTESIAN_POINT ( 'NONE',  ( 1.852922199400895100, 4.199999999999995700, -2.457840688474018700 ) ) ;
#2178 = CARTESIAN_POINT ( 'NONE',  ( -2.409568569663309100, 4.199999999999996600, -1.900080669048297400 ) ) ;
#2179 = EDGE_CURVE ( 'NONE', #1314, #3464, #6438, .T. ) ;
#2180 = CARTESIAN_POINT ( 'NONE',  ( 1.199755955534653800, 4.209999999999999100, -2.153137820378611300 ) ) ;
#2181 = ORIENTED_EDGE ( 'NONE', *, *, #7304, .F. ) ;
#2182 = CARTESIAN_POINT ( 'NONE',  ( 1.790303301302595100, 4.209999999999996400, -2.108555771154074800 ) ) ;
#2183 = CARTESIAN_POINT ( 'NONE',  ( 1.215832827870355400, 4.200000000000000200, -2.172094284526394400 ) ) ;
#2184 = CARTESIAN_POINT ( 'NONE',  ( -0.3586526035282788800, 4.200000000000000200, -2.233981759504906100 ) ) ;
#2185 = ORIENTED_EDGE ( 'NONE', *, *, #1238, .F. ) ;
#2186 = CARTESIAN_POINT ( 'NONE',  ( 0.3907178456745743500, 4.209999999999993700, -3.090427229038879500 ) ) ;
#2187 = CARTESIAN_POINT ( 'NONE',  ( 0.1522544139785293700, 4.200000000000003700, -2.279410386700064400 ) ) ;
#2188 = VECTOR ( 'NONE', #7478, 1000.000000000000000 ) ;
#2189 = ORIENTED_EDGE ( 'NONE', *, *, #5102, .F. ) ;
#2190 = PLANE ( 'NONE',  #7238 ) ;
#2191 = EDGE_CURVE ( 'NONE', #3890, #2665, #1301, .T. ) ;
#2192 = VERTEX_POINT ( 'NONE', #7721 ) ;
#2193 = CARTESIAN_POINT ( 'NONE',  ( -0.5863252192061057000, 4.209999999999994600, -2.923403361784502300 ) ) ;
#2194 = VERTEX_POINT ( 'NONE', #5249 ) ;
#2195 = CARTESIAN_POINT ( 'NONE',  ( 0.2715936612929004100, 4.199999999999999300, -2.543696002785966700 ) ) ;
#2196 = CARTESIAN_POINT ( 'NONE',  ( -2.170467431516231600, 4.209999999999998200, -1.070826028774367600 ) ) ;
#2197 = VECTOR ( 'NONE', #7614, 1000.000000000000000 ) ;
#2198 = VERTEX_POINT ( 'NONE', #3920 ) ;
#2199 = CARTESIAN_POINT ( 'NONE',  ( -0.6733079786699213100, 4.209999999999993700, -2.963855629207809500 ) ) ;
#2200 = CARTESIAN_POINT ( 'NONE',  ( 0.5231969994938883200, 4.209999999999996400, -2.790259080370737400 ) ) ;
#2201 = DIRECTION ( 'NONE',  ( -0.9259947745106934500, 0.0000000000000000000, 0.3775363261712572600 ) ) ;
#2202 = VERTEX_POINT ( 'NONE', #1473 ) ;
#2203 = ORIENTED_EDGE ( 'NONE', *, *, #4, .T. ) ;
#2204 = CARTESIAN_POINT ( 'NONE',  ( 0.7588846822388059000, 4.209999999999999100, -2.232261721480155900 ) ) ;
#2205 = CARTESIAN_POINT ( 'NONE',  ( -0.7136543142623671400, 4.199999999999996600, -2.779900429219539900 ) ) ;
#2206 = EDGE_CURVE ( 'NONE', #1968, #2306, #4998, .T. ) ;
#2207 = LINE ( 'NONE', #2553, #3657 ) ;
#2208 = CARTESIAN_POINT ( 'NONE',  ( 2.519723965777403300, 4.199999999999995700, -1.593425917069204000 ) ) ;
#2209 = ADVANCED_FACE ( 'NONE', ( #7771 ), #6491, .T. ) ;
#2210 = DIRECTION ( 'NONE',  ( -1.000000000000000000, 0.0000000000000000000, 0.0000000000000000000 ) ) ;
#2211 = CARTESIAN_POINT ( 'NONE',  ( -2.253559330183155600, 4.209999999999994600, -1.920040669015730100 ) ) ;
#2212 = EDGE_LOOP ( 'NONE', ( #4693, #1983, #3108, #6366, #7173, #2176, #8041, #6115, #1089, #7944, #2523, #4639 ) ) ;
#2213 = CARTESIAN_POINT ( 'NONE',  ( 1.096904859705360100, 4.199999999999999300, -2.073849348048068200 ) ) ;
#2214 = VECTOR ( 'NONE', #2899, 999.9999999999998900 ) ;
#2215 = CARTESIAN_POINT ( 'NONE',  ( 0.9815849715508653300, 4.200000000000001100, -2.053229645298460000 ) ) ;
#2216 = DIRECTION ( 'NONE',  ( 0.0000000000000000000, -1.000000000000000000, 0.0000000000000000000 ) ) ;
#2217 = CARTESIAN_POINT ( 'NONE',  ( 0.06516506707457056500, 4.209999999999998200, -2.392245384453228800 ) ) ;
#2218 = LINE ( 'NONE', #6355, #6989 ) ;
#2219 = EDGE_LOOP ( 'NONE', ( #3473, #1771, #7463, #539 ) ) ;
#2220 = ADVANCED_FACE ( 'NONE', ( #6294 ), #4062, .T. ) ;
#2221 = CARTESIAN_POINT ( 'NONE',  ( -2.290352365542626300, 4.199999999999995700, -1.923791415737055500 ) ) ;
#2222 = CARTESIAN_POINT ( 'NONE',  ( 0.1524248239939171300, 4.209999999999998200, -2.477962266183080700 ) ) ;
#2223 = LINE ( 'NONE', #791, #5350 ) ;
#2224 = CARTESIAN_POINT ( 'NONE',  ( 1.866404275492616000, 4.209999999999998200, -1.966565455167667500 ) ) ;
#2225 = CARTESIAN_POINT ( 'NONE',  ( 0.08477364732199355000, 4.199999999999997500, -2.788311712438162900 ) ) ;
#2226 = FACE_OUTER_BOUND ( 'NONE', #6281, .T. ) ;
#2227 = CARTESIAN_POINT ( 'NONE',  ( -0.5944086070678027400, 4.199999999999996600, -3.051061657786960700 ) ) ;
#2228 = ORIENTED_EDGE ( 'NONE', *, *, #5325, .F. ) ;
#2229 = VERTEX_POINT ( 'NONE', #308 ) ;
#2230 = CARTESIAN_POINT ( 'NONE',  ( 0.8115374790748499700, 4.209999999999998200, -2.561824974208463300 ) ) ;
#2231 = CARTESIAN_POINT ( 'NONE',  ( -0.6105564458609116200, 4.199999999999994800, -3.039786153915769800 ) ) ;
#2232 = VECTOR ( 'NONE', #4716, 1000.000000000000000 ) ;
#2233 = CARTESIAN_POINT ( 'NONE',  ( 0.0000000000000000000, 0.2999999999999999900, 0.0000000000000000000 ) ) ;
#2234 = CARTESIAN_POINT ( 'NONE',  ( 1.338084349431994300, 4.210000000000000000, -1.934149505201041600 ) ) ;
#2235 = CARTESIAN_POINT ( 'NONE',  ( 0.1524248239939164600, 4.200000000000000200, -2.477962266183081100 ) ) ;
#2236 = ORIENTED_EDGE ( 'NONE', *, *, #2280, .T. ) ;
#2237 = CARTESIAN_POINT ( 'NONE',  ( 0.9613351181752665100, 4.209999999999999100, -2.056221021674209800 ) ) ;
#2238 = ORIENTED_EDGE ( 'NONE', *, *, #3794, .F. ) ;
#2239 = VECTOR ( 'NONE', #7512, 1000.000000000000000 ) ;
#2240 = CARTESIAN_POINT ( 'NONE',  ( 0.9970925096047336100, 4.199999999999995700, -2.691241470516450500 ) ) ;
#2241 = CARTESIAN_POINT ( 'NONE',  ( -0.5308243372252371400, 4.210000000000000000, -2.407184309635310700 ) ) ;
#2242 = CARTESIAN_POINT ( 'NONE',  ( -0.2380245597512424300, 4.199999999999995700, -2.961533382086347600 ) ) ;
#2243 = B_SPLINE_CURVE_WITH_KNOTS ( 'NONE', 3,
 ( #7322, #2961, #458, #4851, #1081, #5470, #1710, #6093, #2361, #6718, #2993, #7341, #3606, #7977, #4228, #479, #4884, #1111, #5494, #1737, #6127, #2386, #6738, #3022, #7375, #3627, #8006 ),
 .UNSPECIFIED., .F., .F.,
 ( 4, 1, 1, 1, 1, 1, 1, 1, 1, 1, 1, 1, 1, 1, 1, 1, 1, 1, 1, 1, 1, 1, 1, 1, 4 ),
 ( 0.0000000000000000000, 0.03603840928290494300, 0.07137022724816198500, 0.1061623581883906500, 0.1409256453628491600, 0.1755798967340765300, 0.2101748886402475300, 0.2453424288340128000, 0.2808814129387692800, 0.3164306595283213300, 0.3521947380527800100, 0.3877119045316682100, 0.4236261086232409000, 0.4599367761271676600, 0.4968650332150764700, 0.5347429332724923400, 0.5736376153592132000, 0.6146948646795756800, 0.6586691976842121700, 0.7063258350578347500, 0.7572641007573430700, 0.8121989822690838200, 0.8710078634540126000, 0.9333653670573907000, 1.000000000000000000 ),
 .UNSPECIFIED. ) ;
#2244 = DIRECTION ( 'NONE',  ( 0.0000000000000000000, -5.691847473101422500E-015, -1.000000000000000000 ) ) ;
#2245 = ADVANCED_FACE ( 'NONE', ( #4444 ), #4802, .T. ) ;
#2246 = CARTESIAN_POINT ( 'NONE',  ( 0.8585989529946241900, 4.199999999999999300, -2.375209253512043700 ) ) ;
#2247 = CARTESIAN_POINT ( 'NONE',  ( 1.878652304558971400, 4.199999999999997500, -1.866791877885638300 ) ) ;
#2248 = CARTESIAN_POINT ( 'NONE',  ( 1.298032784061046400, 4.209999999999993700, -2.833433236595855200 ) ) ;
#2249 = CARTESIAN_POINT ( 'NONE',  ( 0.8078884504662121600, 4.200000000000000200, -2.138792947967746100 ) ) ;
#2250 = EDGE_CURVE ( 'NONE', #5754, #2426, #1110, .T. ) ;
#2251 = CARTESIAN_POINT ( 'NONE',  ( -2.238140041234804000, 4.199999999999996600, -1.808692459799608600 ) ) ;
#2252 = CARTESIAN_POINT ( 'NONE',  ( -1.911712275856098300, 4.209999999999996400, -1.355454922130823200 ) ) ;
#2253 = CARTESIAN_POINT ( 'NONE',  ( 0.9832331607811668500, 4.200000000000002800, -2.142172534853542800 ) ) ;
#2254 = ADVANCED_FACE ( 'NONE', ( #7576 ), #5956, .T. ) ;
#2255 = CARTESIAN_POINT ( 'NONE',  ( 2.038249839498368600, 4.209999999999995500, -2.066658426804816300 ) ) ;
#2256 = DIRECTION ( 'NONE',  ( 0.5964097545692538200, -6.361541600679663000E-015, -0.8026801384453476900 ) ) ;
#2257 = CARTESIAN_POINT ( 'NONE',  ( 1.078761923710187100, 4.209999999999994600, -2.776383909970204600 ) ) ;
#2258 = CARTESIAN_POINT ( 'NONE',  ( 0.09562184269871375200, 4.200000000000000200, 3.099665549985374000 ) ) ;
#2259 = AXIS2_PLACEMENT_3D ( 'NONE', #7553, #6917, #3809 ) ;
#2260 = CARTESIAN_POINT ( 'NONE',  ( 1.846545327000859200, 4.200000000000000200, -1.784989964693800800 ) ) ;
#2261 = CARTESIAN_POINT ( 'NONE',  ( 1.749313819482302600, 4.209999999999998200, -1.837194986071289900 ) ) ;
#2262 = CARTESIAN_POINT ( 'NONE',  ( -0.4402916972930044400, 4.200000000000000200, -2.324508508848027100 ) ) ;
#2263 = DIRECTION ( 'NONE',  ( 0.0000000000000000000, 0.0000000000000000000, -1.000000000000000000 ) ) ;
#2264 = CARTESIAN_POINT ( 'NONE',  ( 1.279667554592470700, 4.209999999999995500, -2.713040073093073300 ) ) ;
#2265 = CARTESIAN_POINT ( 'NONE',  ( -3.588523373199638700, 0.2999999999999999900, -1.249999999999952700 ) ) ;
#2266 = ORIENTED_EDGE ( 'NONE', *, *, #1268, .T. ) ;
#2267 = CARTESIAN_POINT ( 'NONE',  ( 0.9333450869807556900, 4.200000000000001100, -2.153950345585571300 ) ) ;
#2268 = CARTESIAN_POINT ( 'NONE',  ( 1.827196380983108900, 4.209999999999999100, -1.759246484037964200 ) ) ;
#2269 = CARTESIAN_POINT ( 'NONE',  ( 1.387216857459661700, 4.199999999999994000, -2.685670860391197000 ) ) ;
#2270 = ORIENTED_EDGE ( 'NONE', *, *, #3180, .F. ) ;
#2271 = CARTESIAN_POINT ( 'NONE',  ( -0.5623015609063303200, 4.199999999999999300, -2.290093725874605500 ) ) ;
#2272 = ORIENTED_EDGE ( 'NONE', *, *, #137, .T. ) ;
#2273 = CARTESIAN_POINT ( 'NONE',  ( -2.477569463615714600, 4.199999999999995700, -1.723220209900081700 ) ) ;
#2274 = CARTESIAN_POINT ( 'NONE',  ( -1.864687335240271500, 4.200000000000000200, -1.552244700004747900 ) ) ;
#2275 = VERTEX_POINT ( 'NONE', #1048 ) ;
#2276 = CARTESIAN_POINT ( 'NONE',  ( 1.108321824882085200, 4.209999999999999100, -2.200937095510159900 ) ) ;
#2277 = CARTESIAN_POINT ( 'NONE',  ( 1.660827768944995100, 4.209999999999995500, -2.393329042041942900 ) ) ;
#2278 = VERTEX_POINT ( 'NONE', #2292 ) ;
#2279 = DIRECTION ( 'NONE',  ( 0.0000000000000000000, 0.0000000000000000000, 1.000000000000000000 ) ) ;
#2280 = EDGE_CURVE ( 'NONE', #4318, #1363, #2797, .T. ) ;
#2281 = DIRECTION ( 'NONE',  ( -0.8091657259084742400, 0.0000000000000000000, 0.5875804864144246200 ) ) ;
#2282 = ADVANCED_FACE ( 'NONE', ( #3179 ), #7374, .F. ) ;
#2283 = EDGE_CURVE ( 'NONE', #6370, #6140, #920, .T. ) ;
#2284 = EDGE_LOOP ( 'NONE', ( #2936, #1225, #1881, #2295, #3591, #5898, #6670, #2919, #361, #8075, #3624, #4230 ) ) ;
#2285 = PRODUCT_RELATED_PRODUCT_CATEGORY ( 'detail', '', ( #2768 ) ) ;
#2286 = CARTESIAN_POINT ( 'NONE',  ( -0.4832444660801925600, 4.209999999999994600, -3.001256295087193900 ) ) ;
#2287 = CARTESIAN_POINT ( 'NONE',  ( 0.3656915662822918800, 4.209999999999998200, -2.247120150981740200 ) ) ;
#2288 = VECTOR ( 'NONE', #1402, 1000.000000000000000 ) ;
#2289 = CARTESIAN_POINT ( 'NONE',  ( 0.3859442706999095500, 4.210000000000001700, -2.252876567521447300 ) ) ;
#2290 = EDGE_LOOP ( 'NONE', ( #6883, #3735, #6481, #6029 ) ) ;
#2291 = CARTESIAN_POINT ( 'NONE',  ( 1.780696168856803000, 4.199999999999996600, -1.927047353606117700 ) ) ;
#2292 = CARTESIAN_POINT ( 'NONE',  ( 1.249999999999999600, 0.2999999999999999900, 4.322904116447644700 ) ) ;
#2293 = VERTEX_POINT ( 'NONE', #7933 ) ;
#2294 = B_SPLINE_CURVE_WITH_KNOTS ( 'NONE', 3,
 ( #1167, #4937, #1701, #4023, #279, #4672, #903, #5295, #1531, #5918, #2177, #6542, #2812, #7161, #3426, #7801, #4054, #302, #4699 ),
 .UNSPECIFIED., .F., .F.,
 ( 4, 1, 1, 1, 1, 1, 1, 1, 1, 1, 1, 1, 1, 1, 1, 1, 4 ),
 ( 0.0000000000000000000, 0.07068460326100564600, 0.1380200896814754400, 0.2034412636573717500, 0.2664735016073681600, 0.3279435745086791700, 0.3884409218539293700, 0.4480095346037893900, 0.5080982809350322900, 0.5678570501110588000, 0.6268075423502588200, 0.6859026581593451500, 0.7458690020283763600, 0.8066123252838091100, 0.8689897545944113000, 0.9330894895775685400, 1.000000000000000000 ),
 .UNSPECIFIED. ) ;
#2295 = ORIENTED_EDGE ( 'NONE', *, *, #3194, .T. ) ;
#2296 = ADVANCED_FACE ( 'NONE', ( #2590 ), #5460, .T. ) ;
#2297 = CARTESIAN_POINT ( 'NONE',  ( -1.758785007142764400, 4.200000000000000200, -1.621281553475314900 ) ) ;
#2298 = CARTESIAN_POINT ( 'NONE',  ( -2.248703621736432000, 4.200000000000000200, -1.190028287887013900 ) ) ;
#2299 = FACE_OUTER_BOUND ( 'NONE', #3251, .T. ) ;
#2300 = EDGE_CURVE ( 'NONE', #2198, #6037, #4052, .T. ) ;
#2301 = CARTESIAN_POINT ( 'NONE',  ( -0.3111373992773836000, 4.209999999999994600, -2.886100196733467600 ) ) ;
#2302 = CARTESIAN_POINT ( 'NONE',  ( -2.575031150993469800, 4.200000000000000200, -1.750165043712550200 ) ) ;
#2303 = CARTESIAN_POINT ( 'NONE',  ( 1.370305200762773600, 4.209999999999997300, -2.487781196766418700 ) ) ;
#2304 = EDGE_CURVE ( 'NONE', #2229, #5312, #3531, .T. ) ;
#2305 = CARTESIAN_POINT ( 'NONE',  ( -2.281732209448319000, 4.209999999999999100, -1.082693258296721900 ) ) ;
#2306 = VERTEX_POINT ( 'NONE', #1748 ) ;
#2307 = CARTESIAN_POINT ( 'NONE',  ( -0.6994144877383444700, 4.199999999999998400, -2.616206984745584200 ) ) ;
#2308 = VECTOR ( 'NONE', #81, 1000.000000000000000 ) ;
#2309 = DIRECTION ( 'NONE',  ( -1.000000000000000000, 0.0000000000000000000, -3.087895789866445100E-014 ) ) ;
#2310 = CARTESIAN_POINT ( 'NONE',  ( 2.019456716277555000, 4.199999999999994000, -2.370157818508711300 ) ) ;
#2311 = LOCAL_TIME ( 13, 6, 2.000000000000000000, #3957 ) ;
#2312 = CARTESIAN_POINT ( 'NONE',  ( 1.218374260780163800, 4.200000000000000200, -2.387708381918651800 ) ) ;
#2313 = ORIENTED_EDGE ( 'NONE', *, *, #6360, .F. ) ;
#2314 = CARTESIAN_POINT ( 'NONE',  ( 2.020046274287173600, 4.199999999999996600, -2.047432661544078300 ) ) ;
#2315 = AXIS2_PLACEMENT_3D ( 'NONE', #3491, #2904, #7248 ) ;
#2316 = DIRECTION ( 'NONE',  ( 0.0000000000000000000, 0.0000000000000000000, 1.000000000000000000 ) ) ;
#2317 = CARTESIAN_POINT ( 'NONE',  ( -1.941563308821528900, 4.200000000000001100, -1.163775194498355400 ) ) ;
#2318 = CARTESIAN_POINT ( 'NONE',  ( 1.010039380886872800, 4.199999999999994800, -2.846188263248848700 ) ) ;
#2319 = LINE ( 'NONE', #4346, #7092 ) ;
#2320 = LINE ( 'NONE', #5993, #3765 ) ;
#2321 = CARTESIAN_POINT ( 'NONE',  ( -0.5568983166936829500, 4.199999999999995700, -2.965569256448210600 ) ) ;
#2322 = CARTESIAN_POINT ( 'NONE',  ( 0.2571943781377258300, 4.200000000000004600, -2.243096808470071300 ) ) ;
#2323 = CARTESIAN_POINT ( 'NONE',  ( -2.554119510684572900, 4.199999999999994800, -1.252806510752967600 ) ) ;
#2324 = CARTESIAN_POINT ( 'NONE',  ( 1.744804295851521700, 4.209999999999998200, -2.031085511163941000 ) ) ;
#2325 = VECTOR ( 'NONE', #435, 1000.000000000000000 ) ;
#2326 = AXIS2_PLACEMENT_3D ( 'NONE', #6685, #4741, #4201 ) ;
#2327 = CARTESIAN_POINT ( 'NONE',  ( 1.967882192991852900, 4.209999999999995500, -2.148540454668303100 ) ) ;
#2328 = VECTOR ( 'NONE', #5334, 1000.000000000000000 ) ;
#2329 = CARTESIAN_POINT ( 'NONE',  ( -1.954799930790829900, 4.199999999999999300, -1.291355461288993700 ) ) ;
#2330 = ADVANCED_FACE ( 'NONE', ( #5916 ), #2140, .T. ) ;
#2331 = DIRECTION ( 'NONE',  ( 0.5876927385867692900, 7.034407914149032300E-015, 0.8090842014354149300 ) ) ;
#2333 = EDGE_LOOP ( 'NONE', ( #802, #309, #2003, #3733 ) ) ;
#2332 = CARTESIAN_POINT ( 'NONE',  ( 1.322644482888268000, 4.199999999999998400, -2.360343360303732000 ) ) ;
#2334 = CARTESIAN_POINT ( 'NONE',  ( -2.433444969441953500, 4.200000000000000200, -1.149044617640073700 ) ) ;
#2335 = ORIENTED_EDGE ( 'NONE', *, *, #3452, .F. ) ;
#2336 = FACE_OUTER_BOUND ( 'NONE', #3833, .T. ) ;
#2337 = ORIENTED_EDGE ( 'NONE', *, *, #5864, .F. ) ;
#2338 = PLANE ( 'NONE',  #2049 ) ;
#2339 = CARTESIAN_POINT ( 'NONE',  ( 2.086470506652944800, 4.209999999999994600, -2.168716256509953600 ) ) ;
#2340 = EDGE_CURVE ( 'NONE', #2619, #1108, #716, .T. ) ;
#2341 = EDGE_LOOP ( 'NONE', ( #6384, #4375, #2667, #6984 ) ) ;
#2342 = CARTESIAN_POINT ( 'NONE',  ( 1.308158246074559300, 4.209999999999996400, -2.327862608026857800 ) ) ;
#2343 = CARTESIAN_POINT ( 'NONE',  ( 1.849072139871380100, 4.209999999999995500, -2.010842473076878800 ) ) ;
#2344 = CARTESIAN_POINT ( 'NONE',  ( 0.2571943781377258300, 4.210000000000000000, -2.243096808470071300 ) ) ;
#2345 = ORIENTED_EDGE ( 'NONE', *, *, #4265, .T. ) ;
#2346 = CARTESIAN_POINT ( 'NONE',  ( -2.281732209448319000, 4.200000000000000200, -1.082693258296721900 ) ) ;
#2347 = CARTESIAN_POINT ( 'NONE',  ( 1.242459085142817900, 4.200000000000000200, -2.864466976540323500 ) ) ;
#2348 = B_SPLINE_CURVE_WITH_KNOTS ( 'NONE', 3,
 ( #2255, #5992, #6618, #2895, #7240, #3508, #7875, #4133, #382, #4783, #1010 ),
 .UNSPECIFIED., .F., .F.,
 ( 4, 1, 1, 1, 1, 1, 1, 1, 4 ),
 ( 0.0000000000000000000, 0.1222636594354540300, 0.2412350049518991200, 0.3601475075864712900, 0.4804491210360116200, 0.6037314656903770600, 0.7297262660241847800, 0.8608921075107660600, 1.000000000000000000 ),
 .UNSPECIFIED. ) ;
#2349 = CARTESIAN_POINT ( 'NONE',  ( 1.728078362250164800, 4.199999999999997500, -2.153077275518315400 ) ) ;
#2350 = CARTESIAN_POINT ( 'NONE',  ( 0.1524248239939171300, 4.199999999999999300, -2.477962266183080700 ) ) ;
#2351 = CARTESIAN_POINT ( 'NONE',  ( 1.959231978191368700, 4.209999999999995500, -2.137853399825620800 ) ) ;
#2352 = CARTESIAN_POINT ( 'NONE',  ( 2.034071007617574100, 4.209999999999998200, -1.500450681788766400 ) ) ;
#2353 = EDGE_CURVE ( 'NONE', #6413, #4049, #2085, .T. ) ;
#2354 = CARTESIAN_POINT ( 'NONE',  ( 0.3910792990359905900, 4.209999999999994600, -3.004194789431663200 ) ) ;
#2355 = CARTESIAN_POINT ( 'NONE',  ( 1.961411532224362800, 4.209999999999994600, -2.306775558986417600 ) ) ;
#2356 = CARTESIAN_POINT ( 'NONE',  ( -2.499435228408376700, 4.209999999999996400, -1.363592244753603700 ) ) ;
#2357 = CARTESIAN_POINT ( 'NONE',  ( 2.040389367912172100, 4.199999999999996600, -2.344461484651699600 ) ) ;
#2358 = CARTESIAN_POINT ( 'NONE',  ( 0.6128217153236065200, 4.200000000000002000, -2.609548280020703700 ) ) ;
#2359 = DIRECTION ( 'NONE',  ( 0.0000000000000000000, 0.0000000000000000000, 1.000000000000000000 ) ) ;
#2360 = EDGE_CURVE ( 'NONE', #7545, #7021, #7177, .T. ) ;
#2361 = CARTESIAN_POINT ( 'NONE',  ( 0.5174364007778231600, 4.199999999999997500, -3.038373875509472000 ) ) ;
#2362 = CARTESIAN_POINT ( 'NONE',  ( 1.096904859705360100, 4.209999999999999100, -2.073849348048068200 ) ) ;
#2363 = ORIENTED_EDGE ( 'NONE', *, *, #4433, .F. ) ;
#2364 = CARTESIAN_POINT ( 'NONE',  ( 0.05552981322672142400, 4.209999999999997300, -2.435510111948444100 ) ) ;
#2365 = CARTESIAN_POINT ( 'NONE',  ( -2.553682783544202200, 4.199999999999994800, -1.546078235436368000 ) ) ;
#2366 = CARTESIAN_POINT ( 'NONE',  ( -0.5964461884915704900, 4.209999999999994600, -2.899641047461738900 ) ) ;
#2367 = ADVANCED_FACE ( 'NONE', ( #5527 ), #7565, .T. ) ;
#2368 = CARTESIAN_POINT ( 'NONE',  ( 2.545041292225849600, 4.199999999999996600, -1.622435481315568600 ) ) ;
#2369 = CARTESIAN_POINT ( 'NONE',  ( 1.475896635836138900, 4.200000000000000200, -2.036890051186979200 ) ) ;
#2370 = ORIENTED_EDGE ( 'NONE', *, *, #3277, .T. ) ;
#2371 = CARTESIAN_POINT ( 'NONE',  ( 0.1583084046212128200, 4.209999999999997300, -2.429916737064032900 ) ) ;
#2372 = CARTESIAN_POINT ( 'NONE',  ( 0.2230777396909978400, 4.199999999999999300, -2.692799660724953800 ) ) ;
#2373 = CARTESIAN_POINT ( 'NONE',  ( 1.053107261623089000, 4.200000000000000200, -2.159456571875156200 ) ) ;
#2374 = ORIENTED_EDGE ( 'NONE', *, *, #582, .T. ) ;
#2375 = CARTESIAN_POINT ( 'NONE',  ( 0.2505137644825423100, 4.209999999999994600, -2.953007571018079900 ) ) ;
#2376 = CARTESIAN_POINT ( 'NONE',  ( -1.819031127815727800, 4.200000000000002000, -1.313212590881724900 ) ) ;
#2377 = ORIENTED_EDGE ( 'NONE', *, *, #3649, .T. ) ;
#2378 = DIRECTION ( 'NONE',  ( 0.0000000000000000000, 0.0000000000000000000, -1.000000000000000000 ) ) ;
#2379 = CARTESIAN_POINT ( 'NONE',  ( 5.878304635907295200E-016, 0.0000000000000000000, -2.299999999999999800 ) ) ;
#2380 = ORIENTED_EDGE ( 'NONE', *, *, #1926, .T. ) ;
#2381 = CARTESIAN_POINT ( 'NONE',  ( 0.5484455638031187100, 4.210000000000000900, -2.399132963418937300 ) ) ;
#2382 = CARTESIAN_POINT ( 'NONE',  ( 0.4161680192864108400, 4.199999999999999300, -2.634122905533242200 ) ) ;
#2383 = CARTESIAN_POINT ( 'NONE',  ( 0.1910927074563150400, 4.199999999999998400, -2.790583771317711700 ) ) ;
#2384 = FACE_OUTER_BOUND ( 'NONE', #1496, .T. ) ;
#2385 = ORIENTED_EDGE ( 'NONE', *, *, #1954, .T. ) ;
#2386 = CARTESIAN_POINT ( 'NONE',  ( 0.6294418458895092400, 4.199999999999995700, -2.783219554155652400 ) ) ;
#2387 = CARTESIAN_POINT ( 'NONE',  ( 1.893215133445159000, 4.209999999999995500, -2.356332490680313800 ) ) ;
#2388 = ORIENTED_EDGE ( 'NONE', *, *, #3543, .F. ) ;
#2389 = ORIENTED_EDGE ( 'NONE', *, *, #2510, .T. ) ;
#2390 = CARTESIAN_POINT ( 'NONE',  ( 0.2941510399638498400, 4.200000000000002000, -2.324392375472532600 ) ) ;
#2391 = VECTOR ( 'NONE', #5055, 1000.000000000000000 ) ;
#2392 = CARTESIAN_POINT ( 'NONE',  ( 4.416766366102456000E-015, 0.0000000000000000000, 1.250000000000000400 ) ) ;
#2393 = EDGE_CURVE ( 'NONE', #2877, #7572, #616, .T. ) ;
#2394 = CARTESIAN_POINT ( 'NONE',  ( -0.6013575201213032800, 4.199999999999999300, -2.681244001087256900 ) ) ;
#2395 = VERTEX_POINT ( 'NONE', #2477 ) ;
#2396 = CARTESIAN_POINT ( 'NONE',  ( -0.4956350745858894600, 4.200000000000000200, -3.086270276403083800 ) ) ;
#2397 = ORIENTED_EDGE ( 'NONE', *, *, #4701, .T. ) ;
#2398 = CARTESIAN_POINT ( 'NONE',  ( 1.471644400962994800, 4.200000000000000200, -1.825210650753806000 ) ) ;
#2399 = CARTESIAN_POINT ( 'NONE',  ( 0.2023805502270108500, 4.200000000000000200, -2.353866212772964600 ) ) ;
#2400 = ORIENTED_EDGE ( 'NONE', *, *, #3086, .F. ) ;
#2401 = VECTOR ( 'NONE', #1834, 1000.000000000000000 ) ;
#2402 = CARTESIAN_POINT ( 'NONE',  ( -0.3722306006873094000, 4.210000000000000000, -2.318246333087360600 ) ) ;
#2403 = CARTESIAN_POINT ( 'NONE',  ( 2.506238103404140100, 4.209999999999994600, -1.608141320819907300 ) ) ;
#2404 = ORIENTED_EDGE ( 'NONE', *, *, #7891, .T. ) ;
#2405 = CARTESIAN_POINT ( 'NONE',  ( -0.5464578285252446000, 4.200000000000000200, 3.099665549985374000 ) ) ;
#2406 = CARTESIAN_POINT ( 'NONE',  ( -1.849274002990950000, 4.200000000000002000, -1.266061990053252200 ) ) ;
#2407 = ADVANCED_FACE ( 'NONE', ( #5335 ), #8113, .T. ) ;
#2408 = EDGE_CURVE ( 'NONE', #4249, #3459, #7291, .T. ) ;
#2409 = FACE_BOUND ( 'NONE', #7059, .T. ) ;
#2410 = CARTESIAN_POINT ( 'NONE',  ( 1.955364439401009700, 4.199999999999996600, -2.133566601022390600 ) ) ;
#2411 = CARTESIAN_POINT ( 'NONE',  ( 1.520907793545339400, 4.209999999999999100, -1.783781043477738100 ) ) ;
#2412 = CARTESIAN_POINT ( 'NONE',  ( 0.4607631816064062200, 4.200000000000004600, -2.292504588672048100 ) ) ;
#2414 = CARTESIAN_POINT ( 'NONE',  ( 1.936636379427676900, 4.209999999999992900, -2.432803884635524200 ) ) ;
#2413 = CARTESIAN_POINT ( 'NONE',  ( 0.5010457706575975900, 4.209999999999996400, -2.713663088063575900 ) ) ;
#2415 = LINE ( 'NONE', #670, #5344 ) ;
#2416 = CARTESIAN_POINT ( 'NONE',  ( 0.2335230577624412000, 4.209999999999997300, -2.679316829487405900 ) ) ;
#2417 = VERTEX_POINT ( 'NONE', #2641 ) ;
#2418 = CARTESIAN_POINT ( 'NONE',  ( 1.812370243504914000, 4.199999999999995700, -2.360286805882930500 ) ) ;
#2419 = LINE ( 'NONE', #2703, #7194 ) ;
#2420 = DIRECTION ( 'NONE',  ( 1.000000000000000000, 0.0000000000000000000, 0.0000000000000000000 ) ) ;
#2421 = VECTOR ( 'NONE', #5508, 1000.000000000000100 ) ;
#2422 = CARTESIAN_POINT ( 'NONE',  ( 0.4241952710351655200, 4.209999999999997300, -2.385865826048846600 ) ) ;
#2423 = CARTESIAN_POINT ( 'NONE',  ( 0.8333748456828270500, 4.199999999999996600, -2.612191621518419500 ) ) ;
#2424 = CARTESIAN_POINT ( 'NONE',  ( 2.221601327117742800, 4.209999999999998200, -1.203596367891167900 ) ) ;
#2425 = CARTESIAN_POINT ( 'NONE',  ( -0.8517087539358433300, 4.209999999999997300, -2.512930730411408600 ) ) ;
#2426 = VERTEX_POINT ( 'NONE', #7002 ) ;
#2427 = DIRECTION ( 'NONE',  ( -0.6315135785242983500, 0.0000000000000000000, -0.7753648174501051000 ) ) ;
#2428 = LINE ( 'NONE', #4077, #7405 ) ;
#2429 = CARTESIAN_POINT ( 'NONE',  ( 1.962142285229546300, 4.209999999999994600, -2.141448988102146300 ) ) ;
#2430 = CARTESIAN_POINT ( 'NONE',  ( -0.2848207149926967900, 4.209999999999999100, -2.371661458764433100 ) ) ;
#2431 = ORIENTED_EDGE ( 'NONE', *, *, #5761, .F. ) ;
#2432 = CARTESIAN_POINT ( 'NONE',  ( 2.429634714529429900, 4.209999999999995500, -1.479141171718417500 ) ) ;
#2433 = CARTESIAN_POINT ( 'NONE',  ( -1.987964307539555000, 4.210000000000000900, -1.130131549104410200 ) ) ;
#2434 = LINE ( 'NONE', #2518, #2239 ) ;
#2435 = CARTESIAN_POINT ( 'NONE',  ( 0.8907272818099176700, 4.209999999999999100, -2.182552025510283900 ) ) ;
#2436 = CARTESIAN_POINT ( 'NONE',  ( 0.5231200652442107300, 4.209999999999995500, -2.870555712060845400 ) ) ;
#2437 = CARTESIAN_POINT ( 'NONE',  ( 1.618745064415156600, 4.199999999999999300, -1.761918476415394100 ) ) ;
#2439 = CARTESIAN_POINT ( 'NONE',  ( 0.09562184269871375200, 4.210000000000000000, 2.907041648618186700 ) ) ;
#2438 = CARTESIAN_POINT ( 'NONE',  ( 1.207297651319037200, 4.199999999999997500, -2.786312424895355900 ) ) ;
#2440 = CARTESIAN_POINT ( 'NONE',  ( 0.2716425764013020200, 4.209999999999999100, -2.326757410454952900 ) ) ;
#2441 = EDGE_CURVE ( 'NONE', #7144, #4480, #2207, .T. ) ;
#2442 = CARTESIAN_POINT ( 'NONE',  ( 1.727190893775862400, 4.209999999999995500, -2.311849191220454600 ) ) ;
#2443 = EDGE_CURVE ( 'NONE', #5305, #7453, #526, .T. ) ;
#2444 = CC_DESIGN_PERSON_AND_ORGANIZATION_ASSIGNMENT ( #2697, #2136, ( #2768 ) ) ;
#2445 = B_SPLINE_CURVE_WITH_KNOTS ( 'NONE', 3,
 ( #592, #7494, #4372, #622, #5012, #1252, #5641, #1878, #6253, #2527, #6877, #3148, #7522, #3773, #24, #4396, #653, #5045, #1277 ),
 .UNSPECIFIED., .F., .F.,
 ( 4, 1, 1, 1, 1, 1, 1, 1, 1, 1, 1, 1, 1, 1, 1, 1, 4 ),
 ( 0.0000000000000000000, 0.07707587082981219600, 0.1502465962790913700, 0.2199681699101984100, 0.2873276054858899800, 0.3523377901982364700, 0.4158297959538287400, 0.4786336549308901100, 0.5407240274088192000, 0.6022924732743288900, 0.6609104370797868100, 0.7177981258970627100, 0.7743625865935439600, 0.8295986343095004300, 0.8853534037885928400, 0.9417523048602370900, 1.000000000000000000 ),
 .UNSPECIFIED. ) ;
#2446 = CARTESIAN_POINT ( 'NONE',  ( 0.4957789322647617200, 4.200000000000001100, -2.537866997762430600 ) ) ;
#2447 = CARTESIAN_POINT ( 'NONE',  ( 0.9427068896358051800, 4.209999999999996400, -2.787352390266447400 ) ) ;
#2448 = ADVANCED_FACE ( 'NONE', ( #6781 ), #3237, .T. ) ;
#2449 = CARTESIAN_POINT ( 'NONE',  ( 0.09750509756463939000, 4.209999999999999100, -2.708353473454059700 ) ) ;
#2450 = CARTESIAN_POINT ( 'NONE',  ( 2.421044207266046100E-014, 4.210000000000014200, -1.527348726760072900E-014 ) ) ;
#2451 = CARTESIAN_POINT ( 'NONE',  ( 1.991776683368603300, 4.199999999999998400, -2.208174623134987200 ) ) ;
#2452 = CARTESIAN_POINT ( 'NONE',  ( -0.2446471463200739800, 4.199999999999997500, -2.515230902863435400 ) ) ;
#2453 = EDGE_CURVE ( 'NONE', #7250, #2665, #5135, .T. ) ;
#2454 = DIRECTION ( 'NONE',  ( 0.0000000000000000000, -1.000000000000000000, 0.0000000000000000000 ) ) ;
#2455 = EDGE_CURVE ( 'NONE', #6844, #5512, #1997, .T. ) ;
#2456 = CARTESIAN_POINT ( 'NONE',  ( 1.940945139533726900, 4.209999999999994600, -2.327174586340534600 ) ) ;
#2457 = DIRECTION ( 'NONE',  ( -0.0000000000000000000, -1.000000000000000000, -0.0000000000000000000 ) ) ;
#2458 = CARTESIAN_POINT ( 'NONE',  ( 0.4752064668989130500, 4.199999999999996600, -2.962482822230056500 ) ) ;
#2459 = CARTESIAN_POINT ( 'NONE',  ( 1.726277093041748100, 4.209999999999999100, -1.810458756334774500 ) ) ;
#2461 = CARTESIAN_POINT ( 'NONE',  ( 0.7563721511984425900, 4.200000000000000200, -2.243497948914419600 ) ) ;
#2460 = CARTESIAN_POINT ( 'NONE',  ( -0.3823902468557914800, 4.199999999999995700, -2.978359964250340700 ) ) ;
#2462 = AXIS2_PLACEMENT_3D ( 'NONE', #1186, #5579, #1817 ) ;
#2463 = ORIENTED_EDGE ( 'NONE', *, *, #2749, .T. ) ;
#2464 = CARTESIAN_POINT ( 'NONE',  ( 1.975347133776193900, 4.199999999999996600, -2.159748481919882700 ) ) ;
#2465 = CARTESIAN_POINT ( 'NONE',  ( -2.208133474957481000, 4.209999999999995500, -1.800068186532085100 ) ) ;
#2466 = ORIENTED_EDGE ( 'NONE', *, *, #2622, .T. ) ;
#2467 = DIRECTION ( 'NONE',  ( 0.0000000000000000000, 1.000000000000000000, 0.0000000000000000000 ) ) ;
#2468 = CARTESIAN_POINT ( 'NONE',  ( 1.045747256502597600, 4.199999999999994800, -2.866199493214805400 ) ) ;
#2469 = CARTESIAN_POINT ( 'NONE',  ( 1.429633387062494200, 4.200000000000001100, -1.746075394674528700 ) ) ;
#2470 = VERTEX_POINT ( 'NONE', #4550 ) ;
#2471 = CARTESIAN_POINT ( 'NONE',  ( -2.619512492153455600, 4.199999999999996600, -1.349801677942741300 ) ) ;
#2472 = CARTESIAN_POINT ( 'NONE',  ( 1.940945139533726900, 4.209999999999994600, -2.327174586340534600 ) ) ;
#2473 = CARTESIAN_POINT ( 'NONE',  ( 1.492592078644308100, 4.209999999999999100, -1.804344594242983200 ) ) ;
#2474 = CARTESIAN_POINT ( 'NONE',  ( -0.1468727407804002700, 4.209999999999998200, -2.462066550044860000 ) ) ;
#2475 = ORIENTED_EDGE ( 'NONE', *, *, #743, .T. ) ;
#2476 = CARTESIAN_POINT ( 'NONE',  ( 1.969713777221000700, 4.209999999999995500, -2.295712419869995200 ) ) ;
#2477 = CARTESIAN_POINT ( 'NONE',  ( -0.4956350745858894600, 4.209999999999993700, -3.086270276403083800 ) ) ;
#2478 = EDGE_LOOP ( 'NONE', ( #6396, #1371, #7852, #6604 ) ) ;
#2479 = CARTESIAN_POINT ( 'NONE',  ( 0.1937586722407250700, 4.209999999999998200, -2.828608813603745700 ) ) ;
#2480 = ORIENTED_EDGE ( 'NONE', *, *, #480, .F. ) ;
#2481 = CARTESIAN_POINT ( 'NONE',  ( 2.385206361932793700, 4.199999999999996600, -1.575281954645913600 ) ) ;
#2482 = LINE ( 'NONE', #2567, #801 ) ;
#2483 = ORIENTED_EDGE ( 'NONE', *, *, #7836, .F. ) ;
#2484 = CARTESIAN_POINT ( 'NONE',  ( -2.384260044619016300, 4.209999999999998200, -1.254295199003394100 ) ) ;
#2485 = CARTESIAN_POINT ( 'NONE',  ( 0.3910792990359905900, 4.209999999999994600, -3.004194789431663200 ) ) ;
#2486 = CARTESIAN_POINT ( 'NONE',  ( 4.322904116447641200, 0.0000000000000000000, -1.250000000000014900 ) ) ;
#2487 = CARTESIAN_POINT ( 'NONE',  ( 0.7972292403303536900, 4.209999999999996400, -2.527864254417896600 ) ) ;
#2488 = EDGE_LOOP ( 'NONE', ( #1699, #14 ) ) ;
#2489 = VERTEX_POINT ( 'NONE', #792 ) ;
#2490 = VECTOR ( 'NONE', #1416, 1000.000000000000000 ) ;
#2491 = CARTESIAN_POINT ( 'NONE',  ( 1.951830993233425900, 4.199999999999995700, -2.317375539337066300 ) ) ;
#2492 = CARTESIAN_POINT ( 'NONE',  ( 0.2850266182780488200, 4.199999999999994800, -3.086235081186398800 ) ) ;
#2493 = ORIENTED_EDGE ( 'NONE', *, *, #7474, .F. ) ;
#2494 = CARTESIAN_POINT ( 'NONE',  ( -1.843448621417450800, 4.210000000000000900, -1.274499461255108200 ) ) ;
#2495 = CARTESIAN_POINT ( 'NONE',  ( 1.180697017213250300, 4.209999999999993700, -2.883969037635047500 ) ) ;
#2496 = CARTESIAN_POINT ( 'NONE',  ( 1.344119715977943200, 4.210000000000001700, -1.886066005499868800 ) ) ;
#2497 = VECTOR ( 'NONE', #7708, 1000.000000000000000 ) ;
#2498 = CARTESIAN_POINT ( 'NONE',  ( -2.655522286674553400, 4.209999999999994600, -1.536055766124620600 ) ) ;
#2499 = DIRECTION ( 'NONE',  ( 0.0000000000000000000, 1.000000000000000000, 0.0000000000000000000 ) ) ;
#2500 = CALENDAR_DATE ( 2016, 28, 11 ) ;
#2501 = CARTESIAN_POINT ( 'NONE',  ( 1.770009389822323300, 4.209999999999995500, -2.342621539852099800 ) ) ;
#2502 = CARTESIAN_POINT ( 'NONE',  ( 0.0000000000000000000, 0.0000000000000000000, 0.0000000000000000000 ) ) ;
#2503 = CARTESIAN_POINT ( 'NONE',  ( -0.1908007102289488700, 4.200000000000000200, -2.339245391035412500 ) ) ;
#2504 = VERTEX_POINT ( 'NONE', #5187 ) ;
#2505 = CARTESIAN_POINT ( 'NONE',  ( 1.078761923710187100, 4.209999999999994600, -2.776383909970204600 ) ) ;
#2506 = LINE ( 'NONE', #2873, #4353 ) ;
#2507 = CARTESIAN_POINT ( 'NONE',  ( 0.2452528332428030000, 4.209999999999998200, -2.667384554961790500 ) ) ;
#2508 = CARTESIAN_POINT ( 'NONE',  ( -0.8517087539358438900, 4.200000000000000200, -2.512930730411407700 ) ) ;
#2509 = LINE ( 'NONE', #4186, #1220 ) ;
#2510 = EDGE_CURVE ( 'NONE', #4152, #2073, #3470, .T. ) ;
#2511 = CARTESIAN_POINT ( 'NONE',  ( -2.292892148657759600, 4.209999999999996400, -1.204826611100043400 ) ) ;
#2512 = CARTESIAN_POINT ( 'NONE',  ( 0.3910792990359905900, 4.199999999999995700, -3.004194789431663200 ) ) ;
#2513 = CARTESIAN_POINT ( 'NONE',  ( 0.2036590096192735500, 4.210000000000000000, -2.571321518247776000 ) ) ;
#2514 = LINE ( 'NONE', #6667, #5639 ) ;
#2516 = CARTESIAN_POINT ( 'NONE',  ( 0.3758352871773774600, 4.200000000000000200, -2.345598722936525600 ) ) ;
#2515 = CARTESIAN_POINT ( 'NONE',  ( 1.142377156333918900, 4.209999999999996400, -2.798405227442574400 ) ) ;
#2517 = VECTOR ( 'NONE', #2021, 1000.000000000000000 ) ;
#2518 = CARTESIAN_POINT ( 'NONE',  ( -0.5940300266086063800, 4.209999999999997300, -2.633152358252708300 ) ) ;
#2519 = CARTESIAN_POINT ( 'NONE',  ( 3.588523373199627600, 0.2999999999999999900, 1.249999999999987600 ) ) ;
#2520 = ORIENTED_EDGE ( 'NONE', *, *, #8044, .F. ) ;
#2521 = CARTESIAN_POINT ( 'NONE',  ( -2.135578763054032200, 4.209999999999997300, -1.458885405592517100 ) ) ;
#2522 = CARTESIAN_POINT ( 'NONE',  ( -0.8124437611866723900, 4.209999999999998200, -2.416598178896911500 ) ) ;
#2523 = ORIENTED_EDGE ( 'NONE', *, *, #88, .F. ) ;
#2524 = CYLINDRICAL_SURFACE ( 'NONE', #1451, 0.2999999999999999300 ) ;
#2525 = CARTESIAN_POINT ( 'NONE',  ( 1.353122448669503900, 4.199999999999999300, -2.028023683400922200 ) ) ;
#2526 = CARTESIAN_POINT ( 'NONE',  ( -2.606266315567393700, 4.199999999999994800, -1.697766431278906300 ) ) ;
#2527 = CARTESIAN_POINT ( 'NONE',  ( 0.4966276559569877700, 4.199999999999994000, -2.936485354197223800 ) ) ;
#2528 = PLANE ( 'NONE',  #5499 ) ;
#2529 = CARTESIAN_POINT ( 'NONE',  ( -0.4721945728079221000, 4.200000000000000200, -2.341277047309212400 ) ) ;
#2530 = VERTEX_POINT ( 'NONE', #2694 ) ;
#2531 = CARTESIAN_POINT ( 'NONE',  ( -0.2955634737965242600, 4.210000000000000900, -2.250752975573569300 ) ) ;
#2532 = DIRECTION ( 'NONE',  ( 0.0000000000000000000, -1.000000000000000000, 0.0000000000000000000 ) ) ;
#2533 = CARTESIAN_POINT ( 'NONE',  ( 1.017573888908609000, 4.199999999999995700, -2.718916698633315800 ) ) ;
#2534 = DIRECTION ( 'NONE',  ( 0.0000000000000000000, -1.000000000000000000, 0.0000000000000000000 ) ) ;
#2535 = CARTESIAN_POINT ( 'NONE',  ( 1.165573936519115600, 4.209999999999999100, -2.282092457469147500 ) ) ;
#2536 = CARTESIAN_POINT ( 'NONE',  ( -2.163991790358946100, 4.199999999999996600, -1.180317352469192800 ) ) ;
#2537 = CARTESIAN_POINT ( 'NONE',  ( 0.3413341530851289300, 4.209999999999995500, -3.003541528381503700 ) ) ;
#2538 = CARTESIAN_POINT ( 'NONE',  ( 0.1067047441186559200, 4.199999999999998400, -2.684057606576249400 ) ) ;
#2539 = CARTESIAN_POINT ( 'NONE',  ( 1.225109932574491400, 4.199999999999998400, -2.402813738606782500 ) ) ;
#2540 = UNCERTAINTY_MEASURE_WITH_UNIT (LENGTH_MEASURE( 1.000000000000000100E-005 ), #2739, 'distance_accuracy_value', 'NONE');
#2541 = EDGE_CURVE ( 'NONE', #5553, #224, #127, .T. ) ;
#2542 = CARTESIAN_POINT ( 'NONE',  ( 0.3174855027292320400, 4.200000000000000200, -2.629129828154934200 ) ) ;
#2543 = CARTESIAN_POINT ( 'NONE',  ( -2.365735711819970400, 4.209999999999995500, -1.806798525478311900 ) ) ;
#2544 = EDGE_CURVE ( 'NONE', #3464, #5856, #5851, .T. ) ;
#2545 = CARTESIAN_POINT ( 'NONE',  ( 1.774465798027450300, 4.209999999999996400, -1.974667639021487500 ) ) ;
#2546 = CARTESIAN_POINT ( 'NONE',  ( 1.905632910533489500, 4.199999999999995700, -2.350924308036748600 ) ) ;
#2547 = PLANE ( 'NONE',  #4734 ) ;
#2548 = DIRECTION ( 'NONE',  ( -0.0000000000000000000, 1.000000000000000000, -0.0000000000000000000 ) ) ;
#2549 = DIRECTION ( 'NONE',  ( -0.8026801384453476900, 0.0000000000000000000, -0.5964097545692538200 ) ) ;
#2550 = CARTESIAN_POINT ( 'NONE',  ( 1.497173117415370200, 4.209999999999998200, -1.800533468862443500 ) ) ;
#2551 = EDGE_LOOP ( 'NONE', ( #3960, #2480, #686, #6146 ) ) ;
#2552 = CARTESIAN_POINT ( 'NONE',  ( 0.7504405338427517800, 4.200000000000000200, -2.342892106079992800 ) ) ;
#2553 = CARTESIAN_POINT ( 'NONE',  ( 1.959231978191368700, 4.209999999999995500, -2.137853399825620800 ) ) ;
#2554 = EDGE_CURVE ( 'NONE', #8055, #2198, #4383, .T. ) ;
#2555 = ORIENTED_EDGE ( 'NONE', *, *, #8029, .F. ) ;
#2556 = CARTESIAN_POINT ( 'NONE',  ( 0.2505137644825423100, 4.199999999999995700, -2.953007571018079900 ) ) ;
#2557 = CARTESIAN_POINT ( 'NONE',  ( 0.08910157167960332200, 4.209999999999996400, -2.846865742869600700 ) ) ;
#2558 = ORIENTED_EDGE ( 'NONE', *, *, #1686, .T. ) ;
#2560 = CARTESIAN_POINT ( 'NONE',  ( 1.282890414001667900, 4.199999999999996600, -2.564949980094142700 ) ) ;
#2559 = CARTESIAN_POINT ( 'NONE',  ( 2.589126637423453400, 4.209999999999993700, -1.717991286281802300 ) ) ;
#2561 = CARTESIAN_POINT ( 'NONE',  ( 0.5709392567700526400, 4.209999999999998200, -2.448409054792025000 ) ) ;
#2562 = EDGE_LOOP ( 'NONE', ( #1102, #2313, #7255, #6471 ) ) ;
#2563 = AXIS2_PLACEMENT_3D ( 'NONE', #5458, #523, #4917 ) ;
#2564 = CARTESIAN_POINT ( 'NONE',  ( 0.1524248239939164600, 4.200000000000000200, -2.477962266183081100 ) ) ;
#2565 = CARTESIAN_POINT ( 'NONE',  ( -2.489259113350298600, 4.199999999999994800, -1.706456492818381000 ) ) ;
#2566 = VERTEX_POINT ( 'NONE', #1750 ) ;
#2567 = CARTESIAN_POINT ( 'NONE',  ( 9.797174393178826200E-017, 3.200000000000000600, -0.8000000000000000400 ) ) ;
#2568 = CARTESIAN_POINT ( 'NONE',  ( 5.878304635907295200E-016, -4.799999999999999800, -2.299999999999999800 ) ) ;
#2569 = FACE_OUTER_BOUND ( 'NONE', #3397, .T. ) ;
#2570 = CARTESIAN_POINT ( 'NONE',  ( 1.731953855974032200, 4.199999999999996600, -2.315858492942458800 ) ) ;
#2571 = ORIENTED_EDGE ( 'NONE', *, *, #4711, .F. ) ;
#2572 = CARTESIAN_POINT ( 'NONE',  ( 1.321379711724609100, 4.199999999999995700, -2.814291371988345800 ) ) ;
#2573 = CARTESIAN_POINT ( 'NONE',  ( 1.243907730728637000, 4.199999999999998400, -2.447362867234962100 ) ) ;
#2574 = ORIENTED_EDGE ( 'NONE', *, *, #6925, .T. ) ;
#2575 = CARTESIAN_POINT ( 'NONE',  ( -0.4950337568247608100, 4.210000000000001700, -2.246209999632277700 ) ) ;
#2576 = DIRECTION ( 'NONE',  ( -0.5879499232729773500, -8.751469945511757900E-015, -0.8088973282953158000 ) ) ;
#2577 = AXIS2_PLACEMENT_3D ( 'NONE', #565, #1190, #5581 ) ;
#2578 = CARTESIAN_POINT ( 'NONE',  ( 0.4774788462680303900, 4.200000000000000200, -2.306371203429515400 ) ) ;
#2579 = EDGE_LOOP ( 'NONE', ( #3154, #5703, #2831, #5030 ) ) ;
#2580 = CARTESIAN_POINT ( 'NONE',  ( 1.345834247004607600, 4.200000000000000200, -2.005116725775812500 ) ) ;
#2581 = VECTOR ( 'NONE', #6752, 1000.000000000000000 ) ;
#2582 = CARTESIAN_POINT ( 'NONE',  ( -0.4319868029730490300, 4.209999999999992900, -3.090282095136664100 ) ) ;
#2583 = CARTESIAN_POINT ( 'NONE',  ( 1.652803242712205500, 4.199999999999999300, -1.767833469511150600 ) ) ;
#2584 = ORIENTED_EDGE ( 'NONE', *, *, #7373, .F. ) ;
#2585 = CARTESIAN_POINT ( 'NONE',  ( -2.554119510684572900, 4.199999999999994800, -1.252806510752967600 ) ) ;
#2586 = ORIENTED_EDGE ( 'NONE', *, *, #6784, .F. ) ;
#2587 = CARTESIAN_POINT ( 'NONE',  ( -1.865969175642557400, 4.210000000000000000, -1.523720952614585600 ) ) ;
#2588 = B_SPLINE_CURVE_WITH_KNOTS ( 'NONE', 3,
 ( #2050, #7678, #181, #4566, #804, #5199, #1433, #5828, #2075, #6442, #2711, #7070, #3332, #7703, #3958, #205, #4595, #836, #5229 ),
 .UNSPECIFIED., .F., .F.,
 ( 4, 1, 1, 1, 1, 1, 1, 1, 1, 1, 1, 1, 1, 1, 1, 1, 4 ),
 ( 0.0000000000000000000, 0.05694067403299107900, 0.1111267753306644700, 0.1637803795512402800, 0.2158476697751208800, 0.2672804621125642900, 0.3183329537578801800, 0.3697276695200795200, 0.4224218181030957000, 0.4782052299508451900, 0.5405169544580531400, 0.6088797188152426100, 0.6845451977539504000, 0.7634201904763203700, 0.8419594014841885700, 0.9208580822541589900, 1.000000000000000000 ),
 .UNSPECIFIED. ) ;
#2589 = ORIENTED_EDGE ( 'NONE', *, *, #5594, .F. ) ;
#2590 = FACE_OUTER_BOUND ( 'NONE', #6378, .T. ) ;
#2591 = EDGE_CURVE ( 'NONE', #3980, #4477, #3272, .T. ) ;
#2592 = CARTESIAN_POINT ( 'NONE',  ( 0.1948756548163540500, 4.209999999999996400, -2.835815962751543100 ) ) ;
#2593 = DIRECTION ( 'NONE',  ( 0.0000000000000000000, -1.000000000000000000, 0.0000000000000000000 ) ) ;
#2595 = CARTESIAN_POINT ( 'NONE',  ( 1.271361668789378700, 4.209999999999992900, -2.729477526478977500 ) ) ;
#2594 = CARTESIAN_POINT ( 'NONE',  ( 0.3403242046181493300, 4.199999999999999300, -2.625680228136746800 ) ) ;
#2596 = EDGE_CURVE ( 'NONE', #4537, #5305, #8057, .T. ) ;
#2597 = ORIENTED_EDGE ( 'NONE', *, *, #7585, .T. ) ;
#2598 = CARTESIAN_POINT ( 'NONE',  ( 0.3656915662822918800, 4.209999999999998200, -2.247120150981740200 ) ) ;
#2599 = CARTESIAN_POINT ( 'NONE',  ( 0.2629055644662009500, 4.199999999999999300, -2.328328727681921800 ) ) ;
#2600 = CARTESIAN_POINT ( 'NONE',  ( 5.510910596163089600E-016, -4.799999999999999800, -2.000000000000000000 ) ) ;
#2601 = CYLINDRICAL_SURFACE ( 'NONE', #6069, 0.2999999999999999300 ) ;
#2602 = FACE_OUTER_BOUND ( 'NONE', #851, .T. ) ;
#2603 = CARTESIAN_POINT ( 'NONE',  ( -0.2883537042981401100, 4.200000000000001100, -2.819362681112897100 ) ) ;
#2604 = CARTESIAN_POINT ( 'NONE',  ( -1.249999999999979100, 0.0000000000000000000, 4.322904116447650900 ) ) ;
#2605 = CARTESIAN_POINT ( 'NONE',  ( 1.693040294687801800, 4.200000000000000200, -1.672436596007020700 ) ) ;
#2606 = EDGE_LOOP ( 'NONE', ( #7162, #163, #1765, #7570, #887 ) ) ;
#2607 = CARTESIAN_POINT ( 'NONE',  ( 1.362974432360542200, 4.199999999999997500, -2.464701755533978700 ) ) ;
#2608 = EDGE_CURVE ( 'NONE', #5399, #5139, #5722, .T. ) ;
#2609 = VECTOR ( 'NONE', #3244, 1000.000000000000000 ) ;
#2610 = CARTESIAN_POINT ( 'NONE',  ( 1.237513705830021200, 4.199999999999996600, -2.768834412457511300 ) ) ;
#2611 = CARTESIAN_POINT ( 'NONE',  ( 0.09562184269871348800, 4.200000000000000200, 2.907041648618186700 ) ) ;
#2612 = DIRECTION ( 'NONE',  ( 0.0000000000000000000, -1.000000000000000000, 0.0000000000000000000 ) ) ;
#2613 = DIRECTION ( 'NONE',  ( -1.000000000000000000, 0.0000000000000000000, 3.533413092881963100E-015 ) ) ;
#2614 = DIRECTION ( 'NONE',  ( 0.0000000000000000000, 0.0000000000000000000, -1.000000000000000000 ) ) ;
#2615 = FACE_OUTER_BOUND ( 'NONE', #1609, .T. ) ;
#2616 = CARTESIAN_POINT ( 'NONE',  ( -0.2766199926909256300, 4.200000000000001100, -3.013535604553509600 ) ) ;
#2617 = CARTESIAN_POINT ( 'NONE',  ( 0.5041805444622952100, 4.209999999999995500, -2.613688723761304900 ) ) ;
#2618 = CARTESIAN_POINT ( 'NONE',  ( -2.646421648279662500, 4.199999999999994800, -1.590444364483975600 ) ) ;
#2619 = VERTEX_POINT ( 'NONE', #6785 ) ;
#2620 = ADVANCED_FACE ( 'NONE', ( #6197 ), #7422, .T. ) ;
#2621 = LINE ( 'NONE', #7793, #4276 ) ;
#2622 = EDGE_CURVE ( 'NONE', #7936, #3339, #4540, .T. ) ;
#2623 = CARTESIAN_POINT ( 'NONE',  ( -2.270662012518196000, 4.209999999999998200, -1.196609107534056800 ) ) ;
#2625 = CARTESIAN_POINT ( 'NONE',  ( 1.207297651319037400, 4.199999999999996600, -2.786312424895356400 ) ) ;
#2624 = CARTESIAN_POINT ( 'NONE',  ( 0.4823108639647321600, 4.199999999999996600, -2.683460943117593100 ) ) ;
#2626 = CARTESIAN_POINT ( 'NONE',  ( -0.6516981147434135500, 4.209999999999994600, -2.997824805633553200 ) ) ;
#2627 = EDGE_LOOP ( 'NONE', ( #5621, #5597, #4237, #2698 ) ) ;
#2628 = CARTESIAN_POINT ( 'NONE',  ( 1.746017272602772500, 4.200000000000000200, -2.136880008110285400 ) ) ;
#2629 = VECTOR ( 'NONE', #4963, 1000.000000000000000 ) ;
#2630 = PLANE ( 'NONE',  #751 ) ;
#2631 = DIRECTION ( 'NONE',  ( 0.0000000000000000000, -0.0000000000000000000, 1.000000000000000000 ) ) ;
#2632 = CARTESIAN_POINT ( 'NONE',  ( -0.3823902468557914800, 4.209999999999994600, -2.978359964250340700 ) ) ;
#2633 = CARTESIAN_POINT ( 'NONE',  ( 2.221601327117742800, 4.199999999999999300, -1.203596367891167900 ) ) ;
#2634 = CARTESIAN_POINT ( 'NONE',  ( 0.4299668905322612300, 4.199999999999994800, -3.082087218065616700 ) ) ;
#2635 = CARTESIAN_POINT ( 'NONE',  ( 1.868150780299669300, 4.199999999999998400, -2.005954084931922800 ) ) ;
#2636 = CARTESIAN_POINT ( 'NONE',  ( 0.1235312700418419600, 4.199999999999995700, -2.958380942453322100 ) ) ;
#2637 = CARTESIAN_POINT ( 'NONE',  ( 1.668840675806820400, 4.209999999999999100, -1.773160012865372200 ) ) ;
#2638 = CARTESIAN_POINT ( 'NONE',  ( 1.763832998662612500, 4.200000000000000200, -1.702150763905515800 ) ) ;
#2639 = CARTESIAN_POINT ( 'NONE',  ( -0.1838623141889358400, 4.209999999999997300, -2.837120493274754000 ) ) ;
#2640 = CARTESIAN_POINT ( 'NONE',  ( 2.082271379832647500, 4.209999999999993700, -2.258237630827755600 ) ) ;
#2641 = CARTESIAN_POINT ( 'NONE',  ( 0.08910157167960332200, 4.209999999999996400, -2.846865742869600700 ) ) ;
#2642 = CARTESIAN_POINT ( 'NONE',  ( 0.0000000000000000000, 4.150000000000001200, 0.0000000000000000000 ) ) ;
#2643 = CARTESIAN_POINT ( 'NONE',  ( 0.2965739208513713500, 4.209999999999998200, -2.539572827766198900 ) ) ;
#2644 = CARTESIAN_POINT ( 'NONE',  ( -1.982994179254161000, 4.209999999999998200, -1.261686830048822900 ) ) ;
#2645 = CARTESIAN_POINT ( 'NONE',  ( 0.8949284269791890600, 4.209999999999994600, -2.724523035879648200 ) ) ;
#2646 = CARTESIAN_POINT ( 'NONE',  ( -1.145789686303881700, 4.209999999999997300, -2.393031312121586500 ) ) ;
#2647 = CARTESIAN_POINT ( 'NONE',  ( 1.894748698573800900, 4.209999999999995500, -2.094143742300592400 ) ) ;
#2648 = CARTESIAN_POINT ( 'NONE',  ( 1.321379711724609100, 4.209999999999994600, -2.814291371988345800 ) ) ;
#2649 = CARTESIAN_POINT ( 'NONE',  ( 0.2337505983556690800, 4.200000000000000200, -2.247030551940692800 ) ) ;
#2650 = ADVANCED_FACE ( 'NONE', ( #1202 ), #4951, .T. ) ;
#2651 = CARTESIAN_POINT ( 'NONE',  ( -0.4773479953974298400, 4.199999999999998400, -3.001965789160256000 ) ) ;
#2652 = CARTESIAN_POINT ( 'NONE',  ( -0.3097489466112748300, 4.200000000000000200, -2.345520683985988300 ) ) ;
#2653 = CARTESIAN_POINT ( 'NONE',  ( 0.5476052184370524500, 4.209999999999993700, -3.012019939502364800 ) ) ;
#2654 = EDGE_LOOP ( 'NONE', ( #4834, #550, #26, #1072 ) ) ;
#2655 = B_SPLINE_CURVE_WITH_KNOTS ( 'NONE', 3,
 ( #5614, #1852, #3744, #8110, #4374, #625, #5014, #1254, #5643, #1880, #6255, #2529, #6881, #3149, #7524, #3775, #25, #4399, #655 ),
 .UNSPECIFIED., .F., .F.,
 ( 4, 1, 1, 1, 1, 1, 1, 1, 1, 1, 1, 1, 1, 1, 1, 1, 4 ),
 ( 0.0000000000000000000, 0.1162346539445180400, 0.2223742624487478600, 0.3189739504898505600, 0.4054563401456547400, 0.4829087607039619400, 0.5512985082265275900, 0.6113322229072144500, 0.6637062699382364500, 0.7112885638301029700, 0.7561754893796245300, 0.7986414864104927100, 0.8396273746368165800, 0.8794685925124146000, 0.9192089739139919200, 0.9589968396078059100, 1.000000000000000000 ),
 .UNSPECIFIED. ) ;
#2656 = DIRECTION ( 'NONE',  ( 0.0000000000000000000, -1.000000000000000000, 0.0000000000000000000 ) ) ;
#2657 = CARTESIAN_POINT ( 'NONE',  ( 0.2606148768631720800, 4.209999999999992900, -3.078434786151583500 ) ) ;
#2658 = CARTESIAN_POINT ( 'NONE',  ( 0.09562184269871434900, 4.200000000000000200, 2.457585878761416000 ) ) ;
#2659 = CARTESIAN_POINT ( 'NONE',  ( 1.475896635836138500, 4.209999999999998200, -2.036890051186979200 ) ) ;
#2660 = CARTESIAN_POINT ( 'NONE',  ( 1.585888712861489400, 4.210000000000000900, -1.667461823711337000 ) ) ;
#2661 = EDGE_LOOP ( 'NONE', ( #5404, #7169, #4159, #4136 ) ) ;
#2662 = CARTESIAN_POINT ( 'NONE',  ( -0.1550901739091391500, 4.200000000000002800, -2.703615097949041900 ) ) ;
#2663 = EDGE_CURVE ( 'NONE', #3742, #4249, #2950, .T. ) ;
#2664 = CARTESIAN_POINT ( 'NONE',  ( 1.774465798027450300, 4.199999999999997500, -1.974667639021487500 ) ) ;
#2665 = VERTEX_POINT ( 'NONE', #1205 ) ;
#2666 = CARTESIAN_POINT ( 'NONE',  ( 1.707896537150924300, 4.199999999999997500, -2.065344880320303400 ) ) ;
#2667 = ORIENTED_EDGE ( 'NONE', *, *, #4207, .F. ) ;
#2668 = CARTESIAN_POINT ( 'NONE',  ( -2.293581953012662700, 4.209999999999995500, -1.817421154222031800 ) ) ;
#2670 = CARTESIAN_POINT ( 'NONE',  ( 1.121107143034658900, 4.209999999999995500, -2.887131796143884300 ) ) ;
#2669 = CARTESIAN_POINT ( 'NONE',  ( -1.884321723951908100, 4.199999999999999300, -1.422710517929377700 ) ) ;
#2671 = CARTESIAN_POINT ( 'NONE',  ( -1.249999999999845700, 0.0000000000000000000, -3.859869737332579400E-014 ) ) ;
#2672 = VERTEX_POINT ( 'NONE', #3704 ) ;
#2673 = CARTESIAN_POINT ( 'NONE',  ( -2.014316520873357300, 4.209999999999999100, -1.235568365047247300 ) ) ;
#2674 = CARTESIAN_POINT ( 'NONE',  ( 1.959231978191368700, 4.199999999999998400, -2.137853399825620800 ) ) ;
#2675 = VECTOR ( 'NONE', #7648, 1000.000000000000100 ) ;
#2676 = ORIENTED_EDGE ( 'NONE', *, *, #748, .T. ) ;
#2677 = CARTESIAN_POINT ( 'NONE',  ( 1.362974432360542200, 4.209999999999996400, -2.464701755533978700 ) ) ;
#2678 = CARTESIAN_POINT ( 'NONE',  ( 0.05552981322672142400, 4.199999999999998400, -2.435510111948444100 ) ) ;
#2679 = ORIENTED_EDGE ( 'NONE', *, *, #2510, .F. ) ;
#2680 = CARTESIAN_POINT ( 'NONE',  ( 0.2716425764013020200, 4.209999999999999100, -2.326757410454952900 ) ) ;
#2681 = ORIENTED_EDGE ( 'NONE', *, *, #5802, .T. ) ;
#2682 = CARTESIAN_POINT ( 'NONE',  ( -0.2604746350388773000, 4.200000000000002800, -2.686669724441917800 ) ) ;
#2683 = CARTESIAN_POINT ( 'NONE',  ( 0.6111319640341894600, 4.199999999999997500, -2.907445005759787400 ) ) ;
#2684 = LINE ( 'NONE', #5018, #1008 ) ;
#2685 = CARTESIAN_POINT ( 'NONE',  ( 0.5041805444622952100, 4.209999999999995500, -2.613688723761304900 ) ) ;
#2686 = CARTESIAN_POINT ( 'NONE',  ( 0.3907178456745743500, 4.199999999999994800, -3.090427229038879500 ) ) ;
#2687 = CARTESIAN_POINT ( 'NONE',  ( 0.4584134125800684000, 4.209999999999997300, -2.659094962955010000 ) ) ;
#2688 = CARTESIAN_POINT ( 'NONE',  ( -1.250000000000030200, 0.0000000000000000000, -4.322904116447636700 ) ) ;
#2689 = CARTESIAN_POINT ( 'NONE',  ( 1.444086938888129200, 4.199999999999999300, -1.733632728347430900 ) ) ;
#2690 = ORIENTED_EDGE ( 'NONE', *, *, #2716, .T. ) ;
#2691 = B_SPLINE_CURVE_WITH_KNOTS ( 'NONE', 3,
 ( #1335, #1965, #3858, #101, #4490, #732, #5123, #1354, #5752, #2000, #6363 ),
 .UNSPECIFIED., .F., .F.,
 ( 4, 1, 1, 1, 1, 1, 1, 1, 4 ),
 ( 0.0000000000000000000, 0.08437013078946852000, 0.1785553661703812900, 0.2838476293863111400, 0.4009533469081068600, 0.5308301436973389400, 0.6736898291548725200, 0.8300581566958548100, 1.000000000000000000 ),
 .UNSPECIFIED. ) ;
#2692 = CARTESIAN_POINT ( 'NONE',  ( 0.8682607867934143400, 4.209999999999999100, -2.411016750113876000 ) ) ;
#2693 = CARTESIAN_POINT ( 'NONE',  ( -0.1532133554838054100, 4.209999999999997300, -2.691667263152486700 ) ) ;
#2694 = CARTESIAN_POINT ( 'NONE',  ( 2.279764856874035000, 4.200000000000000200, -1.280774609801209200 ) ) ;
#2695 = LINE ( 'NONE', #56, #6013 ) ;
#2696 = DIRECTION ( 'NONE',  ( 0.0000000000000000000, -1.000000000000000000, 0.0000000000000000000 ) ) ;
#2697 = PERSON_AND_ORGANIZATION ( #1487, #4347 ) ;
#2698 = ORIENTED_EDGE ( 'NONE', *, *, #2741, .T. ) ;
#2699 = DIRECTION ( 'NONE',  ( 0.8091437848515348200, 0.0000000000000000000, -0.5876107005800124100 ) ) ;
#2700 = EDGE_CURVE ( 'NONE', #6715, #7934, #7862, .T. ) ;
#2701 = CARTESIAN_POINT ( 'NONE',  ( -0.5863252192061057000, 4.200000000000000200, -2.923403361784502300 ) ) ;
#2702 = VECTOR ( 'NONE', #5824, 1000.000000000000000 ) ;
#2703 = CARTESIAN_POINT ( 'NONE',  ( 2.653002718507156300, 4.209999999999993700, -1.616756965436710700 ) ) ;
#2704 = EDGE_CURVE ( 'NONE', #5856, #7568, #1460, .T. ) ;
#2705 = CARTESIAN_POINT ( 'NONE',  ( 0.5231200652442107300, 4.209999999999995500, -2.870555712060845400 ) ) ;
#2706 = CARTESIAN_POINT ( 'NONE',  ( -0.4956350745858894600, 4.209999999999993700, -3.086270276403083800 ) ) ;
#2707 = CARTESIAN_POINT ( 'NONE',  ( 1.472430337812036500, 4.209999999999999100, -2.030538696993905700 ) ) ;
#2708 = VECTOR ( 'NONE', #3049, 1000.000000000000000 ) ;
#2709 = DIRECTION ( 'NONE',  ( 0.0000000000000000000, 0.0000000000000000000, 1.000000000000000000 ) ) ;
#2710 = LINE ( 'NONE', #3507, #6028 ) ;
#2711 = CARTESIAN_POINT ( 'NONE',  ( 0.4379475917260602400, 4.210000000000000000, -2.404332993193623900 ) ) ;
#2712 = ORIENTED_EDGE ( 'NONE', *, *, #7627, .F. ) ;
#2713 = LINE ( 'NONE', #3331, #7693 ) ;
#2714 = CARTESIAN_POINT ( 'NONE',  ( 0.6269814576095470400, 4.209999999999995500, -2.719207976368075200 ) ) ;
#2715 = ORIENTED_EDGE ( 'NONE', *, *, #7196, .F. ) ;
#2716 = EDGE_CURVE ( 'NONE', #7250, #2293, #2894, .T. ) ;
#2717 = CARTESIAN_POINT ( 'NONE',  ( 0.3574248842862415300, 4.199999999999998400, -2.538089522115306800 ) ) ;
#2718 = CARTESIAN_POINT ( 'NONE',  ( 1.787341838087540300, 4.209999999999995500, -2.455152391577811500 ) ) ;
#2719 = DIRECTION ( 'NONE',  ( 0.5340778828702459300, 0.0000000000000000000, 0.8454352813958238000 ) ) ;
#2720 = ORIENTED_EDGE ( 'NONE', *, *, #6347, .T. ) ;
#2721 = EDGE_CURVE ( 'NONE', #7866, #1235, #15, .T. ) ;
#2722 = DIRECTION ( 'NONE',  ( 0.0000000000000000000, -1.000000000000000000, 0.0000000000000000000 ) ) ;
#2723 = CARTESIAN_POINT ( 'NONE',  ( 0.8556268053534775700, 4.199999999999996600, -2.245249876385955600 ) ) ;
#2724 = CARTESIAN_POINT ( 'NONE',  ( -0.1807523055516381800, 4.209999999999999100, -2.356961834267372600 ) ) ;
#2725 = VECTOR ( 'NONE', #3361, 1000.000000000000000 ) ;
#2726 = CARTESIAN_POINT ( 'NONE',  ( -0.5552377568817653500, 4.209999999999999100, -2.464966695795952400 ) ) ;
#2727 = VERTEX_POINT ( 'NONE', #1887 ) ;
#2728 = CARTESIAN_POINT ( 'NONE',  ( -2.549498680436558000, 4.199999999999995700, -1.575247143773194700 ) ) ;
#2729 = EDGE_LOOP ( 'NONE', ( #3489, #5492, #4428, #4087 ) ) ;
#2730 = CARTESIAN_POINT ( 'NONE',  ( 1.872341719511554400, 4.209999999999998200, -1.950453669961628400 ) ) ;
#2731 = AXIS2_PLACEMENT_3D ( 'NONE', #6190, #2457, #6816 ) ;
#2732 = ORIENTED_EDGE ( 'NONE', *, *, #2704, .T. ) ;
#2733 = CARTESIAN_POINT ( 'NONE',  ( -0.2452894895878495700, 4.209999999999998200, -2.552443857421314200 ) ) ;
#2735 = CARTESIAN_POINT ( 'NONE',  ( 1.559355588334844200, 4.209999999999999100, -1.672669998090477100 ) ) ;
#2734 = CARTESIAN_POINT ( 'NONE',  ( 0.0000000000000000000, 4.200000000000000200, 0.0000000000000000000 ) ) ;
#2736 = CARTESIAN_POINT ( 'NONE',  ( 0.3910792990359905900, 4.209999999999994600, -3.004194789431663200 ) ) ;
#2737 = CARTESIAN_POINT ( 'NONE',  ( -0.2766199926909256300, 4.209999999999996400, -3.013535604553509600 ) ) ;
#2738 = CARTESIAN_POINT ( 'NONE',  ( 1.438657195676179100, 4.200000000000000200, -1.931726026944915900 ) ) ;
#2739 =( LENGTH_UNIT ( ) NAMED_UNIT ( * ) SI_UNIT ( .MILLI., .METRE. ) );
#2740 = CARTESIAN_POINT ( 'NONE',  ( -2.513327492701311600, 4.209999999999995500, -1.210210363198900500 ) ) ;
#2741 = EDGE_CURVE ( 'NONE', #2275, #2504, #2684, .T. ) ;
#2742 = ADVANCED_FACE ( 'NONE', ( #6006 ), #4148, .T. ) ;
#2743 = CARTESIAN_POINT ( 'NONE',  ( 0.0000000000000000000, 0.0000000000000000000, 0.0000000000000000000 ) ) ;
#2744 = CARTESIAN_POINT ( 'NONE',  ( -0.09700205866847340400, 4.200000000000000200, 2.907041648618186700 ) ) ;
#2745 = CARTESIAN_POINT ( 'NONE',  ( 0.5086863173697235800, 4.209999999999996400, -2.603188601551983600 ) ) ;
#2746 = CARTESIAN_POINT ( 'NONE',  ( 1.463195248208586400, 4.209999999999998200, -1.836695967445476800 ) ) ;
#2747 = CARTESIAN_POINT ( 'NONE',  ( 0.5450776125554845900, 4.210000000000000000, 2.907041648618186700 ) ) ;
#2748 = CARTESIAN_POINT ( 'NONE',  ( 0.9280635949550879400, 4.209999999999999100, -2.156489875525150300 ) ) ;
#2749 = EDGE_CURVE ( 'NONE', #2785, #3939, #6688, .T. ) ;
#2750 = CARTESIAN_POINT ( 'NONE',  ( -0.3722306006873093400, 4.209999999999999100, -2.318246333087360200 ) ) ;
#2751 = CARTESIAN_POINT ( 'NONE',  ( -2.520908810025362700, 4.209999999999995500, -1.395900633547488600 ) ) ;
#2752 = EDGE_CURVE ( 'NONE', #3157, #7247, #7471, .T. ) ;
#2753 = CARTESIAN_POINT ( 'NONE',  ( 1.822926711129128100, 4.209999999999998200, -1.754154402352990700 ) ) ;
#2754 = CARTESIAN_POINT ( 'NONE',  ( -0.6072077127879550500, 4.199999999999996600, -2.841724736938419300 ) ) ;
#2755 = CARTESIAN_POINT ( 'NONE',  ( 0.2941783453378514800, 4.199999999999994000, -2.986030024181095800 ) ) ;
#2756 = CARTESIAN_POINT ( 'NONE',  ( -0.1495467810483356000, 4.199999999999997500, -2.668325833298143200 ) ) ;
#2757 = CARTESIAN_POINT ( 'NONE',  ( -0.1550901739091391500, 4.209999999999998200, -2.703615097949041900 ) ) ;
#2758 = CARTESIAN_POINT ( 'NONE',  ( 1.463195248208586400, 4.209999999999998200, -1.836695967445476800 ) ) ;
#2759 = ORIENTED_EDGE ( 'NONE', *, *, #6935, .F. ) ;
#2760 = APPLICATION_PROTOCOL_DEFINITION ( 'international standard', 'config_control_design', 1994, #6496 ) ;
#2761 = CARTESIAN_POINT ( 'NONE',  ( -2.655522286674553400, 4.209999999999994600, -1.536055766124620600 ) ) ;
#2762 = ORIENTED_EDGE ( 'NONE', *, *, #5376, .F. ) ;
#2763 = EDGE_CURVE ( 'NONE', #7572, #1369, #5253, .T. ) ;
#2764 = ORIENTED_EDGE ( 'NONE', *, *, #6126, .T. ) ;
#2765 = CARTESIAN_POINT ( 'NONE',  ( -2.530041378552208000, 4.209999999999993700, -1.635962487016283900 ) ) ;
#2766 = CARTESIAN_POINT ( 'NONE',  ( -2.575031150993469800, 4.209999999999993700, -1.750165043712550200 ) ) ;
#2767 = ORIENTED_EDGE ( 'NONE', *, *, #7429, .F. ) ;
#2768 = PRODUCT ( 'GT-0903A', 'GT-0903A', '', ( #5873 ) ) ;
#2769 = CARTESIAN_POINT ( 'NONE',  ( 0.7588846822388059000, 4.200000000000000200, -2.232261721480155900 ) ) ;
#2770 = ORIENTED_EDGE ( 'NONE', *, *, #6868, .T. ) ;
#2771 = CARTESIAN_POINT ( 'NONE',  ( -0.7047306167565399200, 4.209999999999995500, -2.651704427378002400 ) ) ;
#2772 = CARTESIAN_POINT ( 'NONE',  ( 0.5846081808134436800, 4.209999999999994600, -2.964278335945614600 ) ) ;
#2773 = CARTESIAN_POINT ( 'NONE',  ( 0.8270983852397585400, 4.210000000000000000, -2.120203078237551600 ) ) ;
#2774 = ORIENTED_EDGE ( 'NONE', *, *, #3025, .T. ) ;
#2775 = CARTESIAN_POINT ( 'NONE',  ( 1.680954519081338600, 4.209999999999995500, -2.408973720803548000 ) ) ;
#2776 = FACE_OUTER_BOUND ( 'NONE', #7738, .T. ) ;
#2777 = DIRECTION ( 'NONE',  ( 0.0000000000000000000, -1.000000000000000000, 0.0000000000000000000 ) ) ;
#2778 = CARTESIAN_POINT ( 'NONE',  ( -0.6292161527469771800, 4.200000000000000200, -2.379239965363154000 ) ) ;
#2779 = ORIENTED_EDGE ( 'NONE', *, *, #2443, .T. ) ;
#2780 = EDGE_CURVE ( 'NONE', #1013, #6291, #5819, .T. ) ;
#2781 = ADVANCED_FACE ( 'NONE', ( #4337 ), #5814, .F. ) ;
#2782 = ORIENTED_EDGE ( 'NONE', *, *, #282, .T. ) ;
#2783 = VERTEX_POINT ( 'NONE', #7634 ) ;
#2784 = CARTESIAN_POINT ( 'NONE',  ( -2.521488549700779300, 4.209999999999995500, -1.818761556958086200 ) ) ;
#2785 = VERTEX_POINT ( 'NONE', #3940 ) ;
#2786 = CARTESIAN_POINT ( 'NONE',  ( 1.293263310107313400, 4.199999999999999300, -2.296863517929738800 ) ) ;
#2787 = LINE ( 'NONE', #1236, #7167 ) ;
#2788 = VERTEX_POINT ( 'NONE', #192 ) ;
#2789 = CARTESIAN_POINT ( 'NONE',  ( -0.1908007102289488700, 4.200000000000000200, -2.339245391035412500 ) ) ;
#2790 = CARTESIAN_POINT ( 'NONE',  ( 0.1537185260269838500, 4.209999999999993700, -3.003183682371437100 ) ) ;
#2791 = VERTEX_POINT ( 'NONE', #4582 ) ;
#2792 = CARTESIAN_POINT ( 'NONE',  ( 0.2571943781377258300, 4.210000000000000000, -2.243096808470071300 ) ) ;
#2793 = AXIS2_PLACEMENT_3D ( 'NONE', #6327, #2593, #6949 ) ;
#2794 = ORIENTED_EDGE ( 'NONE', *, *, #6215, .T. ) ;
#2795 = APPROVAL_ROLE ( '' ) ;
#2796 = DIRECTION ( 'NONE',  ( -0.0000000000000000000, -1.000000000000000000, -0.0000000000000000000 ) ) ;
#2797 = LINE ( 'NONE', #5329, #4245 ) ;
#2798 = CARTESIAN_POINT ( 'NONE',  ( 1.839252504709287400, 4.199999999999996600, -2.013358490310634100 ) ) ;
#2799 = CARTESIAN_POINT ( 'NONE',  ( -2.359485884357631400, 4.209999999999993700, -1.917268118465488500 ) ) ;
#2800 = ORIENTED_EDGE ( 'NONE', *, *, #7046, .T. ) ;
#2801 = CARTESIAN_POINT ( 'NONE',  ( -1.899177390217265500, 4.210000000000000000, -1.203557174963745500 ) ) ;
#2802 = FACE_OUTER_BOUND ( 'NONE', #5563, .T. ) ;
#2803 = CARTESIAN_POINT ( 'NONE',  ( -0.7108576244473319200, 4.199999999999999300, -2.834147115213565100 ) ) ;
#2804 = CARTESIAN_POINT ( 'NONE',  ( 0.6185989390978344800, 4.209999999999997300, -2.647630108511695100 ) ) ;
#2805 = DIRECTION ( 'NONE',  ( -0.0000000000000000000, -1.000000000000000000, -0.0000000000000000000 ) ) ;
#2806 = CARTESIAN_POINT ( 'NONE',  ( 1.809172183513438400, 4.199999999999994800, -2.458095780709626400 ) ) ;
#2807 = VECTOR ( 'NONE', #5964, 1000.000000000000000 ) ;
#2808 = CARTESIAN_POINT ( 'NONE',  ( -1.783332442291067200, 4.210000000000000900, -1.397666761205070800 ) ) ;
#2809 = ORIENTED_EDGE ( 'NONE', *, *, #1387, .F. ) ;
#2810 = CARTESIAN_POINT ( 'NONE',  ( -1.998271441623060000, 4.209999999999997300, -1.665437208856262600 ) ) ;
#2811 = CARTESIAN_POINT ( 'NONE',  ( 2.446002903781375500, 4.209999999999995500, -1.500873261733912000 ) ) ;
#2812 = CARTESIAN_POINT ( 'NONE',  ( 1.895573519063285600, 4.199999999999994800, -2.449490449423247000 ) ) ;
#2813 = FACE_OUTER_BOUND ( 'NONE', #6195, .T. ) ;
#2814 = CARTESIAN_POINT ( 'NONE',  ( -2.392904329127113700, 4.199999999999996600, -1.906951633221809100 ) ) ;
#2815 = VECTOR ( 'NONE', #5082, 1000.000000000000100 ) ;
#2816 = CARTESIAN_POINT ( 'NONE',  ( 1.183425225173317700, 4.210000000000000000, -2.136050350517096700 ) ) ;
#2817 = EDGE_CURVE ( 'NONE', #7362, #103, #3784, .T. ) ;
#2818 = CARTESIAN_POINT ( 'NONE',  ( 1.844823290688418100, 4.209999999999997300, -2.092301857624852000 ) ) ;
#2819 = CARTESIAN_POINT ( 'NONE',  ( 1.183425225173317700, 4.200000000000000200, -2.136050350517096700 ) ) ;
#2820 = CARTESIAN_POINT ( 'NONE',  ( -0.8124437611866723900, 4.209999999999998200, -2.416598178896911500 ) ) ;
#2821 = ORIENTED_EDGE ( 'NONE', *, *, #6512, .F. ) ;
#2822 = DIRECTION ( 'NONE',  ( 0.9987721181413367100, 0.0000000000000000000, 0.04954044835755569400 ) ) ;
#2823 = CARTESIAN_POINT ( 'NONE',  ( 0.1351574808624722800, 4.200000000000001100, -2.291268362653698700 ) ) ;
#2824 = FACE_OUTER_BOUND ( 'NONE', #7175, .T. ) ;
#2825 = DIRECTION ( 'NONE',  ( 0.0000000000000000000, -0.0000000000000000000, 1.000000000000000000 ) ) ;
#2826 = ADVANCED_FACE ( 'NONE', ( #5617 ), #3374, .F. ) ;
#2827 = CARTESIAN_POINT ( 'NONE',  ( 0.5450776125554845900, 4.210000000000000000, 2.907041648618186700 ) ) ;
#2829 = VERTEX_POINT ( 'NONE', #4637 ) ;
#2828 = CARTESIAN_POINT ( 'NONE',  ( 0.2251273313110485300, 4.199999999999997500, -2.560182105968769500 ) ) ;
#2830 = CARTESIAN_POINT ( 'NONE',  ( -2.226069817773723700, 4.209999999999997300, -1.072867154894333600 ) ) ;
#2831 = ORIENTED_EDGE ( 'NONE', *, *, #7342, .T. ) ;
#2832 = VECTOR ( 'NONE', #7293, 1000.000000000000000 ) ;
#2833 = ORIENTED_EDGE ( 'NONE', *, *, #7046, .F. ) ;
#2834 = EDGE_CURVE ( 'NONE', #4648, #5907, #6390, .T. ) ;
#2835 = CARTESIAN_POINT ( 'NONE',  ( -0.6630918271092655100, 4.209999999999995500, -2.981431209960240000 ) ) ;
#2836 = CARTESIAN_POINT ( 'NONE',  ( 0.8814799554792400700, 4.209999999999996400, -2.450091449402837600 ) ) ;
#2837 = PLANE ( 'NONE',  #7756 ) ;
#2838 = CARTESIAN_POINT ( 'NONE',  ( -0.7108576244473319200, 4.199999999999996600, -2.834147115213565100 ) ) ;
#2839 = CARTESIAN_POINT ( 'NONE',  ( 2.532528946950007000, 4.199999999999994800, -1.608386302385318200 ) ) ;
#2840 = CARTESIAN_POINT ( 'NONE',  ( -2.214757204271135200, 4.209999999999995500, -1.912025380602749200 ) ) ;
#2841 = CARTESIAN_POINT ( 'NONE',  ( 1.078444418677756600, 4.200000000000000200, -2.066418071571967100 ) ) ;
#2842 = DIRECTION ( 'NONE',  ( 0.0000000000000000000, -1.000000000000000000, 0.0000000000000000000 ) ) ;
#2843 = CARTESIAN_POINT ( 'NONE',  ( 0.9408456985820598000, 4.200000000000001100, -2.060956839865940400 ) ) ;
#2844 = CARTESIAN_POINT ( 'NONE',  ( -0.5912676562081489200, 4.199999999999998400, -2.616750573620901100 ) ) ;
#2845 = ORIENTED_EDGE ( 'NONE', *, *, #5188, .T. ) ;
#2846 = CARTESIAN_POINT ( 'NONE',  ( -0.4847381912827583000, 4.199999999999994800, -3.087655490735025800 ) ) ;
#2847 = CARTESIAN_POINT ( 'NONE',  ( 0.05946056672724207200, 4.210000000000000900, -2.413305486737028700 ) ) ;
#2848 = B_SPLINE_CURVE_WITH_KNOTS ( 'NONE', 3,
 ( #2701, #227, #2126, #6488, #2754, #7119, #3380, #7745, #4003, #257, #4643 ),
 .UNSPECIFIED., .F., .F.,
 ( 4, 1, 1, 1, 1, 1, 1, 1, 4 ),
 ( 0.0000000000000000000, 0.08430334251478616100, 0.1787736854926635400, 0.2836599446201992200, 0.4008730728870026300, 0.5310815389956976600, 0.6736526273526976000, 0.8300560812298969400, 1.000000000000000000 ),
 .UNSPECIFIED. ) ;
#2849 = CARTESIAN_POINT ( 'NONE',  ( -2.214757204271135200, 4.199999999999996600, -1.912025380602749200 ) ) ;
#2850 = CARTESIAN_POINT ( 'NONE',  ( 1.174930454918110100, 4.199999999999994800, -2.796729380356203900 ) ) ;
#2851 = CARTESIAN_POINT ( 'NONE',  ( 1.872341719511554400, 4.209999999999998200, -1.950453669961628400 ) ) ;
#2852 = CARTESIAN_POINT ( 'NONE',  ( 0.08790299828308312200, 4.199999999999997500, -2.836891995631814800 ) ) ;
#2853 = CARTESIAN_POINT ( 'NONE',  ( 0.8993953931495561900, 4.200000000000000200, -2.075994053156168000 ) ) ;
#2854 = CARTESIAN_POINT ( 'NONE',  ( -0.5769985134144458600, 4.199999999999997500, -3.060906555887170600 ) ) ;
#2855 = PLANE ( 'NONE',  #471 ) ;
#2856 = CARTESIAN_POINT ( 'NONE',  ( 0.9333450869807556900, 4.209999999999999100, -2.153950345585571300 ) ) ;
#2857 = CARTESIAN_POINT ( 'NONE',  ( -0.5769985134144458600, 4.199999999999994800, -3.060906555887170600 ) ) ;
#2858 = EDGE_CURVE ( 'NONE', #240, #2278, #3945, .T. ) ;
#2859 = DIRECTION ( 'NONE',  ( -0.0000000000000000000, -1.000000000000000000, -0.0000000000000000000 ) ) ;
#2860 = ADVANCED_FACE ( 'NONE', ( #5426 ), #1501, .T. ) ;
#2861 = CARTESIAN_POINT ( 'NONE',  ( 1.340925931556623800, 4.209999999999999100, -1.981821424929620000 ) ) ;
#2862 = DIRECTION ( 'NONE',  ( -0.0000000000000000000, -1.000000000000000000, -0.0000000000000000000 ) ) ;
#2863 = EDGE_CURVE ( 'NONE', #992, #6902, #3747, .T. ) ;
#2864 = CARTESIAN_POINT ( 'NONE',  ( 0.9408456985820598000, 4.210000000000000900, -2.060956839865940400 ) ) ;
#2865 = ORIENTED_EDGE ( 'NONE', *, *, #494, .F. ) ;
#2866 = CARTESIAN_POINT ( 'NONE',  ( 1.866404275492616000, 4.199999999999999300, -1.966565455167667500 ) ) ;
#2867 = ORIENTED_EDGE ( 'NONE', *, *, #1740, .T. ) ;
#2868 = CARTESIAN_POINT ( 'NONE',  ( 0.9565424187110681500, 4.199999999999996600, -2.622316961980341700 ) ) ;
#2869 = B_SPLINE_CURVE_WITH_KNOTS ( 'NONE', 3,
 ( #868, #6448, #2145, #6508, #2773, #7131, #3396, #7765, #4015, #273, #4664 ),
 .UNSPECIFIED., .F., .F.,
 ( 4, 1, 1, 1, 1, 1, 1, 1, 4 ),
 ( 0.0000000000000000000, 0.1362514136476641600, 0.2658982168219436400, 0.3908775039273820200, 0.5128811376833684000, 0.6328489854411092400, 0.7523631320196774200, 0.8741664723777103900, 1.000000000000000000 ),
 .UNSPECIFIED. ) ;
#2870 = CARTESIAN_POINT ( 'NONE',  ( -0.5171962875526359100, 4.209999999999999100, -2.385121643358629300 ) ) ;
#2871 = VERTEX_POINT ( 'NONE', #1529 ) ;
#2872 = CARTESIAN_POINT ( 'NONE',  ( -0.2076118933195889900, 4.199999999999995700, -2.903206595776015600 ) ) ;
#2873 = CARTESIAN_POINT ( 'NONE',  ( 1.388905598425181900, 4.199999999999999300, -2.093984938400433600 ) ) ;
#2874 = LINE ( 'NONE', #5044, #7649 ) ;
#2875 = ADVANCED_FACE ( 'NONE', ( #2096 ), #4888, .T. ) ;
#2876 = CARTESIAN_POINT ( 'NONE',  ( 1.225109932574491400, 4.209999999999997300, -2.402813738606782500 ) ) ;
#2877 = VERTEX_POINT ( 'NONE', #278 ) ;
#2878 = PLANE ( 'NONE',  #8078 ) ;
#2879 = EDGE_CURVE ( 'NONE', #5399, #2489, #5232, .T. ) ;
#2880 = CARTESIAN_POINT ( 'NONE',  ( 0.8481439309836167300, 4.200000000000000200, -2.313745698330564900 ) ) ;
#2881 = CARTESIAN_POINT ( 'NONE',  ( 1.875301498570545600, 4.199999999999996600, -1.850028861359106300 ) ) ;
#2882 = VERTEX_POINT ( 'NONE', #4723 ) ;
#2883 = CARTESIAN_POINT ( 'NONE',  ( 1.321379711724609100, 4.209999999999994600, -2.814291371988345800 ) ) ;
#2884 = CARTESIAN_POINT ( 'NONE',  ( 0.7917627899558309400, 4.200000000000001100, -2.159610325819457900 ) ) ;
#2885 = LINE ( 'NONE', #7847, #1193 ) ;
#2886 = ORIENTED_EDGE ( 'NONE', *, *, #6351, .F. ) ;
#2887 = CARTESIAN_POINT ( 'NONE',  ( -2.208133474957481900, 4.200000000000000200, -1.800068186532085100 ) ) ;
#2888 = CARTESIAN_POINT ( 'NONE',  ( -1.896465491276258900, 4.210000000000000000, -1.388351237793507700 ) ) ;
#2889 = EDGE_LOOP ( 'NONE', ( #1790, #946, #1078, #3359 ) ) ;
#2890 = VERTEX_POINT ( 'NONE', #5348 ) ;
#2891 = CARTESIAN_POINT ( 'NONE',  ( 1.000411369877453500, 4.200000000000001100, -2.143428140054338900 ) ) ;
#2892 = CARTESIAN_POINT ( 'NONE',  ( 0.09562184269871375200, 4.200000000000000200, 2.907041648618186700 ) ) ;
#2893 = AXIS2_PLACEMENT_3D ( 'NONE', #4576, #2084, #6449 ) ;
#2894 = CIRCLE ( 'NONE', #566, 0.6999999999999998400 ) ;
#2895 = CARTESIAN_POINT ( 'NONE',  ( 1.999095276837253400, 4.209999999999995500, -2.031469498512361100 ) ) ;
#2896 = CARTESIAN_POINT ( 'NONE',  ( -1.759985185297356000, 4.200000000000000200, -1.638482258692558500 ) ) ;
#2897 = DIRECTION ( 'NONE',  ( 0.0000000000000000000, -1.000000000000000000, 0.0000000000000000000 ) ) ;
#2898 = EDGE_LOOP ( 'NONE', ( #1775, #1114, #4221, #1478 ) ) ;
#2899 = DIRECTION ( 'NONE',  ( -0.8090765340455407000, 0.0000000000000000000, 0.5877032942368581900 ) ) ;
#2900 = CARTESIAN_POINT ( 'NONE',  ( 1.827196380983108900, 4.200000000000000200, -1.759246484037964200 ) ) ;
#2901 = LINE ( 'NONE', #5072, #818 ) ;
#2902 = CARTESIAN_POINT ( 'NONE',  ( 1.758305590354104900, 4.209999999999999100, -1.851405174885989000 ) ) ;
#2903 = CARTESIAN_POINT ( 'NONE',  ( -0.4237519128475037400, 4.199999999999999300, -2.319364657588614400 ) ) ;
#2904 = DIRECTION ( 'NONE',  ( 0.0000000000000000000, -0.0000000000000000000, 1.000000000000000000 ) ) ;
#2905 = AXIS2_PLACEMENT_3D ( 'NONE', #8058, #4311, #564 ) ;
#2906 = VERTEX_POINT ( 'NONE', #6593 ) ;
#2907 = CARTESIAN_POINT ( 'NONE',  ( 1.261606130011495800, 4.209999999999994600, -2.744286043443577000 ) ) ;
#2908 = DIRECTION ( 'NONE',  ( 0.0000000000000000000, -1.000000000000000000, 0.0000000000000000000 ) ) ;
#2909 = ADVANCED_FACE ( 'NONE', ( #2299 ), #226, .F. ) ;
#2910 = LINE ( 'NONE', #1428, #2702 ) ;
#2911 = CARTESIAN_POINT ( 'NONE',  ( -1.106524693554710800, 4.209999999999998200, -2.296698760607089400 ) ) ;
#2912 = CARTESIAN_POINT ( 'NONE',  ( 1.822926711129128100, 4.209999999999998200, -1.754154402352990700 ) ) ;
#2913 = CARTESIAN_POINT ( 'NONE',  ( 1.390812267708121800, 4.199999999999994800, -2.654383987186050800 ) ) ;
#2914 = CARTESIAN_POINT ( 'NONE',  ( -2.116245714285963000, 4.200000000000001100, -1.077115017741433700 ) ) ;
#2915 = FACE_OUTER_BOUND ( 'NONE', #6070, .T. ) ;
#2916 = DIRECTION ( 'NONE',  ( -6.913199529551666400E-015, -0.0000000000000000000, -1.000000000000000000 ) ) ;
#2917 = CARTESIAN_POINT ( 'NONE',  ( -2.495222136314718200, 4.200000000000000200, -1.697905130528073700 ) ) ;
#2918 = CARTESIAN_POINT ( 'NONE',  ( -1.866415890267885800, 4.200000000000000200, -1.570090760252074600 ) ) ;
#2919 = ORIENTED_EDGE ( 'NONE', *, *, #1012, .T. ) ;
#2920 = ORIENTED_EDGE ( 'NONE', *, *, #7345, .T. ) ;
#2921 = CARTESIAN_POINT ( 'NONE',  ( 1.127275183506374800, 4.209999999999997300, -2.223312056140240900 ) ) ;
#2922 = ADVANCED_FACE ( 'NONE', ( #6863 ), #358, .T. ) ;
#2923 = CARTESIAN_POINT ( 'NONE',  ( 0.5450776125554845900, 4.200000000000000200, 3.099665549985374000 ) ) ;
#2924 = LINE ( 'NONE', #1432, #4362 ) ;
#2925 = ORIENTED_EDGE ( 'NONE', *, *, #1749, .F. ) ;
#2926 = CARTESIAN_POINT ( 'NONE',  ( 0.09562184269871375200, 4.210000000000000000, 3.099665549985374000 ) ) ;
#2927 = DIRECTION ( 'NONE',  ( 0.9807539606072638300, -6.748210516929926100E-015, -0.1952477112622981700 ) ) ;
#2928 = CARTESIAN_POINT ( 'NONE',  ( 0.8333748456828270500, 4.199999999999997500, -2.612191621518419500 ) ) ;
#2929 = ORIENTED_EDGE ( 'NONE', *, *, #31, .F. ) ;
#2930 = CARTESIAN_POINT ( 'NONE',  ( -0.4889791214507681100, 4.209999999999994600, -3.000197304858465100 ) ) ;
#2931 = CARTESIAN_POINT ( 'NONE',  ( 0.3449436911865271200, 4.210000000000000900, -2.242929659575104000 ) ) ;
#2932 = VECTOR ( 'NONE', #5200, 1000.000000000000200 ) ;
#2933 = CARTESIAN_POINT ( 'NONE',  ( -2.450484130226588500, 4.209999999999997300, -1.160397941992405100 ) ) ;
#2934 = CARTESIAN_POINT ( 'NONE',  ( 1.780012745410982900, 4.199999999999997500, -1.943100067502235000 ) ) ;
#2935 = DIRECTION ( 'NONE',  ( 0.0000000000000000000, 1.000000000000000000, 0.0000000000000000000 ) ) ;
#2936 = ORIENTED_EDGE ( 'NONE', *, *, #711, .T. ) ;
#2937 = DIRECTION ( 'NONE',  ( 0.9789627354575208800, 0.0000000000000000000, -0.2040391202331743600 ) ) ;
#2938 = CARTESIAN_POINT ( 'NONE',  ( -2.205721033979192400, 4.199999999999999300, -1.181868311860895200 ) ) ;
#2939 = CARTESIAN_POINT ( 'NONE',  ( -0.3371854219590743100, 4.209999999999994600, -2.934798478028851900 ) ) ;
#2940 = CARTESIAN_POINT ( 'NONE',  ( 1.362974432360542200, 4.209999999999996400, -2.464701755533978700 ) ) ;
#2941 = CARTESIAN_POINT ( 'NONE',  ( -2.309251128937042100, 4.209999999999996400, -1.090183252505475800 ) ) ;
#2942 = CARTESIAN_POINT ( 'NONE',  ( 0.0000000000000000000, 4.150000000000001200, 0.0000000000000000000 ) ) ;
#2943 = EDGE_CURVE ( 'NONE', #1206, #7468, #2348, .T. ) ;
#2944 = CARTESIAN_POINT ( 'NONE',  ( 2.040389367912172100, 4.199999999999997500, -2.344461484651699600 ) ) ;
#2945 = CARTESIAN_POINT ( 'NONE',  ( 1.225109932574491400, 4.200000000000000200, -2.402813738606782500 ) ) ;
#2946 = CARTESIAN_POINT ( 'NONE',  ( 1.999095276837253400, 4.199999999999996600, -2.031469498512361100 ) ) ;
#2947 = CARTESIAN_POINT ( 'NONE',  ( -1.987964307539555000, 4.200000000000001100, -1.130131549104410200 ) ) ;
#2948 = ADVANCED_FACE ( 'NONE', ( #6682 ), #1611, .T. ) ;
#2949 = CARTESIAN_POINT ( 'NONE',  ( 1.045747256502597600, 4.199999999999995700, -2.866199493214805400 ) ) ;
#2950 = B_SPLINE_CURVE_WITH_KNOTS ( 'NONE', 3,
 ( #7444, #3083, #4325, #573, #4978 ),
 .UNSPECIFIED., .F., .F.,
 ( 4, 1, 4 ),
 ( 0.0000000000000000000, 0.4165703817114461700, 1.000000000000000000 ),
 .UNSPECIFIED. ) ;
#2951 = CARTESIAN_POINT ( 'NONE',  ( -0.5681830185513139200, 4.199999999999996600, -2.953249525800744300 ) ) ;
#2952 = CARTESIAN_POINT ( 'NONE',  ( -2.572490531222783300, 4.199999999999997500, -1.275704819139787100 ) ) ;
#2953 = CARTESIAN_POINT ( 'NONE',  ( 1.733372655596557200, 4.209999999999997300, -2.043627226691764800 ) ) ;
#2954 = CARTESIAN_POINT ( 'NONE',  ( -1.723958536067447200, 4.209999999999994600, -2.470274388587610400 ) ) ;
#2955 = CARTESIAN_POINT ( 'NONE',  ( 1.981507637401173500, 4.209999999999994600, -2.171318443887884500 ) ) ;
#2956 = CARTESIAN_POINT ( 'NONE',  ( -1.930943557959538000, 4.200000000000000200, -1.324836926556301600 ) ) ;
#2957 = CARTESIAN_POINT ( 'NONE',  ( -1.998271441623060000, 4.209999999999997300, -1.665437208856262600 ) ) ;
#2958 = CARTESIAN_POINT ( 'NONE',  ( -2.442060331937774300, 4.199999999999999300, -1.154635558515877800 ) ) ;
#2959 = VERTEX_POINT ( 'NONE', #5396 ) ;
#2960 = ORIENTED_EDGE ( 'NONE', *, *, #8096, .F. ) ;
#2961 = CARTESIAN_POINT ( 'NONE',  ( 0.3974103937469851100, 4.199999999999994000, -3.089356213266245100 ) ) ;
#2962 = CARTESIAN_POINT ( 'NONE',  ( 2.079814099826117400, 4.209999999999994600, -2.140357244532619300 ) ) ;
#2963 = ORIENTED_EDGE ( 'NONE', *, *, #7342, .F. ) ;
#2964 = CARTESIAN_POINT ( 'NONE',  ( 1.277924854190383600, 4.209999999999994600, -2.267998828636592600 ) ) ;
#2965 = ORIENTED_EDGE ( 'NONE', *, *, #291, .T. ) ;
#2966 = CARTESIAN_POINT ( 'NONE',  ( 0.1902652262397523100, 4.210000000000000900, -2.260144741368780500 ) ) ;
#2967 = EDGE_CURVE ( 'NONE', #1363, #7582, #1883, .T. ) ;
#2968 = CARTESIAN_POINT ( 'NONE',  ( -2.336454013749908100, 4.200000000000000200, -1.099529030014009500 ) ) ;
#2969 = CARTESIAN_POINT ( 'NONE',  ( 1.839252504709287400, 4.209999999999996400, -2.013358490310634100 ) ) ;
#2970 = EDGE_CURVE ( 'NONE', #7446, #2785, #870, .T. ) ;
#2971 = ORIENTED_EDGE ( 'NONE', *, *, #6526, .F. ) ;
#2972 = CARTESIAN_POINT ( 'NONE',  ( 1.731877477423876300, 4.199999999999996600, -2.149083835677744900 ) ) ;
#2973 = CIRCLE ( 'NONE', #2793, 0.2999999999999999300 ) ;
#2974 = ORIENTED_EDGE ( 'NONE', *, *, #1954, .F. ) ;
#2975 = DIRECTION ( 'NONE',  ( -0.3774485607782725500, -8.337819944835652900E-015, -0.9260305523936079900 ) ) ;
#2976 = CARTESIAN_POINT ( 'NONE',  ( 0.9333450869807556900, 4.200000000000001100, -2.153950345585571300 ) ) ;
#2977 = CARTESIAN_POINT ( 'NONE',  ( 0.3854736268777442200, 4.209999999999994600, -3.004825838486362400 ) ) ;
#2978 = ORIENTED_EDGE ( 'NONE', *, *, #480, .T. ) ;
#2979 = EDGE_LOOP ( 'NONE', ( #3879, #2555, #1483, #1145 ) ) ;
#2980 = CARTESIAN_POINT ( 'NONE',  ( 1.944625422650890800, 4.209999999999994600, -2.323861730202098700 ) ) ;
#2981 = CARTESIAN_POINT ( 'NONE',  ( -2.482878620409001900, 4.209999999999996400, -1.340527698748420700 ) ) ;
#2982 = VECTOR ( 'NONE', #7995, 1000.000000000000000 ) ;
#2983 = VERTEX_POINT ( 'NONE', #408 ) ;
#2984 = ADVANCED_FACE ( 'NONE', ( #421 ), #6867, .T. ) ;
#2985 = EDGE_CURVE ( 'NONE', #2665, #3890, #28, .T. ) ;
#2986 = CARTESIAN_POINT ( 'NONE',  ( 0.0000000000000000000, 0.0000000000000000000, 0.0000000000000000000 ) ) ;
#2987 = CARTESIAN_POINT ( 'NONE',  ( 2.071935764523532800, 4.199999999999995700, -2.288013603122824400 ) ) ;
#2988 = CARTESIAN_POINT ( 'NONE',  ( 0.6061670438622910300, 4.200000000000002800, -2.572924011302303500 ) ) ;
#2989 = CARTESIAN_POINT ( 'NONE',  ( 0.3403242046181493300, 4.209999999999998200, -2.625680228136746800 ) ) ;
#2990 = ORIENTED_EDGE ( 'NONE', *, *, #170, .F. ) ;
#2991 = ORIENTED_EDGE ( 'NONE', *, *, #1911, .F. ) ;
#2992 = VECTOR ( 'NONE', #4560, 1000.000000000000000 ) ;
#2993 = CARTESIAN_POINT ( 'NONE',  ( 0.5476052184370524500, 4.199999999999994800, -3.012019939502364800 ) ) ;
#2994 = CARTESIAN_POINT ( 'NONE',  ( 1.940945139533726900, 4.209999999999994600, -2.327174586340534600 ) ) ;
#2995 = CARTESIAN_POINT ( 'NONE',  ( 1.059842586244447200, 4.210000000000000900, -2.060026588729596800 ) ) ;
#2996 = ORIENTED_EDGE ( 'NONE', *, *, #6947, .F. ) ;
#2997 = AXIS2_PLACEMENT_3D ( 'NONE', #5642, #1879, #6254 ) ;
#2998 = CARTESIAN_POINT ( 'NONE',  ( 0.05313409030564530300, 4.209999999999999100, -2.474758498771628500 ) ) ;
#2999 = CARTESIAN_POINT ( 'NONE',  ( -2.553151720874720500, 4.199999999999995700, -1.491248605463935100 ) ) ;
#3000 = CARTESIAN_POINT ( 'NONE',  ( -0.6027089326604729800, 4.209999999999996400, -2.872437057387712900 ) ) ;
#3001 = CARTESIAN_POINT ( 'NONE',  ( 1.725962199835914900, 4.209999999999996400, -2.155301679598681000 ) ) ;
#3002 = LINE ( 'NONE', #6436, #7780 ) ;
#3003 = FACE_OUTER_BOUND ( 'NONE', #5394, .T. ) ;
#3004 = CARTESIAN_POINT ( 'NONE',  ( 1.449955800662056500, 4.200000000000000200, -1.981743049981696600 ) ) ;
#3005 = CARTESIAN_POINT ( 'NONE',  ( 0.1618368536628754800, 4.209999999999999100, -2.415858456852260100 ) ) ;
#3006 = ORIENTED_EDGE ( 'NONE', *, *, #2622, .F. ) ;
#3007 = CARTESIAN_POINT ( 'NONE',  ( 0.2452528332428030000, 4.199999999999999300, -2.667384554961790500 ) ) ;
#3008 = CARTESIAN_POINT ( 'NONE',  ( 1.090034478816831900, 4.200000000000001100, -2.182679587385054600 ) ) ;
#3009 = LINE ( 'NONE', #2747, #7787 ) ;
#3010 = CARTESIAN_POINT ( 'NONE',  ( 0.2268589757531660800, 4.209999999999995500, -2.923672219165010400 ) ) ;
#3011 = AXIS2_PLACEMENT_3D ( 'NONE', #2600, #6956, #3227 ) ;
#3012 = CARTESIAN_POINT ( 'NONE',  ( -1.843448621417450800, 4.200000000000001100, -1.274499461255108200 ) ) ;
#3013 = FACE_OUTER_BOUND ( 'NONE', #1000, .T. ) ;
#3014 = CARTESIAN_POINT ( 'NONE',  ( 1.762540344202734300, 4.199999999999998400, -2.123652227643540800 ) ) ;
#3015 = DIRECTION ( 'NONE',  ( 1.000000000000000000, 0.0000000000000000000, 0.0000000000000000000 ) ) ;
#3017 = ORIENTED_EDGE ( 'NONE', *, *, #5120, .T. ) ;
#3016 = CARTESIAN_POINT ( 'NONE',  ( 0.5360400538153617900, 4.209999999999998200, -2.377327568421859100 ) ) ;
#3018 = CARTESIAN_POINT ( 'NONE',  ( 0.4308187712791190500, 4.199999999999996600, -2.640871327723069300 ) ) ;
#3019 = CARTESIAN_POINT ( 'NONE',  ( 0.1921316299714601600, 4.199999999999996600, -2.772475890288654400 ) ) ;
#3020 = ORIENTED_EDGE ( 'NONE', *, *, #6168, .T. ) ;
#3021 = VECTOR ( 'NONE', #6422, 1000.000000000000000 ) ;
#3022 = CARTESIAN_POINT ( 'NONE',  ( 0.6269814576095470400, 4.199999999999996600, -2.719207976368075200 ) ) ;
#3023 = EDGE_CURVE ( 'NONE', #3939, #6678, #7539, .T. ) ;
#3024 = CARTESIAN_POINT ( 'NONE',  ( 1.880400744820696700, 4.209999999999995500, -2.360269755643398700 ) ) ;
#3025 = EDGE_CURVE ( 'NONE', #2092, #6855, #1685, .T. ) ;
#3026 = ORIENTED_EDGE ( 'NONE', *, *, #7474, .T. ) ;
#3027 = CARTESIAN_POINT ( 'NONE',  ( -0.3876720791672252900, 4.200000000000000200, -2.229955716390387400 ) ) ;
#3028 = CARTESIAN_POINT ( 'NONE',  ( 0.3162612532427920300, 4.200000000000002000, -2.325260634373380200 ) ) ;
#3029 = CARTESIAN_POINT ( 'NONE',  ( -0.5965391638508773500, 4.199999999999996600, -2.649620272126540900 ) ) ;
#3030 = LINE ( 'NONE', #401, #6147 ) ;
#3031 = VERTEX_POINT ( 'NONE', #969 ) ;
#3032 = ADVANCED_FACE ( 'NONE', ( #4842 ), #5360, .F. ) ;
#3033 = CARTESIAN_POINT ( 'NONE',  ( -0.5161864002631804100, 4.199999999999995700, -2.992340242920906100 ) ) ;
#3034 = CARTESIAN_POINT ( 'NONE',  ( 1.488842098186164300, 4.200000000000000200, -1.807698863277803300 ) ) ;
#3035 = CARTESIAN_POINT ( 'NONE',  ( 0.2225802914035031600, 4.200000000000000200, -2.340737071744956900 ) ) ;
#3036 = CARTESIAN_POINT ( 'NONE',  ( -0.09700205866847379200, 4.210000000000000000, 3.099665549985374000 ) ) ;
#3037 = CARTESIAN_POINT ( 'NONE',  ( -0.3665141925078401800, 4.199999999999998400, -2.319365659977033400 ) ) ;
#3038 = EDGE_CURVE ( 'NONE', #8082, #6413, #6089, .T. ) ;
#3039 = CARTESIAN_POINT ( 'NONE',  ( 2.426298246816001900, 4.209999999999994600, -1.584381844701981100 ) ) ;
#3040 = CARTESIAN_POINT ( 'NONE',  ( -1.860788085236049900, 4.200000000000001100, -1.249385015998748100 ) ) ;
#3041 = CARTESIAN_POINT ( 'NONE',  ( 0.0000000000000000000, 3.200000000000000600, 0.8000000000000000400 ) ) ;
#3042 = CARTESIAN_POINT ( 'NONE',  ( 1.535982665675050800, 4.209999999999999100, -1.775970964522766400 ) ) ;
#3043 = CARTESIAN_POINT ( 'NONE',  ( 0.4431055265671121100, 4.200000000000005500, -2.280267778218965500 ) ) ;
#3045 = CARTESIAN_POINT ( 'NONE',  ( 1.956551717935305800, 4.209999999999993700, -2.421538591384277500 ) ) ;
#3044 = CARTESIAN_POINT ( 'NONE',  ( 0.5086563611817143100, 4.209999999999996400, -2.730772877619206200 ) ) ;
#3046 = EDGE_CURVE ( 'NONE', #7664, #5074, #1489, .T. ) ;
#3047 = CARTESIAN_POINT ( 'NONE',  ( 0.1552090306687686200, 4.209999999999999100, -2.444940817754241500 ) ) ;
#3048 = CARTESIAN_POINT ( 'NONE',  ( 1.798274515366409300, 4.199999999999995700, -2.355898972734468400 ) ) ;
#3049 = DIRECTION ( 'NONE',  ( -0.0000000000000000000, -1.000000000000000000, -0.0000000000000000000 ) ) ;
#3050 = CARTESIAN_POINT ( 'NONE',  ( 0.4379475917260602400, 4.210000000000000000, -2.404332993193623900 ) ) ;
#3051 = CARTESIAN_POINT ( 'NONE',  ( 0.8486627678717656400, 4.199999999999996600, -2.643278161964031500 ) ) ;
#3052 = CARTESIAN_POINT ( 'NONE',  ( -2.521488549700779300, 4.199999999999996600, -1.818761556958086200 ) ) ;
#3053 = CARTESIAN_POINT ( 'NONE',  ( 0.09562184269871375200, 4.210000000000000000, 2.457585878761416000 ) ) ;
#3054 = CARTESIAN_POINT ( 'NONE',  ( 1.967882192991852900, 4.209999999999995500, -2.148540454668303100 ) ) ;
#3055 = CARTESIAN_POINT ( 'NONE',  ( -0.2739111124488474200, 4.210000000000000000, -2.387758221143189400 ) ) ;
#3056 = CARTESIAN_POINT ( 'NONE',  ( 0.09562184269871375200, 4.210000000000000000, 3.099665549985374000 ) ) ;
#3057 = CARTESIAN_POINT ( 'NONE',  ( 2.446002903781375500, 4.209999999999995500, -1.500873261733912000 ) ) ;
#3058 = ORIENTED_EDGE ( 'NONE', *, *, #5063, .T. ) ;
#3059 = CARTESIAN_POINT ( 'NONE',  ( -2.012530775269971300, 4.209999999999999100, -1.115637644150285300 ) ) ;
#3060 = ADVANCED_FACE ( 'NONE', ( #5031 ), #5407, .T. ) ;
#3061 = CARTESIAN_POINT ( 'NONE',  ( 0.9176879461719396100, 4.209999999999999100, -2.161478857918630100 ) ) ;
#3062 = CARTESIAN_POINT ( 'NONE',  ( 0.5187973447683024200, 4.209999999999995500, -2.888419828715338900 ) ) ;
#3063 = CARTESIAN_POINT ( 'NONE',  ( 1.636040674697764900, 4.200000000000000200, -1.764077991596761700 ) ) ;
#3064 = EDGE_LOOP ( 'NONE', ( #4726, #5524, #495, #6963 ) ) ;
#3065 = CARTESIAN_POINT ( 'NONE',  ( -0.2604746350388773000, 4.200000000000002800, -2.686669724441917800 ) ) ;
#3066 = VECTOR ( 'NONE', #1016, 1000.000000000000000 ) ;
#3067 = ORIENTED_EDGE ( 'NONE', *, *, #137, .F. ) ;
#3068 = PLANE ( 'NONE',  #2577 ) ;
#3069 = VERTEX_POINT ( 'NONE', #4736 ) ;
#3070 = CARTESIAN_POINT ( 'NONE',  ( 0.5033573204194952100, 4.200000000000000200, -2.568814011709267500 ) ) ;
#3071 = FACE_OUTER_BOUND ( 'NONE', #2341, .T. ) ;
#3072 = CARTESIAN_POINT ( 'NONE',  ( 0.9590224457919872500, 4.209999999999997300, -2.804523216977127500 ) ) ;
#3073 = ORIENTED_EDGE ( 'NONE', *, *, #6351, .T. ) ;
#3074 = DIRECTION ( 'NONE',  ( 3.087895789866445100E-014, 0.0000000000000000000, -1.000000000000000000 ) ) ;
#3075 = ORIENTED_EDGE ( 'NONE', *, *, #1535, .F. ) ;
#3076 = CARTESIAN_POINT ( 'NONE',  ( 0.08659049173294625100, 4.209999999999997300, -2.760482497314557600 ) ) ;
#3077 = DIRECTION ( 'NONE',  ( 0.0000000000000000000, -1.000000000000000000, 0.0000000000000000000 ) ) ;
#3078 = ORIENTED_EDGE ( 'NONE', *, *, #4479, .T. ) ;
#3079 = CARTESIAN_POINT ( 'NONE',  ( -0.1457050968406316800, 4.199999999999999300, -2.634003111724383000 ) ) ;
#3080 = VECTOR ( 'NONE', #1807, 1000.000000000000000 ) ;
#3081 = CARTESIAN_POINT ( 'NONE',  ( 1.992484222218170700, 4.199999999999996600, -2.221098511963151000 ) ) ;
#3082 = CARTESIAN_POINT ( 'NONE',  ( -0.2452894895878495700, 4.199999999999996600, -2.552443857421314200 ) ) ;
#3083 = CARTESIAN_POINT ( 'NONE',  ( 0.5086863173697235800, 4.209999999999996400, -2.603188601551983600 ) ) ;
#3084 = EDGE_LOOP ( 'NONE', ( #5743, #5881, #23, #3026, #2965 ) ) ;
#3085 = CARTESIAN_POINT ( 'NONE',  ( 2.532122059738926900, 4.209999999999995500, -1.617676347124372500 ) ) ;
#3086 = EDGE_CURVE ( 'NONE', #5907, #3563, #6286, .T. ) ;
#3087 = LINE ( 'NONE', #6162, #6600 ) ;
#3088 = CARTESIAN_POINT ( 'NONE',  ( -1.499244902648217500, 4.209999999999994600, -2.633394569687073500 ) ) ;
#3089 = CARTESIAN_POINT ( 'NONE',  ( 0.4633527629853357900, 4.199999999999995700, -2.973464422322784200 ) ) ;
#3090 = CARTESIAN_POINT ( 'NONE',  ( 1.734230941236550400, 4.209999999999998200, -1.819414894004042000 ) ) ;
#3092 = CARTESIAN_POINT ( 'NONE',  ( 0.7511960680446784200, 4.199999999999999300, -2.266645781359088600 ) ) ;
#3091 = CARTESIAN_POINT ( 'NONE',  ( -0.4145460060589085700, 4.199999999999995700, -2.995039547699372300 ) ) ;
#3093 = VERTEX_POINT ( 'NONE', #7283 ) ;
#3094 = CARTESIAN_POINT ( 'NONE',  ( 1.985990749504155300, 4.199999999999999300, -2.183354800025993900 ) ) ;
#3095 = CARTESIAN_POINT ( 'NONE',  ( 0.09416020813144589100, 4.199999999999994800, -2.877214525812587200 ) ) ;
#3096 = LINE ( 'NONE', #3525, #1406 ) ;
#3097 = VECTOR ( 'NONE', #165, 1000.000000000000000 ) ;
#3098 = AXIS2_PLACEMENT_3D ( 'NONE', #2062, #2696, #7055 ) ;
#3099 = CARTESIAN_POINT ( 'NONE',  ( -1.758785007142764400, 4.209999999999999100, -1.621281553475314900 ) ) ;
#3100 = CARTESIAN_POINT ( 'NONE',  ( 1.064010095175904200, 4.199999999999994800, -2.874167209396813100 ) ) ;
#3101 = CARTESIAN_POINT ( 'NONE',  ( 1.416443635152626800, 4.200000000000001100, -1.757956016043545000 ) ) ;
#3102 = ORIENTED_EDGE ( 'NONE', *, *, #7874, .F. ) ;
#3103 = CARTESIAN_POINT ( 'NONE',  ( -2.631219143501299900, 4.199999999999994800, -1.375755327688039700 ) ) ;
#3104 = CARTESIAN_POINT ( 'NONE',  ( 1.917787494143354400, 4.209999999999994600, -2.344278692596105000 ) ) ;
#3105 = CARTESIAN_POINT ( 'NONE',  ( -0.1514472676996570200, 4.210000000000000000, -2.438741230074618300 ) ) ;
#3106 = VECTOR ( 'NONE', #1347, 1000.000000000000000 ) ;
#3107 = CARTESIAN_POINT ( 'NONE',  ( 1.961411532224362800, 4.209999999999994600, -2.306775558986417600 ) ) ;
#3108 = ORIENTED_EDGE ( 'NONE', *, *, #584, .F. ) ;
#3109 = VERTEX_POINT ( 'NONE', #5437 ) ;
#3110 = VECTOR ( 'NONE', #2109, 1000.000000000000000 ) ;
#3111 = B_SPLINE_CURVE_WITH_KNOTS ( 'NONE', 3,
 ( #2659, #5206, #7078, #3338, #7709, #3967, #213, #4601, #842, #5235, #1458, #5860, #2115, #6475, #2746, #7106, #3367, #7733, #3994 ),
 .UNSPECIFIED., .F., .F.,
 ( 4, 1, 1, 1, 1, 1, 1, 1, 1, 1, 1, 1, 1, 1, 1, 1, 4 ),
 ( 0.0000000000000000000, 0.08471606897849109900, 0.1643892628761195700, 0.2396443151045830600, 0.3101111236317714600, 0.3767986680708709200, 0.4396554958561517100, 0.4989973792074509600, 0.5565512054175406600, 0.6117295952436384600, 0.6663849553525510400, 0.7204918181317638800, 0.7741887745315820800, 0.8285034984206247600, 0.8840967691998639100, 0.9411028553615228300, 1.000000000000000000 ),
 .UNSPECIFIED. ) ;
#3112 = CARTESIAN_POINT ( 'NONE',  ( 0.0000000000000000000, 0.2999999999999999900, 0.0000000000000000000 ) ) ;
#3113 = CARTESIAN_POINT ( 'NONE',  ( 0.9163623707734742700, 4.209999999999998200, -2.537058378317630100 ) ) ;
#3114 = CARTESIAN_POINT ( 'NONE',  ( 0.5450776125554843700, 4.200000000000000200, 2.907041648618186700 ) ) ;
#3116 = CARTESIAN_POINT ( 'NONE',  ( 0.8115374790748499700, 4.209999999999998200, -2.561824974208463300 ) ) ;
#3115 = CARTESIAN_POINT ( 'NONE',  ( -4.999999999999986700, 0.2999999999999999900, 1.250000000000052400 ) ) ;
#3117 = CARTESIAN_POINT ( 'NONE',  ( 1.940945139533726900, 4.200000000000000200, -2.327174586340534600 ) ) ;
#3118 = EDGE_CURVE ( 'NONE', #7144, #3268, #4650, .T. ) ;
#3119 = CARTESIAN_POINT ( 'NONE',  ( 0.3364685015141872800, 4.199999999999996600, -3.093585461136504100 ) ) ;
#3120 = EDGE_CURVE ( 'NONE', #7453, #7446, #3192, .T. ) ;
#3121 = CARTESIAN_POINT ( 'NONE',  ( -1.249999999999956500, 0.0000000000000000000, 3.588523373199638700 ) ) ;
#3122 = CARTESIAN_POINT ( 'NONE',  ( 1.201179830625926900, 4.209999999999993700, -2.879405257175930100 ) ) ;
#3123 = CARTESIAN_POINT ( 'NONE',  ( 1.339824476218010700, 4.210000000000000000, -1.909975364466975500 ) ) ;
#3124 = CARTESIAN_POINT ( 'NONE',  ( -2.652063500668720800, 4.209999999999993700, -1.563321981098345900 ) ) ;
#3125 = CARTESIAN_POINT ( 'NONE',  ( 1.741224806309549700, 4.209999999999996400, -2.323662467779604900 ) ) ;
#3126 = DIRECTION ( 'NONE',  ( 0.0000000000000000000, 0.0000000000000000000, -1.000000000000000000 ) ) ;
#3127 = CARTESIAN_POINT ( 'NONE',  ( -0.2022717192432701100, 4.200000000000000200, -2.322820787656378400 ) ) ;
#3128 = PLANE ( 'NONE',  #3167 ) ;
#3129 = EDGE_CURVE ( 'NONE', #5608, #4947, #4641, .T. ) ;
#3130 = CARTESIAN_POINT ( 'NONE',  ( 0.2713341963578529400, 4.209999999999998200, -2.647702612163493000 ) ) ;
#3131 = CARTESIAN_POINT ( 'NONE',  ( 0.9662440602222082100, 4.209999999999997300, -2.143958059313379600 ) ) ;
#3132 = CARTESIAN_POINT ( 'NONE',  ( -2.270662012518196000, 4.209999999999998200, -1.196609107534056800 ) ) ;
#3133 = DIRECTION ( 'NONE',  ( -0.7978810600330331600, 0.0000000000000000000, -0.6028149086084080300 ) ) ;
#3134 = CARTESIAN_POINT ( 'NONE',  ( 0.1839788579632599400, 4.209999999999997300, -2.585258023278301600 ) ) ;
#3136 = CARTESIAN_POINT ( 'NONE',  ( 0.4092846630216513400, 4.200000000000001100, -2.370300574655379100 ) ) ;
#3135 = CARTESIAN_POINT ( 'NONE',  ( 1.126225076529447900, 4.209999999999994600, -2.795894830616883400 ) ) ;
#3137 = B_SPLINE_CURVE_WITH_KNOTS ( 'NONE', 3,
 ( #4425, #5070, #1938, #6311, #2572, #6934, #3209, #7575, #3821, #77, #4461, #701, #5091, #1331, #5721, #1961, #6338, #2607, #6964, #3231, #7604, #3853, #98 ),
 .UNSPECIFIED., .F., .F.,
 ( 4, 1, 1, 1, 1, 1, 1, 1, 1, 1, 1, 1, 1, 1, 1, 1, 1, 1, 1, 1, 4 ),
 ( 0.0000000000000000000, 0.05710660492895089400, 0.1112613484764089600, 0.1630614742889766000, 0.2138651872969022400, 0.2637383283862394000, 0.3134766083179715800, 0.3641642887720264500, 0.4161870673011517400, 0.4704745383332919500, 0.5277953590574823200, 0.5883659704407147000, 0.6525393112996624700, 0.6867413534541235700, 0.7237675122233947500, 0.7630269100866639000, 0.8048260439113009700, 0.8497542756611813400, 0.8970407971854719200, 0.9472503750853522600, 1.000000000000000000 ),
 .UNSPECIFIED. ) ;
#3138 = AXIS2_PLACEMENT_3D ( 'NONE', #1850, #2499, #6846 ) ;
#3139 = VERTEX_POINT ( 'NONE', #3616 ) ;
#3140 = CARTESIAN_POINT ( 'NONE',  ( 5.480294426184404200E-016, 4.200000000000000200, 4.450000000000000200 ) ) ;
#3141 = CARTESIAN_POINT ( 'NONE',  ( 0.2452528332428030000, 4.209999999999998200, -2.667384554961790500 ) ) ;
#3142 = CARTESIAN_POINT ( 'NONE',  ( -2.218437519415432700, 4.199999999999995700, -1.803029701500002300 ) ) ;
#3143 = ORIENTED_EDGE ( 'NONE', *, *, #7100, .F. ) ;
#3144 = PLANE ( 'NONE',  #5405 ) ;
#3145 = CARTESIAN_POINT ( 'NONE',  ( 1.362819382082355100, 4.200000000000000200, -2.050489904568479500 ) ) ;
#3146 = ORIENTED_EDGE ( 'NONE', *, *, #1759, .F. ) ;
#3147 = CARTESIAN_POINT ( 'NONE',  ( -2.591703917168878000, 4.199999999999994800, -1.724314453044524700 ) ) ;
#3148 = CARTESIAN_POINT ( 'NONE',  ( 0.4752064668989130500, 4.199999999999996600, -2.962482822230056500 ) ) ;
#3149 = CARTESIAN_POINT ( 'NONE',  ( -0.4402916972930044400, 4.200000000000000200, -2.324508508848027100 ) ) ;
#3150 = CARTESIAN_POINT ( 'NONE',  ( -0.3155419829163184600, 4.210000000000000000, -2.243855908561630300 ) ) ;
#3151 = ORIENTED_EDGE ( 'NONE', *, *, #2280, .F. ) ;
#3152 = CARTESIAN_POINT ( 'NONE',  ( -0.4956350745858895700, 4.209999999999994600, -3.086270276403084300 ) ) ;
#3153 = CARTESIAN_POINT ( 'NONE',  ( 0.9970925096047336100, 4.199999999999994800, -2.691241470516450500 ) ) ;
#3154 = ORIENTED_EDGE ( 'NONE', *, *, #6939, .F. ) ;
#3155 = CARTESIAN_POINT ( 'NONE',  ( 1.205486191807512200, 4.209999999999997300, -2.358805714924534100 ) ) ;
#3156 = LINE ( 'NONE', #3573, #7943 ) ;
#3157 = VERTEX_POINT ( 'NONE', #6058 ) ;
#3158 = EDGE_CURVE ( 'NONE', #6124, #7582, #6102, .T. ) ;
#3159 = CARTESIAN_POINT ( 'NONE',  ( -2.143698184196942700, 4.199999999999997500, -1.181640334731093800 ) ) ;
#3160 = CARTESIAN_POINT ( 'NONE',  ( 0.3253305105843878900, 4.209999999999995500, -2.999452600254090700 ) ) ;
#3161 = CARTESIAN_POINT ( 'NONE',  ( 0.09750509756463939000, 4.199999999999999300, -2.708353473454059700 ) ) ;
#3163 = CARTESIAN_POINT ( 'NONE',  ( 9.797174393178826200E-017, 4.200000000000000200, -0.8000000000000000400 ) ) ;
#3162 = CARTESIAN_POINT ( 'NONE',  ( 0.2716425764013020200, 4.209999999999999100, -2.326757410454952900 ) ) ;
#3164 = ORIENTED_EDGE ( 'NONE', *, *, #5188, .F. ) ;
#3165 = EDGE_CURVE ( 'NONE', #2133, #5455, #1294, .T. ) ;
#3166 = ORIENTED_EDGE ( 'NONE', *, *, #2970, .T. ) ;
#3167 = AXIS2_PLACEMENT_3D ( 'NONE', #3779, #29, #4402 ) ;
#3168 = CARTESIAN_POINT ( 'NONE',  ( 1.839252504709287400, 4.209999999999996400, -2.013358490310634100 ) ) ;
#3169 = VECTOR ( 'NONE', #1641, 1000.000000000000000 ) ;
#3170 = ORIENTED_EDGE ( 'NONE', *, *, #6573, .F. ) ;
#3171 = CARTESIAN_POINT ( 'NONE',  ( 0.3287682247581223400, 4.199999999999998400, -2.627284384649794200 ) ) ;
#3172 = CARTESIAN_POINT ( 'NONE',  ( -2.389541937831865900, 4.209999999999994600, -1.796603510637217600 ) ) ;
#3173 = ORIENTED_EDGE ( 'NONE', *, *, #3634, .T. ) ;
#3174 = CARTESIAN_POINT ( 'NONE',  ( -1.378930517360572800, 4.200000000000000200, -1.806518127862378800 ) ) ;
#3175 = EDGE_LOOP ( 'NONE', ( #489, #7562, #7212, #692 ) ) ;
#3176 = CARTESIAN_POINT ( 'NONE',  ( 1.762592914113302100, 4.209999999999998200, -2.003964473187222600 ) ) ;
#3177 = CARTESIAN_POINT ( 'NONE',  ( 1.880400744820696700, 4.199999999999996600, -2.360269755643398700 ) ) ;
#3178 = DIRECTION ( 'NONE',  ( -0.0000000000000000000, 1.000000000000000000, -0.0000000000000000000 ) ) ;
#3179 = FACE_OUTER_BOUND ( 'NONE', #1780, .T. ) ;
#3180 = EDGE_CURVE ( 'NONE', #4839, #6291, #7951, .T. ) ;
#3181 = DIRECTION ( 'NONE',  ( 0.8330328566048151900, 5.538766042879133800E-015, 0.5532235170496834200 ) ) ;
#3182 = COORDINATED_UNIVERSAL_TIME_OFFSET ( 8, 0, .BEHIND. ) ;
#3183 = CARTESIAN_POINT ( 'NONE',  ( 0.6061670438622910300, 4.199999999999999300, -2.572924011302303500 ) ) ;
#3184 = CARTESIAN_POINT ( 'NONE',  ( 1.416443635152626800, 4.200000000000001100, -1.757956016043545000 ) ) ;
#3185 = ORIENTED_EDGE ( 'NONE', *, *, #4606, .F. ) ;
#3186 = CARTESIAN_POINT ( 'NONE',  ( 0.7659157057760153100, 4.200000000000000200, -2.429859748684235900 ) ) ;
#3187 = CARTESIAN_POINT ( 'NONE',  ( 1.492592078644308100, 4.200000000000001100, -1.804344594242983200 ) ) ;
#3188 = VECTOR ( 'NONE', #3706, 1000.000000000000000 ) ;
#3189 = DIRECTION ( 'NONE',  ( 0.0000000000000000000, -1.000000000000000000, 0.0000000000000000000 ) ) ;
#3190 = PLANE ( 'NONE',  #3766 ) ;
#3191 = VECTOR ( 'NONE', #1273, 1000.000000000000000 ) ;
#3192 = B_SPLINE_CURVE_WITH_KNOTS ( 'NONE', 3,
 ( #1050, #2297, #472, #4871, #1099, #5484, #1728, #6116, #2376, #6731, #3012 ),
 .UNSPECIFIED., .F., .F.,
 ( 4, 1, 1, 1, 1, 1, 1, 1, 4 ),
 ( 0.0000000000000000000, 0.1357972978382951700, 0.2669378522902048400, 0.3940039505581440800, 0.5180457016495676500, 0.6397203803436556400, 0.7599497871323064300, 0.8796891059801712500, 1.000000000000000000 ),
 .UNSPECIFIED. ) ;
#3193 = ORIENTED_EDGE ( 'NONE', *, *, #3428, .F. ) ;
#3194 = EDGE_CURVE ( 'NONE', #3499, #456, #1101, .T. ) ;
#3195 = CARTESIAN_POINT ( 'NONE',  ( 0.2381896675325275700, 4.199999999999995700, -2.938774208318554800 ) ) ;
#3196 = CARTESIAN_POINT ( 'NONE',  ( -2.589761074979686200, 4.199999999999996600, -1.299567793750051200 ) ) ;
#3197 = VECTOR ( 'NONE', #2722, 1000.000000000000000 ) ;
#3199 = CARTESIAN_POINT ( 'NONE',  ( 1.289936100827265000, 4.199999999999996600, -2.597328148062117300 ) ) ;
#3198 = DIRECTION ( 'NONE',  ( 0.8457203511261671700, 0.0000000000000000000, -0.5336263558811844600 ) ) ;
#3200 = CARTESIAN_POINT ( 'NONE',  ( 0.5484455638031187100, 4.210000000000000900, -2.399132963418937300 ) ) ;
#3201 = VECTOR ( 'NONE', #1929, 1000.000000000000000 ) ;
#3202 = CARTESIAN_POINT ( 'NONE',  ( 0.1532459390948860700, 4.200000000000000200, -2.461099828080239000 ) ) ;
#3203 = CARTESIAN_POINT ( 'NONE',  ( -2.495222136314718200, 4.199999999999994800, -1.697905130528073700 ) ) ;
#3204 = ORIENTED_EDGE ( 'NONE', *, *, #7799, .T. ) ;
#3205 = AXIS2_PLACEMENT_3D ( 'NONE', #4200, #452, #4844 ) ;
#3206 = CARTESIAN_POINT ( 'NONE',  ( -0.2604746350388773000, 4.200000000000000200, -2.686669724441917800 ) ) ;
#3207 = CARTESIAN_POINT ( 'NONE',  ( 2.127632413564704900, 4.209999999999997300, -1.521597417005726300 ) ) ;
#3208 = VECTOR ( 'NONE', #2613, 1000.000000000000000 ) ;
#3209 = CARTESIAN_POINT ( 'NONE',  ( 1.357531866810427000, 4.199999999999994000, -2.768601804304265300 ) ) ;
#3210 = CARTESIAN_POINT ( 'NONE',  ( 1.273154796002727400, 4.199999999999999300, -2.529089417524571700 ) ) ;
#3211 = CARTESIAN_POINT ( 'NONE',  ( -0.5188265279740969000, 4.210000000000000000, -2.257906132778587000 ) ) ;
#3212 = CARTESIAN_POINT ( 'NONE',  ( -2.135578763054032200, 4.199999999999998400, -1.458885405592517100 ) ) ;
#3213 = CARTESIAN_POINT ( 'NONE',  ( 0.4431055265671121100, 4.200000000000001100, -2.280267778218965500 ) ) ;
#3214 = ORIENTED_EDGE ( 'NONE', *, *, #2985, .T. ) ;
#3215 = CARTESIAN_POINT ( 'NONE',  ( 1.362819382082355100, 4.200000000000000200, -2.050489904568479500 ) ) ;
#3216 = CARTESIAN_POINT ( 'NONE',  ( -0.4019837913365279500, 4.209999999999994600, -3.086251109386751500 ) ) ;
#3217 = VECTOR ( 'NONE', #2113, 1000.000000000000000 ) ;
#3218 = CARTESIAN_POINT ( 'NONE',  ( 1.684118792276156700, 4.200000000000000200, -1.780276388945523800 ) ) ;
#3219 = CARTESIAN_POINT ( 'NONE',  ( -2.589761074979686200, 4.199999999999996600, -1.299567793750051200 ) ) ;
#3220 = CARTESIAN_POINT ( 'NONE',  ( -1.866415890267885800, 4.209999999999999100, -1.570090760252074600 ) ) ;
#3221 = CARTESIAN_POINT ( 'NONE',  ( 0.1937586722407250700, 4.209999999999996400, -2.828608813603745700 ) ) ;
#3223 = CARTESIAN_POINT ( 'NONE',  ( 1.261606130011495800, 4.209999999999994600, -2.744286043443577000 ) ) ;
#3222 = CARTESIAN_POINT ( 'NONE',  ( 2.038249839498368600, 4.200000000000001100, -2.066658426804816300 ) ) ;
#3224 = CARTESIAN_POINT ( 'NONE',  ( 0.3236491832073192800, 4.210000000000000000, -2.240519981439387900 ) ) ;
#3225 = EDGE_CURVE ( 'NONE', #6840, #5525, #7566, .T. ) ;
#3226 = CARTESIAN_POINT ( 'NONE',  ( 0.1937586722407250700, 4.199999999999997500, -2.828608813603745700 ) ) ;
#3227 = DIRECTION ( 'NONE',  ( 0.0000000000000000000, 0.0000000000000000000, 1.000000000000000000 ) ) ;
#3228 = CARTESIAN_POINT ( 'NONE',  ( -0.2991042509657865800, 4.199999999999999300, -2.855086602468126100 ) ) ;
#3229 = CARTESIAN_POINT ( 'NONE',  ( -0.1532133554838054100, 4.209999999999997300, -2.691667263152486700 ) ) ;
#3230 = CARTESIAN_POINT ( 'NONE',  ( 1.640119440424135900, 4.200000000000000200, -1.664824606644421200 ) ) ;
#3231 = CARTESIAN_POINT ( 'NONE',  ( 1.345239432392152600, 4.199999999999997500, -2.414625185788076100 ) ) ;
#3232 = CARTESIAN_POINT ( 'NONE',  ( 1.212667983787992800, 4.199999999999995700, -2.783785745953903500 ) ) ;
#3233 = CARTESIAN_POINT ( 'NONE',  ( 1.660827768944995100, 4.209999999999995500, -2.393329042041942900 ) ) ;
#3234 = CARTESIAN_POINT ( 'NONE',  ( -0.1550901739091391500, 4.200000000000003700, -2.703615097949041900 ) ) ;
#3235 = ORIENTED_EDGE ( 'NONE', *, *, #3950, .T. ) ;
#3236 = CARTESIAN_POINT ( 'NONE',  ( -0.2568375147821643200, 4.199999999999998400, -2.988928688100343400 ) ) ;
#3237 = PLANE ( 'NONE',  #7433 ) ;
#3238 = EDGE_CURVE ( 'NONE', #7752, #8055, #1720, .T. ) ;
#3239 = CARTESIAN_POINT ( 'NONE',  ( -2.630194129284881400, 4.199999999999994000, -1.644404743454416000 ) ) ;
#3240 = CARTESIAN_POINT ( 'NONE',  ( 5.510910596163088600E-016, 0.0000000000000000000, 4.500000000000000000 ) ) ;
#3241 = CARTESIAN_POINT ( 'NONE',  ( -2.227036381621721800, 4.209999999999998200, -1.185224892033773800 ) ) ;
#3242 = ORIENTED_EDGE ( 'NONE', *, *, #1926, .F. ) ;
#3244 = DIRECTION ( 'NONE',  ( -0.0000000000000000000, -1.000000000000000000, -0.0000000000000000000 ) ) ;
#3243 = CARTESIAN_POINT ( 'NONE',  ( 0.5010457706575975900, 4.199999999999997500, -2.713663088063575900 ) ) ;
#3245 = CARTESIAN_POINT ( 'NONE',  ( -0.6254853563054535400, 4.209999999999992900, -3.027139866060673000 ) ) ;
#3246 = CARTESIAN_POINT ( 'NONE',  ( 1.762540344202734300, 4.200000000000000200, -2.123652227643540800 ) ) ;
#3247 = ORIENTED_EDGE ( 'NONE', *, *, #7457, .F. ) ;
#3248 = AXIS2_PLACEMENT_3D ( 'NONE', #7280, #3538, #7911 ) ;
#3249 = CARTESIAN_POINT ( 'NONE',  ( -1.813715250942899800, 4.200000000000000200, -2.405091899273423800 ) ) ;
#3250 = CARTESIAN_POINT ( 'NONE',  ( 2.279764856874035400, 4.209999999999997300, -1.280774609801209200 ) ) ;
#3251 = EDGE_LOOP ( 'NONE', ( #1719, #5005, #5815, #2139 ) ) ;
#3252 = CARTESIAN_POINT ( 'NONE',  ( -0.3982115210258983000, 4.209999999999995500, -2.987916647524831300 ) ) ;
#3253 = VECTOR ( 'NONE', #4728, 1000.000000000000000 ) ;
#3254 = ORIENTED_EDGE ( 'NONE', *, *, #6784, .T. ) ;
#3255 = CARTESIAN_POINT ( 'NONE',  ( 0.4487772525223436800, 4.199999999999994800, -3.076159902982038100 ) ) ;
#3256 = CARTESIAN_POINT ( 'NONE',  ( 1.839252504709287400, 4.200000000000000200, -2.013358490310634100 ) ) ;
#3257 = CARTESIAN_POINT ( 'NONE',  ( 0.1376250274281700400, 4.199999999999997500, -2.981665881246106300 ) ) ;
#3258 = CARTESIAN_POINT ( 'NONE',  ( 2.127632413564704900, 4.209999999999997300, -1.521597417005726300 ) ) ;
#3259 = CARTESIAN_POINT ( 'NONE',  ( 1.698954572812348500, 4.210000000000001700, -1.788555629962682100 ) ) ;
#3260 = ORIENTED_EDGE ( 'NONE', *, *, #4058, .T. ) ;
#3261 = CARTESIAN_POINT ( 'NONE',  ( 1.741348945348566400, 4.199999999999998400, -1.690043455319333100 ) ) ;
#3262 = FACE_OUTER_BOUND ( 'NONE', #142, .T. ) ;
#3263 = CARTESIAN_POINT ( 'NONE',  ( -0.1774302901260538000, 4.209999999999995500, -2.813710961465807300 ) ) ;
#3264 = CARTESIAN_POINT ( 'NONE',  ( 2.089519394293826200, 4.209999999999995500, -2.198164154506651700 ) ) ;
#3265 = CARTESIAN_POINT ( 'NONE',  ( -2.020888361460619500, 4.199999999999998400, -1.811750061495379900 ) ) ;
#3266 = VERTEX_POINT ( 'NONE', #5546 ) ;
#3267 = DIRECTION ( 'NONE',  ( 0.0000000000000000000, 0.0000000000000000000, -1.000000000000000000 ) ) ;
#3268 = VERTEX_POINT ( 'NONE', #2456 ) ;
#3269 = CARTESIAN_POINT ( 'NONE',  ( 0.3910792990359905900, 4.209999999999994600, -3.004194789431663200 ) ) ;
#3270 = ADVANCED_FACE ( 'NONE', ( #4234 ), #4198, .T. ) ;
#3271 = VERTEX_POINT ( 'NONE', #6787 ) ;
#3272 = LINE ( 'NONE', #8016, #6592 ) ;
#3273 = EDGE_CURVE ( 'NONE', #1031, #5104, #5711, .T. ) ;
#3274 = CARTESIAN_POINT ( 'NONE',  ( -1.938938555612545600, 4.209999999999999100, -1.313616267065254900 ) ) ;
#3276 = CARTESIAN_POINT ( 'NONE',  ( 0.9264242529554513900, 4.209999999999994600, -2.768527289730734300 ) ) ;
#3275 = CARTESIAN_POINT ( 'NONE',  ( -1.924525911353947900, 4.199999999999999300, -1.335054418781308000 ) ) ;
#3277 = EDGE_CURVE ( 'NONE', #6140, #2278, #4044, .T. ) ;
#3278 = CARTESIAN_POINT ( 'NONE',  ( -2.095575389629934700, 4.199999999999994800, -2.322850321391662900 ) ) ;
#3279 = ORIENTED_EDGE ( 'NONE', *, *, #759, .T. ) ;
#3280 = CARTESIAN_POINT ( 'NONE',  ( 1.908711392143421600, 4.209999999999997300, -2.099089687471863600 ) ) ;
#3281 = CARTESIAN_POINT ( 'NONE',  ( 1.357531866810427000, 4.209999999999992900, -2.768601804304265300 ) ) ;
#3282 = CARTESIAN_POINT ( 'NONE',  ( 0.1902652262397523100, 4.200000000000001100, -2.260144741368780500 ) ) ;
#3283 = FACE_BOUND ( 'NONE', #5420, .T. ) ;
#3284 = CARTESIAN_POINT ( 'NONE',  ( -0.4832444660801925600, 4.199999999999998400, -3.001256295087193900 ) ) ;
#3285 = CARTESIAN_POINT ( 'NONE',  ( -0.2848207149926967900, 4.200000000000000200, -2.371661458764433100 ) ) ;
#3286 = EDGE_LOOP ( 'NONE', ( #3644, #4786, #8032, #713 ) ) ;
#3287 = CARTESIAN_POINT ( 'NONE',  ( 0.5611422487769850400, 4.209999999999995500, -2.997167066783656100 ) ) ;
#3288 = EDGE_CURVE ( 'NONE', #845, #8082, #275, .T. ) ;
#3289 = LINE ( 'NONE', #2810, #1613 ) ;
#3290 = CARTESIAN_POINT ( 'NONE',  ( 1.940945139533726900, 4.200000000000000200, -2.327174586340534600 ) ) ;
#3291 = CARTESIAN_POINT ( 'NONE',  ( 0.2850266182780488200, 4.209999999999993700, -3.086235081186398800 ) ) ;
#3292 = DIRECTION ( 'NONE',  ( 0.0000000000000000000, -1.000000000000000000, 0.0000000000000000000 ) ) ;
#3293 = CARTESIAN_POINT ( 'NONE',  ( -2.507670778965174700, 4.200000000000002000, -1.375064959134618900 ) ) ;
#3294 = CARTESIAN_POINT ( 'NONE',  ( 1.559355588334844200, 4.209999999999999100, -1.672669998090477100 ) ) ;
#3295 = LINE ( 'NONE', #5618, #6610 ) ;
#3296 = B_SPLINE_CURVE_WITH_KNOTS ( 'NONE', 3,
 ( #261, #881, #5279, #1510, #5895, #2156, #6521, #2790, #7142, #3413, #7782, #4032, #286, #4682, #915, #5301, #1541, #5926, #2186 ),
 .UNSPECIFIED., .F., .F.,
 ( 4, 1, 1, 1, 1, 1, 1, 1, 1, 1, 1, 1, 1, 1, 1, 1, 4 ),
 ( 0.0000000000000000000, 0.07183333040159194100, 0.1403548503741583700, 0.2060808093494390400, 0.2698930596352272500, 0.3324484479574265600, 0.3935294913853005200, 0.4548722591383548800, 0.5167809832062212300, 0.5781487378310863300, 0.6379616650425963300, 0.6968563554205804400, 0.7554182125934735300, 0.8144377185619488000, 0.8743837797544137300, 0.9362057708529472100, 1.000000000000000000 ),
 .UNSPECIFIED. ) ;
#3297 = CARTESIAN_POINT ( 'NONE',  ( 5.510910596163089600E-016, -0.2999999999999999900, 2.700000000000000200 ) ) ;
#3298 = CARTESIAN_POINT ( 'NONE',  ( 1.762592914113302100, 4.199999999999999300, -2.003964473187222600 ) ) ;
#3299 = ORIENTED_EDGE ( 'NONE', *, *, #78, .F. ) ;
#3300 = CARTESIAN_POINT ( 'NONE',  ( 1.693416431372076500, 4.199999999999998400, -2.075187785887667100 ) ) ;
#3301 = LINE ( 'NONE', #3250, #6616 ) ;
#3302 = AXIS2_PLACEMENT_3D ( 'NONE', #7108, #3368, #7734 ) ;
#3303 = CARTESIAN_POINT ( 'NONE',  ( -2.342298087008801500, 4.209999999999993700, -1.814145977085384100 ) ) ;
#3305 = CARTESIAN_POINT ( 'NONE',  ( 1.160584349673167400, 4.209999999999993700, -2.886963831074474700 ) ) ;
#3304 = CARTESIAN_POINT ( 'NONE',  ( -1.869417430398278200, 4.200000000000000200, -1.492034535574771300 ) ) ;
#3306 = CARTESIAN_POINT ( 'NONE',  ( 1.940945139533726900, 4.209999999999994600, -2.327174586340534600 ) ) ;
#3307 = VERTEX_POINT ( 'NONE', #4405 ) ;
#3308 = CARTESIAN_POINT ( 'NONE',  ( -1.982994179254161000, 4.209999999999998200, -1.261686830048822900 ) ) ;
#3309 = CARTESIAN_POINT ( 'NONE',  ( 1.475896635836138500, 4.199999999999999300, -2.036890051186979200 ) ) ;
#3310 = LINE ( 'NONE', #3207, #5173 ) ;
#3311 = CARTESIAN_POINT ( 'NONE',  ( 1.345239432392152600, 4.209999999999996400, -2.414625185788076100 ) ) ;
#3312 = CARTESIAN_POINT ( 'NONE',  ( 0.05313409030564530300, 4.200000000000000200, -2.474758498771628500 ) ) ;
#3313 = AXIS2_PLACEMENT_3D ( 'NONE', #7326, #3584, #7952 ) ;
#3314 = CARTESIAN_POINT ( 'NONE',  ( -2.384260044619015900, 4.209999999999997300, -1.254295199003393900 ) ) ;
#3315 = CARTESIAN_POINT ( 'NONE',  ( 0.6175494164659602900, 4.199999999999996600, -2.886222551718240900 ) ) ;
#3316 = CARTESIAN_POINT ( 'NONE',  ( 0.4912469162067820700, 4.209999999999997300, -2.599349073354040800 ) ) ;
#3317 = CARTESIAN_POINT ( 'NONE',  ( 0.4823108639647321600, 4.209999999999995500, -2.683460943117593100 ) ) ;
#3318 = DIRECTION ( 'NONE',  ( -0.0000000000000000000, -1.000000000000000000, -0.0000000000000000000 ) ) ;
#3319 = CARTESIAN_POINT ( 'NONE',  ( 1.436359753967463700, 4.200000000000000200, -1.740016643991944400 ) ) ;
#3320 = CARTESIAN_POINT ( 'NONE',  ( 0.8585989529946241900, 4.209999999999998200, -2.375209253512043700 ) ) ;
#3321 = CARTESIAN_POINT ( 'NONE',  ( -0.1457050968406316800, 4.209999999999998200, -2.634003111724383000 ) ) ;
#3322 = CARTESIAN_POINT ( 'NONE',  ( -0.5912676562081489200, 4.209999999999997300, -2.616750573620901100 ) ) ;
#3323 = CARTESIAN_POINT ( 'NONE',  ( -2.495222136314718700, 4.199999999999997500, -1.697905130528073900 ) ) ;
#3324 = AXIS2_PLACEMENT_3D ( 'NONE', #1212, #5599, #1839 ) ;
#3325 = CARTESIAN_POINT ( 'NONE',  ( -0.3389749313870515900, 4.210000000000000000, -2.327568148631316400 ) ) ;
#3326 = CARTESIAN_POINT ( 'NONE',  ( 1.822926711129128100, 4.209999999999998200, -1.754154402352990700 ) ) ;
#3327 = CARTESIAN_POINT ( 'NONE',  ( 0.5132389638016901000, 4.209999999999995500, -2.905501529955619500 ) ) ;
#3328 = DIRECTION ( 'NONE',  ( 0.0000000000000000000, -1.000000000000000000, 0.0000000000000000000 ) ) ;
#3329 = CARTESIAN_POINT ( 'NONE',  ( 1.465704079335196300, 4.209999999999998200, -2.018214064292528600 ) ) ;
#3330 = PLANE ( 'NONE',  #1585 ) ;
#3331 = CARTESIAN_POINT ( 'NONE',  ( 1.727190893775862400, 4.199999999999996600, -2.311849191220454600 ) ) ;
#3332 = CARTESIAN_POINT ( 'NONE',  ( 0.4636812470817053800, 4.209999999999997300, -2.450498849313690100 ) ) ;
#3333 = DIRECTION ( 'NONE',  ( 0.0000000000000000000, -1.000000000000000000, 0.0000000000000000000 ) ) ;
#3334 = CARTESIAN_POINT ( 'NONE',  ( 0.6235551245481258900, 4.209999999999998200, -2.684064439909329200 ) ) ;
#3335 = ORIENTED_EDGE ( 'NONE', *, *, #7729, .F. ) ;
#3336 = CARTESIAN_POINT ( 'NONE',  ( 0.3270051792312703200, 4.200000000000000200, -2.536314697719578100 ) ) ;
#3337 = CARTESIAN_POINT ( 'NONE',  ( 1.831089906984737700, 4.209999999999995500, -2.459031957349378400 ) ) ;
#3338 = CARTESIAN_POINT ( 'NONE',  ( 1.457219924866750100, 4.209999999999998200, -1.999583385300077500 ) ) ;
#3339 = VERTEX_POINT ( 'NONE', #2508 ) ;
#3340 = CARTESIAN_POINT ( 'NONE',  ( 0.8619340666461097200, 4.199999999999998400, -2.227024588883350200 ) ) ;
#3341 = CARTESIAN_POINT ( 'NONE',  ( -0.2022717192432701100, 4.210000000000000000, -2.322820787656378400 ) ) ;
#3342 = EDGE_CURVE ( 'NONE', #2170, #7305, #2787, .T. ) ;
#3343 = CARTESIAN_POINT ( 'NONE',  ( -0.5308243372252371400, 4.210000000000000000, -2.407184309635310700 ) ) ;
#3344 = VERTEX_POINT ( 'NONE', #34 ) ;
#3345 = CARTESIAN_POINT ( 'NONE',  ( -2.553682783544202200, 4.199999999999995700, -1.546078235436368000 ) ) ;
#3346 = CARTESIAN_POINT ( 'NONE',  ( 1.879685658775066800, 4.209999999999996400, -1.917427505287861800 ) ) ;
#3347 = ORIENTED_EDGE ( 'NONE', *, *, #2174, .T. ) ;
#3348 = CARTESIAN_POINT ( 'NONE',  ( -0.2532788697130452000, 4.209999999999996400, -2.638864862993071100 ) ) ;
#3350 = CARTESIAN_POINT ( 'NONE',  ( 1.508104028389200900, 4.209999999999999100, -1.691464129051533800 ) ) ;
#3349 = DIRECTION ( 'NONE',  ( 0.0000000000000000000, 0.0000000000000000000, 1.000000000000000000 ) ) ;
#3351 = CARTESIAN_POINT ( 'NONE',  ( -0.5940300266086063800, 4.209999999999997300, -2.633152358252708300 ) ) ;
#3352 = ORIENTED_EDGE ( 'NONE', *, *, #1265, .F. ) ;
#3353 = CARTESIAN_POINT ( 'NONE',  ( -0.2380245597512424300, 4.209999999999994600, -2.961533382086347600 ) ) ;
#3354 = CARTESIAN_POINT ( 'NONE',  ( 1.437833932273383700, 4.199999999999999300, -1.916381091490706700 ) ) ;
#3355 = VECTOR ( 'NONE', #1026, 1000.000000000000000 ) ;
#3356 = ORIENTED_EDGE ( 'NONE', *, *, #1281, .F. ) ;
#3357 =( NAMED_UNIT ( * ) PLANE_ANGLE_UNIT ( ) SI_UNIT ( $, .RADIAN. ) );
#3358 = CARTESIAN_POINT ( 'NONE',  ( -2.554119510684572900, 4.209999999999993700, -1.252806510752967600 ) ) ;
#3359 = ORIENTED_EDGE ( 'NONE', *, *, #864, .T. ) ;
#3360 = ORIENTED_EDGE ( 'NONE', *, *, #4218, .T. ) ;
#3361 = DIRECTION ( 'NONE',  ( 0.0000000000000000000, -1.000000000000000000, 0.0000000000000000000 ) ) ;
#3362 = VECTOR ( 'NONE', #7913, 1000.000000000000000 ) ;
#3363 = ORIENTED_EDGE ( 'NONE', *, *, #7260, .T. ) ;
#3364 = CARTESIAN_POINT ( 'NONE',  ( 0.5094606869571480800, 4.209999999999995500, -2.610023793369908900 ) ) ;
#3365 = CARTESIAN_POINT ( 'NONE',  ( 0.4106642716595095300, 4.209999999999993700, -3.087235180717910600 ) ) ;
#3366 = CARTESIAN_POINT ( 'NONE',  ( -0.7090286906875775700, 4.209999999999997300, -2.686208980420695900 ) ) ;
#3367 = CARTESIAN_POINT ( 'NONE',  ( 1.481462540939305000, 4.209999999999999100, -1.814299703106200000 ) ) ;
#3368 = DIRECTION ( 'NONE',  ( 0.0000000000000000000, -1.000000000000000000, 0.0000000000000000000 ) ) ;
#3369 = ORIENTED_EDGE ( 'NONE', *, *, #937, .F. ) ;
#3370 = ORIENTED_EDGE ( 'NONE', *, *, #4058, .F. ) ;
#3371 = CARTESIAN_POINT ( 'NONE',  ( 0.9333450869807556900, 4.209999999999999100, -2.153950345585571300 ) ) ;
#3372 = CARTESIAN_POINT ( 'NONE',  ( 0.3910792990359905900, 4.200000000000000200, -3.004194789431663200 ) ) ;
#3373 = CYLINDRICAL_SURFACE ( 'NONE', #7597, 0.6999999999999998400 ) ;
#3374 = PLANE ( 'NONE',  #3924 ) ;
#3375 = CARTESIAN_POINT ( 'NONE',  ( -2.512076736030880700, 4.209999999999995500, -1.381999607231510600 ) ) ;
#3376 = LOCAL_TIME ( 13, 6, 2.000000000000000000, #5046 ) ;
#3377 = ORIENTED_EDGE ( 'NONE', *, *, #6094, .F. ) ;
#3378 = CARTESIAN_POINT ( 'NONE',  ( 1.317732615225249100, 4.209999999999997300, -2.349330068250662600 ) ) ;
#3379 = EDGE_CURVE ( 'NONE', #7839, #6613, #707, .T. ) ;
#3380 = CARTESIAN_POINT ( 'NONE',  ( -0.6087917548320924700, 4.199999999999997500, -2.768964919007416800 ) ) ;
#3381 = VECTOR ( 'NONE', #930, 1000.000000000000000 ) ;
#3382 = CARTESIAN_POINT ( 'NONE',  ( 0.2644808487394946800, 4.199999999999996600, -2.965494198984598700 ) ) ;
#3383 = CARTESIAN_POINT ( 'NONE',  ( -0.1427843243809575100, 4.199999999999997500, -2.601286597199829100 ) ) ;
#3384 = CARTESIAN_POINT ( 'NONE',  ( 1.471644400962994800, 4.210000000000000000, -1.825210650753806000 ) ) ;
#3385 = VECTOR ( 'NONE', #3697, 1000.000000000000000 ) ;
#3386 = APPROVAL_ROLE ( '' ) ;
#3387 = CARTESIAN_POINT ( 'NONE',  ( -2.646421648279662500, 4.209999999999993700, -1.590444364483975600 ) ) ;
#3388 = ADVANCED_FACE ( 'NONE', ( #910, #5515 ), #3190, .T. ) ;
#3389 = VECTOR ( 'NONE', #6932, 1000.000000000000000 ) ;
#3390 = CARTESIAN_POINT ( 'NONE',  ( -2.549498680436558000, 4.209999999999993700, -1.575247143773194700 ) ) ;
#3391 = CIRCLE ( 'NONE', #1216, 4.500000000000000000 ) ;
#3392 = DIRECTION ( 'NONE',  ( 0.0000000000000000000, 0.0000000000000000000, 1.000000000000000000 ) ) ;
#3393 = EDGE_CURVE ( 'NONE', #5608, #5399, #6930, .T. ) ;
#3394 = CARTESIAN_POINT ( 'NONE',  ( -0.7090286906875775700, 4.209999999999997300, -2.686208980420695900 ) ) ;
#3395 = CARTESIAN_POINT ( 'NONE',  ( 0.6032893042787352800, 4.209999999999993700, -2.927336903666394500 ) ) ;
#3396 = CARTESIAN_POINT ( 'NONE',  ( 0.7917627899558309400, 4.210000000000000900, -2.159610325819457900 ) ) ;
#3397 = EDGE_LOOP ( 'NONE', ( #3551, #4460, #4041, #2867 ) ) ;
#3398 = CARTESIAN_POINT ( 'NONE',  ( 1.701910532524554000, 4.209999999999996400, -2.422376913210638100 ) ) ;
#3399 = ORIENTED_EDGE ( 'NONE', *, *, #906, .F. ) ;
#3400 = DIRECTION ( 'NONE',  ( 0.0000000000000000000, -1.000000000000000000, 0.0000000000000000000 ) ) ;
#3401 = CARTESIAN_POINT ( 'NONE',  ( -0.6472351254995529800, 4.199999999999997500, -2.417949444091532100 ) ) ;
#3402 = CIRCLE ( 'NONE', #4838, 4.500000000000000000 ) ;
#3403 = DIRECTION ( 'NONE',  ( 0.8088973282953154700, 0.0000000000000000000, -0.5879499232729781300 ) ) ;
#3404 = CARTESIAN_POINT ( 'NONE',  ( -2.491376048490874200, 4.209999999999992000, -1.847397235182750600 ) ) ;
#3405 = VERTEX_POINT ( 'NONE', #87 ) ;
#3406 = CARTESIAN_POINT ( 'NONE',  ( 1.277924854190383600, 4.199999999999994800, -2.267998828636592600 ) ) ;
#3407 = AXIS2_PLACEMENT_3D ( 'NONE', #5539, #1198, #5586 ) ;
#3408 = ORIENTED_EDGE ( 'NONE', *, *, #2128, .T. ) ;
#3409 = LINE ( 'NONE', #5774, #6725 ) ;
#3410 = CARTESIAN_POINT ( 'NONE',  ( 0.05313446967642478100, 4.199999999999999300, -2.482887202093008400 ) ) ;
#3411 = CARTESIAN_POINT ( 'NONE',  ( -1.289173802485118900, 4.210000000000000000, -1.871700617176565600 ) ) ;
#3412 = CARTESIAN_POINT ( 'NONE',  ( -0.2146882308037241800, 4.200000000000000200, -2.307438722222033600 ) ) ;
#3413 = CARTESIAN_POINT ( 'NONE',  ( 0.1924218775182969000, 4.209999999999992000, -3.040153188799064000 ) ) ;
#3414 = CARTESIAN_POINT ( 'NONE',  ( 0.2337505983556690800, 4.209999999999999100, -2.247030551940692800 ) ) ;
#3415 = CARTESIAN_POINT ( 'NONE',  ( -0.4889791214507681100, 4.209999999999994600, -3.000197304858465100 ) ) ;
#3416 = CARTESIAN_POINT ( 'NONE',  ( -2.319956691148547200, 4.209999999999994600, -1.923419244017506000 ) ) ;
#3417 = CARTESIAN_POINT ( 'NONE',  ( -1.941563308821528900, 4.210000000000000900, -1.163775194498355400 ) ) ;
#3418 = CARTESIAN_POINT ( 'NONE',  ( -0.7074808695959353700, 4.200000000000000200, -2.858888147057066000 ) ) ;
#3419 = CARTESIAN_POINT ( 'NONE',  ( 0.0000000000000000000, 4.200000000000000200, 0.8000000000000000400 ) ) ;
#3420 = DIRECTION ( 'NONE',  ( 0.8092632360444144100, 0.0000000000000000000, -0.5874461803322260600 ) ) ;
#3421 = CARTESIAN_POINT ( 'NONE',  ( -1.799482608807299900, 4.209999999999999100, -1.354657628323910200 ) ) ;
#3422 = CARTESIAN_POINT ( 'NONE',  ( -1.378930517360572800, 4.210000000000000000, -1.806518127862378800 ) ) ;
#3423 = EDGE_CURVE ( 'NONE', #7475, #3031, #516, .T. ) ;
#3424 = CARTESIAN_POINT ( 'NONE',  ( 2.462159187884391800, 4.209999999999995500, -1.521634558441018500 ) ) ;
#3425 = ADVANCED_FACE ( 'NONE', ( #6972 ), #319, .T. ) ;
#3426 = CARTESIAN_POINT ( 'NONE',  ( 1.936636379427676900, 4.199999999999994000, -2.432803884635524200 ) ) ;
#3427 = CARTESIAN_POINT ( 'NONE',  ( -2.376279380424847400, 4.199999999999997500, -1.912955305600681600 ) ) ;
#3428 = EDGE_CURVE ( 'NONE', #7247, #6140, #3845, .T. ) ;
#3429 = AXIS2_PLACEMENT_3D ( 'NONE', #7128, #4487, #3392 ) ;
#3430 = CARTESIAN_POINT ( 'NONE',  ( 1.166806692656987100, 4.209999999999999100, -2.120523112561541400 ) ) ;
#3431 = CARTESIAN_POINT ( 'NONE',  ( 1.880223784518659300, 4.209999999999996400, -2.091351645659000400 ) ) ;
#3432 = CARTESIAN_POINT ( 'NONE',  ( 1.149831317229165400, 4.200000000000000200, -2.106536101870718300 ) ) ;
#3433 = DIRECTION ( 'NONE',  ( 0.9259947745106934500, 0.0000000000000000000, -0.3775363261712572600 ) ) ;
#3434 = DIRECTION ( 'NONE',  ( -0.0000000000000000000, 1.000000000000000000, -0.0000000000000000000 ) ) ;
#3435 = CARTESIAN_POINT ( 'NONE',  ( 0.1196060917286018800, 4.200000000000002800, -2.304845443661000200 ) ) ;
#3436 = B_SPLINE_CURVE_WITH_KNOTS ( 'NONE', 3,
 ( #1317, #1950, #7592, #7878, #4860, #2246, #6607, #2880, #7231, #3496, #7863, #4119, #372, #4769, #994, #5386, #1623, #6008, #2267 ),
 .UNSPECIFIED., .F., .F.,
 ( 4, 1, 1, 1, 1, 1, 1, 1, 1, 1, 1, 1, 1, 1, 1, 1, 4 ),
 ( 0.0000000000000000000, 0.1162442289371648900, 0.2225982005825304600, 0.3188635957668545200, 0.4056360503643267100, 0.4827842380084189600, 0.5511820557146391900, 0.6109078491502923900, 0.6634204672058865400, 0.7110127592225381500, 0.7561529299632118200, 0.7986196280386386200, 0.8394188159317449400, 0.8797013393878687600, 0.9193005199685356800, 0.9589217340361451100, 1.000000000000000000 ),
 .UNSPECIFIED. ) ;
#3437 = CARTESIAN_POINT ( 'NONE',  ( -0.8124437611866730500, 4.200000000000000200, -2.416598178896911100 ) ) ;
#3438 = EDGE_CURVE ( 'NONE', #1369, #7397, #5491, .T. ) ;
#3439 = ORIENTED_EDGE ( 'NONE', *, *, #5945, .F. ) ;
#3440 = DIRECTION ( 'NONE',  ( 0.0000000000000000000, -1.000000000000000000, 0.0000000000000000000 ) ) ;
#3441 = CARTESIAN_POINT ( 'NONE',  ( 0.1839788579632599400, 4.199999999999998400, -2.585258023278301600 ) ) ;
#3442 = ORIENTED_EDGE ( 'NONE', *, *, #328, .T. ) ;
#3443 = CARTESIAN_POINT ( 'NONE',  ( -2.281732209448319000, 4.209999999999999100, -1.082693258296721900 ) ) ;
#3444 = CARTESIAN_POINT ( 'NONE',  ( -0.6516981147434135500, 4.209999999999994600, -2.997824805633553200 ) ) ;
#3445 = CARTESIAN_POINT ( 'NONE',  ( 0.8585989529946241900, 4.209999999999998200, -2.375209253512043700 ) ) ;
#3446 = DIRECTION ( 'NONE',  ( 1.000000000000000000, 0.0000000000000000000, 0.0000000000000000000 ) ) ;
#3447 = EDGE_LOOP ( 'NONE', ( #418, #3916, #2150, #703, #1821 ) ) ;
#3448 = VECTOR ( 'NONE', #5891, 1000.000000000000000 ) ;
#3449 = CARTESIAN_POINT ( 'NONE',  ( -1.499244902648217500, 4.209999999999994600, -2.633394569687073500 ) ) ;
#3450 = CARTESIAN_POINT ( 'NONE',  ( -0.7028684703315160000, 4.199999999999996600, -2.882204337656113500 ) ) ;
#3451 = ORIENTED_EDGE ( 'NONE', *, *, #6321, .T. ) ;
#3452 = EDGE_CURVE ( 'NONE', #456, #7743, #6771, .T. ) ;
#3453 = CARTESIAN_POINT ( 'NONE',  ( 2.540955346252969300, 4.199999999999996600, -1.617847677446124100 ) ) ;
#3454 = CARTESIAN_POINT ( 'NONE',  ( 0.3344991161668204900, 4.209999999999997300, -2.626347018976710000 ) ) ;
#3455 = CARTESIAN_POINT ( 'NONE',  ( -2.188863606865383700, 4.209999999999995500, -1.903593634284759000 ) ) ;
#3456 = ORIENTED_EDGE ( 'NONE', *, *, #1424, .F. ) ;
#3457 = CARTESIAN_POINT ( 'NONE',  ( 1.059842586244447200, 4.200000000000000200, -2.060026588729596800 ) ) ;
#3458 = FACE_OUTER_BOUND ( 'NONE', #2130, .T. ) ;
#3459 = VERTEX_POINT ( 'NONE', #2643 ) ;
#3460 = CARTESIAN_POINT ( 'NONE',  ( 0.9063650587452241100, 4.200000000000000200, -2.073109013180062500 ) ) ;
#3461 = B_SPLINE_CURVE_WITH_KNOTS ( 'NONE', 3,
 ( #6200, #1820, #3095, #7456, #3713, #8081, #4339, #583, #4986, #1218, #5603, #1843, #6227, #2492, #6839, #3119, #7486, #3734, #8103 ),
 .UNSPECIFIED., .F., .F.,
 ( 4, 1, 1, 1, 1, 1, 1, 1, 1, 1, 1, 1, 1, 1, 1, 1, 4 ),
 ( 0.0000000000000000000, 0.07183333040159194100, 0.1403548503741583700, 0.2060808093494390400, 0.2698930596352272500, 0.3324484479574265600, 0.3935294913853005200, 0.4548722591383548800, 0.5167809832062212300, 0.5781487378310863300, 0.6379616650425963300, 0.6968563554205804400, 0.7554182125934735300, 0.8144377185619488000, 0.8743837797544137300, 0.9362057708529472100, 1.000000000000000000 ),
 .UNSPECIFIED. ) ;
#3462 = CARTESIAN_POINT ( 'NONE',  ( -0.5859828288389791200, 4.199999999999999300, -2.585371508629816400 ) ) ;
#3463 = CARTESIAN_POINT ( 'NONE',  ( -0.4635069647706345200, 4.199999999999996600, -3.090354409171718800 ) ) ;
#3464 = VERTEX_POINT ( 'NONE', #3269 ) ;
#3465 = CARTESIAN_POINT ( 'NONE',  ( 0.05552981322672142400, 4.209999999999997300, -2.435510111948444100 ) ) ;
#3466 = AXIS2_PLACEMENT_3D ( 'NONE', #7199, #7826, #4092 ) ;
#3467 = ORIENTED_EDGE ( 'NONE', *, *, #2028, .T. ) ;
#3468 = CARTESIAN_POINT ( 'NONE',  ( -2.175401867116365700, 4.200000000000002000, -1.899210080590620500 ) ) ;
#3469 = CARTESIAN_POINT ( 'NONE',  ( 1.142377156333918900, 4.199999999999997500, -2.798405227442574400 ) ) ;
#3470 = LINE ( 'NONE', #7029, #4948 ) ;
#3471 = ADVANCED_FACE ( 'NONE', ( #1988 ), #3899, .T. ) ;
#3472 = CARTESIAN_POINT ( 'NONE',  ( 1.876721014467113100, 4.209999999999996400, -1.934051101654680600 ) ) ;
#3473 = ORIENTED_EDGE ( 'NONE', *, *, #5890, .T. ) ;
#3474 = CARTESIAN_POINT ( 'NONE',  ( 0.8904252839196810100, 4.210000000000000000, -2.080191666990260500 ) ) ;
#3475 = FACE_BOUND ( 'NONE', #3599, .T. ) ;
#3476 = CARTESIAN_POINT ( 'NONE',  ( -0.5583413949559324900, 4.199999999999997500, -3.069292128646831300 ) ) ;
#3477 = LINE ( 'NONE', #6440, #1800 ) ;
#3478 = EDGE_LOOP ( 'NONE', ( #4401, #1628, #3467, #4272 ) ) ;
#3479 = ADVANCED_FACE ( 'NONE', ( #3458 ), #6918, .T. ) ;
#3480 = CARTESIAN_POINT ( 'NONE',  ( -0.5386301317528361400, 4.199999999999994800, -3.076596641505634700 ) ) ;
#3481 = CARTESIAN_POINT ( 'NONE',  ( -0.09700205866847379200, 4.210000000000000000, 2.907041648618186700 ) ) ;
#3482 = CARTESIAN_POINT ( 'NONE',  ( 1.353122448669503900, 4.209999999999998200, -2.028023683400922200 ) ) ;
#3483 = VECTOR ( 'NONE', #669, 1000.000000000000000 ) ;
#3484 = CIRCLE ( 'NONE', #1469, 0.2999999999999999300 ) ;
#3485 = CARTESIAN_POINT ( 'NONE',  ( 0.9200306778828664100, 4.210000000000000000, -2.067452234247249400 ) ) ;
#3486 = CARTESIAN_POINT ( 'NONE',  ( 1.876721014467113100, 4.199999999999997500, -1.934051101654680600 ) ) ;
#3487 = CARTESIAN_POINT ( 'NONE',  ( 0.9231305073880740100, 4.199999999999999300, -2.552206825756055100 ) ) ;
#3488 = CARTESIAN_POINT ( 'NONE',  ( -0.5026833486633537400, 4.209999999999999100, -2.367298605083917100 ) ) ;
#3489 = ORIENTED_EDGE ( 'NONE', *, *, #2763, .F. ) ;
#3490 = CARTESIAN_POINT ( 'NONE',  ( -0.1906521115411860500, 4.199999999999995700, -2.858921324655852900 ) ) ;
#3491 = CARTESIAN_POINT ( 'NONE',  ( -0.09700205866847379200, 4.210000000000000000, 3.099665549985374000 ) ) ;
#3492 = VERTEX_POINT ( 'NONE', #5816 ) ;
#3493 = CARTESIAN_POINT ( 'NONE',  ( 1.243907730728637000, 4.209999999999997300, -2.447362867234962100 ) ) ;
#3494 = FACE_OUTER_BOUND ( 'NONE', #3478, .T. ) ;
#3495 = CARTESIAN_POINT ( 'NONE',  ( -2.499435228408376700, 4.209999999999996400, -1.363592244753603700 ) ) ;
#3496 = CARTESIAN_POINT ( 'NONE',  ( 0.8502595676719260100, 4.200000000000000200, -2.265266829145645000 ) ) ;
#3497 = CARTESIAN_POINT ( 'NONE',  ( 1.870587509748850900, 4.199999999999998400, -1.833418706861714900 ) ) ;
#3499 = VERTEX_POINT ( 'NONE', #2063 ) ;
#3498 = CARTESIAN_POINT ( 'NONE',  ( 1.341156346457069300, 4.209999999999995500, -2.792521126694457400 ) ) ;
#3500 = CARTESIAN_POINT ( 'NONE',  ( 0.7778918037719453300, 4.200000000000000200, -2.181939798478299300 ) ) ;
#3501 = ORIENTED_EDGE ( 'NONE', *, *, #1856, .F. ) ;
#3502 = VECTOR ( 'NONE', #517, 1000.000000000000000 ) ;
#3503 = EDGE_CURVE ( 'NONE', #6489, #7752, #1783, .T. ) ;
#3504 = CARTESIAN_POINT ( 'NONE',  ( -2.266966632646324300, 4.199999999999997500, -1.814441447697520800 ) ) ;
#3505 = CARTESIAN_POINT ( 'NONE',  ( -1.884321723951908100, 4.209999999999998200, -1.422710517929377700 ) ) ;
#3506 = CARTESIAN_POINT ( 'NONE',  ( 1.017834422254338100, 4.200000000000002000, -2.146148837073387700 ) ) ;
#3507 = CARTESIAN_POINT ( 'NONE',  ( -1.106524693554710800, 4.209999999999998200, -2.296698760607089400 ) ) ;
#3508 = CARTESIAN_POINT ( 'NONE',  ( 1.951204987605413600, 4.209999999999996400, -2.010006622612325900 ) ) ;
#3509 = B_SPLINE_CURVE_WITH_KNOTS ( 'NONE', 3,
 ( #7419, #7439, #3699, #8064, #4320 ),
 .UNSPECIFIED., .F., .F.,
 ( 4, 1, 4 ),
 ( 0.0000000000000000000, 0.5570145461482607400, 1.000000000000000000 ),
 .UNSPECIFIED. ) ;
#3510 = ADVANCED_FACE ( 'NONE', ( #4940 ), #4240, .T. ) ;
#3511 = DIRECTION ( 'NONE',  ( 0.0000000000000000000, 0.0000000000000000000, -1.000000000000000000 ) ) ;
#3512 = CARTESIAN_POINT ( 'NONE',  ( 1.728078362250164800, 4.209999999999996400, -2.153077275518315400 ) ) ;
#3513 = CARTESIAN_POINT ( 'NONE',  ( -2.218115509163852000, 4.200000000000000200, -1.513695803261769300 ) ) ;
#3514 = CARTESIAN_POINT ( 'NONE',  ( 1.766187716281847100, 4.209999999999997300, -1.865702218079544400 ) ) ;
#3515 = CARTESIAN_POINT ( 'NONE',  ( -0.4068318657696880500, 4.200000000000001100, -2.316807934096518600 ) ) ;
#3516 = ADVANCED_FACE ( 'NONE', ( #3262 ), #1539, .T. ) ;
#3517 = CARTESIAN_POINT ( 'NONE',  ( 1.237513705830021200, 4.209999999999995500, -2.768834412457511300 ) ) ;
#3518 = CARTESIAN_POINT ( 'NONE',  ( -2.376519114442630500, 4.199999999999999300, -1.249301497183610900 ) ) ;
#3519 = DIRECTION ( 'NONE',  ( 0.3774485607782726000, 0.0000000000000000000, 0.9260305523936078800 ) ) ;
#3520 = CARTESIAN_POINT ( 'NONE',  ( 1.391359210719896000, 4.199999999999997500, -2.621264809645383200 ) ) ;
#3521 = CARTESIAN_POINT ( 'NONE',  ( -2.143175550350918900, 4.200000000000001100, -1.072937998704909900 ) ) ;
#3522 = CARTESIAN_POINT ( 'NONE',  ( -0.2604746350388773000, 4.209999999999997300, -2.686669724441917800 ) ) ;
#3523 = CARTESIAN_POINT ( 'NONE',  ( -1.867230042759281800, 4.200000000000000200, -1.578496286359052400 ) ) ;
#3524 = CARTESIAN_POINT ( 'NONE',  ( 1.146327282168051700, 4.209999999999999100, -2.250416517757378700 ) ) ;
#3525 = CARTESIAN_POINT ( 'NONE',  ( -1.289173802485118900, 4.210000000000000000, -1.871700617176565600 ) ) ;
#3526 = CARTESIAN_POINT ( 'NONE',  ( -0.3876720791672252900, 4.209999999999999100, -2.229955716390387400 ) ) ;
#3527 = EDGE_CURVE ( 'NONE', #240, #6844, #6380, .T. ) ;
#3528 = CARTESIAN_POINT ( 'NONE',  ( -1.849274002990950000, 4.200000000000001100, -1.266061990053252200 ) ) ;
#3529 = CARTESIAN_POINT ( 'NONE',  ( 0.8638071256996938700, 4.199999999999997500, -2.672488415553931200 ) ) ;
#3530 = EDGE_CURVE ( 'NONE', #3344, #1979, #6582, .T. ) ;
#3531 = B_SPLINE_CURVE_WITH_KNOTS ( 'NONE', 3,
 ( #2976, #6706, #469, #4866, #1095, #5482, #1725, #6112, #2373, #6729, #3008, #7359, #3614, #7992, #4247, #493, #4898, #1127, #5509 ),
 .UNSPECIFIED., .F., .F.,
 ( 4, 1, 1, 1, 1, 1, 1, 1, 1, 1, 1, 1, 1, 1, 1, 1, 4 ),
 ( 0.0000000000000000000, 0.04062594505535559900, 0.08074268177567574300, 0.1202493485955121700, 0.1601418845816096300, 0.2012495002726210300, 0.2438365504311357800, 0.2890769514741533500, 0.3368151668676508900, 0.3893970494154957400, 0.4495714949813352000, 0.5177713207267771200, 0.5950508774840316300, 0.6818532553673900500, 0.7778619156903522300, 0.8839043124221609400, 1.000000000000000000 ),
 .UNSPECIFIED. ) ;
#3532 = CARTESIAN_POINT ( 'NONE',  ( -0.5002488079853658600, 4.209999999999994600, -2.998116188008409300 ) ) ;
#3533 = ORIENTED_EDGE ( 'NONE', *, *, #4660, .T. ) ;
#3534 = CARTESIAN_POINT ( 'NONE',  ( 0.3236491832073192800, 4.210000000000000000, -2.240519981439387900 ) ) ;
#3535 = CARTESIAN_POINT ( 'NONE',  ( -2.467172802723470500, 4.209999999999997300, -1.171813995338424800 ) ) ;
#3536 = VERTEX_POINT ( 'NONE', #2235 ) ;
#3537 = CARTESIAN_POINT ( 'NONE',  ( 1.777971853834438000, 4.199999999999998400, -1.959060758317723100 ) ) ;
#3538 = DIRECTION ( 'NONE',  ( 0.0000000000000000000, -1.000000000000000000, -0.0000000000000000000 ) ) ;
#3539 = ORIENTED_EDGE ( 'NONE', *, *, #5802, .F. ) ;
#3540 = ORIENTED_EDGE ( 'NONE', *, *, #5864, .T. ) ;
#3541 = CARTESIAN_POINT ( 'NONE',  ( -2.163991790358946100, 4.199999999999999300, -1.180317352469192800 ) ) ;
#3542 = ADVANCED_FACE ( 'NONE', ( #3071 ), #6188, .F. ) ;
#3543 = EDGE_CURVE ( 'NONE', #580, #4823, #3647, .T. ) ;
#3544 = CARTESIAN_POINT ( 'NONE',  ( -0.3670166407857060100, 4.209999999999994600, -2.966535912115563000 ) ) ;
#3545 = CARTESIAN_POINT ( 'NONE',  ( 5.510910596163089600E-016, 0.0000000000000000000, -2.000000000000000000 ) ) ;
#3546 = VERTEX_POINT ( 'NONE', #4754 ) ;
#3547 = CARTESIAN_POINT ( 'NONE',  ( 1.354715970694489600, 4.209999999999996400, -2.440307352251380700 ) ) ;
#3548 = CARTESIAN_POINT ( 'NONE',  ( -2.336454013749908100, 4.209999999999999100, -1.099529030014009500 ) ) ;
#3549 = DIRECTION ( 'NONE',  ( 0.0000000000000000000, 0.0000000000000000000, -1.000000000000000000 ) ) ;
#3550 = LINE ( 'NONE', #861, #1872 ) ;
#3551 = ORIENTED_EDGE ( 'NONE', *, *, #2128, .F. ) ;
#3552 = CARTESIAN_POINT ( 'NONE',  ( 1.658058842546889600, 4.209999999999997300, -2.094199112105698200 ) ) ;
#3553 = CARTESIAN_POINT ( 'NONE',  ( 2.058052030321063400, 4.199999999999995700, -2.317055068221501600 ) ) ;
#3554 = ORIENTED_EDGE ( 'NONE', *, *, #6159, .F. ) ;
#3555 = ORIENTED_EDGE ( 'NONE', *, *, #651, .T. ) ;
#3556 = CARTESIAN_POINT ( 'NONE',  ( 1.976037535285252200, 4.199999999999997500, -2.019132559854564900 ) ) ;
#3557 = VECTOR ( 'NONE', #2927, 999.9999999999998900 ) ;
#3558 = CARTESIAN_POINT ( 'NONE',  ( -2.037724143634718700, 4.200000000000000200, -1.102762840607252900 ) ) ;
#3559 = CARTESIAN_POINT ( 'NONE',  ( 1.082788941626448500, 4.199999999999996600, -2.880061387666420300 ) ) ;
#3560 = ORIENTED_EDGE ( 'NONE', *, *, #3703, .F. ) ;
#3561 = CARTESIAN_POINT ( 'NONE',  ( -0.5781956464681749000, 4.199999999999995700, -2.939130205676086000 ) ) ;
#3562 = CARTESIAN_POINT ( 'NONE',  ( -2.507670778965174700, 4.209999999999996400, -1.375064959134618900 ) ) ;
#3563 = VERTEX_POINT ( 'NONE', #4107 ) ;
#3564 = VECTOR ( 'NONE', #2719, 1000.000000000000000 ) ;
#3565 = CARTESIAN_POINT ( 'NONE',  ( 1.724911513700068600, 4.209999999999997300, -2.051352180228927800 ) ) ;
#3566 = APPROVAL_DATE_TIME ( #5244, #6203 ) ;
#3567 = AXIS2_PLACEMENT_3D ( 'NONE', #4192, #443, #1693 ) ;
#3568 = ORIENTED_EDGE ( 'NONE', *, *, #6767, .T. ) ;
#3569 = CARTESIAN_POINT ( 'NONE',  ( 1.989523303738274000, 4.209999999999992900, -2.195597970629282500 ) ) ;
#3570 = CARTESIAN_POINT ( 'NONE',  ( -2.507670778965174700, 4.209999999999996400, -1.375064959134618900 ) ) ;
#3571 = LINE ( 'NONE', #294, #242 ) ;
#3572 = DIRECTION ( 'NONE',  ( 0.5536002846818247600, 0.0000000000000000000, -0.8327825195092668500 ) ) ;
#3573 = CARTESIAN_POINT ( 'NONE',  ( 1.994693006324582000, 4.209999999999993700, -2.392777882021430300 ) ) ;
#3574 = PLANE ( 'NONE',  #2326 ) ;
#3575 = CIRCLE ( 'NONE', #71, 4.450000000000000200 ) ;
#3576 = CARTESIAN_POINT ( 'NONE',  ( 5.510910596163089600E-016, -0.2999999999999999900, -2.000000000000000000 ) ) ;
#3577 = EDGE_CURVE ( 'NONE', #843, #5464, #2885, .T. ) ;
#3578 = CARTESIAN_POINT ( 'NONE',  ( 2.069524473575530700, 4.209999999999996400, -2.113652383843863400 ) ) ;
#3579 = FACE_OUTER_BOUND ( 'NONE', #7856, .T. ) ;
#3580 = EDGE_CURVE ( 'NONE', #4049, #4928, #8049, .T. ) ;
#3581 = CARTESIAN_POINT ( 'NONE',  ( 1.247326453353614100, 4.210000000000000000, -2.215968341310160700 ) ) ;
#3582 = FACE_OUTER_BOUND ( 'NONE', #6463, .T. ) ;
#3583 = CARTESIAN_POINT ( 'NONE',  ( 0.1522544139785293700, 4.210000000000001700, -2.279410386700064400 ) ) ;
#3584 = DIRECTION ( 'NONE',  ( 0.0000000000000000000, 1.000000000000000000, 0.0000000000000000000 ) ) ;
#3585 = CARTESIAN_POINT ( 'NONE',  ( -2.389894785409441400, 4.199999999999997500, -1.123654941032805600 ) ) ;
#3586 = ADVANCED_FACE ( 'NONE', ( #4328 ), #5994, .T. ) ;
#3587 = CARTESIAN_POINT ( 'NONE',  ( -0.09700205866847379200, 4.210000000000000000, 3.549121319842145200 ) ) ;
#3588 = ORIENTED_EDGE ( 'NONE', *, *, #6199, .T. ) ;
#3589 = CARTESIAN_POINT ( 'NONE',  ( 1.735865040427619200, 4.199999999999997500, -2.145278907479333700 ) ) ;
#3590 = DIRECTION ( 'NONE',  ( 0.0000000000000000000, -1.000000000000000000, 0.0000000000000000000 ) ) ;
#3591 = ORIENTED_EDGE ( 'NONE', *, *, #3452, .T. ) ;
#3592 = FACE_OUTER_BOUND ( 'NONE', #4737, .T. ) ;
#3593 = CARTESIAN_POINT ( 'NONE',  ( -1.867230042759281800, 4.200000000000000200, -1.578496286359052400 ) ) ;
#3594 = DIRECTION ( 'NONE',  ( -0.9789627354575208800, 6.593173145281611500E-015, 0.2040391202331743900 ) ) ;
#3595 = EDGE_CURVE ( 'NONE', #4744, #7362, #4034, .T. ) ;
#3596 = DIRECTION ( 'NONE',  ( 0.0000000000000000000, -1.000000000000000000, 0.0000000000000000000 ) ) ;
#3597 = ORIENTED_EDGE ( 'NONE', *, *, #436, .T. ) ;
#3598 = CARTESIAN_POINT ( 'NONE',  ( -2.453481925212976900, 4.209999999999995500, -1.309087395044322900 ) ) ;
#3599 = EDGE_LOOP ( 'NONE', ( #3442, #1107, #2558, #1886, #4857, #7939, #7557, #1637, #3360, #393, #2845, #5320, #6423, #1568, #2397, #5496, #6575 ) ) ;
#3600 = DIRECTION ( 'NONE',  ( 0.0000000000000000000, -1.000000000000000000, -0.0000000000000000000 ) ) ;
#3601 = CARTESIAN_POINT ( 'NONE',  ( 2.087905385434271300, 4.199999999999995700, -2.228095968196561300 ) ) ;
#3602 = CARTESIAN_POINT ( 'NONE',  ( 0.5983311005661222600, 4.200000000000002000, -2.538573399191970600 ) ) ;
#3603 = CARTESIAN_POINT ( 'NONE',  ( 0.3517321901830046100, 4.209999999999999100, -2.624374369806761600 ) ) ;
#3604 = CARTESIAN_POINT ( 'NONE',  ( 0.1937586722407250700, 4.199999999999997500, -2.828608813603745700 ) ) ;
#3605 = EDGE_CURVE ( 'NONE', #615, #4152, #7850, .T. ) ;
#3606 = CARTESIAN_POINT ( 'NONE',  ( 0.5735367245984007700, 4.199999999999994800, -2.981252397593439100 ) ) ;
#3607 = CARTESIAN_POINT ( 'NONE',  ( 1.021354705168356000, 4.209999999999999100, -2.052856073082506100 ) ) ;
#3608 = CARTESIAN_POINT ( 'NONE',  ( -2.541111415532761400, 4.199999999999996600, -1.441373557734842500 ) ) ;
#3609 = CARTESIAN_POINT ( 'NONE',  ( -0.6072077127879550500, 4.209999999999995500, -2.841724736938419300 ) ) ;
#3610 = CARTESIAN_POINT ( 'NONE',  ( -0.4889791214507681100, 4.199999999999995700, -3.000197304858465100 ) ) ;
#3611 = CARTESIAN_POINT ( 'NONE',  ( 1.440645134849207300, 4.199999999999999300, -1.947756091810252300 ) ) ;
#3612 = CARTESIAN_POINT ( 'NONE',  ( 0.1663895880889361400, 4.210000000000000000, -2.402873719487864400 ) ) ;
#3613 = CARTESIAN_POINT ( 'NONE',  ( 0.2713341963578529400, 4.199999999999999300, -2.647702612163493000 ) ) ;
#3614 = CARTESIAN_POINT ( 'NONE',  ( 1.127275183506374800, 4.199999999999998400, -2.223312056140240900 ) ) ;
#3615 = CARTESIAN_POINT ( 'NONE',  ( 0.2090714127005783000, 4.209999999999995500, -2.889220196357956900 ) ) ;
#3616 = CARTESIAN_POINT ( 'NONE',  ( 1.242459085142817900, 4.209999999999994600, -2.864466976540323500 ) ) ;
#3617 = CARTESIAN_POINT ( 'NONE',  ( 0.0000000000000000000, 0.2999999999999999900, 0.0000000000000000000 ) ) ;
#3618 = ADVANCED_FACE ( 'NONE', ( #7461 ), #6903, .F. ) ;
#3619 = CARTESIAN_POINT ( 'NONE',  ( 1.819496939963849200, 4.199999999999998400, -2.097640935322124400 ) ) ;
#3620 = CARTESIAN_POINT ( 'NONE',  ( 6.368163355566237400E-016, -0.2999999999999999900, -2.700000000000000200 ) ) ;
#3621 = CARTESIAN_POINT ( 'NONE',  ( 0.5225636320923773300, 4.210000000000000000, -2.357303546924830200 ) ) ;
#3623 = CARTESIAN_POINT ( 'NONE',  ( 1.831089906984737700, 4.199999999999996600, -2.459031957349378400 ) ) ;
#3622 = CARTESIAN_POINT ( 'NONE',  ( 0.4448941227278817000, 4.199999999999998400, -2.649236468458749700 ) ) ;
#3624 = ORIENTED_EDGE ( 'NONE', *, *, #901, .T. ) ;
#3625 = CARTESIAN_POINT ( 'NONE',  ( 0.1951595189178025000, 4.199999999999998400, -2.755084254739881700 ) ) ;
#3626 = MANIFOLD_SOLID_BREP ( 'Pins Boss[1]', #1299 ) ;
#3627 = CARTESIAN_POINT ( 'NONE',  ( 0.6202871211351854700, 4.199999999999998400, -2.660040415677413800 ) ) ;
#3628 = CARTESIAN_POINT ( 'NONE',  ( 1.867319729617661100, 4.209999999999993700, -2.362841552190960500 ) ) ;
#3629 = ORIENTED_EDGE ( 'NONE', *, *, #4408, .T. ) ;
#3630 = CARTESIAN_POINT ( 'NONE',  ( -0.4436944154760389900, 4.200000000000001100, -2.232264700839500500 ) ) ;
#3631 = ORIENTED_EDGE ( 'NONE', *, *, #5378, .T. ) ;
#3632 = CARTESIAN_POINT ( 'NONE',  ( 0.3373402305253597700, 4.200000000000003700, -2.329248034698497600 ) ) ;
#3633 = CARTESIAN_POINT ( 'NONE',  ( -0.5863252192061057000, 4.209999999999994600, -2.923403361784502300 ) ) ;
#3634 = EDGE_CURVE ( 'NONE', #7582, #7976, #999, .T. ) ;
#3635 = CARTESIAN_POINT ( 'NONE',  ( -0.5940300266086063800, 4.199999999999998400, -2.633152358252708300 ) ) ;
#3636 = CARTESIAN_POINT ( 'NONE',  ( -0.5446593415769629400, 4.199999999999995700, -2.976408895965286600 ) ) ;
#3637 = ORIENTED_EDGE ( 'NONE', *, *, #3577, .T. ) ;
#3638 = CARTESIAN_POINT ( 'NONE',  ( 0.2965739208513713500, 4.209999999999998200, -2.539572827766198900 ) ) ;
#3639 = CARTESIAN_POINT ( 'NONE',  ( 0.2459842415030653000, 4.200000000000000200, -2.331371961051933500 ) ) ;
#3640 = FACE_OUTER_BOUND ( 'NONE', #4141, .T. ) ;
#3641 = VERTEX_POINT ( 'NONE', #3174 ) ;
#3642 = CARTESIAN_POINT ( 'NONE',  ( -0.3551619431426740700, 4.199999999999998400, -2.321588537975554500 ) ) ;
#3643 = CARTESIAN_POINT ( 'NONE',  ( 2.385206361932793700, 4.209999999999995500, -1.575281954645913600 ) ) ;
#3644 = ORIENTED_EDGE ( 'NONE', *, *, #5233, .F. ) ;
#3645 = VERTEX_POINT ( 'NONE', #6307 ) ;
#3646 = CARTESIAN_POINT ( 'NONE',  ( -1.879374466598022800, 4.200000000000002000, -1.225628115345183300 ) ) ;
#3647 = LINE ( 'NONE', #983, #1382 ) ;
#3648 = ORIENTED_EDGE ( 'NONE', *, *, #1649, .T. ) ;
#3649 = EDGE_CURVE ( 'NONE', #6221, #547, #2482, .T. ) ;
#3650 = CARTESIAN_POINT ( 'NONE',  ( 0.5106413617645558800, 4.209999999999997300, -2.620851900221099900 ) ) ;
#3651 = CARTESIAN_POINT ( 'NONE',  ( 1.551557448176037200, 4.209999999999998200, -1.769667052218663900 ) ) ;
#3652 = CARTESIAN_POINT ( 'NONE',  ( 0.4247162520794471900, 4.200000000000005500, -2.269529278324566400 ) ) ;
#3654 = CARTESIAN_POINT ( 'NONE',  ( 1.976113820105298600, 4.209999999999993700, -2.408247351968822800 ) ) ;
#3653 = CARTESIAN_POINT ( 'NONE',  ( 0.5146614762265447900, 4.209999999999997300, -2.749415655266312300 ) ) ;
#3655 = ORIENTED_EDGE ( 'NONE', *, *, #759, .F. ) ;
#3656 = ORIENTED_EDGE ( 'NONE', *, *, #5529, .T. ) ;
#3657 = VECTOR ( 'NONE', #3897, 1000.000000000000000 ) ;
#3658 = CARTESIAN_POINT ( 'NONE',  ( 0.1618368536628754800, 4.209999999999999100, -2.415858456852260100 ) ) ;
#3659 = CARTESIAN_POINT ( 'NONE',  ( 1.784194049938866000, 4.199999999999995700, -2.350000209239476500 ) ) ;
#3660 = CARTESIAN_POINT ( 'NONE',  ( -0.5940300266086063800, 4.209999999999997300, -2.633152358252708300 ) ) ;
#3661 = ORIENTED_EDGE ( 'NONE', *, *, #4331, .F. ) ;
#3662 = AXIS2_PLACEMENT_3D ( 'NONE', #445, #4836, #1067 ) ;
#3663 = CARTESIAN_POINT ( 'NONE',  ( 0.4510943451695783000, 4.209999999999999100, -2.425730231394227500 ) ) ;
#3664 = CARTESIAN_POINT ( 'NONE',  ( 0.8638071256996938700, 4.199999999999996600, -2.672488415553931200 ) ) ;
#3665 = ADVANCED_FACE ( 'NONE', ( #7258 ), #6957, .T. ) ;
#3666 = CARTESIAN_POINT ( 'NONE',  ( 0.0000000000000000000, 4.200000000000000200, 0.0000000000000000000 ) ) ;
#3667 = FACE_BOUND ( 'NONE', #6786, .T. ) ;
#3668 = VECTOR ( 'NONE', #5825, 1000.000000000000000 ) ;
#3669 = CARTESIAN_POINT ( 'NONE',  ( 0.2476464107409852000, 4.210000000000000000, -2.550799262904556800 ) ) ;
#3670 = CARTESIAN_POINT ( 'NONE',  ( 0.4912469162067820700, 4.199999999999998400, -2.599349073354040800 ) ) ;
#3671 = ORIENTED_EDGE ( 'NONE', *, *, #1420, .T. ) ;
#3672 = CARTESIAN_POINT ( 'NONE',  ( 1.975347133776193900, 4.209999999999995500, -2.159748481919882700 ) ) ;
#3673 = CARTESIAN_POINT ( 'NONE',  ( -0.2639083416997568500, 4.209999999999999100, -2.406040021911491700 ) ) ;
#3674 = LINE ( 'NONE', #7660, #2013 ) ;
#3675 = CARTESIAN_POINT ( 'NONE',  ( 2.477525637275314300, 4.209999999999995500, -1.541379383677288700 ) ) ;
#3676 = LINE ( 'NONE', #4835, #6999 ) ;
#3677 = CARTESIAN_POINT ( 'NONE',  ( -2.037724143634718700, 4.209999999999999100, -1.102762840607252900 ) ) ;
#3678 = SHAPE_REPRESENTATION ( 'GT-0903A', ( #2017 ), #1168 ) ;
#3679 = CARTESIAN_POINT ( 'NONE',  ( 0.9333450869807556900, 4.209999999999999100, -2.153950345585571300 ) ) ;
#3680 = CARTESIAN_POINT ( 'NONE',  ( 0.5132389638016901000, 4.209999999999995500, -2.905501529955619500 ) ) ;
#3681 = CARTESIAN_POINT ( 'NONE',  ( 1.652803242712205500, 4.199999999999999300, -1.767833469511150600 ) ) ;
#3682 = ORIENTED_EDGE ( 'NONE', *, *, #2441, .T. ) ;
#3684 = DIRECTION ( 'NONE',  ( 0.0000000000000000000, 0.0000000000000000000, -1.000000000000000000 ) ) ;
#3683 = CARTESIAN_POINT ( 'NONE',  ( -0.2685759434054255100, 4.199999999999997500, -2.734554289840205300 ) ) ;
#3685 = B_SPLINE_CURVE_WITH_KNOTS ( 'NONE', 3,
 ( #2887, #5878, #2251, #3504, #7869, #4125, #377, #4775, #1001, #5390, #1630, #6014, #2273, #6639, #2917 ),
 .UNSPECIFIED., .F., .F.,
 ( 4, 1, 1, 1, 1, 1, 1, 1, 1, 1, 1, 1, 4 ),
 ( 0.0000000000000000000, 0.09674948167655551800, 0.1849961713115606300, 0.2650197107398816200, 0.3380918329824246800, 0.4085559377788826100, 0.4817160241356217000, 0.5590893534814407300, 0.6418384655410334100, 0.7278312400414430600, 0.8156858759225368300, 0.9059792740162885300, 1.000000000000000000 ),
 .UNSPECIFIED. ) ;
#3686 = EDGE_LOOP ( 'NONE', ( #5696, #3369, #1665, #3363 ) ) ;
#3687 = FACE_OUTER_BOUND ( 'NONE', #4124, .T. ) ;
#3688 = CARTESIAN_POINT ( 'NONE',  ( 1.962142285229546300, 4.199999999999995700, -2.141448988102146300 ) ) ;
#3689 = EDGE_CURVE ( 'NONE', #6678, #8036, #4139, .T. ) ;
#3690 = CARTESIAN_POINT ( 'NONE',  ( 2.127632413564704900, 4.209999999999997300, -1.521597417005726300 ) ) ;
#3691 = EDGE_CURVE ( 'NONE', #2890, #8036, #5606, .T. ) ;
#3692 = ORIENTED_EDGE ( 'NONE', *, *, #4443, .F. ) ;
#3693 = PRODUCT_DEFINITION ( 'UNKNOWN', '', #5792, #931 ) ;
#3694 = CARTESIAN_POINT ( 'NONE',  ( 0.5066932206918158800, 4.200000000000000200, -2.589821401949825100 ) ) ;
#3695 = CARTESIAN_POINT ( 'NONE',  ( 0.9756688664547047400, 4.209999999999992900, -2.820016210077667600 ) ) ;
#3696 = LINE ( 'NONE', #2392, #7014 ) ;
#3697 = DIRECTION ( 'NONE',  ( 0.0000000000000000000, -1.000000000000000000, 0.0000000000000000000 ) ) ;
#3698 = CARTESIAN_POINT ( 'NONE',  ( 0.08555074711074367500, 4.209999999999996400, -2.817318093273550900 ) ) ;
#3699 = CARTESIAN_POINT ( 'NONE',  ( 1.731877477423876300, 4.209999999999995500, -2.149083835677744900 ) ) ;
#3700 = CARTESIAN_POINT ( 'NONE',  ( -0.1427843243809575100, 4.199999999999997500, -2.601286597199829100 ) ) ;
#3701 = CARTESIAN_POINT ( 'NONE',  ( 1.992009957852893100, 4.199999999999999300, -2.234227038269928300 ) ) ;
#3702 = CARTESIAN_POINT ( 'NONE',  ( -0.2482238024695674100, 4.199999999999994800, -2.593628961493194700 ) ) ;
#3703 = EDGE_CURVE ( 'NONE', #7397, #7692, #3936, .T. ) ;
#3704 = CARTESIAN_POINT ( 'NONE',  ( 0.9163623707734742700, 4.200000000000000200, -2.537058378317630100 ) ) ;
#3705 = CARTESIAN_POINT ( 'NONE',  ( 2.506238103404140100, 4.209999999999994600, -1.608141320819907300 ) ) ;
#3706 = DIRECTION ( 'NONE',  ( -0.8092632360444145200, 0.0000000000000000000, 0.5874461803322260600 ) ) ;
#3707 = CARTESIAN_POINT ( 'NONE',  ( 0.4504452757454178200, 4.199999999999995700, -2.982654337980969600 ) ) ;
#3708 = CARTESIAN_POINT ( 'NONE',  ( 1.738276070434710400, 4.209999999999998200, -1.823969762679101600 ) ) ;
#3710 = CARTESIAN_POINT ( 'NONE',  ( 0.7490848037528805600, 4.199999999999999300, -2.303488567046228400 ) ) ;
#3709 = CARTESIAN_POINT ( 'NONE',  ( -0.4482070661639147000, 4.199999999999995700, -3.003028824337105300 ) ) ;
#3711 = AXIS2_PLACEMENT_3D ( 'NONE', #5836, #7710, #3968 ) ;
#3712 = CARTESIAN_POINT ( 'NONE',  ( 1.991776683368603300, 4.199999999999996600, -2.208174623134987200 ) ) ;
#3713 = CARTESIAN_POINT ( 'NONE',  ( 0.1116867829013081200, 4.199999999999997500, -2.933133623643396700 ) ) ;
#3714 = CARTESIAN_POINT ( 'NONE',  ( 1.082788941626448500, 4.199999999999995700, -2.880061387666420300 ) ) ;
#3715 = CARTESIAN_POINT ( 'NONE',  ( 1.398893427477958300, 4.200000000000000200, -1.777419930524752700 ) ) ;
#3716 = CARTESIAN_POINT ( 'NONE',  ( -2.640959259883963700, 4.199999999999997500, -1.401864198464332100 ) ) ;
#3717 = CARTESIAN_POINT ( 'NONE',  ( 1.893215133445159000, 4.209999999999995500, -2.356332490680313800 ) ) ;
#3718 = AXIS2_PLACEMENT_3D ( 'NONE', #8102, #5630, #1868 ) ;
#3719 = CARTESIAN_POINT ( 'NONE',  ( -1.930943557959538000, 4.209999999999999100, -1.324836926556301600 ) ) ;
#3720 = CARTESIAN_POINT ( 'NONE',  ( -0.1570811512874617500, 4.210000000000000000, -2.416597590053182600 ) ) ;
#3721 = ORIENTED_EDGE ( 'NONE', *, *, #450, .T. ) ;
#3722 = CARTESIAN_POINT ( 'NONE',  ( 1.951830993233425900, 4.209999999999994600, -2.317375539337066300 ) ) ;
#3723 = DIRECTION ( 'NONE',  ( -0.0000000000000000000, -1.000000000000000000, -0.0000000000000000000 ) ) ;
#3724 = CARTESIAN_POINT ( 'NONE',  ( 0.1914274470461439200, 4.209999999999995500, -2.809417804086987000 ) ) ;
#3725 = EDGE_LOOP ( 'NONE', ( #1275, #7012 ) ) ;
#3726 = MANIFOLD_SOLID_BREP ( 'Plus Boss', #4116 ) ;
#3727 = DIRECTION ( 'NONE',  ( 0.0000000000000000000, 0.0000000000000000000, -1.000000000000000000 ) ) ;
#3728 = CARTESIAN_POINT ( 'NONE',  ( 0.2965739208513714100, 4.199999999999999300, -2.539572827766199300 ) ) ;
#3729 = EDGE_LOOP ( 'NONE', ( #7045, #6531, #7768, #453, #7052 ) ) ;
#3731 = CARTESIAN_POINT ( 'NONE',  ( 0.8189439072916925300, 4.209999999999998200, -2.579404191176581000 ) ) ;
#3730 = CARTESIAN_POINT ( 'NONE',  ( 4.450000000000000200, 4.200000000000000200, 0.0000000000000000000 ) ) ;
#3732 = B_SPLINE_CURVE_WITH_KNOTS ( 'NONE', 3,
 ( #7216, #7296, #3027, #7377, #3630, #8008, #4266, #514, #4910, #1146, #5532 ),
 .UNSPECIFIED., .F., .F.,
 ( 4, 1, 1, 1, 1, 1, 1, 1, 4 ),
 ( 0.0000000000000000000, 0.1356835983089708400, 0.2652503499842759900, 0.3909057126782357100, 0.5121058691267278400, 0.6319749830376998300, 0.7523647281627392500, 0.8744986208819109900, 0.9999999999999998900 ),
 .UNSPECIFIED. ) ;
#3733 = ORIENTED_EDGE ( 'NONE', *, *, #3180, .T. ) ;
#3734 = CARTESIAN_POINT ( 'NONE',  ( 0.3815274658664287200, 4.199999999999994000, -3.091512944108377500 ) ) ;
#3735 = ORIENTED_EDGE ( 'NONE', *, *, #5949, .F. ) ;
#3736 = CARTESIAN_POINT ( 'NONE',  ( 1.706718004239859800, 4.210000000000000000, -1.542322083864804800 ) ) ;
#3737 = FACE_OUTER_BOUND ( 'NONE', #4813, .T. ) ;
#3738 = CARTESIAN_POINT ( 'NONE',  ( 1.221882174738482300, 4.209999999999992900, -2.872873682434756900 ) ) ;
#3739 = EDGE_LOOP ( 'NONE', ( #6852, #5408, #2732, #805 ) ) ;
#3740 = CARTESIAN_POINT ( 'NONE',  ( 1.338084349431994300, 4.210000000000000000, -1.934149505201041600 ) ) ;
#3741 = CARTESIAN_POINT ( 'NONE',  ( -2.646421648279662500, 4.209999999999993700, -1.590444364483975600 ) ) ;
#3742 = VERTEX_POINT ( 'NONE', #5176 ) ;
#3743 = CARTESIAN_POINT ( 'NONE',  ( 1.727190893775862400, 4.209999999999995500, -2.311849191220454600 ) ) ;
#3744 = CARTESIAN_POINT ( 'NONE',  ( -0.5859828288389791200, 4.199999999999999300, -2.585371508629816400 ) ) ;
#3745 = VERTEX_POINT ( 'NONE', #3314 ) ;
#3746 = CARTESIAN_POINT ( 'NONE',  ( -0.2146882308037241800, 4.200000000000000200, -2.307438722222033600 ) ) ;
#3747 = LINE ( 'NONE', #902, #7074 ) ;
#3748 = CARTESIAN_POINT ( 'NONE',  ( 5.510910596163089600E-016, 0.0000000000000000000, 2.000000000000000000 ) ) ;
#3749 = CARTESIAN_POINT ( 'NONE',  ( 1.078761923710187100, 4.199999999999994800, -2.776383909970204600 ) ) ;
#3750 = CARTESIAN_POINT ( 'NONE',  ( 0.3011979732632842900, 4.209999999999996400, -2.633887679108066300 ) ) ;
#3751 = ORIENTED_EDGE ( 'NONE', *, *, #5890, .F. ) ;
#3752 = CARTESIAN_POINT ( 'NONE',  ( 1.000411369877453500, 4.209999999999999100, -2.143428140054338900 ) ) ;
#3753 = EDGE_CURVE ( 'NONE', #3829, #3742, #2588, .T. ) ;
#3754 = CIRCLE ( 'NONE', #5085, 4.500000000000000000 ) ;
#3755 = CARTESIAN_POINT ( 'NONE',  ( -2.248703621736432000, 4.209999999999999100, -1.190028287887013900 ) ) ;
#3756 = CARTESIAN_POINT ( 'NONE',  ( 1.769729126411317100, 4.200000000000000200, -1.442441349587346500 ) ) ;
#3757 = CARTESIAN_POINT ( 'NONE',  ( 0.1652930117583982000, 4.209999999999997300, -2.600917463651638800 ) ) ;
#3759 = CARTESIAN_POINT ( 'NONE',  ( 0.4379475917260602400, 4.200000000000000200, -2.404332993193623900 ) ) ;
#3758 = CARTESIAN_POINT ( 'NONE',  ( 1.110091761267080000, 4.209999999999995500, -2.791767674619247700 ) ) ;
#3760 = APPROVAL_PERSON_ORGANIZATION ( #5435, #6203, #4652 ) ;
#3761 = VERTEX_POINT ( 'NONE', #1452 ) ;
#3762 = CARTESIAN_POINT ( 'NONE',  ( 0.2578462108074344700, 4.209999999999997300, -2.656834115681600200 ) ) ;
#3763 = CARTESIAN_POINT ( 'NONE',  ( -2.238140041234804000, 4.199999999999995700, -1.808692459799608600 ) ) ;
#3764 = FACE_OUTER_BOUND ( 'NONE', #5357, .T. ) ;
#3765 = VECTOR ( 'NONE', #6620, 1000.000000000000000 ) ;
#3766 = AXIS2_PLACEMENT_3D ( 'NONE', #662, #7555, #3811 ) ;
#3767 = CARTESIAN_POINT ( 'NONE',  ( -0.5964461884915704900, 4.209999999999994600, -2.899641047461738900 ) ) ;
#3768 = CARTESIAN_POINT ( 'NONE',  ( 1.749313819482302600, 4.209999999999998200, -1.837194986071289900 ) ) ;
#3769 = DIRECTION ( 'NONE',  ( 0.0000000000000000000, 1.000000000000000000, 0.0000000000000000000 ) ) ;
#3770 = CARTESIAN_POINT ( 'NONE',  ( 1.374692936324456900, 4.199999999999998400, -2.072648298322780300 ) ) ;
#3771 = CIRCLE ( 'NONE', #5134, 0.8000000000000000400 ) ;
#3772 = CARTESIAN_POINT ( 'NONE',  ( -2.580640234351045100, 4.199999999999994800, -1.741468339376027100 ) ) ;
#3773 = CARTESIAN_POINT ( 'NONE',  ( 0.4504452757454178200, 4.199999999999995700, -2.982654337980969600 ) ) ;
#3774 = CARTESIAN_POINT ( 'NONE',  ( 2.058966848323748400, 4.210000000000000000, -0.9847141900692557600 ) ) ;
#3775 = CARTESIAN_POINT ( 'NONE',  ( -0.4068318657696880500, 4.200000000000001100, -2.316807934096518600 ) ) ;
#3776 = CARTESIAN_POINT ( 'NONE',  ( -0.3365841289178756500, 4.209999999999999100, -2.237804659639480500 ) ) ;
#3777 = MANIFOLD_SOLID_BREP ( 'Pin Boss support[2]', #1474 ) ;
#3778 = VECTOR ( 'NONE', #5980, 1000.000000000000100 ) ;
#3779 = CARTESIAN_POINT ( 'NONE',  ( 0.0000000000000000000, 4.210000000000000000, 0.0000000000000000000 ) ) ;
#3780 = CARTESIAN_POINT ( 'NONE',  ( 0.9770079263719087000, 4.199999999999997500, -2.658881501895157500 ) ) ;
#3781 = CARTESIAN_POINT ( 'NONE',  ( -0.6092658787560361100, 4.209999999999998200, -2.344937202037882300 ) ) ;
#3782 = EDGE_LOOP ( 'NONE', ( #5346, #7146 ) ) ;
#3783 = CARTESIAN_POINT ( 'NONE',  ( 1.225109932574491400, 4.209999999999997300, -2.402813738606782500 ) ) ;
#3784 = B_SPLINE_CURVE_WITH_KNOTS ( 'NONE', 3,
 ( #7689, #3322, #5840, #2091, #6452, #2726, #7085, #3343, #7713, #3972, #219, #4607, #849, #5241, #1465, #5865, #2119, #6482, #2750 ),
 .UNSPECIFIED., .F., .F.,
 ( 4, 1, 1, 1, 1, 1, 1, 1, 1, 1, 1, 1, 1, 1, 1, 1, 4 ),
 ( 0.0000000000000000000, 0.1162346539445180400, 0.2223742624487478600, 0.3189739504898505600, 0.4054563401456547400, 0.4829087607039619400, 0.5512985082265275900, 0.6113322229072144500, 0.6637062699382364500, 0.7112885638301029700, 0.7561754893796245300, 0.7986414864104927100, 0.8396273746368165800, 0.8794685925124146000, 0.9192089739139919200, 0.9589968396078059100, 1.000000000000000000 ),
 .UNSPECIFIED. ) ;
#3785 = ORIENTED_EDGE ( 'NONE', *, *, #3277, .F. ) ;
#3786 = VECTOR ( 'NONE', #4832, 1000.000000000000100 ) ;
#3787 = CARTESIAN_POINT ( 'NONE',  ( -2.123874737298384400, 4.199999999999997500, -1.185010285485403200 ) ) ;
#3788 = CARTESIAN_POINT ( 'NONE',  ( 0.3094816226403998600, 4.209999999999994600, -2.993896342218747000 ) ) ;
#3789 = CARTESIAN_POINT ( 'NONE',  ( 0.09093212589731045100, 4.199999999999996600, -2.733849075702857500 ) ) ;
#3791 = CARTESIAN_POINT ( 'NONE',  ( 1.231558187703143400, 4.209999999999997300, -2.418095536229994300 ) ) ;
#3790 = CARTESIAN_POINT ( 'NONE',  ( -0.1550901739091391500, 4.209999999999998200, -2.703615097949041900 ) ) ;
#3792 = EDGE_LOOP ( 'NONE', ( #5125, #2960, #4789, #5718 ) ) ;
#3793 = CARTESIAN_POINT ( 'NONE',  ( 0.6166404537526509700, 4.209999999999997300, -2.634720325901212900 ) ) ;
#3794 = EDGE_CURVE ( 'NONE', #2871, #6310, #604, .T. ) ;
#3795 = ORIENTED_EDGE ( 'NONE', *, *, #7345, .F. ) ;
#3796 = CARTESIAN_POINT ( 'NONE',  ( 0.3344991161668204900, 4.199999999999998400, -2.626347018976710000 ) ) ;
#3797 = CARTESIAN_POINT ( 'NONE',  ( -2.412959466869755600, 4.209999999999994600, -1.782516576194353600 ) ) ;
#3798 = DIRECTION ( 'NONE',  ( 0.5336263558811845700, 0.0000000000000000000, 0.8457203511261670600 ) ) ;
#3799 = CARTESIAN_POINT ( 'NONE',  ( 1.744804295851521700, 4.209999999999998200, -2.031085511163941000 ) ) ;
#3800 = CARTESIAN_POINT ( 'NONE',  ( 1.853917897718693400, 4.199999999999995700, -2.364258046425306200 ) ) ;
#3801 = CARTESIAN_POINT ( 'NONE',  ( -1.145789686303881700, 4.199999999999998400, -2.393031312121586500 ) ) ;
#3802 = CARTESIAN_POINT ( 'NONE',  ( -0.3684733405661210800, 4.200000000000001100, -2.232619270698332300 ) ) ;
#3803 = CARTESIAN_POINT ( 'NONE',  ( 1.249999999999969800, 0.0000000000000000000, -4.322904116447654500 ) ) ;
#3804 = CARTESIAN_POINT ( 'NONE',  ( 0.5899334743507370600, 4.199999999999999300, -2.506370985828553900 ) ) ;
#3805 = CARTESIAN_POINT ( 'NONE',  ( 1.383264429011068900, 4.200000000000000200, -1.797445114994545200 ) ) ;
#3806 = CARTESIAN_POINT ( 'NONE',  ( 0.7972292403303536900, 4.199999999999997500, -2.527864254417896600 ) ) ;
#3807 = CARTESIAN_POINT ( 'NONE',  ( 1.506173059494961800, 4.199999999999999300, -1.793046104228119600 ) ) ;
#3808 = EDGE_CURVE ( 'NONE', #5941, #586, #5809, .T. ) ;
#3809 = DIRECTION ( 'NONE',  ( 0.0000000000000000000, 0.0000000000000000000, 1.000000000000000000 ) ) ;
#3810 = ORIENTED_EDGE ( 'NONE', *, *, #7879, .F. ) ;
#3811 = DIRECTION ( 'NONE',  ( -1.000000000000000000, 1.415605001776727500E-013, 0.0000000000000000000 ) ) ;
#3812 = CARTESIAN_POINT ( 'NONE',  ( 0.2268589757531660800, 4.199999999999996600, -2.923672219165010400 ) ) ;
#3813 = CARTESIAN_POINT ( 'NONE',  ( 0.0000000000000000000, 4.150000000000001200, 0.0000000000000000000 ) ) ;
#3815 = CARTESIAN_POINT ( 'NONE',  ( 1.293679965146641700, 4.199999999999996600, -2.626432820777131900 ) ) ;
#3814 = CARTESIAN_POINT ( 'NONE',  ( 1.436359753967463700, 4.210000000000000000, -1.740016643991944400 ) ) ;
#3816 = CARTESIAN_POINT ( 'NONE',  ( 0.5225636320923773300, 4.210000000000000000, -2.357303546924830200 ) ) ;
#3817 = CARTESIAN_POINT ( 'NONE',  ( 0.1583084046212128200, 4.199999999999998400, -2.429916737064032900 ) ) ;
#3818 = CARTESIAN_POINT ( 'NONE',  ( 5.510910596163089600E-016, -4.799999999999999800, 2.299999999999999800 ) ) ;
#3819 = ORIENTED_EDGE ( 'NONE', *, *, #4279, .T. ) ;
#3820 = CARTESIAN_POINT ( 'NONE',  ( -0.1550901739091391200, 4.199999999999998400, -2.703615097949041400 ) ) ;
#3821 = CARTESIAN_POINT ( 'NONE',  ( 1.380816466648671100, 4.199999999999996600, -2.715230116254558000 ) ) ;
#3822 = B_SPLINE_CURVE_WITH_KNOTS ( 'NONE', 3,
 ( #6951, #2594, #3838, #90, #4475, #718, #5105, #1344, #5736, #1981, #6349, #2624, #6982, #3243, #7618, #3873, #112, #4501, #745 ),
 .UNSPECIFIED., .F., .F.,
 ( 4, 1, 1, 1, 1, 1, 1, 1, 1, 1, 1, 1, 1, 1, 1, 1, 4 ),
 ( 0.0000000000000000000, 0.06243310057069263000, 0.1222704025922797100, 0.1802360147849860500, 0.2375673414224113200, 0.2941022717509321200, 0.3508599021220126800, 0.4090113070562129100, 0.4683207489348550900, 0.5287055216660978600, 0.5892867762935480900, 0.6512849615214082500, 0.7150881534035799000, 0.7812960313420426200, 0.8504007796686767800, 0.9235688617937395400, 1.000000000000000000 ),
 .UNSPECIFIED. ) ;
#3823 = ORIENTED_EDGE ( 'NONE', *, *, #4977, .F. ) ;
#3824 = CARTESIAN_POINT ( 'NONE',  ( 1.289936100827265000, 4.199999999999996600, -2.597328148062117300 ) ) ;
#3825 = CARTESIAN_POINT ( 'NONE',  ( -0.5415754193448102400, 4.210000000000000900, -2.272367741165615600 ) ) ;
#3826 = DIRECTION ( 'NONE',  ( -0.8330462953678307000, 0.0000000000000000000, -0.5532032806970083000 ) ) ;
#3827 = CARTESIAN_POINT ( 'NONE',  ( 0.4056469215454345200, 4.199999999999999300, -2.260299079195719600 ) ) ;
#3828 = CARTESIAN_POINT ( 'NONE',  ( 1.384117292486174200, 4.199999999999999300, -2.086796534167768300 ) ) ;
#3829 = VERTEX_POINT ( 'NONE', #2680 ) ;
#3830 = CARTESIAN_POINT ( 'NONE',  ( -0.3734658293060768600, 4.209999999999992900, -3.078750326130455800 ) ) ;
#3831 = CARTESIAN_POINT ( 'NONE',  ( 1.712785887870324600, 4.199999999999998400, -1.798945005545551100 ) ) ;
#3832 = CARTESIAN_POINT ( 'NONE',  ( -2.619512492153455600, 4.199999999999996600, -1.349801677942741300 ) ) ;
#3833 = EDGE_LOOP ( 'NONE', ( #7755, #7409, #7348, #6687 ) ) ;
#3834 = DIRECTION ( 'NONE',  ( 1.000000000000000000, 0.0000000000000000000, 0.0000000000000000000 ) ) ;
#3835 = LINE ( 'NONE', #5103, #6961 ) ;
#3836 = ORIENTED_EDGE ( 'NONE', *, *, #7891, .F. ) ;
#3837 = EDGE_CURVE ( 'NONE', #843, #6106, #2086, .T. ) ;
#3839 = CARTESIAN_POINT ( 'NONE',  ( 1.250344489107790800, 4.209999999999992900, -2.757423558741219200 ) ) ;
#3838 = CARTESIAN_POINT ( 'NONE',  ( 0.3517321901830046100, 4.200000000000000200, -2.624374369806761600 ) ) ;
#3840 = ORIENTED_EDGE ( 'NONE', *, *, #1856, .T. ) ;
#3841 = EDGE_CURVE ( 'NONE', #2133, #1524, #1122, .T. ) ;
#3842 = ORIENTED_EDGE ( 'NONE', *, *, #13, .F. ) ;
#3843 = AXIS2_PLACEMENT_3D ( 'NONE', #2942, #6659, #3549 ) ;
#3844 = CARTESIAN_POINT ( 'NONE',  ( 0.2796588013326054600, 4.210000000000000000, -2.240268146950447700 ) ) ;
#3845 = LINE ( 'NONE', #3240, #2197 ) ;
#3846 = EDGE_LOOP ( 'NONE', ( #2767, #2102, #2074, #710 ) ) ;
#3847 = PLANE ( 'NONE',  #8031 ) ;
#3848 = CARTESIAN_POINT ( 'NONE',  ( 4.450000000000000200, 4.200000000000000200, 0.0000000000000000000 ) ) ;
#3849 = ORIENTED_EDGE ( 'NONE', *, *, #5740, .T. ) ;
#3850 = CARTESIAN_POINT ( 'NONE',  ( -0.3111373992773836000, 4.199999999999998400, -2.886100196733467600 ) ) ;
#3851 = VERTEX_POINT ( 'NONE', #6527 ) ;
#3852 = CARTESIAN_POINT ( 'NONE',  ( 1.585888712861489400, 4.200000000000001100, -1.667461823711337000 ) ) ;
#3853 = CARTESIAN_POINT ( 'NONE',  ( 1.326613182256100000, 4.199999999999999300, -2.369671038751919300 ) ) ;
#3854 = VECTOR ( 'NONE', #3723, 1000.000000000000000 ) ;
#3855 = EDGE_CURVE ( 'NONE', #689, #4744, #7795, .T. ) ;
#3856 = DIRECTION ( 'NONE',  ( -0.0000000000000000000, -1.000000000000000000, -0.0000000000000000000 ) ) ;
#3857 = CARTESIAN_POINT ( 'NONE',  ( 0.09081410204910010700, 4.209999999999995500, -2.857139897369910900 ) ) ;
#3858 = CARTESIAN_POINT ( 'NONE',  ( 1.057523586769559600, 4.209999999999995500, -2.761898292954595700 ) ) ;
#3859 = CARTESIAN_POINT ( 'NONE',  ( 1.520907793545339400, 4.209999999999999100, -1.783781043477738100 ) ) ;
#3860 = DIRECTION ( 'NONE',  ( 0.0000000000000000000, -1.000000000000000000, 0.0000000000000000000 ) ) ;
#3861 = ORIENTED_EDGE ( 'NONE', *, *, #7620, .T. ) ;
#3862 = CARTESIAN_POINT ( 'NONE',  ( -0.2380245597512424300, 4.200000000000000200, -2.961533382086347600 ) ) ;
#3863 = CARTESIAN_POINT ( 'NONE',  ( 3.588523373199619600, 0.0000000000000000000, -1.250000000000012200 ) ) ;
#3864 = CARTESIAN_POINT ( 'NONE',  ( 0.4912469162067820700, 4.209999999999997300, -2.599349073354040800 ) ) ;
#3865 = FACE_BOUND ( 'NONE', #2284, .T. ) ;
#3866 = CARTESIAN_POINT ( 'NONE',  ( -2.606266315567393700, 4.199999999999994800, -1.697766431278906300 ) ) ;
#3867 = CARTESIAN_POINT ( 'NONE',  ( 1.720592637596486800, 4.209999999999997300, -2.055295278884060400 ) ) ;
#3868 = FACE_OUTER_BOUND ( 'NONE', #7371, .T. ) ;
#3869 = VERTEX_POINT ( 'NONE', #2827 ) ;
#3870 = EDGE_CURVE ( 'NONE', #6945, #5170, #3550, .T. ) ;
#3871 = CARTESIAN_POINT ( 'NONE',  ( -2.184670029142026200, 4.209999999999997300, -1.180317683959238200 ) ) ;
#3872 = LINE ( 'NONE', #5780, #4069 ) ;
#3873 = CARTESIAN_POINT ( 'NONE',  ( 0.5146614762265447900, 4.199999999999998400, -2.749415655266312300 ) ) ;
#3874 = CARTESIAN_POINT ( 'NONE',  ( -0.5944086070678027400, 4.209999999999992900, -3.051061657786960700 ) ) ;
#3875 = CARTESIAN_POINT ( 'NONE',  ( 1.790303301302595100, 4.199999999999999300, -2.108555771154074800 ) ) ;
#3876 = VECTOR ( 'NONE', #7140, 1000.000000000000100 ) ;
#3877 = CARTESIAN_POINT ( 'NONE',  ( -2.020888361460619500, 4.209999999999997300, -1.811750061495379900 ) ) ;
#3878 = DIRECTION ( 'NONE',  ( -0.0000000000000000000, 1.000000000000000000, -0.0000000000000000000 ) ) ;
#3879 = ORIENTED_EDGE ( 'NONE', *, *, #901, .F. ) ;
#3880 = ADVANCED_FACE ( 'NONE', ( #3737 ), #4286, .T. ) ;
#3881 = CARTESIAN_POINT ( 'NONE',  ( -0.4145460060589085700, 4.209999999999994600, -2.995039547699372300 ) ) ;
#3882 = DIRECTION ( 'NONE',  ( 0.0000000000000000000, -1.000000000000000000, -0.0000000000000000000 ) ) ;
#3883 = ORIENTED_EDGE ( 'NONE', *, *, #7984, .T. ) ;
#3884 = B_SPLINE_CURVE_WITH_KNOTS ( 'NONE', 3,
 ( #5395, #7267, #3526, #7905, #4160, #407, #4803, #1038, #5425, #1655, #6047 ),
 .UNSPECIFIED., .F., .F.,
 ( 4, 1, 1, 1, 1, 1, 1, 1, 4 ),
 ( 0.0000000000000000000, 0.1356835983089708400, 0.2652503499842759900, 0.3909057126782357100, 0.5121058691267278400, 0.6319749830376998300, 0.7523647281627392500, 0.8744986208819109900, 0.9999999999999998900 ),
 .UNSPECIFIED. ) ;
#3885 = VECTOR ( 'NONE', #4312, 1000.000000000000000 ) ;
#3886 = CARTESIAN_POINT ( 'NONE',  ( 0.4669161170310681100, 4.199999999999994800, -3.068689744896184700 ) ) ;
#3887 = CARTESIAN_POINT ( 'NONE',  ( 0.05313446967642478100, 4.209999999999998200, -2.482887202093008400 ) ) ;
#3888 = CARTESIAN_POINT ( 'NONE',  ( 0.1537185260269838500, 4.199999999999994800, -3.003183682371437100 ) ) ;
#3889 = CARTESIAN_POINT ( 'NONE',  ( 1.726277093041748100, 4.209999999999999100, -1.810458756334774500 ) ) ;
#3890 = VERTEX_POINT ( 'NONE', #7893 ) ;
#3891 = CARTESIAN_POINT ( 'NONE',  ( 1.717894191136535300, 4.200000000000000200, -1.679790356539260200 ) ) ;
#3892 = B_SPLINE_CURVE_WITH_KNOTS ( 'NONE', 3,
 ( #4801, #3793, #5061, #1293, #5679, #1932, #6301, #2561, #6927, #3200, #7564, #3816, #72, #4452, #691, #5084, #1322, #5710, #1953, #6331, #2598, #6953, #3224, #7595, #3844, #92, #4478 ),
 .UNSPECIFIED., .F., .F.,
 ( 4, 1, 1, 1, 1, 1, 1, 1, 1, 1, 1, 1, 1, 1, 1, 1, 1, 1, 1, 1, 1, 1, 1, 1, 4 ),
 ( 0.0000000000000000000, 0.06385135931131572000, 0.1245001093056614800, 0.1819768881527777900, 0.2360996606679068300, 0.2872169287996562100, 0.3354378279301343800, 0.3808915132191890700, 0.4234606946628317600, 0.4640645146558492500, 0.5034774541931483800, 0.5414164878675483700, 0.5782845699103462700, 0.6141775727536031800, 0.6495408482765489000, 0.6843718693014605400, 0.7191098775151731900, 0.7535807519351698200, 0.7878465374851080200, 0.8219297391858730900, 0.8564396994078383700, 0.8912319953136186300, 0.9266159590758811200, 0.9627112077634200100, 0.9999999999999998900 ),
 .UNSPECIFIED. ) ;
#3893 = ORIENTED_EDGE ( 'NONE', *, *, #4364, .T. ) ;
#3894 = CARTESIAN_POINT ( 'NONE',  ( -0.1713183369728513400, 4.209999999999997300, -2.788525706216186300 ) ) ;
#3895 = CARTESIAN_POINT ( 'NONE',  ( 2.079814099826117400, 4.209999999999994600, -2.140357244532619300 ) ) ;
#3896 = LINE ( 'NONE', #4389, #5369 ) ;
#3897 = DIRECTION ( 'NONE',  ( 0.0000000000000000000, -1.000000000000000000, 0.0000000000000000000 ) ) ;
#3898 = CARTESIAN_POINT ( 'NONE',  ( 1.749313819482302600, 4.199999999999999300, -1.837194986071289900 ) ) ;
#3899 = PLANE ( 'NONE',  #5037 ) ;
#3901 = CARTESIAN_POINT ( 'NONE',  ( 0.9590224457919872500, 4.209999999999997300, -2.804523216977127500 ) ) ;
#3900 = CARTESIAN_POINT ( 'NONE',  ( -2.037303434121279000, 4.209999999999994600, -2.242680178902146000 ) ) ;
#3902 = DIRECTION ( 'NONE',  ( 0.8091657259084742400, 0.0000000000000000000, -0.5875804864144246200 ) ) ;
#3903 = CARTESIAN_POINT ( 'NONE',  ( 1.922362875169021200, 4.209999999999996400, -2.105664701514185800 ) ) ;
#3904 = CARTESIAN_POINT ( 'NONE',  ( 1.380816466648671100, 4.209999999999995500, -2.715230116254558000 ) ) ;
#3905 = CARTESIAN_POINT ( 'NONE',  ( 0.1522544139785293700, 4.200000000000002000, -2.279410386700064400 ) ) ;
#3906 = DIRECTION ( 'NONE',  ( 0.7433510487548801200, -9.495174956360263500E-015, -0.6689015012055360400 ) ) ;
#3907 = CARTESIAN_POINT ( 'NONE',  ( -0.2639083416997568500, 4.200000000000000200, -2.406040021911491700 ) ) ;
#3908 = CARTESIAN_POINT ( 'NONE',  ( 0.5735367245984007700, 4.209999999999993700, -2.981252397593439100 ) ) ;
#3909 = CARTESIAN_POINT ( 'NONE',  ( 0.5106413617645558800, 4.199999999999998400, -2.620851900221099900 ) ) ;
#3910 = CARTESIAN_POINT ( 'NONE',  ( 0.3103496854278150500, 4.209999999999993700, -3.091122559785607100 ) ) ;
#3911 = CARTESIAN_POINT ( 'NONE',  ( 1.533510000264749900, 4.210000000000000000, -1.680817832581209100 ) ) ;
#3912 = CARTESIAN_POINT ( 'NONE',  ( 2.429634714529429900, 4.209999999999995500, -1.479141171718417500 ) ) ;
#3913 = EDGE_CURVE ( 'NONE', #6221, #4227, #6673, .T. ) ;
#3914 = CARTESIAN_POINT ( 'NONE',  ( 1.744804295851521700, 4.199999999999999300, -2.031085511163941000 ) ) ;
#3915 = CARTESIAN_POINT ( 'NONE',  ( 1.676514626310547900, 4.199999999999997500, -2.084781136130351400 ) ) ;
#3916 = ORIENTED_EDGE ( 'NONE', *, *, #7457, .T. ) ;
#3917 = CARTESIAN_POINT ( 'NONE',  ( -2.389541937831865900, 4.209999999999994600, -1.796603510637217600 ) ) ;
#3919 = CARTESIAN_POINT ( 'NONE',  ( 1.201179830625926900, 4.209999999999993700, -2.879405257175930100 ) ) ;
#3918 = CARTESIAN_POINT ( 'NONE',  ( -1.864687335240271500, 4.200000000000000200, -1.552244700004747900 ) ) ;
#3920 = CARTESIAN_POINT ( 'NONE',  ( 2.385206361932793700, 4.209999999999995500, -1.575281954645913600 ) ) ;
#3921 = CARTESIAN_POINT ( 'NONE',  ( -1.954799930790829900, 4.209999999999998200, -1.291355461288993700 ) ) ;
#3922 = DIRECTION ( 'NONE',  ( -0.8339510580518408900, 0.0000000000000000000, -0.5518384118328618600 ) ) ;
#3923 = ORIENTED_EDGE ( 'NONE', *, *, #1387, .T. ) ;
#3924 = AXIS2_PLACEMENT_3D ( 'NONE', #819, #7739, #3998 ) ;
#3925 = CARTESIAN_POINT ( 'NONE',  ( 1.326613182256100000, 4.209999999999998200, -2.369671038751919300 ) ) ;
#3926 = CARTESIAN_POINT ( 'NONE',  ( 4.999999999999996400, 0.0000000000000000000, -1.250000000000017100 ) ) ;
#3927 = ORIENTED_EDGE ( 'NONE', *, *, #559, .F. ) ;
#3928 = CARTESIAN_POINT ( 'NONE',  ( 0.5094606869571480800, 4.199999999999996600, -2.610023793369908900 ) ) ;
#3929 = VERTEX_POINT ( 'NONE', #395 ) ;
#3930 = CARTESIAN_POINT ( 'NONE',  ( 0.6226678177025888300, 4.199999999999998400, -2.863481289413532000 ) ) ;
#3931 = CARTESIAN_POINT ( 'NONE',  ( 0.4683106844550486400, 4.209999999999998200, -2.581347969123664000 ) ) ;
#3932 = CARTESIAN_POINT ( 'NONE',  ( 0.09562184269871375200, 4.210000000000000000, 2.907041648618186700 ) ) ;
#3933 = CARTESIAN_POINT ( 'NONE',  ( 0.5010457706575975900, 4.209999999999996400, -2.713663088063575900 ) ) ;
#3934 = CARTESIAN_POINT ( 'NONE',  ( -1.378930517360572800, 4.210000000000000000, -1.806518127862378800 ) ) ;
#3935 = EDGE_LOOP ( 'NONE', ( #3952, #3927, #3648, #1021 ) ) ;
#3936 = LINE ( 'NONE', #155, #7065 ) ;
#3937 = CARTESIAN_POINT ( 'NONE',  ( 0.8516085807177703500, 4.209999999999998200, -2.342820014586050300 ) ) ;
#3938 = CARTESIAN_POINT ( 'NONE',  ( -0.1410635253242502900, 4.209999999999999100, -2.570247993211090000 ) ) ;
#3939 = VERTEX_POINT ( 'NONE', #2302 ) ;
#3940 = CARTESIAN_POINT ( 'NONE',  ( -2.442060331937774300, 4.199999999999997500, -1.154635558515877800 ) ) ;
#3941 = ORIENTED_EDGE ( 'NONE', *, *, #6920, .T. ) ;
#3942 = CARTESIAN_POINT ( 'NONE',  ( -2.501830609935940900, 4.209999999999995500, -1.687461754856188100 ) ) ;
#3943 = ORIENTED_EDGE ( 'NONE', *, *, #6831, .T. ) ;
#3944 = CARTESIAN_POINT ( 'NONE',  ( 1.839252504709287400, 4.209999999999996400, -2.013358490310634100 ) ) ;
#3945 = LINE ( 'NONE', #5211, #612 ) ;
#3946 = EDGE_CURVE ( 'NONE', #6, #6224, #5021, .T. ) ;
#3947 = CARTESIAN_POINT ( 'NONE',  ( -0.3097489466112748300, 4.209999999999999100, -2.345520683985988300 ) ) ;
#3949 = CARTESIAN_POINT ( 'NONE',  ( 1.784876453706974600, 4.210000000000000000, -1.717155431819657600 ) ) ;
#3948 = CARTESIAN_POINT ( 'NONE',  ( 2.058966848323748400, 4.200000000000000200, -0.9847141900692557600 ) ) ;
#3950 = EDGE_CURVE ( 'NONE', #5512, #2278, #6854, .T. ) ;
#3951 = CARTESIAN_POINT ( 'NONE',  ( 0.4966276559569877700, 4.209999999999992900, -2.936485354197223800 ) ) ;
#3952 = ORIENTED_EDGE ( 'NONE', *, *, #711, .F. ) ;
#3953 = CARTESIAN_POINT ( 'NONE',  ( 1.457219924866750100, 4.209999999999998200, -1.999583385300077500 ) ) ;
#3954 = DIRECTION ( 'NONE',  ( 0.3135051369038299200, 0.0000000000000000000, -0.9495865042927427200 ) ) ;
#3955 = DIRECTION ( 'NONE',  ( -0.6315135785242983500, 0.0000000000000000000, -0.7753648174501051000 ) ) ;
#3956 = LINE ( 'NONE', #4465, #5433 ) ;
#3957 = COORDINATED_UNIVERSAL_TIME_OFFSET ( 8, 0, .BEHIND. ) ;
#3958 = CARTESIAN_POINT ( 'NONE',  ( 0.4865844231667082500, 4.209999999999998200, -2.507419966116782200 ) ) ;
#3959 = CARTESIAN_POINT ( 'NONE',  ( -2.020888361460620800, 4.200000000000000200, -1.811750061495379900 ) ) ;
#3960 = ORIENTED_EDGE ( 'NONE', *, *, #855, .F. ) ;
#3961 = CARTESIAN_POINT ( 'NONE',  ( 0.6202871211351854700, 4.209999999999997300, -2.660040415677413800 ) ) ;
#3962 = EDGE_CURVE ( 'NONE', #7692, #6310, #6335, .T. ) ;
#3963 = FACE_OUTER_BOUND ( 'NONE', #1375, .T. ) ;
#3964 = CARTESIAN_POINT ( 'NONE',  ( 0.3067848025404645900, 4.199999999999999300, -2.538479597245842700 ) ) ;
#3965 = CARTESIAN_POINT ( 'NONE',  ( 1.874420839322750800, 4.209999999999992900, -2.454627458804434800 ) ) ;
#3966 = CARTESIAN_POINT ( 'NONE',  ( -2.495222136314718200, 4.209999999999994600, -1.697905130528073700 ) ) ;
#3967 = CARTESIAN_POINT ( 'NONE',  ( 1.444712019654241800, 4.209999999999999100, -1.964366554590186300 ) ) ;
#3968 = DIRECTION ( 'NONE',  ( 0.0000000000000000000, 0.0000000000000000000, 1.000000000000000000 ) ) ;
#3969 = VECTOR ( 'NONE', #982, 1000.000000000000000 ) ;
#3970 = CARTESIAN_POINT ( 'NONE',  ( 0.8699290488456600200, 4.199999999999996600, -2.210502240884753900 ) ) ;
#3971 = CARTESIAN_POINT ( 'NONE',  ( -0.2284324865629155700, 4.209999999999999100, -2.293470562722537600 ) ) ;
#3972 = CARTESIAN_POINT ( 'NONE',  ( -0.5026833486633537400, 4.209999999999999100, -2.367298605083917100 ) ) ;
#3973 = VECTOR ( 'NONE', #7982, 1000.000000000000000 ) ;
#3974 = CARTESIAN_POINT ( 'NONE',  ( -2.555167439537342900, 4.199999999999997500, -1.518045786537753900 ) ) ;
#3975 = VECTOR ( 'NONE', #1543, 1000.000000000000000 ) ;
#3976 = CARTESIAN_POINT ( 'NONE',  ( 1.880650290264976200, 4.209999999999997300, -1.883689531343057500 ) ) ;
#3977 = CARTESIAN_POINT ( 'NONE',  ( -0.2604746350388773000, 4.209999999999997300, -2.686669724441917800 ) ) ;
#3979 = CARTESIAN_POINT ( 'NONE',  ( 1.459245747184854100, 4.210000000000001700, -1.721109079123141600 ) ) ;
#3978 = DIRECTION ( 'NONE',  ( -0.0000000000000000000, -1.000000000000000000, -0.0000000000000000000 ) ) ;
#3980 = VERTEX_POINT ( 'NONE', #7813 ) ;
#3981 = CARTESIAN_POINT ( 'NONE',  ( -0.2076118933195889900, 4.209999999999994600, -2.903206595776015600 ) ) ;
#3982 = CARTESIAN_POINT ( 'NONE',  ( 1.438817766923019100, 4.200000000000000200, -1.901680509977638200 ) ) ;
#3983 = ORIENTED_EDGE ( 'NONE', *, *, #10, .F. ) ;
#3984 = B_SPLINE_CURVE_WITH_KNOTS ( 'NONE', 3,
 ( #2344, #4188, #7925, #6697, #2966, #7325, #3583, #7950, #4205, #462, #4859, #1086, #5473, #1715, #6101, #2364, #6721, #2998, #7349 ),
 .UNSPECIFIED., .F., .F.,
 ( 4, 1, 1, 1, 1, 1, 1, 1, 1, 1, 1, 1, 1, 1, 1, 1, 4 ),
 ( 0.0000000000000000000, 0.06900190557697416500, 0.1353901803741401600, 0.1990763325822255700, 0.2604687213329854900, 0.3207506857716184700, 0.3802267984512318100, 0.4391696627835219900, 0.4979505958638846300, 0.5571194194312872900, 0.6165053180176609500, 0.6757003131283846300, 0.7363664626164160300, 0.7986700447063674900, 0.8631075722089837100, 0.9301281475716090000, 1.000000000000000000 ),
 .UNSPECIFIED. ) ;
#3985 = VECTOR ( 'NONE', #7931, 1000.000000000000000 ) ;
#3986 = CARTESIAN_POINT ( 'NONE',  ( -2.589761074979686200, 4.209999999999995500, -1.299567793750051200 ) ) ;
#3987 = B_SPLINE_CURVE_WITH_KNOTS ( 'NONE', 3,
 ( #5141, #754, #2020, #6382, #2648, #7015, #3281, #7643, #3904, #151, #4534, #777, #5174, #1399, #5795, #2047, #6411, #2677, #7041, #3311, #7675, #3925, #179 ),
 .UNSPECIFIED., .F., .F.,
 ( 4, 1, 1, 1, 1, 1, 1, 1, 1, 1, 1, 1, 1, 1, 1, 1, 1, 1, 1, 1, 4 ),
 ( 0.0000000000000000000, 0.05710660492895089400, 0.1112613484764089600, 0.1630614742889766000, 0.2138651872969022400, 0.2637383283862394000, 0.3134766083179715800, 0.3641642887720264500, 0.4161870673011517400, 0.4704745383332919500, 0.5277953590574823200, 0.5883659704407147000, 0.6525393112996624700, 0.6867413534541235700, 0.7237675122233947500, 0.7630269100866639000, 0.8048260439113009700, 0.8497542756611813400, 0.8970407971854719200, 0.9472503750853522600, 1.000000000000000000 ),
 .UNSPECIFIED. ) ;
#3988 = AXIS2_PLACEMENT_3D ( 'NONE', #594, #4992, #1228 ) ;
#3989 = CARTESIAN_POINT ( 'NONE',  ( -2.495222136314718200, 4.209999999999994600, -1.697905130528073700 ) ) ;
#3990 = ORIENTED_EDGE ( 'NONE', *, *, #2780, .T. ) ;
#3991 = CARTESIAN_POINT ( 'NONE',  ( 0.5102063309654267800, 4.209999999999997300, -2.616862181843969900 ) ) ;
#3992 = CARTESIAN_POINT ( 'NONE',  ( 0.4487772525223436800, 4.209999999999993700, -3.076159902982038100 ) ) ;
#3993 = CARTESIAN_POINT ( 'NONE',  ( -0.7135539188549887600, 4.209999999999997300, -2.750344164072307000 ) ) ;
#3994 = CARTESIAN_POINT ( 'NONE',  ( 1.492592078644308100, 4.209999999999999100, -1.804344594242983200 ) ) ;
#3995 = CARTESIAN_POINT ( 'NONE',  ( 0.2716425764013020200, 4.200000000000001100, -2.326757410454952900 ) ) ;
#3996 = CARTESIAN_POINT ( 'NONE',  ( -0.5623015609063304300, 4.210000000000000000, -2.290093725874605900 ) ) ;
#3997 = EDGE_CURVE ( 'NONE', #7662, #2890, #5225, .T. ) ;
#3998 = DIRECTION ( 'NONE',  ( 6.913199529551666400E-015, 0.0000000000000000000, 1.000000000000000000 ) ) ;
#3999 = ADVANCED_FACE ( 'NONE', ( #4833 ), #7318, .T. ) ;
#4000 = CARTESIAN_POINT ( 'NONE',  ( -2.507670778965174700, 4.209999999999996400, -1.375064959134618900 ) ) ;
#4001 = EDGE_CURVE ( 'NONE', #7767, #6774, #4906, .T. ) ;
#4002 = DIRECTION ( 'NONE',  ( -1.000000000000000000, 0.0000000000000000000, 3.533413092881963100E-015 ) ) ;
#4003 = CARTESIAN_POINT ( 'NONE',  ( -0.6013575201213032800, 4.199999999999999300, -2.681244001087256900 ) ) ;
#4004 = CARTESIAN_POINT ( 'NONE',  ( 0.2381896675325275700, 4.199999999999995700, -2.938774208318554800 ) ) ;
#4005 = CARTESIAN_POINT ( 'NONE',  ( -0.1407431097426143600, 4.199999999999999300, -2.540765307435016100 ) ) ;
#4006 = CARTESIAN_POINT ( 'NONE',  ( 1.481462540939305000, 4.209999999999999100, -1.814299703106200000 ) ) ;
#4007 = DATE_TIME_ROLE ( 'creation_date' ) ;
#4008 = CARTESIAN_POINT ( 'NONE',  ( -2.630194129284881400, 4.209999999999992900, -1.644404743454416000 ) ) ;
#4009 = EDGE_CURVE ( 'NONE', #6840, #5553, #1675, .T. ) ;
#4010 = CARTESIAN_POINT ( 'NONE',  ( -2.555167439537342900, 4.209999999999995500, -1.518045786537753900 ) ) ;
#4011 = CARTESIAN_POINT ( 'NONE',  ( -2.549727038864564800, 4.209999999999992000, -1.786265840868942200 ) ) ;
#4012 = ORIENTED_EDGE ( 'NONE', *, *, #7720, .F. ) ;
#4013 = CARTESIAN_POINT ( 'NONE',  ( -0.7117016224159487000, 4.209999999999996400, -2.719117268608434800 ) ) ;
#4014 = CARTESIAN_POINT ( 'NONE',  ( 0.6175494164659602900, 4.209999999999995500, -2.886222551718240900 ) ) ;
#4015 = CARTESIAN_POINT ( 'NONE',  ( 0.7666511823671248200, 4.210000000000000000, -2.206238405580898600 ) ) ;
#4016 = CARTESIAN_POINT ( 'NONE',  ( 1.722993958903047600, 4.209999999999994600, -2.433679614085924900 ) ) ;
#4017 = ORIENTED_EDGE ( 'NONE', *, *, #2541, .T. ) ;
#4018 = CARTESIAN_POINT ( 'NONE',  ( -1.758785007142764400, 4.200000000000000200, -1.621281553475314900 ) ) ;
#4019 = CARTESIAN_POINT ( 'NONE',  ( -0.6632348920777930700, 4.199999999999998400, -2.461155652706956700 ) ) ;
#4020 = EDGE_CURVE ( 'NONE', #1859, #7767, #3156, .T. ) ;
#4021 = CARTESIAN_POINT ( 'NONE',  ( 2.429634714529429900, 4.199999999999996600, -1.479141171718417500 ) ) ;
#4022 = VERTEX_POINT ( 'NONE', #3620 ) ;
#4023 = CARTESIAN_POINT ( 'NONE',  ( 1.701910532524554000, 4.199999999999997500, -2.422376913210638100 ) ) ;
#4024 = CARTESIAN_POINT ( 'NONE',  ( -2.464635055418193100, 4.209999999999996400, -1.867994622603373000 ) ) ;
#4025 = B_SPLINE_CURVE_WITH_KNOTS ( 'NONE', 3,
 ( #8083, #3099, #567, #4341, #587, #4987, #1222, #5605, #1846, #6229, #2494 ),
 .UNSPECIFIED., .F., .F.,
 ( 4, 1, 1, 1, 1, 1, 1, 1, 4 ),
 ( 0.0000000000000000000, 0.1357972978382951700, 0.2669378522902048400, 0.3940039505581440800, 0.5180457016495676500, 0.6397203803436556400, 0.7599497871323064300, 0.8796891059801712500, 1.000000000000000000 ),
 .UNSPECIFIED. ) ;
#4026 = CARTESIAN_POINT ( 'NONE',  ( 1.262772001340324500, 4.199999999999997500, -2.240953939897996100 ) ) ;
#4027 = ORIENTED_EDGE ( 'NONE', *, *, #6012, .T. ) ;
#4028 = CARTESIAN_POINT ( 'NONE',  ( 2.385206361932793700, 4.209999999999995500, -1.575281954645913600 ) ) ;
#4029 = DIRECTION ( 'NONE',  ( 0.0000000000000000000, -1.000000000000000000, 0.0000000000000000000 ) ) ;
#4030 = CARTESIAN_POINT ( 'NONE',  ( -0.2432235116688262200, 4.200000000000000200, -2.280549294185786600 ) ) ;
#4031 = EDGE_LOOP ( 'NONE', ( #3164, #6144, #6082, #5429 ) ) ;
#4032 = CARTESIAN_POINT ( 'NONE',  ( 0.2369298861290274600, 4.209999999999993700, -3.068340617424770500 ) ) ;
#4033 = CARTESIAN_POINT ( 'NONE',  ( 0.2112898671753979700, 4.210000000000000000, -2.252771243517949400 ) ) ;
#4034 = B_SPLINE_CURVE_WITH_KNOTS ( 'NONE', 3,
 ( #6870, #7517, #3767, #16, #4392, #646, #5038, #1270, #5663, #1907, #6274 ),
 .UNSPECIFIED., .F., .F.,
 ( 4, 1, 1, 1, 1, 1, 1, 1, 4 ),
 ( 0.0000000000000000000, 0.08430334251478616100, 0.1787736854926635400, 0.2836599446201992200, 0.4008730728870026300, 0.5310815389956976600, 0.6736526273526976000, 0.8300560812298969400, 1.000000000000000000 ),
 .UNSPECIFIED. ) ;
#4035 = VECTOR ( 'NONE', #607, 1000.000000000000000 ) ;
#4036 = ORIENTED_EDGE ( 'NONE', *, *, #6126, .F. ) ;
#4037 = CARTESIAN_POINT ( 'NONE',  ( -5.000000000000013300, 0.2999999999999999900, -1.249999999999947600 ) ) ;
#4038 = ADVANCED_FACE ( 'NONE', ( #6276 ), #1571, .T. ) ;
#4039 = ORIENTED_EDGE ( 'NONE', *, *, #5272, .T. ) ;
#4040 = CARTESIAN_POINT ( 'NONE',  ( -0.5161864002631804100, 4.209999999999994600, -2.992340242920906100 ) ) ;
#4041 = ORIENTED_EDGE ( 'NONE', *, *, #2174, .F. ) ;
#4042 = CARTESIAN_POINT ( 'NONE',  ( -2.253559330183155600, 4.209999999999994600, -1.920040669015730100 ) ) ;
#4043 = CARTESIAN_POINT ( 'NONE',  ( -1.987964307539555000, 4.210000000000000900, -1.130131549104410200 ) ) ;
#4044 = CIRCLE ( 'NONE', #2104, 4.500000000000000000 ) ;
#4045 = CARTESIAN_POINT ( 'NONE',  ( -0.7028684703315160000, 4.199999999999999300, -2.882204337656113500 ) ) ;
#4046 = CARTESIAN_POINT ( 'NONE',  ( -0.8124437611866723900, 4.209999999999998200, -2.416598178896911500 ) ) ;
#4047 = CARTESIAN_POINT ( 'NONE',  ( -1.499244902648216900, 4.200000000000000200, -2.633394569687072600 ) ) ;
#4048 = ORIENTED_EDGE ( 'NONE', *, *, #5598, .F. ) ;
#4049 = VERTEX_POINT ( 'NONE', #1211 ) ;
#4050 = CARTESIAN_POINT ( 'NONE',  ( -1.819031127815727800, 4.210000000000001700, -1.313212590881724900 ) ) ;
#4051 = DIRECTION ( 'NONE',  ( 1.000000000000000000, 0.0000000000000000000, -4.916052998792304600E-015 ) ) ;
#4052 = LINE ( 'NONE', #7332, #1500 ) ;
#4053 = CARTESIAN_POINT ( 'NONE',  ( 2.477525637275314300, 4.209999999999995500, -1.541379383677288700 ) ) ;
#4054 = CARTESIAN_POINT ( 'NONE',  ( 1.976113820105298600, 4.199999999999994800, -2.408247351968822800 ) ) ;
#4055 = CARTESIAN_POINT ( 'NONE',  ( -2.359485884357631400, 4.199999999999995700, -1.917268118465488500 ) ) ;
#4056 = EDGE_LOOP ( 'NONE', ( #3151, #3185, #6273, #7357 ) ) ;
#4057 = CARTESIAN_POINT ( 'NONE',  ( 1.149831317229165400, 4.210000000000000000, -2.106536101870718300 ) ) ;
#4058 = EDGE_CURVE ( 'NONE', #7839, #6715, #1477, .T. ) ;
#4059 = CARTESIAN_POINT ( 'NONE',  ( 1.908711392143421600, 4.209999999999997300, -2.099089687471863600 ) ) ;
#4060 = FACE_OUTER_BOUND ( 'NONE', #6658, .T. ) ;
#4061 = CARTESIAN_POINT ( 'NONE',  ( 1.114849146519806900, 4.200000000000000200, -2.083231607179781600 ) ) ;
#4062 = PLANE ( 'NONE',  #1987 ) ;
#4063 = CARTESIAN_POINT ( 'NONE',  ( -0.6973356854180504700, 4.209999999999995500, -2.904365762217376600 ) ) ;
#4064 = CARTESIAN_POINT ( 'NONE',  ( 0.1054351343686549400, 4.200000000000002000, -2.319786749323303500 ) ) ;
#4065 = FACE_OUTER_BOUND ( 'NONE', #3739, .T. ) ;
#4066 = ORIENTED_EDGE ( 'NONE', *, *, #6429, .F. ) ;
#4067 = CARTESIAN_POINT ( 'NONE',  ( -2.426097218394769800, 4.199999999999994800, -1.891741731272873300 ) ) ;
#4068 = CARTESIAN_POINT ( 'NONE',  ( 1.322644482888268000, 4.209999999999998200, -2.360343360303732000 ) ) ;
#4069 = VECTOR ( 'NONE', #105, 1000.000000000000100 ) ;
#4070 = CARTESIAN_POINT ( 'NONE',  ( 1.250000000000000000, 0.0000000000000000000, 4.322904116447645600 ) ) ;
#4071 = CARTESIAN_POINT ( 'NONE',  ( 0.1480627071316399900, 4.199999999999998400, -2.619020938290213000 ) ) ;
#4072 = VECTOR ( 'NONE', #772, 1000.000000000000000 ) ;
#4073 = CARTESIAN_POINT ( 'NONE',  ( -2.336454013749908100, 4.209999999999999100, -1.099529030014009500 ) ) ;
#4074 = EDGE_CURVE ( 'NONE', #3745, #1784, #1285, .T. ) ;
#4075 = CARTESIAN_POINT ( 'NONE',  ( -0.6391631161590233300, 4.209999999999995500, -3.013066007302076500 ) ) ;
#4076 = CARTESIAN_POINT ( 'NONE',  ( 0.8481439309836167300, 4.209999999999999100, -2.313745698330564900 ) ) ;
#4077 = CARTESIAN_POINT ( 'NONE',  ( -0.8124437611866723900, 4.199999999999999300, -2.416598178896911500 ) ) ;
#4078 = VERTEX_POINT ( 'NONE', #2486 ) ;
#4079 = VERTEX_POINT ( 'NONE', #3114 ) ;
#4080 = CARTESIAN_POINT ( 'NONE',  ( 0.7511960680446784200, 4.209999999999998200, -2.266645781359088600 ) ) ;
#4081 = CARTESIAN_POINT ( 'NONE',  ( -0.6904061404378776200, 4.199999999999994800, -2.925307019182516100 ) ) ;
#4082 = VECTOR ( 'NONE', #5940, 1000.000000000000000 ) ;
#4083 = CARTESIAN_POINT ( 'NONE',  ( 2.545041292225849600, 4.199999999999996600, -1.622435481315568600 ) ) ;
#4084 = ADVANCED_FACE ( 'NONE', ( #6478 ), #1591, .T. ) ;
#4085 = CARTESIAN_POINT ( 'NONE',  ( 1.398893427477958300, 4.210000000000000000, -1.777419930524752700 ) ) ;
#4086 = CARTESIAN_POINT ( 'NONE',  ( -2.175401867116365700, 4.209999999999996400, -1.899210080590620500 ) ) ;
#4087 = ORIENTED_EDGE ( 'NONE', *, *, #5908, .T. ) ;
#4088 = CARTESIAN_POINT ( 'NONE',  ( 1.040742587349507300, 4.200000000000000200, -2.055703200358915500 ) ) ;
#4089 = AXIS2_PLACEMENT_3D ( 'NONE', #6057, #4171, #4811 ) ;
#4090 = VERTEX_POINT ( 'NONE', #7559 ) ;
#4091 = FACE_OUTER_BOUND ( 'NONE', #4878, .T. ) ;
#4092 = DIRECTION ( 'NONE',  ( 0.8330462953678307000, 0.0000000000000000000, 0.5532032806970083000 ) ) ;
#4093 = CARTESIAN_POINT ( 'NONE',  ( -0.5765103626379302100, 4.199999999999997500, -2.540709196770830400 ) ) ;
#4094 = CARTESIAN_POINT ( 'NONE',  ( -0.4019837913365279500, 4.199999999999995700, -3.086251109386751500 ) ) ;
#4095 = CARTESIAN_POINT ( 'NONE',  ( 0.05313334704515868700, 4.210000000000000000, -2.458832802031341900 ) ) ;
#4096 = ADVANCED_FACE ( 'NONE', ( #4422 ), #1092, .T. ) ;
#4097 = CARTESIAN_POINT ( 'NONE',  ( 1.110091761267080000, 4.199999999999996600, -2.791767674619247700 ) ) ;
#4098 = CARTESIAN_POINT ( 'NONE',  ( 1.879685658775066800, 4.209999999999996400, -1.917427505287861800 ) ) ;
#4099 = DIRECTION ( 'NONE',  ( 0.0000000000000000000, -1.000000000000000000, 0.0000000000000000000 ) ) ;
#4100 = CARTESIAN_POINT ( 'NONE',  ( 0.8729198798650140700, 4.210000000000000000, -2.088383420774766000 ) ) ;
#4101 = CARTESIAN_POINT ( 'NONE',  ( -0.5386301317528361400, 4.199999999999997500, -3.076596641505634700 ) ) ;
#4102 = DIRECTION ( 'NONE',  ( -1.000000000000000000, 0.0000000000000000000, 0.0000000000000000000 ) ) ;
#4103 = CARTESIAN_POINT ( 'NONE',  ( 0.9387253741741523600, 4.209999999999999100, -2.151790034044419800 ) ) ;
#4104 = CARTESIAN_POINT ( 'NONE',  ( -0.5030545498715867100, 4.199999999999994800, -3.084883333538808600 ) ) ;
#4105 = EDGE_CURVE ( 'NONE', #6291, #4839, #2973, .T. ) ;
#4106 = CARTESIAN_POINT ( 'NONE',  ( 1.374692936324456900, 4.209999999999997300, -2.072648298322780300 ) ) ;
#4107 = CARTESIAN_POINT ( 'NONE',  ( -1.723958536067447200, 4.200000000000000200, -2.470274388587611700 ) ) ;
#4108 = EDGE_CURVE ( 'NONE', #2672, #2229, #3436, .T. ) ;
#4109 = APPROVAL ( #7125, 'UNSPECIFIED' ) ;
#4110 = CARTESIAN_POINT ( 'NONE',  ( 0.9063650587452241100, 4.210000000000000000, -2.073109013180062500 ) ) ;
#4111 = CARTESIAN_POINT ( 'NONE',  ( 1.880720758290479000, 4.199999999999998400, -1.900610199351749900 ) ) ;
#4112 = CARTESIAN_POINT ( 'NONE',  ( -0.4872565376919485400, 4.209999999999999100, -2.353407444986259600 ) ) ;
#4113 = CARTESIAN_POINT ( 'NONE',  ( -0.1774302901260538000, 4.199999999999996600, -2.813710961465807300 ) ) ;
#4114 = CARTESIAN_POINT ( 'NONE',  ( 1.273154796002727400, 4.209999999999998200, -2.529089417524571700 ) ) ;
#4115 = DIRECTION ( 'NONE',  ( -0.0000000000000000000, -1.000000000000000000, -0.0000000000000000000 ) ) ;
#4116 = CLOSED_SHELL ( 'NONE', ( #7774, #5477, #7845, #1612, #5364, #5242, #2254, #4096, #7890, #4197, #343, #3542, #1769, #1564, #2282, #3618, #2826, #2909, #7968, #5283, #4752, #4828, #3999, #6167, #3471, #4129, #4915, #5978, #1361, #6541, #3510, #6084, #8051, #3516, #4622, #6577, #7271, #8012, #968, #4499, #6732, #1530, #2296, #5885, #2860, #2948, #6775, #7859, #5770, #3032, #2209, #7615, #2160, #4117, #390, #1689, #756, #1118, #300, #7205, #4800, #2984, #2245, #2330, #3665, #1620, #4162, #5161, #1006, #5439, #7726, #1157, #4084, #4765, #4794, #141, #5517, #4710, #6590, #4238, #4316, #7903, #1073, #3388, #499, #7812, #1576, #5397, #5114, #2367, #7230, #7315, #546, #6631, #6654, #7647, #355, #3880, #921, #6007, #465, #2448, #6018, #7115, #960, #1643, #2407, #3479, #6988, #4038, #993, #3586, #267, #5565, #1992, #1731, #4671, #1810, #6619, #5406, #6699, #873, #3060, #6050, #4285, #2875, #3270, #6135, #5318, #2620, #6372, #5931, #383, #7352, #7436, #2922, #6499, #5969, #1040, #7398, #7192 ) ) ;
#4117 = ADVANCED_FACE ( 'NONE', ( #2776 ), #688, .T. ) ;
#4118 = EDGE_CURVE ( 'NONE', #7848, #689, #1977, .T. ) ;
#4119 = CARTESIAN_POINT ( 'NONE',  ( 0.8619340666461097200, 4.200000000000000200, -2.227024588883350200 ) ) ;
#4120 = CARTESIAN_POINT ( 'NONE',  ( 1.863879928793032800, 4.199999999999996600, -1.817164801019570700 ) ) ;
#4121 = CARTESIAN_POINT ( 'NONE',  ( 1.357531866810427000, 4.209999999999992900, -2.768601804304265300 ) ) ;
#4122 = ORIENTED_EDGE ( 'NONE', *, *, #184, .T. ) ;
#4123 = CARTESIAN_POINT ( 'NONE',  ( 0.7666511823671248200, 4.200000000000000200, -2.206238405580898600 ) ) ;
#4124 = EDGE_LOOP ( 'NONE', ( #6330, #6269, #7273, #794 ) ) ;
#4125 = CARTESIAN_POINT ( 'NONE',  ( -2.318400100455148700, 4.199999999999996600, -1.817302708965357900 ) ) ;
#4126 = CARTESIAN_POINT ( 'NONE',  ( -1.875607549702736700, 4.210000000000000900, -1.457888971400267900 ) ) ;
#4127 = ORIENTED_EDGE ( 'NONE', *, *, #7209, .F. ) ;
#4128 = CARTESIAN_POINT ( 'NONE',  ( 1.035443060815155700, 4.200000000000000200, -2.151607135327951300 ) ) ;
#4129 = ADVANCED_FACE ( 'NONE', ( #7556 ), #394, .T. ) ;
#4130 = B_SPLINE_CURVE_WITH_KNOTS ( 'NONE', 3,
 ( #7518, #4367, #3768, #17, #4393, #647, #5040, #1271, #5664, #1908, #6275, #2545, #6904, #3176, #7543, #3799, #50, #4421, #673 ),
 .UNSPECIFIED., .F., .F.,
 ( 4, 1, 1, 1, 1, 1, 1, 1, 1, 1, 1, 1, 1, 1, 1, 1, 4 ),
 ( 0.0000000000000000000, 0.06686330010282229300, 0.1317395682025935000, 0.1937374595078951200, 0.2549832425225639900, 0.3153361666491323900, 0.3760612384742588200, 0.4364461508435340500, 0.4987030657455582300, 0.5610219861113136000, 0.6220009322969287700, 0.6829622824798170500, 0.7431799578006204100, 0.8045202586698917400, 0.8678060571773877900, 0.9325233795060541300, 1.000000000000000000 ),
 .UNSPECIFIED. ) ;
#4131 = PLANE ( 'NONE',  #6643 ) ;
#4132 = ORIENTED_EDGE ( 'NONE', *, *, #3342, .T. ) ;
#4133 = CARTESIAN_POINT ( 'NONE',  ( 1.896998685039465300, 4.209999999999995500, -2.003566440618438400 ) ) ;
#4134 = CARTESIAN_POINT ( 'NONE',  ( 2.058966848323748400, 4.210000000000000000, -0.9847141900692557600 ) ) ;
#4135 = CARTESIAN_POINT ( 'NONE',  ( 1.388905598425181900, 4.209999999999998200, -2.093984938400433600 ) ) ;
#4136 = ORIENTED_EDGE ( 'NONE', *, *, #2165, .T. ) ;
#4137 = B_SPLINE_CURVE_WITH_KNOTS ( 'NONE', 3,
 ( #2472, #6209, #1829, #3104, #7467, #3717, #8090, #4348, #593, #4991, #1227, #5613, #1851, #6235, #2501, #6847, #3125, #7496, #3743 ),
 .UNSPECIFIED., .F., .F.,
 ( 4, 1, 1, 1, 1, 1, 1, 1, 1, 1, 1, 1, 1, 1, 1, 1, 4 ),
 ( 0.0000000000000000000, 0.06214962581656737600, 0.1221413512164322300, 0.1804113026687851300, 0.2374351254673271700, 0.2933839231705762100, 0.3498522023881974200, 0.4060406500747016400, 0.4638475689019476700, 0.5222946330771944800, 0.5826856065383809700, 0.6442126130816722100, 0.7089326089784233600, 0.7757931713560513000, 0.8465553913561195700, 0.9211676425787883600, 1.000000000000000000 ),
 .UNSPECIFIED. ) ;
#4138 = PLANE ( 'NONE',  #876 ) ;
#4139 = LINE ( 'NONE', #75, #2675 ) ;
#4140 = DIRECTION ( 'NONE',  ( 0.0000000000000000000, -1.000000000000000000, 0.0000000000000000000 ) ) ;
#4141 = EDGE_LOOP ( 'NONE', ( #6523, #2991, #7107, #3923 ) ) ;
#4142 = CARTESIAN_POINT ( 'NONE',  ( 1.771983284111699800, 4.209999999999998200, -1.880544434463290400 ) ) ;
#4143 = CARTESIAN_POINT ( 'NONE',  ( -0.3895346148937997000, 4.200000000000000200, -2.315889133525459900 ) ) ;
#4144 = ORIENTED_EDGE ( 'NONE', *, *, #1424, .T. ) ;
#4145 = ORIENTED_EDGE ( 'NONE', *, *, #1009, .F. ) ;
#4146 = CARTESIAN_POINT ( 'NONE',  ( 1.212667983787992800, 4.209999999999994600, -2.783785745953903500 ) ) ;
#4147 = CARTESIAN_POINT ( 'NONE',  ( -2.384260044619015900, 4.200000000000001100, -1.254295199003393900 ) ) ;
#4148 = CYLINDRICAL_SURFACE ( 'NONE', #2259, 0.7000000000000000700 ) ;
#4149 = CARTESIAN_POINT ( 'NONE',  ( -0.2604746350388773000, 4.209999999999997300, -2.686669724441917800 ) ) ;
#4150 = CARTESIAN_POINT ( 'NONE',  ( 1.389742935909342900, 4.199999999999994800, -2.586286592214662100 ) ) ;
#4151 = CARTESIAN_POINT ( 'NONE',  ( -2.170467431516231600, 4.200000000000000200, -1.070826028774367600 ) ) ;
#4152 = VERTEX_POINT ( 'NONE', #7938 ) ;
#4153 = CARTESIAN_POINT ( 'NONE',  ( -0.6092658787560361100, 4.199999999999999300, -2.344937202037882300 ) ) ;
#4154 = LINE ( 'NONE', #3212, #5623 ) ;
#4155 = DIRECTION ( 'NONE',  ( 0.0000000000000000000, -1.000000000000000000, 0.0000000000000000000 ) ) ;
#4156 = DIRECTION ( 'NONE',  ( 0.0000000000000000000, 0.0000000000000000000, -1.000000000000000000 ) ) ;
#4157 = LOCAL_TIME ( 13, 6, 2.000000000000000000, #5827 ) ;
#4158 = CARTESIAN_POINT ( 'NONE',  ( 1.165573936519115600, 4.209999999999999100, -2.282092457469147500 ) ) ;
#4159 = ORIENTED_EDGE ( 'NONE', *, *, #3118, .T. ) ;
#4160 = CARTESIAN_POINT ( 'NONE',  ( -0.4436944154760389900, 4.210000000000000900, -2.232264700839500500 ) ) ;
#4161 = CARTESIAN_POINT ( 'NONE',  ( -0.5863252192061057000, 4.199999999999995700, -2.923403361784502300 ) ) ;
#4162 = ADVANCED_FACE ( 'NONE', ( #6091 ), #4199, .T. ) ;
#4163 = CARTESIAN_POINT ( 'NONE',  ( 0.8949284269791890600, 4.199999999999995700, -2.724523035879648200 ) ) ;
#4164 = FACE_OUTER_BOUND ( 'NONE', #5179, .T. ) ;
#4165 = B_SPLINE_CURVE_WITH_KNOTS ( 'NONE', 3,
 ( #3570, #3495, #4196, #449, #4841, #1071, #5463 ),
 .UNSPECIFIED., .F., .F.,
 ( 4, 1, 1, 1, 4 ),
 ( 0.0000000000000000000, 0.2436620190534817800, 0.4898538969535227200, 0.7414742433608526600, 1.000000000000000000 ),
 .UNSPECIFIED. ) ;
#4166 = LINE ( 'NONE', #3449, #831 ) ;
#4167 = CARTESIAN_POINT ( 'NONE',  ( -0.5161864002631804100, 4.209999999999994600, -2.992340242920906100 ) ) ;
#4168 = CARTESIAN_POINT ( 'NONE',  ( 0.3019239391457745900, 4.210000000000000000, -2.239559977149358200 ) ) ;
#4169 = CARTESIAN_POINT ( 'NONE',  ( -2.490895480501886400, 4.209999999999996400, -1.190524395613924000 ) ) ;
#4170 = CARTESIAN_POINT ( 'NONE',  ( 1.774465798027450300, 4.199999999999996600, -1.974667639021487500 ) ) ;
#4171 = DIRECTION ( 'NONE',  ( -0.0000000000000000000, -1.000000000000000000, -0.0000000000000000000 ) ) ;
#4172 = LINE ( 'NONE', #2926, #7690 ) ;
#4173 = CARTESIAN_POINT ( 'NONE',  ( -1.499244902648217500, 4.199999999999995700, -2.633394569687073500 ) ) ;
#4174 = LINE ( 'NONE', #4709, #2328 ) ;
#4175 = CARTESIAN_POINT ( 'NONE',  ( -2.123874737298384400, 4.200000000000000200, -1.185010285485403200 ) ) ;
#4176 = CARTESIAN_POINT ( 'NONE',  ( -0.3982115210258983000, 4.209999999999995500, -2.987916647524831300 ) ) ;
#4177 = DIRECTION ( 'NONE',  ( 0.0000000000000000000, 0.0000000000000000000, 1.000000000000000000 ) ) ;
#4179 = ORIENTED_EDGE ( 'NONE', *, *, #1023, .F. ) ;
#4178 = CARTESIAN_POINT ( 'NONE',  ( 1.345239432392152600, 4.209999999999996400, -2.414625185788076100 ) ) ;
#4180 = CARTESIAN_POINT ( 'NONE',  ( -2.363331986059633600, 4.209999999999997300, -1.110712777017516500 ) ) ;
#4181 = LINE ( 'NONE', #1545, #7504 ) ;
#4182 = EDGE_CURVE ( 'NONE', #3563, #5170, #5897, .T. ) ;
#4183 = CARTESIAN_POINT ( 'NONE',  ( -2.037303434121279000, 4.209999999999994600, -2.242680178902146000 ) ) ;
#4184 = CARTESIAN_POINT ( 'NONE',  ( 2.071935764523532800, 4.199999999999996600, -2.288013603122824400 ) ) ;
#4185 = ORIENTED_EDGE ( 'NONE', *, *, #3595, .F. ) ;
#4186 = CARTESIAN_POINT ( 'NONE',  ( -1.813715250942901100, 4.209999999999994600, -2.405091899273423800 ) ) ;
#4187 = CARTESIAN_POINT ( 'NONE',  ( 1.951204987605413600, 4.199999999999997500, -2.010006622612325900 ) ) ;
#4188 = CARTESIAN_POINT ( 'NONE',  ( 0.2492798570281571400, 4.210000000000000000, -2.244424823663325100 ) ) ;
#4189 = CARTESIAN_POINT ( 'NONE',  ( -2.089702021258697900, 4.200000000000000200, -1.083650104641570700 ) ) ;
#4190 = CARTESIAN_POINT ( 'NONE',  ( 1.121107143034658900, 4.199999999999996600, -2.887131796143884300 ) ) ;
#4191 = CARTESIAN_POINT ( 'NONE',  ( -0.5835752193572305600, 4.199999999999995700, -2.928723299217788100 ) ) ;
#4192 = CARTESIAN_POINT ( 'NONE',  ( 0.0000000000000000000, 0.0000000000000000000, 0.0000000000000000000 ) ) ;
#4193 = CARTESIAN_POINT ( 'NONE',  ( 1.720592637596486800, 4.209999999999997300, -2.055295278884060400 ) ) ;
#4194 = B_SPLINE_CURVE_WITH_KNOTS ( 'NONE', 3,
 ( #229, #854, #284, #4679, #913, #5299, #1538, #5924, #2183, #6546, #2819, #7170, #3432, #7807, #4061, #307, #4705, #944, #5328, #1558, #5955, #2215, #6567, #2843, #7200, #3460, #7827 ),
 .UNSPECIFIED., .F., .F.,
 ( 4, 1, 1, 1, 1, 1, 1, 1, 1, 1, 1, 1, 1, 1, 1, 1, 1, 1, 1, 1, 1, 1, 1, 1, 4 ),
 ( 0.0000000000000000000, 0.06276989629738292900, 0.1223530843932226600, 0.1789745488749086800, 0.2328882654693447700, 0.2837015255735882400, 0.3318012657691689600, 0.3774112571609666800, 0.4202501892535544000, 0.4610894855454135700, 0.5003831267062008900, 0.5385682215613956100, 0.5755066068535281700, 0.6113719652924877200, 0.6463539657069173900, 0.6807598325175781000, 0.7148688663453526300, 0.7486190305089380800, 0.7825523194476230500, 0.8166818192091839200, 0.8513631091699583900, 0.8866605712216892900, 0.9230430128385029900, 0.9607508111880334000, 1.000000000000000000 ),
 .UNSPECIFIED. ) ;
#4195 = CARTESIAN_POINT ( 'NONE',  ( 1.992484222218170700, 4.209999999999993700, -2.221098511963151000 ) ) ;
#4196 = CARTESIAN_POINT ( 'NONE',  ( -2.482878620409001900, 4.209999999999996400, -1.340527698748420700 ) ) ;
#4197 = ADVANCED_FACE ( 'NONE', ( #2569 ), #6712, .T. ) ;
#4198 = B_SPLINE_SURFACE_WITH_KNOTS ( 'NONE', 3, 1, ( 
 ( #6814, #6186 ),
 ( #3085, #7445 ),
 ( #3705, #8070 ),
 ( #4327, #574 ),
 ( #4980, #1207 ),
 ( #5591, #1836 ),
 ( #6218, #2481 ) ),
 .UNSPECIFIED., .F., .F., .F.,
 ( 4, 1, 1, 1, 4 ),
 ( 2, 2 ),
 ( 0.0000000000000000000, 0.2475827252169574800, 0.4960372417827265100, 0.7471553705120366200, 1.000000000000000000 ),
 ( 0.0000000000000000000, 1.000000000000000000 ),
 .UNSPECIFIED. ) ;
#4199 = PLANE ( 'NONE',  #7386 ) ;
#4200 = CARTESIAN_POINT ( 'NONE',  ( 0.0000000000000000000, 0.2999999999999999900, 0.0000000000000000000 ) ) ;
#4201 = DIRECTION ( 'NONE',  ( 0.5802265985903470900, 0.0000000000000000000, -0.8144550904060188200 ) ) ;
#4202 = DIRECTION ( 'NONE',  ( 0.0000000000000000000, 0.0000000000000000000, -1.000000000000000000 ) ) ;
#4203 = CARTESIAN_POINT ( 'NONE',  ( 2.055800768412042500, 4.209999999999995500, -2.088817281669392800 ) ) ;
#4204 = CARTESIAN_POINT ( 'NONE',  ( 1.215832827870355400, 4.209999999999999100, -2.172094284526394400 ) ) ;
#4205 = CARTESIAN_POINT ( 'NONE',  ( 0.1196060917286018800, 4.210000000000000900, -2.304845443661000200 ) ) ;
#4206 = CARTESIAN_POINT ( 'NONE',  ( -2.501830609935940900, 4.199999999999996600, -1.687461754856188100 ) ) ;
#4207 = EDGE_CURVE ( 'NONE', #6092, #240, #5702, .T. ) ;
#4208 = CARTESIAN_POINT ( 'NONE',  ( -2.433444969441953500, 4.199999999999999300, -1.149044617640073700 ) ) ;
#4209 = CARTESIAN_POINT ( 'NONE',  ( 2.462159187884391800, 4.199999999999996600, -1.521634558441018500 ) ) ;
#4210 = CARTESIAN_POINT ( 'NONE',  ( 1.737631472834594500, 4.199999999999998400, -2.143593379634487500 ) ) ;
#4211 = ORIENTED_EDGE ( 'NONE', *, *, #1320, .T. ) ;
#4212 = CARTESIAN_POINT ( 'NONE',  ( 0.1914274470461439200, 4.199999999999996600, -2.809417804086987000 ) ) ;
#4213 = ORIENTED_EDGE ( 'NONE', *, *, #4496, .F. ) ;
#4214 = CARTESIAN_POINT ( 'NONE',  ( 0.3576965038489530700, 4.209999999999994600, -3.005703657758022700 ) ) ;
#4215 = DIRECTION ( 'NONE',  ( 0.0000000000000000000, -1.000000000000000000, 0.0000000000000000000 ) ) ;
#4216 = ORIENTED_EDGE ( 'NONE', *, *, #3225, .F. ) ;
#4217 = CARTESIAN_POINT ( 'NONE',  ( -2.420664715009985800, 4.209999999999999100, -1.279960874199482600 ) ) ;
#4218 = EDGE_CURVE ( 'NONE', #6310, #4480, #522, .T. ) ;
#4219 = CARTESIAN_POINT ( 'NONE',  ( 1.746017272602772500, 4.199999999999998400, -2.136880008110285400 ) ) ;
#4220 = CARTESIAN_POINT ( 'NONE',  ( 2.086470506652944800, 4.199999999999995700, -2.168716256509953600 ) ) ;
#4221 = ORIENTED_EDGE ( 'NONE', *, *, #7999, .T. ) ;
#4222 = CARTESIAN_POINT ( 'NONE',  ( 0.5899334743507370600, 4.200000000000002800, -2.506370985828553900 ) ) ;
#4223 = CARTESIAN_POINT ( 'NONE',  ( 0.3686864481772927900, 4.209999999999999100, -2.624258750543337000 ) ) ;
#4224 = DIRECTION ( 'NONE',  ( 1.000000000000000000, 0.0000000000000000000, -1.224646799147353200E-016 ) ) ;
#4225 = VECTOR ( 'NONE', #2331, 1000.000000000000200 ) ;
#4226 = B_SPLINE_CURVE_WITH_KNOTS ( 'NONE', 3,
 ( #4458, #7573, #6872, #698, #5089, #1328, #5719 ),
 .UNSPECIFIED., .F., .F.,
 ( 4, 1, 1, 1, 4 ),
 ( 0.0000000000000000000, 0.2475827252169574800, 0.4960372417827265100, 0.7471553705120366200, 1.000000000000000000 ),
 .UNSPECIFIED. ) ;
#4227 = VERTEX_POINT ( 'NONE', #3041 ) ;
#4228 = CARTESIAN_POINT ( 'NONE',  ( 0.5947358223775151000, 4.199999999999995700, -2.946409931954713000 ) ) ;
#4229 = CARTESIAN_POINT ( 'NONE',  ( 1.937148780104587000, 4.199999999999995700, -2.330287392165993200 ) ) ;
#4230 = ORIENTED_EDGE ( 'NONE', *, *, #1579, .T. ) ;
#4231 = ORIENTED_EDGE ( 'NONE', *, *, #6986, .F. ) ;
#4232 = CARTESIAN_POINT ( 'NONE',  ( 0.9815849715508653300, 4.210000000000000900, -2.053229645298460000 ) ) ;
#4233 = CARTESIAN_POINT ( 'NONE',  ( -0.8124437611866723900, 4.209999999999998200, -2.416598178896911500 ) ) ;
#4234 = FACE_OUTER_BOUND ( 'NONE', #4241, .T. ) ;
#4235 = CARTESIAN_POINT ( 'NONE',  ( -2.520908810025362700, 4.199999999999996600, -1.395900633547488600 ) ) ;
#4236 = CARTESIAN_POINT ( 'NONE',  ( -0.6091518637681959700, 4.209999999999995500, -2.807203591507237700 ) ) ;
#4237 = ORIENTED_EDGE ( 'NONE', *, *, #922, .T. ) ;
#4238 = ADVANCED_FACE ( 'NONE', ( #897 ), #7017, .T. ) ;
#4239 = CARTESIAN_POINT ( 'NONE',  ( 1.242459085142817900, 4.200000000000000200, -2.864466976540323500 ) ) ;
#4240 = B_SPLINE_SURFACE_WITH_KNOTS ( 'NONE', 3, 1, ( 
 ( #1390, #3323 ),
 ( #3942, #193 ),
 ( #4583, #820 ),
 ( #5213, #1443 ),
 ( #5842, #2093 ),
 ( #6453, #2728 ),
 ( #7086, #3345 ),
 ( #7714, #3974 ),
 ( #222, #4608 ),
 ( #850, #5243 ),
 ( #1467, #5866 ),
 ( #2122, #6484 ),
 ( #2751, #7116 ),
 ( #3375, #7741 ),
 ( #4000, #254 ) ),
 .UNSPECIFIED., .F., .F., .F.,
 ( 4, 1, 1, 1, 1, 1, 1, 1, 1, 1, 1, 1, 4 ),
 ( 2, 2 ),
 ( 0.0000000000000000000, 0.1074848635119409600, 0.2083087965156367700, 0.3026455186445762300, 0.3925371797726293600, 0.4778337735830540700, 0.5586951755999607400, 0.6363196603187241100, 0.7111063911072629300, 0.7846299194695112200, 0.8567549454119044400, 0.9285409564294747600, 1.000000000000000000 ),
 ( 0.0000000000000000000, 1.000000000000000000 ),
 .UNSPECIFIED. ) ;
#4241 = EDGE_LOOP ( 'NONE', ( #5995, #3335, #7109, #6588 ) ) ;
#4242 = CARTESIAN_POINT ( 'NONE',  ( 1.437833932273383700, 4.199999999999999300, -1.916381091490706700 ) ) ;
#4243 = CARTESIAN_POINT ( 'NONE',  ( 0.1719777649641927900, 4.209999999999999100, -2.391034646203078500 ) ) ;
#4244 = EDGE_LOOP ( 'NONE', ( #5894, #4636 ) ) ;
#4245 = VECTOR ( 'NONE', #1664, 1000.000000000000100 ) ;
#4246 = CARTESIAN_POINT ( 'NONE',  ( 0.3011979732632842900, 4.199999999999997500, -2.633887679108066300 ) ) ;
#4247 = CARTESIAN_POINT ( 'NONE',  ( 1.165573936519115600, 4.200000000000000200, -2.282092457469147500 ) ) ;
#4248 = CARTESIAN_POINT ( 'NONE',  ( 0.1970540628868958900, 4.209999999999994600, -2.849871787982585700 ) ) ;
#4249 = VERTEX_POINT ( 'NONE', #3650 ) ;
#4250 = CARTESIAN_POINT ( 'NONE',  ( 2.589126637423453400, 4.209999999999993700, -1.717991286281802300 ) ) ;
#4251 = DIRECTION ( 'NONE',  ( 7.105427357601001900E-015, 0.0000000000000000000, -1.000000000000000000 ) ) ;
#4252 = CIRCLE ( 'NONE', #5659, 0.6999999999999998400 ) ;
#4253 = CARTESIAN_POINT ( 'NONE',  ( 1.865230541143152700, 4.199999999999996600, -2.090491896733215800 ) ) ;
#4254 = CARTESIAN_POINT ( 'NONE',  ( 0.0000000000000000000, 0.0000000000000000000, 0.0000000000000000000 ) ) ;
#4255 = CARTESIAN_POINT ( 'NONE',  ( 0.5085463207423888100, 4.209999999999997300, -2.338597200338383300 ) ) ;
#4257 = CARTESIAN_POINT ( 'NONE',  ( 1.852922199400895100, 4.199999999999995700, -2.457840688474018700 ) ) ;
#4256 = CARTESIAN_POINT ( 'NONE',  ( 0.4584134125800684000, 4.199999999999997500, -2.659094962955010000 ) ) ;
#4258 = LINE ( 'NONE', #6638, #7589 ) ;
#4259 = CARTESIAN_POINT ( 'NONE',  ( 0.1996732876713106500, 4.199999999999997500, -2.738369942887148400 ) ) ;
#4260 = EDGE_LOOP ( 'NONE', ( #814, #4340 ) ) ;
#4261 = DIRECTION ( 'NONE',  ( -0.0000000000000000000, -1.000000000000000000, -0.0000000000000000000 ) ) ;
#4262 = EDGE_CURVE ( 'NONE', #3405, #3939, #7157, .T. ) ;
#4263 = CARTESIAN_POINT ( 'NONE',  ( 1.853917897718693400, 4.209999999999994600, -2.364258046425306200 ) ) ;
#4264 = VECTOR ( 'NONE', #3684, 1000.000000000000000 ) ;
#4265 = EDGE_CURVE ( 'NONE', #3109, #2672, #7356, .T. ) ;
#4266 = CARTESIAN_POINT ( 'NONE',  ( -0.4950337568247608100, 4.200000000000002000, -2.246209999632277700 ) ) ;
#4267 = AXIS2_PLACEMENT_3D ( 'NONE', #3576, #7942, #4202 ) ;
#4268 = CIRCLE ( 'NONE', #6664, 3.799999999999999800 ) ;
#4269 = CARTESIAN_POINT ( 'NONE',  ( 0.3572644272508498900, 4.200000000000002000, -2.336150500104302800 ) ) ;
#4270 = CARTESIAN_POINT ( 'NONE',  ( -1.867230042759281800, 4.200000000000000200, -1.578496286359052400 ) ) ;
#4271 = CARTESIAN_POINT ( 'NONE',  ( -0.5681830185513139200, 4.199999999999996600, -2.953249525800744300 ) ) ;
#4272 = ORIENTED_EDGE ( 'NONE', *, *, #6159, .T. ) ;
#4273 = PLANE ( 'NONE',  #2563 ) ;
#4274 = CARTESIAN_POINT ( 'NONE',  ( 0.2629055644662009500, 4.199999999999999300, -2.328328727681921800 ) ) ;
#4275 = ORIENTED_EDGE ( 'NONE', *, *, #6573, .T. ) ;
#4276 = VECTOR ( 'NONE', #2805, 1000.000000000000000 ) ;
#4277 = DIRECTION ( 'NONE',  ( -0.0000000000000000000, -1.000000000000000000, -0.0000000000000000000 ) ) ;
#4278 = CARTESIAN_POINT ( 'NONE',  ( -0.3389749313870515900, 4.199999999999998400, -2.327568148631316400 ) ) ;
#4279 = EDGE_CURVE ( 'NONE', #5912, #7743, #699, .T. ) ;
#4280 = CARTESIAN_POINT ( 'NONE',  ( -1.867230042759281800, 4.209999999999999100, -1.578496286359052400 ) ) ;
#4281 = ORIENTED_EDGE ( 'NONE', *, *, #5544, .T. ) ;
#4282 = DIRECTION ( 'NONE',  ( 0.0000000000000000000, -1.000000000000000000, 0.0000000000000000000 ) ) ;
#4283 = CARTESIAN_POINT ( 'NONE',  ( -1.899177390217265500, 4.200000000000001100, -1.203557174963745500 ) ) ;
#4284 = VECTOR ( 'NONE', #4821, 1000.000000000000000 ) ;
#4285 = ADVANCED_FACE ( 'NONE', ( #2384 ), #6857, .T. ) ;
#4286 = B_SPLINE_SURFACE_WITH_KNOTS ( 'NONE', 3, 1, ( 
 ( #6551, #2798 ),
 ( #315, #4712 ),
 ( #952, #5336 ),
 ( #1566, #5962 ),
 ( #2224, #6578 ),
 ( #2851, #7210 ),
 ( #3472, #7832 ),
 ( #4098, #346 ),
 ( #4739, #971 ),
 ( #5365, #1601 ),
 ( #5981, #2247 ),
 ( #6608, #2881 ),
 ( #7232, #3497 ),
 ( #7864, #4120 ),
 ( #373, #4770 ),
 ( #995, #5387 ),
 ( #1624, #6009 ),
 ( #2268, #6635 ),
 ( #2912, #7254 ) ),
 .UNSPECIFIED., .F., .F., .F.,
 ( 4, 1, 1, 1, 1, 1, 1, 1, 1, 1, 1, 1, 1, 1, 1, 1, 4 ),
 ( 2, 2 ),
 ( 0.0000000000000000000, 0.06625841458841866300, 0.1301800247094941100, 0.1917407653182312300, 0.2521538410766107100, 0.3118895344165513700, 0.3714341797924691800, 0.4307444863841941000, 0.4901918563912959200, 0.5505060587975221200, 0.6107032015052669100, 0.6712209664201034300, 0.7331244869134023700, 0.7967568446639076200, 0.8619919442625712000, 0.9296120864588668400, 1.000000000000000000 ),
 ( 0.0000000000000000000, 1.000000000000000000 ),
 .UNSPECIFIED. ) ;
#4287 = CARTESIAN_POINT ( 'NONE',  ( 0.5240989807234184300, 4.199999999999996600, -2.797429554000944400 ) ) ;
#4288 = CARTESIAN_POINT ( 'NONE',  ( 1.567708317647567700, 4.210000000000000900, -1.765471939614581500 ) ) ;
#4289 = CARTESIAN_POINT ( 'NONE',  ( 0.4056469215454345200, 4.200000000000002800, -2.260299079195719600 ) ) ;
#4291 = CARTESIAN_POINT ( 'NONE',  ( 1.988411993360758000, 4.209999999999993700, -2.398007601996044300 ) ) ;
#4290 = CARTESIAN_POINT ( 'NONE',  ( 0.5199364633587143500, 4.209999999999996400, -2.769280836908857500 ) ) ;
#4292 = B_SPLINE_CURVE_WITH_KNOTS ( 'NONE', 3,
 ( #6432, #89, #7060, #3325, #7694, #3947, #197, #4585, #824, #5218, #1445, #5845, #2097, #6456, #2733, #7091, #3348, #7717, #3977 ),
 .UNSPECIFIED., .F., .F.,
 ( 4, 1, 1, 1, 1, 1, 1, 1, 1, 1, 1, 1, 1, 1, 1, 1, 4 ),
 ( 0.0000000000000000000, 0.04068447172380160900, 0.08079553695228351700, 0.1202131010135472200, 0.1601390948119556000, 0.2011725972391909000, 0.2439269483287218900, 0.2889452071545939300, 0.3369647488674184000, 0.3894181247305864600, 0.4494660926809447800, 0.5178200516666503500, 0.5952270497231554300, 0.6817333696197076500, 0.7780125296199712500, 0.8838956102974663300, 1.000000000000000000 ),
 .UNSPECIFIED. ) ;
#4293 = AXIS2_PLACEMENT_3D ( 'NONE', #4254, #8001, #7079 ) ;
#4294 = CARTESIAN_POINT ( 'NONE',  ( 0.1719777649641927900, 4.209999999999999100, -2.391034646203078500 ) ) ;
#4295 = CARTESIAN_POINT ( 'NONE',  ( 1.770009389822323300, 4.199999999999996600, -2.342621539852099800 ) ) ;
#4296 = CARTESIAN_POINT ( 'NONE',  ( 0.4636812470817053800, 4.209999999999997300, -2.450498849313690100 ) ) ;
#4297 = CARTESIAN_POINT ( 'NONE',  ( 0.8793716672481033400, 4.199999999999996600, -2.699494745598201900 ) ) ;
#4298 = DIRECTION ( 'NONE',  ( 0.0000000000000000000, 0.0000000000000000000, -1.000000000000000000 ) ) ;
#4299 = CARTESIAN_POINT ( 'NONE',  ( 0.2036590096192735500, 4.210000000000000000, -2.571321518247776000 ) ) ;
#4300 = CARTESIAN_POINT ( 'NONE',  ( 0.4432721117422506700, 4.199999999999998400, -2.565753805389404900 ) ) ;
#4301 = CARTESIAN_POINT ( 'NONE',  ( 1.981507637401173500, 4.209999999999994600, -2.171318443887884500 ) ) ;
#4302 = CARTESIAN_POINT ( 'NONE',  ( -0.2555161760609502800, 4.209999999999998200, -2.427496250171652800 ) ) ;
#4303 = DIRECTION ( 'NONE',  ( 0.0000000000000000000, 0.0000000000000000000, -1.000000000000000000 ) ) ;
#4304 = CARTESIAN_POINT ( 'NONE',  ( 2.506466043461177000, 4.209999999999996400, -1.577182454784257000 ) ) ;
#4305 = CARTESIAN_POINT ( 'NONE',  ( -2.063545356668664300, 4.210000000000000000, -1.092205119348345300 ) ) ;
#4306 = CARTESIAN_POINT ( 'NONE',  ( 0.5056455769902479200, 4.209999999999994600, -2.921491002137280200 ) ) ;
#4307 = CARTESIAN_POINT ( 'NONE',  ( 1.668840675806820400, 4.200000000000000200, -1.773160012865372200 ) ) ;
#4309 = CARTESIAN_POINT ( 'NONE',  ( 0.7588846822388059000, 4.209999999999999100, -2.232261721480155900 ) ) ;
#4308 = CARTESIAN_POINT ( 'NONE',  ( -0.2883537042981401100, 4.199999999999999300, -2.819362681112897100 ) ) ;
#4310 = EDGE_LOOP ( 'NONE', ( #3235, #6293, #645, #5593 ) ) ;
#4311 = DIRECTION ( 'NONE',  ( -0.5528498058071413800, 0.0000000000000000000, 0.8332809203497979500 ) ) ;
#4312 = DIRECTION ( 'NONE',  ( 0.0000000000000000000, -1.000000000000000000, 0.0000000000000000000 ) ) ;
#4313 = ORIENTED_EDGE ( 'NONE', *, *, #2304, .T. ) ;
#4314 = CARTESIAN_POINT ( 'NONE',  ( 0.5083637379351044800, 4.200000000000000200, -2.600341263087320200 ) ) ;
#4315 = CARTESIAN_POINT ( 'NONE',  ( 0.9925448721406168200, 4.209999999999995500, -2.834060370657404300 ) ) ;
#4316 = ADVANCED_FACE ( 'NONE', ( #507 ), #1631, .T. ) ;
#4317 = CARTESIAN_POINT ( 'NONE',  ( 1.436359753967463700, 4.210000000000000000, -1.740016643991944400 ) ) ;
#4318 = VERTEX_POINT ( 'NONE', #3756 ) ;
#4319 = CARTESIAN_POINT ( 'NONE',  ( 0.08910157167960332200, 4.209999999999996400, -2.846865742869600700 ) ) ;
#4320 = CARTESIAN_POINT ( 'NONE',  ( 1.737631472834594500, 4.209999999999997300, -2.143593379634487500 ) ) ;
#4321 = CARTESIAN_POINT ( 'NONE',  ( -0.1410635253242502900, 4.200000000000000200, -2.570247993211090000 ) ) ;
#4322 = ORIENTED_EDGE ( 'NONE', *, *, #7716, .T. ) ;
#4323 = CARTESIAN_POINT ( 'NONE',  ( 1.990048006598502000, 4.199999999999995700, -2.247261612062713400 ) ) ;
#4324 = CARTESIAN_POINT ( 'NONE',  ( -0.2532788697130452000, 4.199999999999994800, -2.638864862993071100 ) ) ;
#4325 = CARTESIAN_POINT ( 'NONE',  ( 0.5094606869571480800, 4.209999999999995500, -2.610023793369908900 ) ) ;
#4326 = ORIENTED_EDGE ( 'NONE', *, *, #1166, .T. ) ;
#4327 = CARTESIAN_POINT ( 'NONE',  ( 2.466583601941012100, 4.209999999999996400, -1.595721295518772300 ) ) ;
#4328 = FACE_OUTER_BOUND ( 'NONE', #6958, .T. ) ;
#4329 = B_SPLINE_CURVE_WITH_KNOTS ( 'NONE', 3,
 ( #6914, #6285, #3184, #7550, #3805, #58, #4434, #680, #5075, #1306, #5695, #1942, #6317, #2580, #6940, #3215, #7581, #3828, #83 ),
 .UNSPECIFIED., .F., .F.,
 ( 4, 1, 1, 1, 1, 1, 1, 1, 1, 1, 1, 1, 1, 1, 1, 1, 4 ),
 ( 0.0000000000000000000, 0.06874976600088772400, 0.1348116108181926000, 0.1988531907824901100, 0.2615636817336382500, 0.3227046410651335800, 0.3836948134703284100, 0.4447276704645153900, 0.5064047915511099600, 0.5679898560555793900, 0.6286374702473654900, 0.6885382249580158700, 0.7486884477866624400, 0.8092731518862030800, 0.8708778465408241200, 0.9343959031623296800, 0.9999999999999998900 ),
 .UNSPECIFIED. ) ;
#4330 = EDGE_LOOP ( 'NONE', ( #3193, #1098, #7645, #5937, #35, #4179, #5794, #1789, #6560, #6181, #720, #7155 ) ) ;
#4331 = EDGE_CURVE ( 'NONE', #3745, #5608, #7186, .T. ) ;
#4332 = CARTESIAN_POINT ( 'NONE',  ( 0.4368086997883392500, 4.199999999999996600, -2.990513286378844200 ) ) ;
#4334 = CARTESIAN_POINT ( 'NONE',  ( 0.7504405338427517800, 4.200000000000000200, -2.342892106079992800 ) ) ;
#4333 = CARTESIAN_POINT ( 'NONE',  ( -0.4773479953974298400, 4.199999999999995700, -3.001965789160256000 ) ) ;
#4335 = ORIENTED_EDGE ( 'NONE', *, *, #6215, .F. ) ;
#4336 = EDGE_LOOP ( 'NONE', ( #5950, #1085, #5236, #403 ) ) ;
#4337 = FACE_OUTER_BOUND ( 'NONE', #3725, .T. ) ;
#4338 = CARTESIAN_POINT ( 'NONE',  ( 1.992009957852893100, 4.199999999999997500, -2.234227038269928300 ) ) ;
#4339 = CARTESIAN_POINT ( 'NONE',  ( 0.1376250274281700400, 4.199999999999997500, -2.981665881246106300 ) ) ;
#4340 = ORIENTED_EDGE ( 'NONE', *, *, #5598, .T. ) ;
#4341 = CARTESIAN_POINT ( 'NONE',  ( -1.757701028128108200, 4.210000000000000000, -1.537414702769505800 ) ) ;
#4342 = CARTESIAN_POINT ( 'NONE',  ( 1.101765224455008500, 4.199999999999992200, -2.884557010327066400 ) ) ;
#4343 = CARTESIAN_POINT ( 'NONE',  ( 1.383264429011068900, 4.200000000000000200, -1.797445114994545200 ) ) ;
#4344 = FACE_OUTER_BOUND ( 'NONE', #5886, .T. ) ;
#4345 = CARTESIAN_POINT ( 'NONE',  ( -2.648225550698934900, 4.199999999999994000, -1.428250854585507000 ) ) ;
#4346 = CARTESIAN_POINT ( 'NONE',  ( 2.589126637423453400, 4.209999999999993700, -1.717991286281802300 ) ) ;
#4347 = ORGANIZATION ( 'UNSPECIFIED', 'UNSPECIFIED', '' ) ;
#4348 = CARTESIAN_POINT ( 'NONE',  ( 1.867319729617661100, 4.209999999999993700, -2.362841552190960500 ) ) ;
#4349 = CARTESIAN_POINT ( 'NONE',  ( -0.1636899660950432200, 4.209999999999998200, -2.395499058318475000 ) ) ;
#4350 = VERTEX_POINT ( 'NONE', #143 ) ;
#4351 = CARTESIAN_POINT ( 'NONE',  ( 1.944625422650890800, 4.209999999999994600, -2.323861730202098700 ) ) ;
#4352 = CARTESIAN_POINT ( 'NONE',  ( 1.174930454918110100, 4.209999999999993700, -2.796729380356203900 ) ) ;
#4353 = VECTOR ( 'NONE', #7226, 1000.000000000000100 ) ;
#4354 = CARTESIAN_POINT ( 'NONE',  ( 0.1921316299714601600, 4.209999999999995500, -2.772475890288654400 ) ) ;
#4355 = VECTOR ( 'NONE', #3400, 1000.000000000000000 ) ;
#4356 = CARTESIAN_POINT ( 'NONE',  ( -2.376519114442630500, 4.199999999999996600, -1.249301497183610900 ) ) ;
#4357 = CARTESIAN_POINT ( 'NONE',  ( -2.575031150993469800, 4.209999999999993700, -1.750165043712550200 ) ) ;
#4358 = CARTESIAN_POINT ( 'NONE',  ( 0.2881491565464405800, 4.199999999999998400, -2.540963396893321800 ) ) ;
#4359 = CIRCLE ( 'NONE', #4293, 3.800000000000000300 ) ;
#4361 = CARTESIAN_POINT ( 'NONE',  ( 0.7588846822388059000, 4.209999999999999100, -2.232261721480155900 ) ) ;
#4360 = CARTESIAN_POINT ( 'NONE',  ( 1.201907380711760200, 4.199999999999996600, -2.788428010894557400 ) ) ;
#4362 = VECTOR ( 'NONE', #5197, 1000.000000000000000 ) ;
#4363 = DIRECTION ( 'NONE',  ( -0.5335604422599704600, 0.0000000000000000000, -0.8457619372230844600 ) ) ;
#4364 = EDGE_CURVE ( 'NONE', #1618, #3929, #3835, .T. ) ;
#4365 = EDGE_CURVE ( 'NONE', #2890, #2133, #5744, .T. ) ;
#4366 = ORIENTED_EDGE ( 'NONE', *, *, #3023, .F. ) ;
#4367 = CARTESIAN_POINT ( 'NONE',  ( 1.741992131201233900, 4.209999999999998200, -1.828422276825266700 ) ) ;
#4368 = CARTESIAN_POINT ( 'NONE',  ( 1.235524528176591000, 4.209999999999993700, -2.867300092872062700 ) ) ;
#4369 = FACE_OUTER_BOUND ( 'NONE', #6768, .T. ) ;
#4370 = CARTESIAN_POINT ( 'NONE',  ( 1.338258694342912000, 4.209999999999999100, -1.958149200564108800 ) ) ;
#4371 = CARTESIAN_POINT ( 'NONE',  ( -2.639325295441662600, 4.209999999999994600, -1.617497866857141100 ) ) ;
#4372 = CARTESIAN_POINT ( 'NONE',  ( 0.5258572431755386100, 4.199999999999996600, -2.811407200248059500 ) ) ;
#4373 = DIRECTION ( 'NONE',  ( 0.9807539606072638300, -6.748210516929926100E-015, -0.1952477112622981700 ) ) ;
#4374 = CARTESIAN_POINT ( 'NONE',  ( -0.5662730926386557700, 4.199999999999999300, -2.500600570654546700 ) ) ;
#4375 = ORIENTED_EDGE ( 'NONE', *, *, #3527, .F. ) ;
#4376 = CARTESIAN_POINT ( 'NONE',  ( -0.2284324865629155700, 4.200000000000000200, -2.293470562722537600 ) ) ;
#4377 = B_SPLINE_CURVE_WITH_KNOTS ( 'NONE', 3,
 ( #3995, #5880, #1243, #5627, #1866, #6245, #2516, #6860, #3136, #7509, #3759, #8, #4387, #638, #5028, #1262, #5657, #1896, #6268 ),
 .UNSPECIFIED., .F., .F.,
 ( 4, 1, 1, 1, 1, 1, 1, 1, 1, 1, 1, 1, 1, 1, 1, 1, 4 ),
 ( 0.0000000000000000000, 0.05694067403299107900, 0.1111267753306644700, 0.1637803795512402800, 0.2158476697751208800, 0.2672804621125642900, 0.3183329537578801800, 0.3697276695200795200, 0.4224218181030957000, 0.4782052299508451900, 0.5405169544580531400, 0.6088797188152426100, 0.6845451977539504000, 0.7634201904763203700, 0.8419594014841885700, 0.9208580822541589900, 1.000000000000000000 ),
 .UNSPECIFIED. ) ;
#4378 = DIRECTION ( 'NONE',  ( 0.0000000000000000000, -0.0000000000000000000, -1.000000000000000000 ) ) ;
#4379 = CARTESIAN_POINT ( 'NONE',  ( 1.071946756348517200, 4.209999999999993700, -2.771735622085215800 ) ) ;
#4380 = EDGE_CURVE ( 'NONE', #103, #7848, #4292, .T. ) ;
#4381 = CARTESIAN_POINT ( 'NONE',  ( 0.3287682247581223400, 4.209999999999997300, -2.627284384649794200 ) ) ;
#4382 = CARTESIAN_POINT ( 'NONE',  ( 1.035443060815155700, 4.209999999999998200, -2.151607135327951300 ) ) ;
#4383 = B_SPLINE_CURVE_WITH_KNOTS ( 'NONE', 3,
 ( #1129, #6143, #2403, #6751, #3039, #7392, #3643 ),
 .UNSPECIFIED., .F., .F.,
 ( 4, 1, 1, 1, 4 ),
 ( 0.0000000000000000000, 0.2475827252169574800, 0.4960372417827265100, 0.7471553705120366200, 1.000000000000000000 ),
 .UNSPECIFIED. ) ;
#4384 = CARTESIAN_POINT ( 'NONE',  ( -2.227036381621721800, 4.209999999999998200, -1.185224892033773800 ) ) ;
#4385 = CARTESIAN_POINT ( 'NONE',  ( 0.1480627071316399900, 4.209999999999997300, -2.619020938290213000 ) ) ;
#4387 = CARTESIAN_POINT ( 'NONE',  ( 0.4636812470817053800, 4.199999999999998400, -2.450498849313690100 ) ) ;
#4386 = CARTESIAN_POINT ( 'NONE',  ( 1.094188228957913700, 4.209999999999994600, -2.785011371381212800 ) ) ;
#4388 = AXIS2_PLACEMENT_3D ( 'NONE', #3112, #7477, #3727 ) ;
#4389 = CARTESIAN_POINT ( 'NONE',  ( 2.058966848323748400, 4.200000000000000200, -0.9847141900692557600 ) ) ;
#4390 = CARTESIAN_POINT ( 'NONE',  ( 0.2713341963578529400, 4.209999999999998200, -2.647702612163493000 ) ) ;
#4391 = CARTESIAN_POINT ( 'NONE',  ( -2.266966632646324300, 4.199999999999996600, -1.814441447697520800 ) ) ;
#4392 = CARTESIAN_POINT ( 'NONE',  ( -0.6072077127879550500, 4.209999999999995500, -2.841724736938419300 ) ) ;
#4393 = CARTESIAN_POINT ( 'NONE',  ( 1.766187716281847100, 4.209999999999997300, -1.865702218079544400 ) ) ;
#4394 = CARTESIAN_POINT ( 'NONE',  ( 1.384117292486174200, 4.199999999999999300, -2.086796534167768300 ) ) ;
#4395 = CARTESIAN_POINT ( 'NONE',  ( -2.575031150993469800, 4.199999999999994800, -1.750165043712550200 ) ) ;
#4396 = CARTESIAN_POINT ( 'NONE',  ( 0.4223111802189886100, 4.199999999999994800, -2.996570683950970700 ) ) ;
#4397 = PLANE ( 'NONE',  #4677 ) ;
#4398 = AXIS2_PLACEMENT_3D ( 'NONE', #2450, #5587, #1830 ) ;
#4399 = CARTESIAN_POINT ( 'NONE',  ( -0.3780561601040103300, 4.199999999999999300, -2.317452759645902900 ) ) ;
#4400 = CARTESIAN_POINT ( 'NONE',  ( -0.3512041083881963200, 4.210000000000000900, -2.235272054986406200 ) ) ;
#4401 = ORIENTED_EDGE ( 'NONE', *, *, #5475, .F. ) ;
#4402 = DIRECTION ( 'NONE',  ( 0.0000000000000000000, 0.0000000000000000000, -1.000000000000000000 ) ) ;
#4403 = CARTESIAN_POINT ( 'NONE',  ( 0.9565424187110681500, 4.199999999999995700, -2.622316961980341700 ) ) ;
#4404 = CARTESIAN_POINT ( 'NONE',  ( -0.6472351254995529800, 4.209999999999997300, -2.417949444091532100 ) ) ;
#4405 = CARTESIAN_POINT ( 'NONE',  ( 2.653002718507156300, 4.209999999999993700, -1.616756965436710700 ) ) ;
#4406 = ORIENTED_EDGE ( 'NONE', *, *, #922, .F. ) ;
#4407 = ORIENTED_EDGE ( 'NONE', *, *, #2179, .F. ) ;
#4408 = EDGE_CURVE ( 'NONE', #8082, #5312, #1978, .T. ) ;
#4409 = B_SPLINE_SURFACE_WITH_KNOTS ( 'NONE', 3, 1, ( 
 ( #4912, #8011 ),
 ( #5535, #1767 ),
 ( #6158, #2423 ),
 ( #6772, #3051 ),
 ( #7412, #3664 ),
 ( #8034, #4297 ),
 ( #545, #4941 ),
 ( #1170, #5562 ),
 ( #1797, #6176 ),
 ( #2447, #6804 ),
 ( #3072, #7435 ),
 ( #3695, #8061 ),
 ( #4315, #568 ),
 ( #4970, #1194 ),
 ( #5583, #1825 ),
 ( #6205, #2468 ),
 ( #6824, #3100 ),
 ( #7462, #3714 ),
 ( #8084, #4342 ),
 ( #588, #4988 ),
 ( #1223, #5607 ),
 ( #1847, #6230 ),
 ( #2495, #6842 ),
 ( #3122, #7490 ),
 ( #3738, #8105 ),
 ( #4368, #618 ),
 ( #5008, #1249 ) ),
 .UNSPECIFIED., .F., .F., .F.,
 ( 4, 1, 1, 1, 1, 1, 1, 1, 1, 1, 1, 1, 1, 1, 1, 1, 1, 1, 1, 1, 1, 1, 1, 1, 4 ),
 ( 2, 2 ),
 ( 0.0000000000000000000, 0.06312121626318729900, 0.1232218411014442800, 0.1801877388904585300, 0.2342650096820278200, 0.2853347919833242300, 0.3334718717297967000, 0.3790055450136901600, 0.4220802962257853000, 0.4628966662304246900, 0.5021682488009580100, 0.5403319073795354000, 0.5769959865955812700, 0.6128412110071829200, 0.6478845264167398800, 0.6824455857405854500, 0.7163919452961174900, 0.7501231628561229000, 0.7837961729222674400, 0.8177129831763427800, 0.8519572525038725500, 0.8872348993328499400, 0.9233527241420364000, 0.9610393541587630700, 1.000000000000000000 ),
 ( 0.0000000000000000000, 1.000000000000000000 ),
 .UNSPECIFIED. ) ;
#4410 = CARTESIAN_POINT ( 'NONE',  ( 0.2941783453378514800, 4.209999999999992900, -2.986030024181095800 ) ) ;
#4411 = CARTESIAN_POINT ( 'NONE',  ( 0.08659049173294625100, 4.199999999999997500, -2.760482497314557600 ) ) ;
#4412 = EDGE_LOOP ( 'NONE', ( #2493, #4127, #4843, #4554 ) ) ;
#4414 = CARTESIAN_POINT ( 'NONE',  ( 1.243907730728637000, 4.209999999999997300, -2.447362867234962100 ) ) ;
#4413 = DIRECTION ( 'NONE',  ( 0.0000000000000000000, -0.0000000000000000000, 1.000000000000000000 ) ) ;
#4415 = EDGE_CURVE ( 'NONE', #2791, #907, #2848, .T. ) ;
#4416 = EDGE_LOOP ( 'NONE', ( #6226, #4848, #5650, #2466 ) ) ;
#4417 = DIRECTION ( 'NONE',  ( -0.0000000000000000000, 1.000000000000000000, -0.0000000000000000000 ) ) ;
#4418 = CARTESIAN_POINT ( 'NONE',  ( -2.435940456615546700, 4.209999999999994600, -1.765696984524636900 ) ) ;
#4419 = ORIENTED_EDGE ( 'NONE', *, *, #4852, .F. ) ;
#4420 = DIRECTION ( 'NONE',  ( 1.000000000000000000, 0.0000000000000000000, -6.913199529551666400E-015 ) ) ;
#4421 = CARTESIAN_POINT ( 'NONE',  ( 1.724911513700068600, 4.209999999999997300, -2.051352180228927800 ) ) ;
#4422 = FACE_OUTER_BOUND ( 'NONE', #133, .T. ) ;
#4423 = CARTESIAN_POINT ( 'NONE',  ( 1.826376672326766900, 4.199999999999996600, -2.362993323950907300 ) ) ;
#4424 = VERTEX_POINT ( 'NONE', #5276 ) ;
#4425 = CARTESIAN_POINT ( 'NONE',  ( 1.242459085142817900, 4.200000000000000200, -2.864466976540323500 ) ) ;
#4426 = EDGE_CURVE ( 'NONE', #7976, #1979, #5116, .T. ) ;
#4427 = DIRECTION ( 'NONE',  ( -0.8454331139843647100, 0.0000000000000000000, 0.5340813138265561000 ) ) ;
#4428 = ORIENTED_EDGE ( 'NONE', *, *, #251, .T. ) ;
#4429 = CARTESIAN_POINT ( 'NONE',  ( -0.3876720791672252900, 4.200000000000000200, -2.229955716390387400 ) ) ;
#4430 = DIRECTION ( 'NONE',  ( 0.0000000000000000000, -1.000000000000000000, 0.0000000000000000000 ) ) ;
#4431 = CARTESIAN_POINT ( 'NONE',  ( 0.5709392567700526400, 4.199999999999999300, -2.448409054792025000 ) ) ;
#4432 = ORIENTED_EDGE ( 'NONE', *, *, #5785, .F. ) ;
#4433 = EDGE_CURVE ( 'NONE', #103, #4533, #312, .T. ) ;
#4434 = CARTESIAN_POINT ( 'NONE',  ( 1.359070730603530800, 4.200000000000000200, -1.840144577702218100 ) ) ;
#4435 = VECTOR ( 'NONE', #5513, 1000.000000000000000 ) ;
#4436 = CARTESIAN_POINT ( 'NONE',  ( 0.8189439072916924200, 4.199999999999998400, -2.579404191176580600 ) ) ;
#4437 = CARTESIAN_POINT ( 'NONE',  ( 1.535982665675050800, 4.200000000000000200, -1.775970964522766400 ) ) ;
#4438 = ORIENTED_EDGE ( 'NONE', *, *, #5672, .T. ) ;
#4439 = CARTESIAN_POINT ( 'NONE',  ( -2.450484130226588500, 4.199999999999998400, -1.160397941992405100 ) ) ;
#4440 = ORIENTED_EDGE ( 'NONE', *, *, #7772, .F. ) ;
#4441 = CARTESIAN_POINT ( 'NONE',  ( -1.924525911353947900, 4.209999999999998200, -1.335054418781308000 ) ) ;
#4442 = EDGE_LOOP ( 'NONE', ( #6861, #912, #6719, #3214 ) ) ;
#4443 = EDGE_CURVE ( 'NONE', #2170, #218, #1774, .T. ) ;
#4444 = FACE_OUTER_BOUND ( 'NONE', #2478, .T. ) ;
#4445 = B_SPLINE_SURFACE_WITH_KNOTS ( 'NONE', 3, 1, ( 
 ( #7833, #347 ),
 ( #972, #5366 ),
 ( #1602, #5982 ),
 ( #2248, #6609 ),
 ( #2883, #7233 ),
 ( #3498, #7865 ),
 ( #4121, #374 ),
 ( #4771, #997 ),
 ( #5388, #1625 ),
 ( #6010, #2269 ),
 ( #6636, #2913 ),
 ( #7256, #3520 ),
 ( #7894, #4150 ),
 ( #396, #4795 ),
 ( #1027, #5413 ),
 ( #1646, #6036 ),
 ( #2303, #6656 ),
 ( #2940, #7288 ),
 ( #3547, #7917 ),
 ( #4178, #425 ),
 ( #4816, #1056 ),
 ( #5443, #1673 ),
 ( #6063, #2332 ) ),
 .UNSPECIFIED., .F., .F., .F.,
 ( 4, 1, 1, 1, 1, 1, 1, 1, 1, 1, 1, 1, 1, 1, 1, 1, 1, 1, 1, 1, 4 ),
 ( 2, 2 ),
 ( 0.0000000000000000000, 0.05710660492895089400, 0.1112613484764089600, 0.1630614742889766000, 0.2138651872969022400, 0.2637383283862394000, 0.3134766083179715800, 0.3641642887720264500, 0.4161870673011517400, 0.4704745383332919500, 0.5277953590574823200, 0.5883659704407147000, 0.6525393112996624700, 0.6867413534541235700, 0.7237675122233947500, 0.7630269100866639000, 0.8048260439113009700, 0.8497542756611813400, 0.8970407971854719200, 0.9472503750853522600, 1.000000000000000000 ),
 ( 0.0000000000000000000, 1.000000000000000000 ),
 .UNSPECIFIED. ) ;
#4446 = CARTESIAN_POINT ( 'NONE',  ( 0.2174831058238350400, 4.199999999999996600, -2.906961979629220300 ) ) ;
#4447 = DIRECTION ( 'NONE',  ( 0.0000000000000000000, 0.0000000000000000000, -1.000000000000000000 ) ) ;
#4449 = CARTESIAN_POINT ( 'NONE',  ( 1.294177974868007100, 4.199999999999996600, -2.652187670398300100 ) ) ;
#4448 = PLANE ( 'NONE',  #6246 ) ;
#4450 = B_SPLINE_CURVE_WITH_KNOTS ( 'NONE', 3,
 ( #5147, #4459, #5772, #2024, #6388, #2652, #7019, #3285, #7650, #3907, #156, #4538, #781, #5177, #1403, #5799, #2051, #6415, #2682 ),
 .UNSPECIFIED., .F., .F.,
 ( 4, 1, 1, 1, 1, 1, 1, 1, 1, 1, 1, 1, 1, 1, 1, 1, 4 ),
 ( 0.0000000000000000000, 0.04068447172380160900, 0.08079553695228351700, 0.1202131010135472200, 0.1601390948119556000, 0.2011725972391909000, 0.2439269483287218900, 0.2889452071545939300, 0.3369647488674184000, 0.3894181247305864600, 0.4494660926809447800, 0.5178200516666503500, 0.5952270497231554300, 0.6817333696197076500, 0.7780125296199712500, 0.8838956102974663300, 1.000000000000000000 ),
 .UNSPECIFIED. ) ;
#4451 = ORIENTED_EDGE ( 'NONE', *, *, #4804, .F. ) ;
#4452 = CARTESIAN_POINT ( 'NONE',  ( 0.4934299956658456700, 4.209999999999999100, -2.321707923024025200 ) ) ;
#4453 = CARTESIAN_POINT ( 'NONE',  ( 0.1663895880889361400, 4.200000000000000200, -2.402873719487864400 ) ) ;
#4454 = VECTOR ( 'NONE', #201, 1000.000000000000000 ) ;
#4455 = LINE ( 'NONE', #5905, #2807 ) ;
#4456 = AXIS2_PLACEMENT_3D ( 'NONE', #3813, #6834, #4447 ) ;
#4457 = CARTESIAN_POINT ( 'NONE',  ( -0.2632585174752081200, 4.209999999999997300, -2.703124474039411100 ) ) ;
#4458 = CARTESIAN_POINT ( 'NONE',  ( 2.545041292225849600, 4.199999999999996600, -1.622435481315568600 ) ) ;
#4459 = CARTESIAN_POINT ( 'NONE',  ( -0.3665141925078401800, 4.200000000000000200, -2.319365659977033400 ) ) ;
#4460 = ORIENTED_EDGE ( 'NONE', *, *, #4, .F. ) ;
#4461 = CARTESIAN_POINT ( 'NONE',  ( 1.390812267708121800, 4.199999999999995700, -2.654383987186050800 ) ) ;
#4462 = VECTOR ( 'NONE', #247, 1000.000000000000000 ) ;
#4463 = CARTESIAN_POINT ( 'NONE',  ( 1.294177974868007100, 4.199999999999996600, -2.652187670398300100 ) ) ;
#4464 = CARTESIAN_POINT ( 'NONE',  ( -0.5553304972407597800, 4.209999999999998200, -2.284131739772440100 ) ) ;
#4465 = CARTESIAN_POINT ( 'NONE',  ( -1.106524693554710800, 4.209999999999998200, -2.296698760607089400 ) ) ;
#4466 = CARTESIAN_POINT ( 'NONE',  ( 0.3656915662822918800, 4.199999999999999300, -2.247120150981740200 ) ) ;
#4467 = CARTESIAN_POINT ( 'NONE',  ( 1.822926711129128100, 4.209999999999998200, -1.754154402352990700 ) ) ;
#4468 = VECTOR ( 'NONE', #6923, 1000.000000000000000 ) ;
#4469 = CARTESIAN_POINT ( 'NONE',  ( -0.3466405121676453500, 4.209999999999994600, -3.067511195166570600 ) ) ;
#4470 = CARTESIAN_POINT ( 'NONE',  ( 1.734230941236550400, 4.199999999999999300, -1.819414894004042000 ) ) ;
#4471 = CARTESIAN_POINT ( 'NONE',  ( -2.640959259883963700, 4.199999999999997500, -1.401864198464332100 ) ) ;
#4472 = ORIENTED_EDGE ( 'NONE', *, *, #6060, .T. ) ;
#4473 = FACE_OUTER_BOUND ( 'NONE', #3846, .T. ) ;
#4474 = CARTESIAN_POINT ( 'NONE',  ( -2.376519114442630500, 4.209999999999998200, -1.249301497183610900 ) ) ;
#4476 = CARTESIAN_POINT ( 'NONE',  ( 1.237513705830021200, 4.209999999999995500, -2.768834412457511300 ) ) ;
#4475 = CARTESIAN_POINT ( 'NONE',  ( 0.3850753432790003900, 4.199999999999998400, -2.625887846582186200 ) ) ;
#4477 = VERTEX_POINT ( 'NONE', #3410 ) ;
#4478 = CARTESIAN_POINT ( 'NONE',  ( 0.2571943781377258300, 4.210000000000000000, -2.243096808470071300 ) ) ;
#4479 = EDGE_CURVE ( 'NONE', #2871, #7144, #1362, .T. ) ;
#4480 = VERTEX_POINT ( 'NONE', #878 ) ;
#4481 = FACE_OUTER_BOUND ( 'NONE', #883, .T. ) ;
#4482 = DIRECTION ( 'NONE',  ( -1.000000000000000000, 0.0000000000000000000, 4.916052998792304600E-015 ) ) ;
#4483 = CARTESIAN_POINT ( 'NONE',  ( 0.0000000000000000000, 3.200000000000000600, 0.8000000000000000400 ) ) ;
#4484 = CARTESIAN_POINT ( 'NONE',  ( -0.3235311245906768400, 4.200000000000000200, -2.912811350953728800 ) ) ;
#4485 = CARTESIAN_POINT ( 'NONE',  ( 1.533510000264749900, 4.200000000000000200, -1.680817832581209100 ) ) ;
#4486 = B_SPLINE_CURVE_WITH_KNOTS ( 'NONE', 3,
 ( #5137, #746, #1366, #5766, #2014, #6377, #2645, #7011, #3276, #7639, #3901, #146, #4526, #773, #5168, #1394, #5788, #2042, #6407, #2670, #7035, #3305, #7671, #3919, #173, #4559, #798 ),
 .UNSPECIFIED., .F., .F.,
 ( 4, 1, 1, 1, 1, 1, 1, 1, 1, 1, 1, 1, 1, 1, 1, 1, 1, 1, 1, 1, 1, 1, 1, 1, 4 ),
 ( 0.0000000000000000000, 0.06312121626318729900, 0.1232218411014442800, 0.1801877388904585300, 0.2342650096820278200, 0.2853347919833242300, 0.3334718717297967000, 0.3790055450136901600, 0.4220802962257853000, 0.4628966662304246900, 0.5021682488009580100, 0.5403319073795354000, 0.5769959865955812700, 0.6128412110071829200, 0.6478845264167398800, 0.6824455857405854500, 0.7163919452961174900, 0.7501231628561229000, 0.7837961729222674400, 0.8177129831763427800, 0.8519572525038725500, 0.8872348993328499400, 0.9233527241420364000, 0.9610393541587630700, 1.000000000000000000 ),
 .UNSPECIFIED. ) ;
#4487 = DIRECTION ( 'NONE',  ( -0.0000000000000000000, 1.000000000000000000, -0.0000000000000000000 ) ) ;
#4488 = PLANE ( 'NONE',  #5568 ) ;
#4489 = CARTESIAN_POINT ( 'NONE',  ( 0.09416020813144589100, 4.209999999999993700, -2.877214525812587200 ) ) ;
#4490 = CARTESIAN_POINT ( 'NONE',  ( 1.017573888908609000, 4.209999999999995500, -2.718916698633315800 ) ) ;
#4491 = CARTESIAN_POINT ( 'NONE',  ( 1.551557448176037200, 4.209999999999998200, -1.769667052218663900 ) ) ;
#4492 = CARTESIAN_POINT ( 'NONE',  ( 1.816886535476440100, 4.209999999999997300, -1.747451718264512400 ) ) ;
#4493 = CARTESIAN_POINT ( 'NONE',  ( -0.2210013080862998900, 4.200000000000001100, -2.930801062301212800 ) ) ;
#4494 = CARTESIAN_POINT ( 'NONE',  ( -2.135578763054032200, 4.209999999999997300, -1.458885405592517100 ) ) ;
#4495 = CARTESIAN_POINT ( 'NONE',  ( 0.4432721117422506700, 4.209999999999997300, -2.565753805389404900 ) ) ;
#4496 = EDGE_CURVE ( 'NONE', #4090, #1244, #6572, .T. ) ;
#4497 = CARTESIAN_POINT ( 'NONE',  ( -2.580640234351045100, 4.199999999999994800, -1.741468339376027100 ) ) ;
#4498 = CARTESIAN_POINT ( 'NONE',  ( 1.707896537150924300, 4.199999999999997500, -2.065344880320303400 ) ) ;
#4499 = ADVANCED_FACE ( 'NONE', ( #3640 ), #6566, .T. ) ;
#4500 = CARTESIAN_POINT ( 'NONE',  ( -2.143698184196942700, 4.209999999999999100, -1.181640334731093800 ) ) ;
#4502 = CARTESIAN_POINT ( 'NONE',  ( 0.5450776125554845900, 4.210000000000000000, 3.099665549985374000 ) ) ;
#4501 = CARTESIAN_POINT ( 'NONE',  ( 0.5220944640221653100, 4.199999999999998400, -2.783165382711124900 ) ) ;
#4503 = CARTESIAN_POINT ( 'NONE',  ( -0.5583413949559324900, 4.209999999999993700, -3.069292128646831300 ) ) ;
#4504 = CARTESIAN_POINT ( 'NONE',  ( 1.819496939963849200, 4.200000000000000200, -2.097640935322124400 ) ) ;
#4505 = DIRECTION ( 'NONE',  ( -0.8330328566048153000, 0.0000000000000000000, -0.5532235170496834200 ) ) ;
#4506 = CARTESIAN_POINT ( 'NONE',  ( 0.0000000000000000000, 3.200000000000000600, 0.0000000000000000000 ) ) ;
#4507 = CARTESIAN_POINT ( 'NONE',  ( -0.4311747980709432800, 4.209999999999994600, -3.000037908853487000 ) ) ;
#4508 = CARTESIAN_POINT ( 'NONE',  ( 0.5083637379351044800, 4.199999999999998400, -2.600341263087320200 ) ) ;
#4509 = CARTESIAN_POINT ( 'NONE',  ( 0.4842990251839068300, 4.199999999999996600, -3.059717753088380600 ) ) ;
#4510 = EDGE_LOOP ( 'NONE', ( #5559, #7149, #4847, #6267, #1589, #1899, #5222, #6763, #1141, #7264, #1417, #295, #904, #5367, #6954, #7956, #6079 ) ) ;
#4511 = DIRECTION ( 'NONE',  ( -0.9987721181413367100, 0.0000000000000000000, -0.04954044835755569400 ) ) ;
#4512 = CARTESIAN_POINT ( 'NONE',  ( 0.1722177304072751200, 4.199999999999997500, -3.022534609037976800 ) ) ;
#4513 = DIRECTION ( 'NONE',  ( -0.0000000000000000000, 1.000000000000000000, -0.0000000000000000000 ) ) ;
#4514 = CARTESIAN_POINT ( 'NONE',  ( 1.738276070434710400, 4.209999999999998200, -1.823969762679101600 ) ) ;
#4515 = CARTESIAN_POINT ( 'NONE',  ( 1.693040294687801800, 4.200000000000000200, -1.672436596007020700 ) ) ;
#4516 = ORIENTED_EDGE ( 'NONE', *, *, #4806, .F. ) ;
#4517 = CARTESIAN_POINT ( 'NONE',  ( -0.1656049494328878900, 4.209999999999996400, -2.761731317875239200 ) ) ;
#4518 = CARTESIAN_POINT ( 'NONE',  ( 2.055800768412042500, 4.209999999999995500, -2.088817281669392800 ) ) ;
#4519 = CARTESIAN_POINT ( 'NONE',  ( 1.766187716281847100, 4.199999999999998400, -1.865702218079544400 ) ) ;
#4520 = ORIENTED_EDGE ( 'NONE', *, *, #7616, .F. ) ;
#4521 = DIRECTION ( 'NONE',  ( 0.0000000000000000000, -0.0000000000000000000, 1.000000000000000000 ) ) ;
#4522 = ORIENTED_EDGE ( 'NONE', *, *, #450, .F. ) ;
#4523 = EDGE_CURVE ( 'NONE', #2198, #7475, #109, .T. ) ;
#4524 = CARTESIAN_POINT ( 'NONE',  ( -2.208133474957481000, 4.209999999999995500, -1.800068186532085100 ) ) ;
#4526 = CARTESIAN_POINT ( 'NONE',  ( 0.9925448721406168200, 4.209999999999995500, -2.834060370657404300 ) ) ;
#4525 = DIRECTION ( 'NONE',  ( 0.5879499232729773500, 0.0000000000000000000, 0.8088973282953158000 ) ) ;
#4527 = EDGE_CURVE ( 'NONE', #7535, #7590, #8037, .T. ) ;
#4528 = ORIENTED_EDGE ( 'NONE', *, *, #5216, .T. ) ;
#4529 = CARTESIAN_POINT ( 'NONE',  ( -2.104469090599058400, 4.199999999999998400, -1.189796530087624800 ) ) ;
#4530 = CC_DESIGN_APPROVAL ( #4109, ( #3693 ) ) ;
#4531 = CARTESIAN_POINT ( 'NONE',  ( 1.935248292390568300, 4.209999999999994600, -2.114647495338611200 ) ) ;
#4532 = VECTOR ( 'NONE', #2897, 1000.000000000000000 ) ;
#4533 = VERTEX_POINT ( 'NONE', #7883 ) ;
#4534 = CARTESIAN_POINT ( 'NONE',  ( 1.390812267708121800, 4.209999999999994600, -2.654383987186050800 ) ) ;
#4535 = CARTESIAN_POINT ( 'NONE',  ( 0.1196060917286018800, 4.200000000000001100, -2.304845443661000200 ) ) ;
#4536 = ORIENTED_EDGE ( 'NONE', *, *, #2817, .F. ) ;
#4537 = VERTEX_POINT ( 'NONE', #3513 ) ;
#4538 = CARTESIAN_POINT ( 'NONE',  ( -0.2499286328252434400, 4.200000000000000200, -2.452815776659473800 ) ) ;
#4539 = CARTESIAN_POINT ( 'NONE',  ( 0.5846081808134436800, 4.209999999999994600, -2.964278335945614600 ) ) ;
#4540 = LINE ( 'NONE', #5573, #3080 ) ;
#4541 = B_SPLINE_SURFACE_WITH_KNOTS ( 'NONE', 3, 1, ( 
 ( #7901, #1033 ),
 ( #5419, #1652 ),
 ( #6042, #2310 ),
 ( #6661, #2944 ),
 ( #7294, #3553 ),
 ( #7921, #4184 ),
 ( #430, #4822 ),
 ( #1059, #5449 ),
 ( #1679, #6067 ),
 ( #2339, #6692 ),
 ( #2962, #7323 ),
 ( #3578, #7946 ),
 ( #4203, #459 ),
 ( #4853, #1082 ),
 ( #5471, #1711 ) ),
 .UNSPECIFIED., .F., .F., .F.,
 ( 4, 1, 1, 1, 1, 1, 1, 1, 1, 1, 1, 1, 4 ),
 ( 2, 2 ),
 ( 0.0000000000000000000, 0.09216550349165848800, 0.1819839355272872300, 0.2703043905840875100, 0.3584157652291851100, 0.4447913453304790400, 0.5274662956955273900, 0.6085246492727785000, 0.6892296081624366100, 0.7688812256349580900, 0.8462285888204613700, 0.9227642774214311900, 1.000000000000000000 ),
 ( 0.0000000000000000000, 1.000000000000000000 ),
 .UNSPECIFIED. ) ;
#4542 = EDGE_CURVE ( 'NONE', #5912, #6840, #6373, .T. ) ;
#4543 = CARTESIAN_POINT ( 'NONE',  ( 0.0000000000000000000, 0.2999999999999999900, 0.0000000000000000000 ) ) ;
#4544 = CARTESIAN_POINT ( 'NONE',  ( 0.3364685015141872800, 4.209999999999995500, -3.093585461136504100 ) ) ;
#4545 = CARTESIAN_POINT ( 'NONE',  ( 0.3517321901830046100, 4.209999999999999100, -2.624374369806761600 ) ) ;
#4546 = CARTESIAN_POINT ( 'NONE',  ( 1.508104028389200900, 4.209999999999999100, -1.691464129051533800 ) ) ;
#4547 = ORIENTED_EDGE ( 'NONE', *, *, #6920, .F. ) ;
#4548 = DIRECTION ( 'NONE',  ( 0.0000000000000000000, 0.0000000000000000000, 1.000000000000000000 ) ) ;
#4549 = DIRECTION ( 'NONE',  ( -0.5802265985903470900, 6.691539767129751600E-015, 0.8144550904060188200 ) ) ;
#4550 = CARTESIAN_POINT ( 'NONE',  ( 1.207297651319037400, 4.199999999999996600, -2.786312424895356400 ) ) ;
#4551 = VECTOR ( 'NONE', #4373, 999.9999999999998900 ) ;
#4552 = CARTESIAN_POINT ( 'NONE',  ( 1.724911513700068600, 4.199999999999998400, -2.051352180228927800 ) ) ;
#4553 = CARTESIAN_POINT ( 'NONE',  ( 1.664399591686628800, 4.199999999999998400, -2.090963431419984500 ) ) ;
#4554 = ORIENTED_EDGE ( 'NONE', *, *, #7729, .T. ) ;
#4555 = CARTESIAN_POINT ( 'NONE',  ( -0.1567314045616872700, 4.199999999999998400, -2.713701687621751500 ) ) ;
#4556 = CARTESIAN_POINT ( 'NONE',  ( -2.435940456615546700, 4.209999999999994600, -1.765696984524636900 ) ) ;
#4557 = FACE_OUTER_BOUND ( 'NONE', #2889, .T. ) ;
#4559 = CARTESIAN_POINT ( 'NONE',  ( 1.235524528176591000, 4.209999999999993700, -2.867300092872062700 ) ) ;
#4558 = CARTESIAN_POINT ( 'NONE',  ( -1.867230042759281800, 4.200000000000000200, -1.578496286359052400 ) ) ;
#4560 = DIRECTION ( 'NONE',  ( 3.087895789866445100E-014, 0.0000000000000000000, -1.000000000000000000 ) ) ;
#4561 = CARTESIAN_POINT ( 'NONE',  ( -1.938938555612545600, 4.209999999999999100, -1.313616267065254900 ) ) ;
#4562 = CARTESIAN_POINT ( 'NONE',  ( 0.2571943781377258300, 4.200000000000002000, -2.243096808470071300 ) ) ;
#4563 = LINE ( 'NONE', #3912, #3097 ) ;
#4564 = CARTESIAN_POINT ( 'NONE',  ( 0.5450776125554845900, 4.210000000000000000, 3.099665549985374000 ) ) ;
#4565 = ORIENTED_EDGE ( 'NONE', *, *, #7945, .T. ) ;
#4566 = CARTESIAN_POINT ( 'NONE',  ( 0.3162612532427920300, 4.209999999999999100, -2.325260634373380200 ) ) ;
#4567 = CARTESIAN_POINT ( 'NONE',  ( 0.5106413617645558800, 4.200000000000000200, -2.620851900221099900 ) ) ;
#4568 = ORIENTED_EDGE ( 'NONE', *, *, #509, .F. ) ;
#4569 = FACE_OUTER_BOUND ( 'NONE', #4691, .T. ) ;
#4570 = CARTESIAN_POINT ( 'NONE',  ( 0.6263867046960163200, 4.199999999999995700, -2.838798576007998300 ) ) ;
#4571 = CARTESIAN_POINT ( 'NONE',  ( 0.4432721117422506700, 4.209999999999997300, -2.565753805389404900 ) ) ;
#4572 = CARTESIAN_POINT ( 'NONE',  ( -2.037303434121279000, 4.209999999999994600, -2.242680178902146000 ) ) ;
#4573 = CARTESIAN_POINT ( 'NONE',  ( 0.5146614762265447900, 4.209999999999997300, -2.749415655266312300 ) ) ;
#4574 = DIRECTION ( 'NONE',  ( 0.5876927385867690700, 0.0000000000000000000, 0.8090842014354151500 ) ) ;
#4575 = ORIENTED_EDGE ( 'NONE', *, *, #2304, .F. ) ;
#4576 = CARTESIAN_POINT ( 'NONE',  ( -1.322088568243337500E-014, 4.210000000000019500, -3.242726648450550700E-014 ) ) ;
#4577 = ORIENTED_EDGE ( 'NONE', *, *, #7425, .F. ) ;
#4578 = CARTESIAN_POINT ( 'NONE',  ( 0.8481439309836167300, 4.209999999999999100, -2.313745698330564900 ) ) ;
#4579 = CARTESIAN_POINT ( 'NONE',  ( -0.1415925107626471700, 4.209999999999999100, -2.512979621358205400 ) ) ;
#4580 = LINE ( 'NONE', #6467, #3110 ) ;
#4581 = B_SPLINE_SURFACE_WITH_KNOTS ( 'NONE', 3, 1, ( 
 ( #484, #4889 ),
 ( #5500, #1742 ),
 ( #6132, #2390 ),
 ( #6742, #3028 ),
 ( #7379, #3632 ),
 ( #8010, #4269 ),
 ( #515, #4911 ),
 ( #1148, #5534 ),
 ( #1766, #6157 ),
 ( #2422, #6770 ),
 ( #3050, #7411 ),
 ( #3663, #8033 ),
 ( #4296, #544 ),
 ( #4939, #1169 ),
 ( #5561, #1796 ),
 ( #6175, #2446 ),
 ( #6803, #3070 ),
 ( #7434, #3694 ),
 ( #8060, #4314 ) ),
 .UNSPECIFIED., .F., .F., .F.,
 ( 4, 1, 1, 1, 1, 1, 1, 1, 1, 1, 1, 1, 1, 1, 1, 1, 4 ),
 ( 2, 2 ),
 ( 0.0000000000000000000, 0.05694067403299107900, 0.1111267753306644700, 0.1637803795512402800, 0.2158476697751208800, 0.2672804621125642900, 0.3183329537578801800, 0.3697276695200795200, 0.4224218181030957000, 0.4782052299508451900, 0.5405169544580531400, 0.6088797188152426100, 0.6845451977539504000, 0.7634201904763203700, 0.8419594014841885700, 0.9208580822541589900, 1.000000000000000000 ),
 ( 0.0000000000000000000, 1.000000000000000000 ),
 .UNSPECIFIED. ) ;
#4582 = CARTESIAN_POINT ( 'NONE',  ( -0.5863252192061057000, 4.200000000000000200, -2.923403361784502300 ) ) ;
#4583 = CARTESIAN_POINT ( 'NONE',  ( -2.514638024318423900, 4.209999999999997300, -1.667222188588985300 ) ) ;
#4584 = AXIS2_PLACEMENT_3D ( 'NONE', #3730, #40, #4413 ) ;
#4585 = CARTESIAN_POINT ( 'NONE',  ( -0.2848207149926967900, 4.209999999999999100, -2.371661458764433100 ) ) ;
#4587 = CARTESIAN_POINT ( 'NONE',  ( 1.741348945348566400, 4.209999999999998200, -1.690043455319333100 ) ) ;
#4586 = DIRECTION ( 'NONE',  ( 0.0000000000000000000, -1.000000000000000000, 0.0000000000000000000 ) ) ;
#4588 = CARTESIAN_POINT ( 'NONE',  ( 0.4752064668989130500, 4.209999999999995500, -2.962482822230056500 ) ) ;
#4589 = CARTESIAN_POINT ( 'NONE',  ( -0.4635069647706345200, 4.209999999999995500, -3.090354409171718800 ) ) ;
#4590 = CARTESIAN_POINT ( 'NONE',  ( 1.449955800662056500, 4.209999999999999100, -1.981743049981696600 ) ) ;
#4591 = B_SPLINE_CURVE_WITH_KNOTS ( 'NONE', 3,
 ( #3326, #7061, #7695, #3949, #199, #4587, #827, #5219, #1446, #5846, #2099, #6458, #2735, #7094, #3350, #7719, #3979, #1971, #6343 ),
 .UNSPECIFIED., .F., .F.,
 ( 4, 1, 1, 1, 1, 1, 1, 1, 1, 1, 1, 1, 1, 1, 1, 1, 4 ),
 ( 0.0000000000000000000, 0.06261473031370688700, 0.1234066654956809400, 0.1828605320948041000, 0.2418352788410302000, 0.3004676726804845200, 0.3603799654363207300, 0.4214983436961742300, 0.4844312975944883900, 0.5477680666004093300, 0.6105377764351633800, 0.6724785394574249700, 0.7352631072006649000, 0.7984708868714096600, 0.8634970943317722400, 0.9304178023984567300, 1.000000000000000000 ),
 .UNSPECIFIED. ) ;
#4592 = CARTESIAN_POINT ( 'NONE',  ( 2.545041292225849600, 4.210000000000014200, -1.622435481315568600 ) ) ;
#4593 = CARTESIAN_POINT ( 'NONE',  ( 5.878304635907295200E-016, 0.0000000000000000000, 1.700000000000000200 ) ) ;
#4594 = B_SPLINE_CURVE_WITH_KNOTS ( 'NONE', 3,
 ( #6136, #3610, #6744, #3033, #7382, #3636, #8013, #4271, #520, #4916, #1150 ),
 .UNSPECIFIED., .F., .F.,
 ( 4, 1, 1, 1, 1, 1, 1, 1, 4 ),
 ( 0.0000000000000000000, 0.1297135968236771400, 0.2549118440453550000, 0.3761464763140289800, 0.4951384784998824600, 0.6158378850883005100, 0.7392614576808846900, 0.8667122898488374100, 1.000000000000000000 ),
 .UNSPECIFIED. ) ;
#4595 = CARTESIAN_POINT ( 'NONE',  ( 0.5033573204194952100, 4.209999999999996400, -2.568814011709267500 ) ) ;
#4596 = CARTESIAN_POINT ( 'NONE',  ( 0.09562184269871375200, 4.210000000000000000, 3.549121319842145200 ) ) ;
#4597 = CARTESIAN_POINT ( 'NONE',  ( 0.6185989390978344800, 4.209999999999997300, -2.647630108511695100 ) ) ;
#4598 = CARTESIAN_POINT ( 'NONE',  ( 0.2965739208513713500, 4.199999999999999300, -2.539572827766198900 ) ) ;
#4599 = CARTESIAN_POINT ( 'NONE',  ( 1.916308319419175000, 4.209999999999993700, -2.442169997875879500 ) ) ;
#4600 = DIRECTION ( 'NONE',  ( -0.0000000000000000000, 1.000000000000000000, -0.0000000000000000000 ) ) ;
#4601 = CARTESIAN_POINT ( 'NONE',  ( 1.438657195676179100, 4.210000000000000000, -1.931726026944915900 ) ) ;
#4602 = CARTESIAN_POINT ( 'NONE',  ( 1.660827768944995100, 4.209999999999995500, -2.393329042041942900 ) ) ;
#4603 = CARTESIAN_POINT ( 'NONE',  ( 0.8797227927069378700, 4.199999999999997500, -2.195829905243978700 ) ) ;
#4604 = CARTESIAN_POINT ( 'NONE',  ( -0.2595218978989785000, 4.209999999999999100, -2.269332866844381100 ) ) ;
#4605 = B_SPLINE_SURFACE_WITH_KNOTS ( 'NONE', 3, 1, ( 
 ( #4467, #6971 ),
 ( #4492, #734 ),
 ( #5126, #1356 ),
 ( #5755, #2002 ),
 ( #6365, #2638 ),
 ( #6998, #3261 ),
 ( #7631, #3891 ),
 ( #132, #4515 ),
 ( #763, #5155 ),
 ( #1381, #5778 ),
 ( #2032, #6395 ),
 ( #2660, #7026 ),
 ( #3294, #7657 ),
 ( #3911, #164 ),
 ( #4546, #788 ),
 ( #5184, #1411 ),
 ( #5808, #2057 ),
 ( #6424, #2689 ),
 ( #7051, #3319 ) ),
 .UNSPECIFIED., .F., .F., .F.,
 ( 4, 1, 1, 1, 1, 1, 1, 1, 1, 1, 1, 1, 1, 1, 1, 1, 4 ),
 ( 2, 2 ),
 ( 0.0000000000000000000, 0.06261473031370688700, 0.1234066654956809400, 0.1828605320948041000, 0.2418352788410302000, 0.3004676726804845200, 0.3603799654363207300, 0.4214983436961742300, 0.4844312975944883900, 0.5477680666004093300, 0.6105377764351633800, 0.6724785394574249700, 0.7352631072006649000, 0.7984708868714096600, 0.8634970943317722400, 0.9304178023984567300, 1.000000000000000000 ),
 ( 0.0000000000000000000, 1.000000000000000000 ),
 .UNSPECIFIED. ) ;
#4606 = EDGE_CURVE ( 'NONE', #4651, #4318, #8040, .T. ) ;
#4607 = CARTESIAN_POINT ( 'NONE',  ( -0.4721945728079221000, 4.209999999999999100, -2.341277047309212400 ) ) ;
#4608 = CARTESIAN_POINT ( 'NONE',  ( -2.553151720874720500, 4.199999999999996600, -1.491248605463935100 ) ) ;
#4609 = CARTESIAN_POINT ( 'NONE',  ( 1.875301498570545600, 4.209999999999996400, -1.850028861359106300 ) ) ;
#4610 = B_SPLINE_SURFACE_WITH_KNOTS ( 'NONE', 3, 1, ( 
 ( #6088, #6716 ),
 ( #2989, #7338 ),
 ( #3603, #7973 ),
 ( #4223, #477 ),
 ( #4879, #1106 ),
 ( #5490, #1735 ),
 ( #6121, #2382 ),
 ( #6736, #3018 ),
 ( #7369, #3622 ),
 ( #8003, #4256 ),
 ( #504, #4904 ),
 ( #1138, #5522 ),
 ( #1756, #6152 ),
 ( #2413, #6760 ),
 ( #3044, #7403 ),
 ( #3653, #8022 ),
 ( #4290, #536 ),
 ( #4930, #1161 ),
 ( #5554, #1788 ) ),
 .UNSPECIFIED., .F., .F., .F.,
 ( 4, 1, 1, 1, 1, 1, 1, 1, 1, 1, 1, 1, 1, 1, 1, 1, 4 ),
 ( 2, 2 ),
 ( 0.0000000000000000000, 0.06243310057069263000, 0.1222704025922797100, 0.1802360147849860500, 0.2375673414224113200, 0.2941022717509321200, 0.3508599021220126800, 0.4090113070562129100, 0.4683207489348550900, 0.5287055216660978600, 0.5892867762935480900, 0.6512849615214082500, 0.7150881534035799000, 0.7812960313420426200, 0.8504007796686767800, 0.9235688617937395400, 1.000000000000000000 ),
 ( 0.0000000000000000000, 1.000000000000000000 ),
 .UNSPECIFIED. ) ;
#4611 = B_SPLINE_CURVE_WITH_KNOTS ( 'NONE', 3,
 ( #2766, #239, #4011, #269, #4657, #889, #5286, #1518, #5904, #2163, #6528, #2799, #7148, #3416, #7789, #4042, #289, #4688, #924 ),
 .UNSPECIFIED., .F., .F.,
 ( 4, 1, 1, 1, 1, 1, 1, 1, 1, 1, 1, 1, 1, 1, 1, 1, 4 ),
 ( 0.0000000000000000000, 0.09568540698673762300, 0.1877839358068813500, 0.2764190188752765900, 0.3625983164093154500, 0.4045652530541014600, 0.4453724796559169800, 0.4848900224346198700, 0.5235945459873191400, 0.5612674148071582500, 0.5984988589817978900, 0.6350198624567731100, 0.6714330127941243700, 0.7456789357917291700, 0.8249145092954272000, 0.9089753627987340300, 1.000000000000000000 ),
 .UNSPECIFIED. ) ;
#4612 = CARTESIAN_POINT ( 'NONE',  ( 1.225109932574491400, 4.209999999999997300, -2.402813738606782500 ) ) ;
#4613 = CARTESIAN_POINT ( 'NONE',  ( 2.279764856874035400, 4.199999999999998400, -1.280774609801209200 ) ) ;
#4614 = DIRECTION ( 'NONE',  ( 0.0000000000000000000, -1.000000000000000000, 0.0000000000000000000 ) ) ;
#4615 = CARTESIAN_POINT ( 'NONE',  ( -0.1906521115411860500, 4.209999999999994600, -2.858921324655852900 ) ) ;
#4616 = CARTESIAN_POINT ( 'NONE',  ( 1.441325451736631200, 4.200000000000000200, -1.887600340273682300 ) ) ;
#4617 = ORIENTED_EDGE ( 'NONE', *, *, #602, .T. ) ;
#4618 = AXIS2_PLACEMENT_3D ( 'NONE', #1341, #714, #5731 ) ;
#4619 = DIRECTION ( 'NONE',  ( 0.0000000000000000000, 0.0000000000000000000, 1.000000000000000000 ) ) ;
#4620 = B_SPLINE_SURFACE_WITH_KNOTS ( 'NONE', 3, 1, ( 
 ( #4602, #869 ),
 ( #2147, #6509 ),
 ( #2775, #7132 ),
 ( #3398, #7766 ),
 ( #4016, #274 ),
 ( #4665, #896 ),
 ( #5290, #1525 ),
 ( #5911, #2169 ),
 ( #6536, #2806 ),
 ( #7156, #3623 ),
 ( #8004, #4257 ),
 ( #505, #4905 ),
 ( #1139, #5523 ),
 ( #1757, #6153 ),
 ( #2414, #6761 ),
 ( #3045, #7404 ),
 ( #3654, #8023 ),
 ( #4291, #537 ),
 ( #4931, #1162 ) ),
 .UNSPECIFIED., .F., .F., .F.,
 ( 4, 1, 1, 1, 1, 1, 1, 1, 1, 1, 1, 1, 1, 1, 1, 1, 4 ),
 ( 2, 2 ),
 ( 0.0000000000000000000, 0.07068460326100564600, 0.1380200896814754400, 0.2034412636573717500, 0.2664735016073681600, 0.3279435745086791700, 0.3884409218539293700, 0.4480095346037893900, 0.5080982809350322900, 0.5678570501110588000, 0.6268075423502588200, 0.6859026581593451500, 0.7458690020283763600, 0.8066123252838091100, 0.8689897545944113000, 0.9330894895775685400, 1.000000000000000000 ),
 ( 0.0000000000000000000, 1.000000000000000000 ),
 .UNSPECIFIED. ) ;
#4621 = CARTESIAN_POINT ( 'NONE',  ( -2.619512492153455600, 4.209999999999995500, -1.349801677942741300 ) ) ;
#4622 = ADVANCED_FACE ( 'NONE', ( #1574 ), #1640, .T. ) ;
#4623 = ORIENTED_EDGE ( 'NONE', *, *, #4426, .T. ) ;
#4624 = CARTESIAN_POINT ( 'NONE',  ( -2.501830609935940900, 4.209999999999995500, -1.687461754856188100 ) ) ;
#4625 = PLANE ( 'NONE',  #624 ) ;
#4626 = ORIENTED_EDGE ( 'NONE', *, *, #2591, .T. ) ;
#4627 = CARTESIAN_POINT ( 'NONE',  ( 0.8486707299187213900, 4.200000000000000200, -2.103302840130518300 ) ) ;
#4628 = CARTESIAN_POINT ( 'NONE',  ( 0.5106413617645558800, 4.209999999999997300, -2.620851900221099900 ) ) ;
#4629 = CARTESIAN_POINT ( 'NONE',  ( 0.4842990251839068300, 4.209999999999995500, -3.059717753088380600 ) ) ;
#4630 = CARTESIAN_POINT ( 'NONE',  ( -0.7128981741672672000, 4.209999999999996400, -2.807834555198213300 ) ) ;
#4631 = CARTESIAN_POINT ( 'NONE',  ( 1.658058842546889600, 4.209999999999997300, -2.094199112105698200 ) ) ;
#4632 = VERTEX_POINT ( 'NONE', #1276 ) ;
#4633 = VECTOR ( 'NONE', #501, 1000.000000000000200 ) ;
#4634 = CARTESIAN_POINT ( 'NONE',  ( 5.510910596163089600E-016, -0.2999999999999999900, -2.000000000000000000 ) ) ;
#4635 = CARTESIAN_POINT ( 'NONE',  ( -0.5704517199464211900, 4.210000000000000000, -2.298226907259910400 ) ) ;
#4636 = ORIENTED_EDGE ( 'NONE', *, *, #5023, .F. ) ;
#4637 = CARTESIAN_POINT ( 'NONE',  ( -1.759985185297356500, 4.209999999999999100, -1.638482258692559400 ) ) ;
#4638 = ORIENTED_EDGE ( 'NONE', *, *, #5284, .F. ) ;
#4639 = ORIENTED_EDGE ( 'NONE', *, *, #4855, .F. ) ;
#4640 = MANIFOLD_SOLID_BREP ( 'Pins Boss[2]', #6086 ) ;
#4641 = LINE ( 'NONE', #7966, #2982 ) ;
#4642 = EDGE_CURVE ( 'NONE', #2417, #4740, #6180, .T. ) ;
#4643 = CARTESIAN_POINT ( 'NONE',  ( -0.5940300266086063800, 4.200000000000000200, -2.633152358252708300 ) ) ;
#4644 = ORIENTED_EDGE ( 'NONE', *, *, #2591, .F. ) ;
#4645 = CARTESIAN_POINT ( 'NONE',  ( 0.2174831058238350400, 4.199999999999996600, -2.906961979629220300 ) ) ;
#4646 = CARTESIAN_POINT ( 'NONE',  ( -0.1434546213284927400, 4.199999999999997500, -2.486728449901909300 ) ) ;
#4647 = CARTESIAN_POINT ( 'NONE',  ( 0.05313446967642478100, 4.209999999999998200, -2.482887202093008400 ) ) ;
#4648 = VERTEX_POINT ( 'NONE', #6280 ) ;
#4649 = CARTESIAN_POINT ( 'NONE',  ( 1.488842098186164300, 4.209999999999999100, -1.807698863277803300 ) ) ;
#4650 = B_SPLINE_CURVE_WITH_KNOTS ( 'NONE', 3,
 ( #1667, #419, #2327, #6680, #2955, #7313, #3569, #7935, #4195, #447, #4840, #1070, #5462, #1700, #6081, #2355, #6709, #2980, #7333 ),
 .UNSPECIFIED., .F., .F.,
 ( 4, 1, 1, 1, 1, 1, 1, 1, 1, 1, 1, 1, 1, 1, 1, 1, 4 ),
 ( 0.0000000000000000000, 0.06502878505460510400, 0.1282542436972556300, 0.1890916120526820500, 0.2489151292941125200, 0.3085306012157372800, 0.3681353845721654400, 0.4281503035309139300, 0.4902368379143696700, 0.5525436197393768200, 0.6132919027925199900, 0.6748373115935560900, 0.7360245179337260300, 0.7994662701968359200, 0.8637213155096618000, 0.9303949442984033000, 1.000000000000000000 ),
 .UNSPECIFIED. ) ;
#4651 = VERTEX_POINT ( 'NONE', #6908 ) ;
#4652 = APPROVAL_ROLE ( '' ) ;
#4653 = CARTESIAN_POINT ( 'NONE',  ( -2.606266315567393700, 4.209999999999993700, -1.697766431278906300 ) ) ;
#4654 = LINE ( 'NONE', #2671, #2992 ) ;
#4655 = APPROVAL_DATE_TIME ( #6299, #1014 ) ;
#4656 = CARTESIAN_POINT ( 'NONE',  ( -2.548443360543786200, 4.209999999999996400, -1.465664338811108600 ) ) ;
#4657 = CARTESIAN_POINT ( 'NONE',  ( -2.491376048490874200, 4.209999999999992000, -1.847397235182750600 ) ) ;
#4658 = ORIENTED_EDGE ( 'NONE', *, *, #1898, .T. ) ;
#4659 = CARTESIAN_POINT ( 'NONE',  ( -1.849274002990950000, 4.210000000000000900, -1.266061990053252200 ) ) ;
#4660 = EDGE_CURVE ( 'NONE', #7866, #7998, #2874, .T. ) ;
#4661 = LINE ( 'NONE', #575, #4454 ) ;
#4662 = CARTESIAN_POINT ( 'NONE',  ( -0.7135539188549887600, 4.209999999999997300, -2.750344164072307000 ) ) ;
#4663 = CARTESIAN_POINT ( 'NONE',  ( 0.6263867046960163200, 4.209999999999994600, -2.838798576007998300 ) ) ;
#4664 = CARTESIAN_POINT ( 'NONE',  ( 0.7588846822388059000, 4.209999999999999100, -2.232261721480155900 ) ) ;
#4665 = CARTESIAN_POINT ( 'NONE',  ( 1.744226800020501900, 4.209999999999993700, -2.443080450432249900 ) ) ;
#4666 = LINE ( 'NONE', #5231, #3191 ) ;
#4667 = CARTESIAN_POINT ( 'NONE',  ( -1.756425807187741200, 4.200000000000000200, -1.587469987401035800 ) ) ;
#4668 = EDGE_LOOP ( 'NONE', ( #5683, #4638, #4281, #5889 ) ) ;
#4669 = CARTESIAN_POINT ( 'NONE',  ( -0.6776200352766645900, 4.200000000000000200, -2.508747062383062800 ) ) ;
#4670 = B_SPLINE_SURFACE_WITH_KNOTS ( 'NONE', 3, 1, ( 
 ( #3996, #7737 ),
 ( #4635, #871 ),
 ( #5267, #1498 ),
 ( #5883, #2149 ),
 ( #6511, #2778 ),
 ( #7134, #3401 ),
 ( #7770, #4019 ),
 ( #277, #4669 ),
 ( #899, #5292 ),
 ( #1527, #5915 ),
 ( #2172, #6538 ) ),
 .UNSPECIFIED., .F., .F., .F.,
 ( 4, 1, 1, 1, 1, 1, 1, 1, 4 ),
 ( 2, 2 ),
 ( 0.0000000000000000000, 0.09586905370760416500, 0.1982071900027475600, 0.3080811444956044800, 0.4262725125268255800, 0.5536505723538200900, 0.6918439247637575600, 0.8404832487805107300, 1.000000000000000000 ),
 ( 0.0000000000000000000, 1.000000000000000000 ),
 .UNSPECIFIED. ) ;
#4671 = ADVANCED_FACE ( 'NONE', ( #1187 ), #2547, .T. ) ;
#4672 = CARTESIAN_POINT ( 'NONE',  ( 1.744226800020501900, 4.199999999999994800, -2.443080450432249900 ) ) ;
#4673 = LINE ( 'NONE', #7619, #2609 ) ;
#4674 = CARTESIAN_POINT ( 'NONE',  ( -2.442731809024704800, 4.209999999999992900, -1.882517547855643700 ) ) ;
#4675 = LINE ( 'NONE', #3790, #3201 ) ;
#4676 = CARTESIAN_POINT ( 'NONE',  ( 1.247326453353614100, 4.200000000000000200, -2.215968341310160700 ) ) ;
#4677 = AXIS2_PLACEMENT_3D ( 'NONE', #8109, #654, #5047 ) ;
#4678 = DIRECTION ( 'NONE',  ( -0.0000000000000000000, 1.000000000000000000, -0.0000000000000000000 ) ) ;
#4679 = CARTESIAN_POINT ( 'NONE',  ( 1.293263310107313400, 4.200000000000000200, -2.296863517929738800 ) ) ;
#4680 = CARTESIAN_POINT ( 'NONE',  ( -0.2769969752116899800, 4.200000000000000200, -2.259515202184186200 ) ) ;
#4681 = ORIENTED_EDGE ( 'NONE', *, *, #6868, .F. ) ;
#4682 = CARTESIAN_POINT ( 'NONE',  ( 0.2850266182780488200, 4.209999999999993700, -3.086235081186398800 ) ) ;
#4683 = CARTESIAN_POINT ( 'NONE',  ( 0.1902652262397523100, 4.210000000000000900, -2.260144741368780500 ) ) ;
#4684 = VECTOR ( 'NONE', #6394, 1000.000000000000000 ) ;
#4685 = DIRECTION ( 'NONE',  ( 1.000000000000000000, 0.0000000000000000000, -4.916052998792304600E-015 ) ) ;
#4686 = AXIS2_PLACEMENT_3D ( 'NONE', #3848, #6356, #2631 ) ;
#4687 = CARTESIAN_POINT ( 'NONE',  ( -0.5446593415769629400, 4.209999999999994600, -2.976408895965286600 ) ) ;
#4689 = ORIENTED_EDGE ( 'NONE', *, *, #118, .T. ) ;
#4688 = CARTESIAN_POINT ( 'NONE',  ( -2.188863606865383700, 4.209999999999995500, -1.903593634284759000 ) ) ;
#4690 = CARTESIAN_POINT ( 'NONE',  ( -2.037724143634718700, 4.209999999999999100, -1.102762840607252900 ) ) ;
#4691 = EDGE_LOOP ( 'NONE', ( #5308, #2990, #2764, #6976 ) ) ;
#4692 = LINE ( 'NONE', #1058, #2832 ) ;
#4693 = ORIENTED_EDGE ( 'NONE', *, *, #1649, .F. ) ;
#4694 = CARTESIAN_POINT ( 'NONE',  ( -0.6973356854180504700, 4.199999999999999300, -2.904365762217376600 ) ) ;
#4695 = CARTESIAN_POINT ( 'NONE',  ( 0.8993953931495561900, 4.200000000000001100, -2.075994053156168000 ) ) ;
#4696 = CARTESIAN_POINT ( 'NONE',  ( -1.835296547209666100, 4.210000000000000900, -1.287424305658856600 ) ) ;
#4697 = EDGE_CURVE ( 'NONE', #5312, #2470, #6587, .T. ) ;
#4698 = CARTESIAN_POINT ( 'NONE',  ( 2.492323008757928000, 4.209999999999995500, -1.559850698494045900 ) ) ;
#4699 = CARTESIAN_POINT ( 'NONE',  ( 1.994693006324582000, 4.200000000000000200, -2.392777882021430300 ) ) ;
#4700 = CARTESIAN_POINT ( 'NONE',  ( -2.342690841851883900, 4.199999999999996600, -1.920660476298821300 ) ) ;
#4701 = EDGE_CURVE ( 'NONE', #6774, #7535, #5145, .T. ) ;
#4702 = AXIS2_PLACEMENT_3D ( 'NONE', #7919, #7292, #5446 ) ;
#4703 = CARTESIAN_POINT ( 'NONE',  ( 1.132503530778125300, 4.209999999999999100, -2.094079581337680500 ) ) ;
#4704 = CARTESIAN_POINT ( 'NONE',  ( 1.935248292390568300, 4.209999999999994600, -2.114647495338611200 ) ) ;
#4705 = CARTESIAN_POINT ( 'NONE',  ( 1.078444418677756600, 4.200000000000000200, -2.066418071571967100 ) ) ;
#4706 = DIRECTION ( 'NONE',  ( -0.0000000000000000000, 1.000000000000000000, 0.0000000000000000000 ) ) ;
#4707 = CARTESIAN_POINT ( 'NONE',  ( 0.09267762295996570500, 4.200000000000002000, -2.336034324289558000 ) ) ;
#4708 = CARTESIAN_POINT ( 'NONE',  ( -2.392904329127113700, 4.199999999999995700, -1.906951633221809100 ) ) ;
#4709 = CARTESIAN_POINT ( 'NONE',  ( 5.510910596163089600E-016, -4.799999999999999800, 2.299999999999999800 ) ) ;
#4710 = ADVANCED_FACE ( 'NONE', ( #7840 ), #4488, .T. ) ;
#4711 = EDGE_CURVE ( 'NONE', #1979, #6902, #3409, .T. ) ;
#4712 = CARTESIAN_POINT ( 'NONE',  ( 1.842808839773822500, 4.199999999999996600, -2.008214112436697900 ) ) ;
#4713 = CARTESIAN_POINT ( 'NONE',  ( 0.1182329254773749200, 4.199999999999999300, -2.660873650245283400 ) ) ;
#4714 = CARTESIAN_POINT ( 'NONE',  ( -2.389894785409441400, 4.209999999999996400, -1.123654941032805600 ) ) ;
#4715 = CARTESIAN_POINT ( 'NONE',  ( -0.6254853563054535400, 4.209999999999992900, -3.027139866060673000 ) ) ;
#4716 = DIRECTION ( 'NONE',  ( 1.000000000000000000, -0.0000000000000000000, -3.533413092881963100E-015 ) ) ;
#4717 = CARTESIAN_POINT ( 'NONE',  ( 0.7504405338427517800, 4.210000000000000000, -2.342892106079992800 ) ) ;
#4718 = ADVANCED_FACE ( 'NONE', ( #73 ), #5151, .F. ) ;
#4719 = CARTESIAN_POINT ( 'NONE',  ( -0.6733079786699213100, 4.199999999999994800, -2.963855629207809500 ) ) ;
#4720 = B_SPLINE_SURFACE_WITH_KNOTS ( 'NONE', 3, 1, ( 
 ( #5667, #6909 ),
 ( #7547, #3802 ),
 ( #55, #4429 ),
 ( #677, #5071 ),
 ( #1303, #5691 ),
 ( #1940, #6314 ),
 ( #2575, #6937 ),
 ( #3211, #7578 ),
 ( #3825, #80 ),
 ( #4464, #704 ),
 ( #5093, #1334 ) ),
 .UNSPECIFIED., .F., .F., .F.,
 ( 4, 1, 1, 1, 1, 1, 1, 1, 4 ),
 ( 2, 2 ),
 ( 0.0000000000000000000, 0.1356835983089708400, 0.2652503499842759900, 0.3909057126782357100, 0.5121058691267278400, 0.6319749830376998300, 0.7523647281627392500, 0.8744986208819109900, 0.9999999999999998900 ),
 ( 0.0000000000000000000, 1.000000000000000000 ),
 .UNSPECIFIED. ) ;
#4721 = AXIS2_PLACEMENT_3D ( 'NONE', #1636, #6020, #2279 ) ;
#4722 = ORIENTED_EDGE ( 'NONE', *, *, #6094, .T. ) ;
#4723 = CARTESIAN_POINT ( 'NONE',  ( -1.106524693554710800, 4.199999999999999300, -2.296698760607089400 ) ) ;
#4724 = CARTESIAN_POINT ( 'NONE',  ( 1.370100995422837800, 4.210000000000000900, -1.818425426326892200 ) ) ;
#4725 = CARTESIAN_POINT ( 'NONE',  ( 1.021354705168356000, 4.199999999999999300, -2.052856073082506100 ) ) ;
#4726 = ORIENTED_EDGE ( 'NONE', *, *, #5063, .F. ) ;
#4727 = B_SPLINE_SURFACE_WITH_KNOTS ( 'NONE', 3, 1, ( 
 ( #4317, #1798 ),
 ( #6206, #2469 ),
 ( #6825, #3101 ),
 ( #7464, #3715 ),
 ( #8086, #4343 ),
 ( #589, #4989 ),
 ( #1224, #5609 ),
 ( #1848, #6232 ),
 ( #2496, #6843 ),
 ( #3123, #7491 ),
 ( #3740, #8106 ),
 ( #4370, #619 ),
 ( #5009, #1250 ),
 ( #5638, #1875 ),
 ( #6250, #2525 ),
 ( #6874, #3145 ),
 ( #7520, #3770 ),
 ( #21, #4394 ),
 ( #650, #5042 ) ),
 .UNSPECIFIED., .F., .F., .F.,
 ( 4, 1, 1, 1, 1, 1, 1, 1, 1, 1, 1, 1, 1, 1, 1, 1, 4 ),
 ( 2, 2 ),
 ( 0.0000000000000000000, 0.06874976600088772400, 0.1348116108181926000, 0.1988531907824901100, 0.2615636817336382500, 0.3227046410651335800, 0.3836948134703284100, 0.4447276704645153900, 0.5064047915511099600, 0.5679898560555793900, 0.6286374702473654900, 0.6885382249580158700, 0.7486884477866624400, 0.8092731518862030800, 0.8708778465408241200, 0.9343959031623296800, 0.9999999999999998900 ),
 ( 0.0000000000000000000, 1.000000000000000000 ),
 .UNSPECIFIED. ) ;
#4728 = DIRECTION ( 'NONE',  ( 0.0000000000000000000, -1.000000000000000000, 0.0000000000000000000 ) ) ;
#4729 = CARTESIAN_POINT ( 'NONE',  ( 1.738276070434710400, 4.209999999999998200, -1.823969762679101600 ) ) ;
#4730 = CARTESIAN_POINT ( 'NONE',  ( -0.5662730926386557700, 4.199999999999999300, -2.500600570654546700 ) ) ;
#4731 = ORIENTED_EDGE ( 'NONE', *, *, #7319, .T. ) ;
#4732 = CARTESIAN_POINT ( 'NONE',  ( -0.3466405121676453500, 4.199999999999995700, -3.067511195166570600 ) ) ;
#4733 = CARTESIAN_POINT ( 'NONE',  ( 0.05313409030564530300, 4.209999999999999100, -2.474758498771628500 ) ) ;
#4734 = AXIS2_PLACEMENT_3D ( 'NONE', #54, #4427, #676 ) ;
#4735 = VECTOR ( 'NONE', #4140, 1000.000000000000000 ) ;
#4736 = CARTESIAN_POINT ( 'NONE',  ( 1.249999999999975100, 0.2999999999999999900, -3.588523373199632000 ) ) ;
#4737 = EDGE_LOOP ( 'NONE', ( #6683, #3377, #1672, #1286, #3983, #6862, #7636, #2925 ) ) ;
#4738 = CARTESIAN_POINT ( 'NONE',  ( 1.083990051750216300, 4.199999999999994800, -2.779307842317764600 ) ) ;
#4739 = CARTESIAN_POINT ( 'NONE',  ( 1.880720758290479000, 4.209999999999997300, -1.900610199351749900 ) ) ;
#4740 = VERTEX_POINT ( 'NONE', #1377 ) ;
#4741 = DIRECTION ( 'NONE',  ( 0.8144550904060188200, 0.0000000000000000000, 0.5802265985903470900 ) ) ;
#4742 = CARTESIAN_POINT ( 'NONE',  ( 0.8486707299187213900, 4.209999999999999100, -2.103302840130518300 ) ) ;
#4743 = VECTOR ( 'NONE', #6595, 1000.000000000000000 ) ;
#4744 = VERTEX_POINT ( 'NONE', #160 ) ;
#4745 = CARTESIAN_POINT ( 'NONE',  ( -0.5175713466417442000, 4.199999999999998400, -3.082169668903883800 ) ) ;
#4746 = VERTEX_POINT ( 'NONE', #3290 ) ;
#4747 = ORIENTED_EDGE ( 'NONE', *, *, #5378, .F. ) ;
#4748 = CARTESIAN_POINT ( 'NONE',  ( 0.9494185116784300500, 4.209999999999999100, -2.147496488452659500 ) ) ;
#4749 = MANIFOLD_SOLID_BREP ( 'Pin Boss support[1]', #989 ) ;
#4750 = B_SPLINE_SURFACE_WITH_KNOTS ( 'NONE', 3, 1, ( 
 ( #2484, #1209 ),
 ( #8097, #4356 ),
 ( #606, #4999 ),
 ( #1239, #5624 ),
 ( #1861, #6242 ),
 ( #2511, #6856 ),
 ( #3132, #7505 ),
 ( #3755, #3 ),
 ( #4384, #633 ),
 ( #5024, #1258 ),
 ( #5653, #1892 ),
 ( #6264, #2536 ),
 ( #6891, #3159 ),
 ( #7530, #3787 ),
 ( #37, #4529 ),
 ( #775, #5171 ),
 ( #1396, #5791 ),
 ( #2044, #6408 ),
 ( #2673, #7038 ),
 ( #3308, #7673 ),
 ( #3921, #176 ),
 ( #4561, #800 ),
 ( #5194, #1426 ) ),
 .UNSPECIFIED., .F., .F., .F.,
 ( 4, 1, 1, 1, 1, 1, 1, 1, 1, 1, 1, 1, 1, 1, 1, 1, 1, 1, 1, 1, 4 ),
 ( 2, 2 ),
 ( 0.0000000000000000000, 0.05309206303346548200, 0.1041945477645521400, 0.1533749893891694400, 0.2003482751694642100, 0.2459481267179567900, 0.2898889822006430200, 0.3323685284246244400, 0.3737751178979944500, 0.4141558033459351000, 0.4538912753188657500, 0.4928927548750266000, 0.5312188330609320900, 0.5696216262467298500, 0.6080104826535590600, 0.6466147937347543900, 0.6860365952864272400, 0.7648944498707165300, 0.8426066816970312300, 0.9206651884665016900, 1.000000000000000000 ),
 ( 0.0000000000000000000, 1.000000000000000000 ),
 .UNSPECIFIED. ) ;
#4751 = VECTOR ( 'NONE', #1779, 1000.000000000000000 ) ;
#4752 = ADVANCED_FACE ( 'NONE', ( #1730 ), #1536, .F. ) ;
#4753 = CARTESIAN_POINT ( 'NONE',  ( 1.388905598425181900, 4.209999999999998200, -2.093984938400433600 ) ) ;
#4754 = CARTESIAN_POINT ( 'NONE',  ( 0.0000000000000000000, 4.200000000000000200, -4.450000000000000200 ) ) ;
#4755 = VERTEX_POINT ( 'NONE', #1407 ) ;
#4756 = B_SPLINE_CURVE_WITH_KNOTS ( 'NONE', 3,
 ( #2706, #7698, #4589, #829, #5223, #1448, #5849, #2101, #6461, #2737, #7095, #3353, #7722, #3981, #231, #4615, #857, #5250, #1475, #5871, #2131, #6492, #2757 ),
 .UNSPECIFIED., .F., .F.,
 ( 4, 1, 1, 1, 1, 1, 1, 1, 1, 1, 1, 1, 1, 1, 1, 1, 1, 1, 1, 1, 4 ),
 ( 0.0000000000000000000, 0.05693751319199837800, 0.1109356873876957800, 0.1629470182161035000, 0.2135750950779067300, 0.2634554870488303700, 0.3133080682265153600, 0.3639370010948259600, 0.4159483319232332200, 0.4701867483292980200, 0.5274907205729094700, 0.5881161035238918800, 0.6522405194185525400, 0.6864730833420771300, 0.7235791304483799600, 0.7627399543894247700, 0.8048908518991968500, 0.8494867703897157600, 0.8971501235910613900, 0.9469957496459506800, 1.000000000000000000 ),
 .UNSPECIFIED. ) ;
#4757 = CARTESIAN_POINT ( 'NONE',  ( 0.8993953931495561900, 4.210000000000000000, -2.075994053156168000 ) ) ;
#4758 = B_SPLINE_SURFACE_WITH_KNOTS ( 'NONE', 3, 1, ( 
 ( #5687, #728 ),
 ( #5119, #1351 ),
 ( #5748, #1996 ),
 ( #6359, #2634 ),
 ( #6992, #3255 ),
 ( #7626, #3886 ),
 ( #126, #4509 ),
 ( #758, #5149 ),
 ( #1376, #5773 ),
 ( #2027, #6389 ),
 ( #2653, #7020 ),
 ( #3287, #7652 ),
 ( #3908, #159 ),
 ( #4539, #782 ),
 ( #5178, #1405 ),
 ( #5801, #2052 ),
 ( #6418, #2683 ),
 ( #7044, #3315 ),
 ( #7680, #3930 ),
 ( #183, #4570 ),
 ( #807, #5201 ),
 ( #1435, #5831 ),
 ( #2078, #6444 ),
 ( #2714, #7073 ),
 ( #3334, #7705 ),
 ( #3961, #209 ),
 ( #4597, #839 ) ),
 .UNSPECIFIED., .F., .F., .F.,
 ( 4, 1, 1, 1, 1, 1, 1, 1, 1, 1, 1, 1, 1, 1, 1, 1, 1, 1, 1, 1, 1, 1, 1, 1, 4 ),
 ( 2, 2 ),
 ( 0.0000000000000000000, 0.03603840928290494300, 0.07137022724816198500, 0.1061623581883906500, 0.1409256453628491600, 0.1755798967340765300, 0.2101748886402475300, 0.2453424288340128000, 0.2808814129387692800, 0.3164306595283213300, 0.3521947380527800100, 0.3877119045316682100, 0.4236261086232409000, 0.4599367761271676600, 0.4968650332150764700, 0.5347429332724923400, 0.5736376153592132000, 0.6146948646795756800, 0.6586691976842121700, 0.7063258350578347500, 0.7572641007573430700, 0.8121989822690838200, 0.8710078634540126000, 0.9333653670573907000, 1.000000000000000000 ),
 ( 0.0000000000000000000, 1.000000000000000000 ),
 .UNSPECIFIED. ) ;
#4759 = CARTESIAN_POINT ( 'NONE',  ( 1.878652304558971400, 4.199999999999998400, -1.866791877885638300 ) ) ;
#4760 = LINE ( 'NONE', #5013, #1208 ) ;
#4761 = DIRECTION ( 'NONE',  ( 6.913199529551666400E-015, 0.0000000000000000000, 1.000000000000000000 ) ) ;
#4762 = CARTESIAN_POINT ( 'NONE',  ( -0.4721945728079221000, 4.209999999999999100, -2.341277047309212400 ) ) ;
#4763 = CARTESIAN_POINT ( 'NONE',  ( -0.1656049494328878900, 4.199999999999997500, -2.761731317875239200 ) ) ;
#4764 = ORIENTED_EDGE ( 'NONE', *, *, #2300, .T. ) ;
#4765 = ADVANCED_FACE ( 'NONE', ( #5077 ), #1651, .T. ) ;
#4766 = CARTESIAN_POINT ( 'NONE',  ( 1.289936100827265000, 4.209999999999995500, -2.597328148062117300 ) ) ;
#4767 = DIRECTION ( 'NONE',  ( -1.000000000000000000, 0.0000000000000000000, -0.0000000000000000000 ) ) ;
#4768 = LINE ( 'NONE', #2923, #7877 ) ;
#4769 = CARTESIAN_POINT ( 'NONE',  ( 0.8797227927069378700, 4.200000000000000200, -2.195829905243978700 ) ) ;
#4770 = CARTESIAN_POINT ( 'NONE',  ( 1.855980885104555200, 4.199999999999999300, -1.800973875501175500 ) ) ;
#4771 = CARTESIAN_POINT ( 'NONE',  ( 1.370697141302648700, 4.209999999999994600, -2.742816001486212900 ) ) ;
#4772 = VECTOR ( 'NONE', #1884, 1000.000000000000000 ) ;
#4773 = CARTESIAN_POINT ( 'NONE',  ( 0.7615014521888000500, 4.200000000000000200, -2.223493675395140200 ) ) ;
#4774 = EDGE_CURVE ( 'NONE', #6387, #9, #6333, .T. ) ;
#4775 = CARTESIAN_POINT ( 'NONE',  ( -2.365735711819970400, 4.199999999999996600, -1.806798525478311900 ) ) ;
#4776 = CARTESIAN_POINT ( 'NONE',  ( -1.869417430398278200, 4.209999999999999100, -1.492034535574771300 ) ) ;
#4777 = ORIENTED_EDGE ( 'NONE', *, *, #6733, .T. ) ;
#4778 = ORIENTED_EDGE ( 'NONE', *, *, #6565, .F. ) ;
#4779 = CARTESIAN_POINT ( 'NONE',  ( 1.053107261623089000, 4.200000000000002000, -2.159456571875156200 ) ) ;
#4780 = CARTESIAN_POINT ( 'NONE',  ( 1.706718004239859800, 4.210000000000000000, -1.542322083864804800 ) ) ;
#4781 = FACE_OUTER_BOUND ( 'NONE', #3084, .T. ) ;
#4782 = CARTESIAN_POINT ( 'NONE',  ( 5.510910596163089600E-016, 0.2999999999999999900, -1.300000000000000300 ) ) ;
#4783 = CARTESIAN_POINT ( 'NONE',  ( 1.849072139871380100, 4.209999999999995500, -2.010842473076878800 ) ) ;
#4784 = CARTESIAN_POINT ( 'NONE',  ( 0.8238321944967539300, 4.199999999999997500, -2.590510494306896400 ) ) ;
#4785 = DIRECTION ( 'NONE',  ( -0.8360169679580020700, 0.0000000000000000000, -0.5487035896422666200 ) ) ;
#4786 = ORIENTED_EDGE ( 'NONE', *, *, #3025, .F. ) ;
#4787 = CARTESIAN_POINT ( 'NONE',  ( -0.4832444660801925600, 4.199999999999995700, -3.001256295087193900 ) ) ;
#4788 = AXIS2_PLACEMENT_3D ( 'NONE', #7135, #3403, #7773 ) ;
#4789 = ORIENTED_EDGE ( 'NONE', *, *, #663, .T. ) ;
#4790 = VECTOR ( 'NONE', #76, 1000.000000000000100 ) ;
#4791 = CARTESIAN_POINT ( 'NONE',  ( 1.776746188676701300, 4.209999999999996400, -1.895642776823187400 ) ) ;
#4792 = CARTESIAN_POINT ( 'NONE',  ( -0.3780561601040103300, 4.199999999999999300, -2.317452759645902900 ) ) ;
#4793 = CARTESIAN_POINT ( 'NONE',  ( -2.361327338630545100, 4.199999999999999300, -1.239501228121634900 ) ) ;
#4794 = ADVANCED_FACE ( 'NONE', ( #4893 ), #1678, .T. ) ;
#4795 = CARTESIAN_POINT ( 'NONE',  ( 1.385777326169350900, 4.199999999999997500, -2.555966441933375000 ) ) ;
#4796 = CARTESIAN_POINT ( 'NONE',  ( -2.198157684633801300, 4.200000000000000200, -1.070646634118111300 ) ) ;
#4797 = CARTESIAN_POINT ( 'NONE',  ( -0.6472351254995529800, 4.199999999999998400, -2.417949444091532100 ) ) ;
#4798 = CARTESIAN_POINT ( 'NONE',  ( 0.5106413617645558800, 4.200000000000000200, -2.620851900221099900 ) ) ;
#4799 = CARTESIAN_POINT ( 'NONE',  ( 1.185458161800011300, 4.209999999999996400, -2.318131600110253200 ) ) ;
#4800 = ADVANCED_FACE ( 'NONE', ( #7997 ), #7113, .T. ) ;
#4801 = CARTESIAN_POINT ( 'NONE',  ( 0.6185989390978344800, 4.209999999999997300, -2.647630108511695100 ) ) ;
#4802 = B_SPLINE_SURFACE_WITH_KNOTS ( 'NONE', 3, 1, ( 
 ( #3351, #1559 ),
 ( #6568, #2844 ),
 ( #7201, #3462 ),
 ( #7828, #4093 ),
 ( #336, #4730 ),
 ( #965, #5356 ),
 ( #1592, #5975 ),
 ( #2241, #6602 ),
 ( #2870, #7224 ),
 ( #3488, #7854 ),
 ( #4112, #366 ),
 ( #4762, #988 ),
 ( #5382, #1617 ),
 ( #6000, #2262 ),
 ( #6629, #2903 ),
 ( #7246, #3515 ),
 ( #7885, #4143 ),
 ( #389, #4792 ),
 ( #1019, #5403 ) ),
 .UNSPECIFIED., .F., .F., .F.,
 ( 4, 1, 1, 1, 1, 1, 1, 1, 1, 1, 1, 1, 1, 1, 1, 1, 4 ),
 ( 2, 2 ),
 ( 0.0000000000000000000, 0.1162346539445180400, 0.2223742624487478600, 0.3189739504898505600, 0.4054563401456547400, 0.4829087607039619400, 0.5512985082265275900, 0.6113322229072144500, 0.6637062699382364500, 0.7112885638301029700, 0.7561754893796245300, 0.7986414864104927100, 0.8396273746368165800, 0.8794685925124146000, 0.9192089739139919200, 0.9589968396078059100, 1.000000000000000000 ),
 ( 0.0000000000000000000, 1.000000000000000000 ),
 .UNSPECIFIED. ) ;
#4803 = CARTESIAN_POINT ( 'NONE',  ( -0.4950337568247608100, 4.210000000000001700, -2.246209999632277700 ) ) ;
#4804 = EDGE_CURVE ( 'NONE', #8036, #5455, #3685, .T. ) ;
#4805 = CARTESIAN_POINT ( 'NONE',  ( 0.9264242529554513900, 4.199999999999995700, -2.768527289730734300 ) ) ;
#4806 = EDGE_CURVE ( 'NONE', #845, #2229, #1339, .T. ) ;
#4807 = CARTESIAN_POINT ( 'NONE',  ( -0.5309681032693368600, 4.209999999999994600, -2.985182326427233200 ) ) ;
#4808 = CARTESIAN_POINT ( 'NONE',  ( 0.2796588013326054600, 4.210000000000000000, -2.240268146950447700 ) ) ;
#4809 = CARTESIAN_POINT ( 'NONE',  ( -2.513327492701311600, 4.209999999999995500, -1.210210363198900500 ) ) ;
#4810 = CARTESIAN_POINT ( 'NONE',  ( 1.769275736731351400, 4.199999999999997500, -1.989606402136042500 ) ) ;
#4811 = DIRECTION ( 'NONE',  ( 0.0000000000000000000, 0.0000000000000000000, -1.000000000000000000 ) ) ;
#4812 = CARTESIAN_POINT ( 'NONE',  ( -2.085427680909769600, 4.199999999999999300, -1.196052701272775300 ) ) ;
#4813 = EDGE_LOOP ( 'NONE', ( #7872, #1191, #7335, #2025 ) ) ;
#4814 = EDGE_CURVE ( 'NONE', #7056, #456, #3030, .T. ) ;
#4815 = CARTESIAN_POINT ( 'NONE',  ( -0.4311747980709432800, 4.209999999999994600, -3.000037908853487000 ) ) ;
#4816 = CARTESIAN_POINT ( 'NONE',  ( 1.334359476637978000, 4.209999999999995500, -2.387877240951263000 ) ) ;
#4817 = CARTESIAN_POINT ( 'NONE',  ( -2.389894785409441400, 4.209999999999996400, -1.123654941032805600 ) ) ;
#4818 = EDGE_LOOP ( 'NONE', ( #3352, #2974, #1053, #2094, #6653 ) ) ;
#4819 = PLANE ( 'NONE',  #4702 ) ;
#4820 = ORIENTED_EDGE ( 'NONE', *, *, #2863, .T. ) ;
#4821 = DIRECTION ( 'NONE',  ( 0.0000000000000000000, -1.000000000000000000, 0.0000000000000000000 ) ) ;
#4822 = CARTESIAN_POINT ( 'NONE',  ( 2.082271379832647500, 4.199999999999995700, -2.258237630827755600 ) ) ;
#4823 = VERTEX_POINT ( 'NONE', #1650 ) ;
#4824 = CARTESIAN_POINT ( 'NONE',  ( 1.317732615225249100, 4.209999999999997300, -2.349330068250662600 ) ) ;
#4825 = CARTESIAN_POINT ( 'NONE',  ( 1.924742226289856600, 4.199999999999997500, -2.004570890131209800 ) ) ;
#4826 = ORIENTED_EDGE ( 'NONE', *, *, #2191, .T. ) ;
#4827 = CARTESIAN_POINT ( 'NONE',  ( -2.143175550350918900, 4.200000000000000200, -1.072937998704909900 ) ) ;
#4828 = ADVANCED_FACE ( 'NONE', ( #4481 ), #5418, .F. ) ;
#4829 = CARTESIAN_POINT ( 'NONE',  ( 1.160584349673167400, 4.199999999999994800, -2.886963831074474700 ) ) ;
#4830 = VERTEX_POINT ( 'NONE', #4798 ) ;
#4831 = CARTESIAN_POINT ( 'NONE',  ( -0.5863252192061057000, 4.199999999999995700, -2.923403361784502300 ) ) ;
#4832 = DIRECTION ( 'NONE',  ( -0.9767574455669368900, 6.409896394124591700E-015, 0.2143475974429202800 ) ) ;
#4833 = FACE_OUTER_BOUND ( 'NONE', #1195, .T. ) ;
#4834 = ORIENTED_EDGE ( 'NONE', *, *, #975, .F. ) ;
#4835 = CARTESIAN_POINT ( 'NONE',  ( 1.249999999999965100, 0.2999999999999999900, -5.000000000000008900 ) ) ;
#4836 = DIRECTION ( 'NONE',  ( -0.0000000000000000000, 1.000000000000000000, -0.0000000000000000000 ) ) ;
#4837 = VERTEX_POINT ( 'NONE', #3552 ) ;
#4838 = AXIS2_PLACEMENT_3D ( 'NONE', #2502, #6848, #3126 ) ;
#4839 = VERTEX_POINT ( 'NONE', #7920 ) ;
#4840 = CARTESIAN_POINT ( 'NONE',  ( 1.990048006598502000, 4.209999999999992900, -2.247261612062713400 ) ) ;
#4841 = CARTESIAN_POINT ( 'NONE',  ( -2.420664715009985800, 4.209999999999999100, -1.279960874199482600 ) ) ;
#4842 = FACE_OUTER_BOUND ( 'NONE', #324, .T. ) ;
#4843 = ORIENTED_EDGE ( 'NONE', *, *, #3238, .T. ) ;
#4844 = DIRECTION ( 'NONE',  ( 0.0000000000000000000, -0.0000000000000000000, -1.000000000000000000 ) ) ;
#4845 = CARTESIAN_POINT ( 'NONE',  ( 0.6185989390978344800, 4.209999999999997300, -2.647630108511695100 ) ) ;
#4846 = CARTESIAN_POINT ( 'NONE',  ( 1.693416431372076500, 4.209999999999997300, -2.075187785887667100 ) ) ;
#4847 = ORIENTED_EDGE ( 'NONE', *, *, #1547, .F. ) ;
#4848 = ORIENTED_EDGE ( 'NONE', *, *, #7620, .F. ) ;
#4849 = DIRECTION ( 'NONE',  ( 0.0000000000000000000, 0.0000000000000000000, -1.000000000000000000 ) ) ;
#4850 = VECTOR ( 'NONE', #774, 1000.000000000000000 ) ;
#4851 = CARTESIAN_POINT ( 'NONE',  ( 0.4299668905322612300, 4.199999999999994800, -3.082087218065616700 ) ) ;
#4852 = EDGE_CURVE ( 'NONE', #4424, #6844, #7805, .T. ) ;
#4853 = CARTESIAN_POINT ( 'NONE',  ( 2.044117877660307500, 4.209999999999995500, -2.074067094836563400 ) ) ;
#4854 = APPROVAL_PERSON_ORGANIZATION ( #6500, #1014, #2795 ) ;
#4855 = EDGE_CURVE ( 'NONE', #7545, #7308, #4692, .T. ) ;
#4856 = CARTESIAN_POINT ( 'NONE',  ( 1.183425225173317700, 4.210000000000000000, -2.136050350517096700 ) ) ;
#4857 = ORIENTED_EDGE ( 'NONE', *, *, #2763, .T. ) ;
#4858 = AXIS2_PLACEMENT_3D ( 'NONE', #4634, #7027, #4548 ) ;
#4859 = CARTESIAN_POINT ( 'NONE',  ( 0.09267762295996570500, 4.210000000000000000, -2.336034324289558000 ) ) ;
#4860 = CARTESIAN_POINT ( 'NONE',  ( 0.8682607867934143400, 4.200000000000000200, -2.411016750113876000 ) ) ;
#4861 = CARTESIAN_POINT ( 'NONE',  ( 2.492323008757928000, 4.199999999999996600, -1.559850698494045900 ) ) ;
#4862 = LINE ( 'NONE', #3088, #3188 ) ;
#4863 = LINE ( 'NONE', #6279, #6510 ) ;
#4864 = CARTESIAN_POINT ( 'NONE',  ( 0.1527033574734318900, 4.199999999999999300, -2.472242296409848700 ) ) ;
#4865 = CARTESIAN_POINT ( 'NONE',  ( 0.1921316299714601600, 4.199999999999996600, -2.772475890288654400 ) ) ;
#4866 = CARTESIAN_POINT ( 'NONE',  ( 0.9662440602222082100, 4.199999999999998400, -2.143958059313379600 ) ) ;
#4867 = EDGE_CURVE ( 'NONE', #1197, #3266, #7612, .T. ) ;
#4868 = FACE_OUTER_BOUND ( 'NONE', #2551, .T. ) ;
#4869 = CARTESIAN_POINT ( 'NONE',  ( 0.3253305105843878900, 4.209999999999995500, -2.999452600254090700 ) ) ;
#4870 = EDGE_CURVE ( 'NONE', #3929, #5104, #2243, .T. ) ;
#4871 = CARTESIAN_POINT ( 'NONE',  ( -1.757701028128108200, 4.200000000000000200, -1.537414702769505800 ) ) ;
#4872 = FACE_OUTER_BOUND ( 'NONE', #5461, .T. ) ;
#4873 = CARTESIAN_POINT ( 'NONE',  ( -2.396503949270180300, 4.209999999999996400, -1.262927280451564800 ) ) ;
#4874 = ADVANCED_FACE ( 'NONE', ( #956 ), #2338, .F. ) ;
#4875 = CARTESIAN_POINT ( 'NONE',  ( 0.5231969994938883200, 4.209999999999996400, -2.790259080370737400 ) ) ;
#4876 = CARTESIAN_POINT ( 'NONE',  ( 2.069524473575530700, 4.199999999999997500, -2.113652383843863400 ) ) ;
#4878 = EDGE_LOOP ( 'NONE', ( #2833, #5510, #6623, #6564 ) ) ;
#4877 = CARTESIAN_POINT ( 'NONE',  ( 0.5808944442574774900, 4.200000000000003700, -2.476307282991149400 ) ) ;
#4879 = CARTESIAN_POINT ( 'NONE',  ( 0.3850753432790003900, 4.209999999999997300, -2.625887846582186200 ) ) ;
#4880 = CARTESIAN_POINT ( 'NONE',  ( 0.1929693183537817800, 4.209999999999995500, -2.822110729252379300 ) ) ;
#4881 = EDGE_LOOP ( 'NONE', ( #2712, #7758 ) ) ;
#4882 = LINE ( 'NONE', #5154, #3208 ) ;
#4883 = EDGE_CURVE ( 'NONE', #7366, #3829, #769, .T. ) ;
#4884 = CARTESIAN_POINT ( 'NONE',  ( 0.6111319640341894600, 4.199999999999997500, -2.907445005759787400 ) ) ;
#4885 = CARTESIAN_POINT ( 'NONE',  ( 1.929687874841104200, 4.199999999999997500, -2.336404923922630300 ) ) ;
#4886 = ORIENTED_EDGE ( 'NONE', *, *, #5688, .T. ) ;
#4887 = CARTESIAN_POINT ( 'NONE',  ( 0.9408456985820598000, 4.210000000000000900, -2.060956839865940400 ) ) ;
#4888 = B_SPLINE_SURFACE_WITH_KNOTS ( 'NONE', 3, 1, ( 
 ( #5917, #4021 ),
 ( #2175, #6540 ),
 ( #2811, #7160 ),
 ( #3424, #7800 ),
 ( #4053, #299 ),
 ( #4698, #938 ),
 ( #5317, #1553 ),
 ( #5946, #2208 ),
 ( #6559, #2839 ),
 ( #7191, #3453 ),
 ( #7821, #4083 ) ),
 .UNSPECIFIED., .F., .F., .F.,
 ( 4, 1, 1, 1, 1, 1, 1, 1, 4 ),
 ( 2, 2 ),
 ( 0.0000000000000000000, 0.1502416863489467200, 0.2932441302384928300, 0.4288197962993665100, 0.5580831118918365700, 0.6790332632111932800, 0.7934741198663458600, 0.8998559695680260500, 1.000000000000000000 ),
 ( 0.0000000000000000000, 1.000000000000000000 ),
 .UNSPECIFIED. ) ;
#4889 = CARTESIAN_POINT ( 'NONE',  ( 0.2716425764013020200, 4.200000000000002000, -2.326757410454952900 ) ) ;
#4890 = CARTESIAN_POINT ( 'NONE',  ( -2.507670778965174700, 4.200000000000002000, -1.375064959134618900 ) ) ;
#4891 = ORIENTED_EDGE ( 'NONE', *, *, #6617, .T. ) ;
#4892 = CARTESIAN_POINT ( 'NONE',  ( -0.6087917548320924700, 4.209999999999996400, -2.768964919007416800 ) ) ;
#4893 = FACE_OUTER_BOUND ( 'NONE', #2562, .T. ) ;
#4894 = DIRECTION ( 'NONE',  ( 0.0000000000000000000, -1.000000000000000000, 0.0000000000000000000 ) ) ;
#4895 = CARTESIAN_POINT ( 'NONE',  ( 1.441325451736631200, 4.200000000000000200, -1.887600340273682300 ) ) ;
#4896 = CARTESIAN_POINT ( 'NONE',  ( 0.1784489972705422300, 4.209999999999999100, -2.380334517244530300 ) ) ;
#4897 = CARTESIAN_POINT ( 'NONE',  ( 0.3287682247581223400, 4.199999999999998400, -2.627284384649794200 ) ) ;
#4898 = CARTESIAN_POINT ( 'NONE',  ( 1.205486191807512200, 4.199999999999998400, -2.358805714924534100 ) ) ;
#4899 = CARTESIAN_POINT ( 'NONE',  ( 0.1937586722407250700, 4.209999999999998200, -2.828608813603745700 ) ) ;
#4900 = CARTESIAN_POINT ( 'NONE',  ( -1.843448621417450600, 4.200000000000001100, -1.274499461255107900 ) ) ;
#4901 = CARTESIAN_POINT ( 'NONE',  ( 1.894748698573800900, 4.199999999999996600, -2.094143742300592400 ) ) ;
#4902 = CARTESIAN_POINT ( 'NONE',  ( 1.492592078644308100, 4.209999999999999100, -1.804344594242983200 ) ) ;
#4903 = CARTESIAN_POINT ( 'NONE',  ( 0.4934299956658456700, 4.209999999999999100, -2.321707923024025200 ) ) ;
#4905 = CARTESIAN_POINT ( 'NONE',  ( 1.874420839322750800, 4.199999999999994000, -2.454627458804434800 ) ) ;
#4904 = CARTESIAN_POINT ( 'NONE',  ( 0.4707362876387090100, 4.199999999999997500, -2.670731353428293700 ) ) ;
#4906 = B_SPLINE_CURVE_WITH_KNOTS ( 'NONE', 3,
 ( #1705, #5466, #1075, #2357, #6713, #2987, #7336, #3601, #7971, #4220, #475, #4876, #1104, #5488, #1733 ),
 .UNSPECIFIED., .F., .F.,
 ( 4, 1, 1, 1, 1, 1, 1, 1, 1, 1, 1, 1, 4 ),
 ( 0.0000000000000000000, 0.09216550349165848800, 0.1819839355272872300, 0.2703043905840875100, 0.3584157652291851100, 0.4447913453304790400, 0.5274662956955273900, 0.6085246492727785000, 0.6892296081624366100, 0.7688812256349580900, 0.8462285888204613700, 0.9227642774214311900, 1.000000000000000000 ),
 .UNSPECIFIED. ) ;
#4907 = CARTESIAN_POINT ( 'NONE',  ( 0.2057716478311971100, 4.199999999999995700, -2.722348569265349700 ) ) ;
#4908 = DIRECTION ( 'NONE',  ( -0.0000000000000000000, 1.000000000000000000, 0.0000000000000000000 ) ) ;
#4909 = CARTESIAN_POINT ( 'NONE',  ( 1.840278234394300700, 4.209999999999993700, -2.364351038734283000 ) ) ;
#4910 = CARTESIAN_POINT ( 'NONE',  ( -0.5415754193448102400, 4.200000000000001100, -2.272367741165615600 ) ) ;
#4911 = CARTESIAN_POINT ( 'NONE',  ( 0.3758352871773774600, 4.200000000000002000, -2.345598722936525600 ) ) ;
#4912 = CARTESIAN_POINT ( 'NONE',  ( 0.8189439072916924200, 4.209999999999997300, -2.579404191176580600 ) ) ;
#4913 = EDGE_CURVE ( 'NONE', #6092, #4424, #7417, .T. ) ;
#4914 = CARTESIAN_POINT ( 'NONE',  ( -2.575031150993469800, 4.200000000000000200, -1.750165043712550200 ) ) ;
#4915 = ADVANCED_FACE ( 'NONE', ( #4091 ), #6155, .T. ) ;
#4916 = CARTESIAN_POINT ( 'NONE',  ( -0.5835752193572305600, 4.199999999999995700, -2.928723299217788100 ) ) ;
#4917 = DIRECTION ( 'NONE',  ( 0.0000000000000000000, 2.174659202760622000E-013, 1.000000000000000000 ) ) ;
#4918 = CARTESIAN_POINT ( 'NONE',  ( 0.2716425764013020200, 4.200000000000000200, -2.326757410454952900 ) ) ;
#4919 = DIRECTION ( 'NONE',  ( 0.0000000000000000000, -1.000000000000000000, 0.0000000000000000000 ) ) ;
#4920 = CARTESIAN_POINT ( 'NONE',  ( -0.3237421833826456500, 4.199999999999998400, -2.335398121775528000 ) ) ;
#4921 = ORIENTED_EDGE ( 'NONE', *, *, #2443, .F. ) ;
#4922 = ORIENTED_EDGE ( 'NONE', *, *, #2834, .T. ) ;
#4923 = CARTESIAN_POINT ( 'NONE',  ( -1.919821543715028300, 4.200000000000001100, -1.182868918999382200 ) ) ;
#4924 = EDGE_CURVE ( 'NONE', #4480, #4746, #7437, .T. ) ;
#4925 = CARTESIAN_POINT ( 'NONE',  ( 0.8502595676719260100, 4.209999999999999100, -2.265266829145645000 ) ) ;
#4926 = CARTESIAN_POINT ( 'NONE',  ( 0.5258572431755386100, 4.199999999999996600, -2.811407200248059500 ) ) ;
#4927 = CARTESIAN_POINT ( 'NONE',  ( 1.584233315428260400, 4.209999999999998200, -1.762426956207142200 ) ) ;
#4928 = VERTEX_POINT ( 'NONE', #1189 ) ;
#4929 = EDGE_CURVE ( 'NONE', #4651, #204, #5953, .T. ) ;
#4931 = CARTESIAN_POINT ( 'NONE',  ( 1.994693006324582000, 4.209999999999993700, -2.392777882021430300 ) ) ;
#4930 = CARTESIAN_POINT ( 'NONE',  ( 0.5220944640221653100, 4.209999999999997300, -2.783165382711124900 ) ) ;
#4932 = VECTOR ( 'NONE', #2842, 1000.000000000000000 ) ;
#4933 = ORIENTED_EDGE ( 'NONE', *, *, #5293, .F. ) ;
#4934 = CARTESIAN_POINT ( 'NONE',  ( 0.1880183868763711000, 4.209999999999999100, -2.367526859509710300 ) ) ;
#4935 = CARTESIAN_POINT ( 'NONE',  ( 1.755659656604422900, 4.199999999999996600, -2.333947142109048700 ) ) ;
#4936 = ORIENTED_EDGE ( 'NONE', *, *, #6622, .F. ) ;
#4937 = CARTESIAN_POINT ( 'NONE',  ( 1.667644344692589500, 4.199999999999996600, -2.398627619164569700 ) ) ;
#4938 = AXIS2_PLACEMENT_3D ( 'NONE', #2954, #1697, #6078 ) ;
#4939 = CARTESIAN_POINT ( 'NONE',  ( 0.4757471392446286900, 4.209999999999997300, -2.477970038984441000 ) ) ;
#4940 = FACE_OUTER_BOUND ( 'NONE', #3064, .T. ) ;
#4941 = CARTESIAN_POINT ( 'NONE',  ( 0.8949284269791890600, 4.199999999999994800, -2.724523035879648200 ) ) ;
#4942 = EDGE_LOOP ( 'NONE', ( #6755, #7414, #715, #3204 ) ) ;
#4943 = PLANE ( 'NONE',  #1321 ) ;
#4944 = ORIENTED_EDGE ( 'NONE', *, *, #7032, .F. ) ;
#4945 = CARTESIAN_POINT ( 'NONE',  ( 0.1652930117583982000, 4.209999999999997300, -2.600917463651638800 ) ) ;
#4946 = CARTESIAN_POINT ( 'NONE',  ( 0.3872103203919197200, 4.200000000000000200, -2.543716372579171400 ) ) ;
#4947 = VERTEX_POINT ( 'NONE', #613 ) ;
#4948 = VECTOR ( 'NONE', #2061, 1000.000000000000000 ) ;
#4949 = CARTESIAN_POINT ( 'NONE',  ( 1.985990749504155300, 4.209999999999998200, -2.183354800025993900 ) ) ;
#4950 = CARTESIAN_POINT ( 'NONE',  ( -0.2499286328252434400, 4.210000000000000000, -2.452815776659473800 ) ) ;
#4951 = PLANE ( 'NONE',  #986 ) ;
#4952 = EDGE_LOOP ( 'NONE', ( #5148, #4936, #2770, #3408 ) ) ;
#4953 = CARTESIAN_POINT ( 'NONE',  ( 2.532528946950007000, 4.209999999999993700, -1.608386302385318200 ) ) ;
#4954 = CARTESIAN_POINT ( 'NONE',  ( -2.089702021258697900, 4.210000000000000000, -1.083650104641570700 ) ) ;
#4955 = ADVANCED_FACE ( 'NONE', ( #5759 ), #1245, .T. ) ;
#4956 = VECTOR ( 'NONE', #1721, 1000.000000000000000 ) ;
#4957 = CARTESIAN_POINT ( 'NONE',  ( 0.4966276559569877700, 4.209999999999992900, -2.936485354197223800 ) ) ;
#4958 = CARTESIAN_POINT ( 'NONE',  ( 1.684118792276156700, 4.200000000000000200, -1.780276388945523800 ) ) ;
#4960 = CARTESIAN_POINT ( 'NONE',  ( 1.225109932574491400, 4.209999999999997300, -2.402813738606782500 ) ) ;
#4959 = CARTESIAN_POINT ( 'NONE',  ( -0.3111373992773836000, 4.199999999999995700, -2.886100196733467600 ) ) ;
#4961 = SHAPE_REPRESENTATION_RELATIONSHIP ( 'NONE' , 'NONE' ,  #3678, #1069 ) ;
#4962 = ORIENTED_EDGE ( 'NONE', *, *, #602, .F. ) ;
#4963 = DIRECTION ( 'NONE',  ( 0.0000000000000000000, 1.000000000000000000, 0.0000000000000000000 ) ) ;
#4964 = EDGE_CURVE ( 'NONE', #4078, #6106, #7213, .T. ) ;
#4965 = LINE ( 'NONE', #2892, #144 ) ;
#4966 = EDGE_CURVE ( 'NONE', #7362, #907, #2434, .T. ) ;
#4967 = B_SPLINE_CURVE_WITH_KNOTS ( 'NONE', 3,
 ( #4508, #1374, #3928, #182, #4567 ),
 .UNSPECIFIED., .F., .F.,
 ( 4, 1, 4 ),
 ( 0.0000000000000000000, 0.4165703817114461700, 1.000000000000000000 ),
 .UNSPECIFIED. ) ;
#4968 = CC_DESIGN_PERSON_AND_ORGANIZATION_ASSIGNMENT ( #5628, #7753, ( #3693 ) ) ;
#4969 = FACE_OUTER_BOUND ( 'NONE', #2661, .T. ) ;
#4970 = CARTESIAN_POINT ( 'NONE',  ( 1.010039380886872800, 4.209999999999993700, -2.846188263248848700 ) ) ;
#4971 = VERTEX_POINT ( 'NONE', #3140 ) ;
#4972 = PLANE ( 'NONE',  #3407 ) ;
#4973 = CARTESIAN_POINT ( 'NONE',  ( -0.1407431097426143600, 4.199999999999999300, -2.540765307435016100 ) ) ;
#4974 = LINE ( 'NONE', #6822, #1819 ) ;
#4975 = CARTESIAN_POINT ( 'NONE',  ( 1.987133379528592800, 4.199999999999998400, -2.260088207502758600 ) ) ;
#4976 = CARTESIAN_POINT ( 'NONE',  ( -0.2580035316488272200, 4.199999999999995700, -2.670253019638740600 ) ) ;
#4977 = EDGE_CURVE ( 'NONE', #6902, #6855, #3896, .T. ) ;
#4978 = CARTESIAN_POINT ( 'NONE',  ( 0.5106413617645558800, 4.209999999999997300, -2.620851900221099900 ) ) ;
#4979 = ORIENTED_EDGE ( 'NONE', *, *, #2142, .T. ) ;
#4980 = CARTESIAN_POINT ( 'NONE',  ( 2.426298246816001900, 4.209999999999994600, -1.584381844701981100 ) ) ;
#4981 = FACE_OUTER_BOUND ( 'NONE', #627, .T. ) ;
#4982 = CARTESIAN_POINT ( 'NONE',  ( 0.4223111802189886100, 4.199999999999994800, -2.996570683950970700 ) ) ;
#4983 = CARTESIAN_POINT ( 'NONE',  ( -2.384260044619015900, 4.209999999999997300, -1.254295199003393900 ) ) ;
#4984 = CARTESIAN_POINT ( 'NONE',  ( 0.7563041846757374600, 4.199999999999998400, -2.384989800682172100 ) ) ;
#4985 = CARTESIAN_POINT ( 'NONE',  ( 1.987133379528592800, 4.199999999999996600, -2.260088207502758600 ) ) ;
#4986 = CARTESIAN_POINT ( 'NONE',  ( 0.1722177304072751200, 4.199999999999997500, -3.022534609037976800 ) ) ;
#4987 = CARTESIAN_POINT ( 'NONE',  ( -1.771021791777901000, 4.210000000000000000, -1.442512417636588000 ) ) ;
#4988 = CARTESIAN_POINT ( 'NONE',  ( 1.121107143034658900, 4.199999999999995700, -2.887131796143884300 ) ) ;
#4989 = CARTESIAN_POINT ( 'NONE',  ( 1.370100995422837800, 4.200000000000001100, -1.818425426326892200 ) ) ;
#4990 = CARTESIAN_POINT ( 'NONE',  ( -2.653484551123721900, 4.199999999999997500, -1.454841635673157700 ) ) ;
#4991 = CARTESIAN_POINT ( 'NONE',  ( 1.840278234394300700, 4.209999999999993700, -2.364351038734283000 ) ) ;
#4992 = DIRECTION ( 'NONE',  ( 0.0000000000000000000, -1.000000000000000000, 0.0000000000000000000 ) ) ;
#4993 = CARTESIAN_POINT ( 'NONE',  ( -0.1717256716834263100, 4.209999999999999100, -2.375696089221789100 ) ) ;
#4994 = CARTESIAN_POINT ( 'NONE',  ( 1.940945139533726900, 4.209999999999994600, -2.327174586340534600 ) ) ;
#4995 = CARTESIAN_POINT ( 'NONE',  ( 1.142377156333918900, 4.209999999999996400, -2.798405227442574400 ) ) ;
#4996 = CARTESIAN_POINT ( 'NONE',  ( 0.1996732876713106500, 4.209999999999996400, -2.738369942887148400 ) ) ;
#4997 = CARTESIAN_POINT ( 'NONE',  ( 0.9333450869807556900, 4.209999999999999100, -2.153950345585571300 ) ) ;
#4998 = B_SPLINE_CURVE_WITH_KNOTS ( 'NONE', 3,
 ( #2129, #5870, #2756, #7121, #3383, #7747, #4005, #259, #4646, #880, #5278, #1509, #5893, #2155, #6519, #2789, #7141, #3412, #7781, #4030, #285, #4680, #914, #5300, #1540, #5925, #2184 ),
 .UNSPECIFIED., .F., .F.,
 ( 4, 1, 1, 1, 1, 1, 1, 1, 1, 1, 1, 1, 1, 1, 1, 1, 1, 1, 1, 1, 1, 1, 1, 1, 4 ),
 ( 0.0000000000000000000, 0.06272759149621377800, 0.1225453566919819100, 0.1791031457429747600, 0.2330955444949627500, 0.2837474367562940500, 0.3319908623763714300, 0.3772617988179323100, 0.4201858599960460200, 0.4610492436928377300, 0.5004966391926397600, 0.5386574316515699800, 0.5756370165372377600, 0.6112409315985335400, 0.6464728662112539900, 0.6811543454719513100, 0.7150471040341475100, 0.7488886766446677400, 0.7826777031828176000, 0.8167706238453112900, 0.8512980598439243700, 0.8865742495210561200, 0.9230915419389565900, 0.9608171627558128600, 1.000000000000000000 ),
 .UNSPECIFIED. ) ;
#4999 = CARTESIAN_POINT ( 'NONE',  ( -2.361327338630545100, 4.199999999999996600, -1.239501228121634900 ) ) ;
#5000 = CARTESIAN_POINT ( 'NONE',  ( 0.2715936612929004100, 4.199999999999998400, -2.543696002785966700 ) ) ;
#5002 = CARTESIAN_POINT ( 'NONE',  ( 1.738276070434710400, 4.209999999999998200, -1.823969762679101600 ) ) ;
#5001 = CARTESIAN_POINT ( 'NONE',  ( 1.191282548134748900, 4.199999999999997500, -2.792598070003174700 ) ) ;
#5003 = ORIENTED_EDGE ( 'NONE', *, *, #1436, .T. ) ;
#5004 = CARTESIAN_POINT ( 'NONE',  ( -2.495222136314718200, 4.200000000000000200, -1.697905130528073700 ) ) ;
#5005 = ORIENTED_EDGE ( 'NONE', *, *, #663, .F. ) ;
#5006 = ORIENTED_EDGE ( 'NONE', *, *, #5447, .F. ) ;
#5007 = DIRECTION ( 'NONE',  ( 0.0000000000000000000, -1.000000000000000000, 0.0000000000000000000 ) ) ;
#5008 = CARTESIAN_POINT ( 'NONE',  ( 1.242459085142817900, 4.209999999999994600, -2.864466976540323500 ) ) ;
#5009 = CARTESIAN_POINT ( 'NONE',  ( 1.340925931556623800, 4.209999999999999100, -1.981821424929620000 ) ) ;
#5010 = ORIENTED_EDGE ( 'NONE', *, *, #6831, .F. ) ;
#5011 = CARTESIAN_POINT ( 'NONE',  ( -2.630194129284881400, 4.209999999999992900, -1.644404743454416000 ) ) ;
#5012 = CARTESIAN_POINT ( 'NONE',  ( 0.5256140153241835000, 4.199999999999996600, -2.851745648038191700 ) ) ;
#5013 = CARTESIAN_POINT ( 'NONE',  ( 0.3910792990359905900, 4.209999999999994600, -3.004194789431663200 ) ) ;
#5014 = CARTESIAN_POINT ( 'NONE',  ( -0.5432752654758672400, 4.199999999999998400, -2.433930682993194600 ) ) ;
#5015 = CARTESIAN_POINT ( 'NONE',  ( -0.2432235116688262200, 4.200000000000000200, -2.280549294185786600 ) ) ;
#5016 = ORIENTED_EDGE ( 'NONE', *, *, #1702, .F. ) ;
#5017 = CARTESIAN_POINT ( 'NONE',  ( 1.057523586769559600, 4.209999999999995500, -2.761898292954595700 ) ) ;
#5018 = CARTESIAN_POINT ( 'NONE',  ( 0.2571943781377258300, 4.210000000000000000, -2.243096808470071300 ) ) ;
#5019 = VERTEX_POINT ( 'NONE', #5032 ) ;
#5020 = CARTESIAN_POINT ( 'NONE',  ( 1.071473526460497100, 4.209999999999997300, -2.169155298896285900 ) ) ;
#5021 = CIRCLE ( 'NONE', #1935, 0.2999999999999999300 ) ;
#5022 = ORIENTED_EDGE ( 'NONE', *, *, #4262, .T. ) ;
#5023 = EDGE_CURVE ( 'NONE', #547, #1215, #5564, .T. ) ;
#5024 = CARTESIAN_POINT ( 'NONE',  ( -2.205721033979192400, 4.209999999999998200, -1.181868311860895200 ) ) ;
#5025 = CARTESIAN_POINT ( 'NONE',  ( 0.3854736268777442200, 4.199999999999995700, -3.004825838486362400 ) ) ;
#5026 = CARTESIAN_POINT ( 'NONE',  ( 0.1323138648317495600, 4.209999999999996400, -2.639167171217108100 ) ) ;
#5028 = CARTESIAN_POINT ( 'NONE',  ( 0.4865844231667082500, 4.199999999999999300, -2.507419966116782200 ) ) ;
#5027 = CARTESIAN_POINT ( 'NONE',  ( 1.083990051750216300, 4.209999999999993700, -2.779307842317764600 ) ) ;
#5029 = VERTEX_POINT ( 'NONE', #641 ) ;
#5030 = ORIENTED_EDGE ( 'NONE', *, *, #4496, .T. ) ;
#5031 = FACE_OUTER_BOUND ( 'NONE', #5756, .T. ) ;
#5032 = CARTESIAN_POINT ( 'NONE',  ( -0.4832444660801925600, 4.199999999999995700, -3.001256295087193900 ) ) ;
#5033 = ORIENTED_EDGE ( 'NONE', *, *, #5807, .T. ) ;
#5034 = CARTESIAN_POINT ( 'NONE',  ( 0.2858612049991552900, 4.209999999999997300, -2.640147174140648400 ) ) ;
#5035 = CARTESIAN_POINT ( 'NONE',  ( -2.293581953012662700, 4.199999999999995700, -1.817421154222031800 ) ) ;
#5036 = ORIENTED_EDGE ( 'NONE', *, *, #7360, .F. ) ;
#5037 = AXIS2_PLACEMENT_3D ( 'NONE', #6371, #140, #4521 ) ;
#5038 = CARTESIAN_POINT ( 'NONE',  ( -0.6087917548320924700, 4.209999999999996400, -2.768964919007416800 ) ) ;
#5039 = ORIENTED_EDGE ( 'NONE', *, *, #1499, .T. ) ;
#5040 = CARTESIAN_POINT ( 'NONE',  ( 1.776746188676701300, 4.209999999999996400, -1.895642776823187400 ) ) ;
#5041 = CARTESIAN_POINT ( 'NONE',  ( -1.289173802485118900, 4.200000000000000200, -1.871700617176565600 ) ) ;
#5042 = CARTESIAN_POINT ( 'NONE',  ( 1.388905598425181900, 4.199999999999999300, -2.093984938400433600 ) ) ;
#5043 = LINE ( 'NONE', #3278, #6691 ) ;
#5044 = CARTESIAN_POINT ( 'NONE',  ( -0.5623015609063303200, 4.209999999999999100, -2.290093725874605500 ) ) ;
#5045 = CARTESIAN_POINT ( 'NONE',  ( 0.3964741833981027000, 4.199999999999995700, -3.003308630137028400 ) ) ;
#5046 = COORDINATED_UNIVERSAL_TIME_OFFSET ( 8, 0, .BEHIND. ) ;
#5047 = DIRECTION ( 'NONE',  ( 1.000000000000000000, 0.0000000000000000000, -3.533413092881963100E-015 ) ) ;
#5048 = CARTESIAN_POINT ( 'NONE',  ( 1.658058842546889600, 4.209999999999997300, -2.094199112105698200 ) ) ;
#5049 = CARTESIAN_POINT ( 'NONE',  ( -0.3586526035282788800, 4.210000000000000000, -2.233981759504906100 ) ) ;
#5050 = ORIENTED_EDGE ( 'NONE', *, *, #582, .F. ) ;
#5051 = CARTESIAN_POINT ( 'NONE',  ( 0.7588846822388059000, 4.200000000000000200, -2.232261721480155900 ) ) ;
#5052 = CARTESIAN_POINT ( 'NONE',  ( 0.9361261991616453000, 4.199999999999998400, -2.581293790894029400 ) ) ;
#5053 = LINE ( 'NONE', #4046, #3381 ) ;
#5054 = CARTESIAN_POINT ( 'NONE',  ( -0.6776200352766645900, 4.210000000000000000, -2.508747062383062800 ) ) ;
#5055 = DIRECTION ( 'NONE',  ( 0.0000000000000000000, -1.000000000000000000, 0.0000000000000000000 ) ) ;
#5056 = CIRCLE ( 'NONE', #908, 4.450000000000000200 ) ;
#5057 = CARTESIAN_POINT ( 'NONE',  ( 0.2790125612965559900, 4.209999999999995500, -2.976749349826985500 ) ) ;
#5058 = CARTESIAN_POINT ( 'NONE',  ( 0.08477364732199355000, 4.199999999999996600, -2.788311712438162900 ) ) ;
#5059 = LINE ( 'NONE', #1958, #3389 ) ;
#5060 = CARTESIAN_POINT ( 'NONE',  ( 1.260250580688668600, 4.209999999999994600, -2.489850495725279600 ) ) ;
#5061 = CARTESIAN_POINT ( 'NONE',  ( 0.6128217153236065200, 4.209999999999997300, -2.609548280020703700 ) ) ;
#5062 = FACE_OUTER_BOUND ( 'NONE', #799, .T. ) ;
#5063 = EDGE_CURVE ( 'NONE', #5455, #605, #5988, .T. ) ;
#5064 = CARTESIAN_POINT ( 'NONE',  ( -2.457285967468243000, 4.209999999999995500, -1.745612028056417800 ) ) ;
#5065 = ORIENTED_EDGE ( 'NONE', *, *, #66, .T. ) ;
#5066 = DIRECTION ( 'NONE',  ( -0.0000000000000000000, 1.000000000000000000, -0.0000000000000000000 ) ) ;
#5067 = CARTESIAN_POINT ( 'NONE',  ( 1.798274515366409300, 4.199999999999995700, -2.355898972734468400 ) ) ;
#5068 = ORIENTED_EDGE ( 'NONE', *, *, #4331, .T. ) ;
#5069 = LINE ( 'NONE', #7025, #4684 ) ;
#5070 = CARTESIAN_POINT ( 'NONE',  ( 1.252420729968780600, 4.199999999999994800, -2.859829722051037100 ) ) ;
#5071 = CARTESIAN_POINT ( 'NONE',  ( -0.4162913616399799300, 4.200000000000002000, -2.229655832004598700 ) ) ;
#5072 = CARTESIAN_POINT ( 'NONE',  ( -2.037303434121279000, 4.199999999999995700, -2.242680178902146000 ) ) ;
#5073 = CARTESIAN_POINT ( 'NONE',  ( 0.5484455638031187100, 4.200000000000001100, -2.399132963418937300 ) ) ;
#5074 = VERTEX_POINT ( 'NONE', #5501 ) ;
#5075 = CARTESIAN_POINT ( 'NONE',  ( 1.344119715977943200, 4.200000000000002000, -1.886066005499868800 ) ) ;
#5076 = CARTESIAN_POINT ( 'NONE',  ( 0.9163623707734742700, 4.199999999999996600, -2.537058378317630100 ) ) ;
#5077 = FACE_OUTER_BOUND ( 'NONE', #4336, .T. ) ;
#5078 = CARTESIAN_POINT ( 'NONE',  ( 1.567708317647567700, 4.200000000000001100, -1.765471939614581500 ) ) ;
#5079 = EDGE_CURVE ( 'NONE', #7056, #5912, #2034, .T. ) ;
#5080 = CARTESIAN_POINT ( 'NONE',  ( -2.442060331937774300, 4.199999999999997500, -1.154635558515877800 ) ) ;
#5081 = CARTESIAN_POINT ( 'NONE',  ( 0.2090714127005783000, 4.199999999999996600, -2.889220196357956900 ) ) ;
#5083 = CARTESIAN_POINT ( 'NONE',  ( 1.291483439222412400, 4.199999999999994800, -2.674883004097628400 ) ) ;
#5082 = DIRECTION ( 'NONE',  ( -0.5340813138265559900, 0.0000000000000000000, -0.8454331139843647100 ) ) ;
#5084 = CARTESIAN_POINT ( 'NONE',  ( 0.4607631816064062200, 4.210000000000000000, -2.292504588672048100 ) ) ;
#5085 = AXIS2_PLACEMENT_3D ( 'NONE', #130, #4513, #761 ) ;
#5086 = CARTESIAN_POINT ( 'NONE',  ( 0.1784489972705422300, 4.200000000000000200, -2.380334517244530300 ) ) ;
#5087 = CARTESIAN_POINT ( 'NONE',  ( 4.322904116447640300, 0.2999999999999999900, -1.250000000000014400 ) ) ;
#5088 = CARTESIAN_POINT ( 'NONE',  ( -0.2685759434054255100, 4.209999999999996400, -2.734554289840205300 ) ) ;
#5089 = CARTESIAN_POINT ( 'NONE',  ( 2.426298246816001900, 4.199999999999995700, -1.584381844701981100 ) ) ;
#5090 = CARTESIAN_POINT ( 'NONE',  ( 1.804982021433628500, 4.199999999999998400, -1.734241473820658400 ) ) ;
#5091 = CARTESIAN_POINT ( 'NONE',  ( 1.389742935909342900, 4.199999999999995700, -2.586286592214662100 ) ) ;
#5092 = CARTESIAN_POINT ( 'NONE',  ( 1.286126031513988600, 4.199999999999995700, -2.694841712900049000 ) ) ;
#5093 = CARTESIAN_POINT ( 'NONE',  ( -0.5623015609063303200, 4.209999999999999100, -2.290093725874605500 ) ) ;
#5094 = CARTESIAN_POINT ( 'NONE',  ( 1.249999999999975100, 0.0000000000000000000, -3.588523373199632000 ) ) ;
#5095 = AXIS2_PLACEMENT_3D ( 'NONE', #2072, #6441, #2709 ) ;
#5096 = CARTESIAN_POINT ( 'NONE',  ( 0.3236491832073192800, 4.200000000000000200, -2.240519981439387900 ) ) ;
#5097 = CARTESIAN_POINT ( 'NONE',  ( -0.3216064386218265300, 4.209999999999994600, -3.052745574003223900 ) ) ;
#5098 = CARTESIAN_POINT ( 'NONE',  ( 1.658058842546889600, 4.209999999999997300, -2.094199112105698200 ) ) ;
#5099 = CARTESIAN_POINT ( 'NONE',  ( -2.653484551123721900, 4.199999999999997500, -1.454841635673157700 ) ) ;
#5100 = DIRECTION ( 'NONE',  ( -0.9789627354575208800, 6.593173145281611500E-015, 0.2040391202331743900 ) ) ;
#5101 = ORIENTED_EDGE ( 'NONE', *, *, #509, .T. ) ;
#5102 = EDGE_CURVE ( 'NONE', #5464, #4424, #3696, .T. ) ;
#5103 = CARTESIAN_POINT ( 'NONE',  ( 0.3907178456745743500, 4.209999999999993700, -3.090427229038879500 ) ) ;
#5104 = VERTEX_POINT ( 'NONE', #1115 ) ;
#5106 = CARTESIAN_POINT ( 'NONE',  ( 1.223254946707049900, 4.209999999999993700, -2.778804703082507400 ) ) ;
#5105 = CARTESIAN_POINT ( 'NONE',  ( 0.4161680192864108400, 4.200000000000000200, -2.634122905533242200 ) ) ;
#5107 = EDGE_CURVE ( 'NONE', #4744, #2791, #6815, .T. ) ;
#5108 = AXIS2_PLACEMENT_3D ( 'NONE', #1079, #5469, #1709 ) ;
#5109 = CARTESIAN_POINT ( 'NONE',  ( -2.218115509163852000, 4.209999999999997300, -1.513695803261769300 ) ) ;
#5110 = ORIENTED_EDGE ( 'NONE', *, *, #3808, .T. ) ;
#5111 = ORIENTED_EDGE ( 'NONE', *, *, #1265, .T. ) ;
#5112 = PLANE ( 'NONE',  #4686 ) ;
#5113 = ORIENTED_EDGE ( 'NONE', *, *, #4380, .F. ) ;
#5114 = ADVANCED_FACE ( 'NONE', ( #1826 ), #4409, .T. ) ;
#5115 = CARTESIAN_POINT ( 'NONE',  ( -0.3371854219590743100, 4.199999999999998400, -2.934798478028851900 ) ) ;
#5116 = LINE ( 'NONE', #5868, #3448 ) ;
#5117 = CARTESIAN_POINT ( 'NONE',  ( 1.483513695602602500, 4.200000000000000200, -1.705127366988446600 ) ) ;
#5118 = ORIENTED_EDGE ( 'NONE', *, *, #3913, .F. ) ;
#5119 = CARTESIAN_POINT ( 'NONE',  ( 0.3974103937469851100, 4.209999999999992900, -3.089356213266245100 ) ) ;
#5120 = EDGE_CURVE ( 'NONE', #1197, #7839, #6626, .T. ) ;
#5121 = CARTESIAN_POINT ( 'NONE',  ( 1.999095276837253400, 4.199999999999996600, -2.031469498512361100 ) ) ;
#5122 = CARTESIAN_POINT ( 'NONE',  ( 0.1016933436184559300, 4.209999999999996400, -2.906179450254194200 ) ) ;
#5123 = CARTESIAN_POINT ( 'NONE',  ( 0.9770079263719087000, 4.209999999999997300, -2.658881501895157500 ) ) ;
#5124 = CARTESIAN_POINT ( 'NONE',  ( 1.584233315428260400, 4.209999999999998200, -1.762426956207142200 ) ) ;
#5125 = ORIENTED_EDGE ( 'NONE', *, *, #2250, .T. ) ;
#5126 = CARTESIAN_POINT ( 'NONE',  ( 1.804982021433628500, 4.209999999999997300, -1.734241473820658400 ) ) ;
#5127 = VECTOR ( 'NONE', #3834, 1000.000000000000000 ) ;
#5128 = CARTESIAN_POINT ( 'NONE',  ( -0.2076118933195889900, 4.200000000000000200, -2.903206595776015600 ) ) ;
#5129 = CARTESIAN_POINT ( 'NONE',  ( 0.3872103203919197200, 4.209999999999999100, -2.543716372579171400 ) ) ;
#5130 = ORIENTED_EDGE ( 'NONE', *, *, #5648, .T. ) ;
#5131 = ORIENTED_EDGE ( 'NONE', *, *, #4697, .T. ) ;
#5132 = CARTESIAN_POINT ( 'NONE',  ( 1.676514626310547900, 4.199999999999997500, -2.084781136130351400 ) ) ;
#5133 = ORIENTED_EDGE ( 'NONE', *, *, #7567, .T. ) ;
#5134 = AXIS2_PLACEMENT_3D ( 'NONE', #6204, #2467, #6823 ) ;
#5135 = LINE ( 'NONE', #3297, #327 ) ;
#5136 = CARTESIAN_POINT ( 'NONE',  ( -2.104469090599058400, 4.210000000000000000, -1.189796530087624800 ) ) ;
#5137 = CARTESIAN_POINT ( 'NONE',  ( 0.8189439072916924200, 4.209999999999997300, -2.579404191176580600 ) ) ;
#5138 = CARTESIAN_POINT ( 'NONE',  ( -0.5175713466417442000, 4.209999999999994600, -3.082169668903883800 ) ) ;
#5139 = VERTEX_POINT ( 'NONE', #4270 ) ;
#5140 = CARTESIAN_POINT ( 'NONE',  ( 1.844823290688418100, 4.200000000000000200, -2.092301857624852000 ) ) ;
#5141 = CARTESIAN_POINT ( 'NONE',  ( 1.242459085142817900, 4.209999999999994600, -2.864466976540323500 ) ) ;
#5142 = CARTESIAN_POINT ( 'NONE',  ( 0.2492798570281571400, 4.200000000000000200, -2.244424823663325100 ) ) ;
#5143 = FACE_BOUND ( 'NONE', #3447, .T. ) ;
#5144 = VECTOR ( 'NONE', #1431, 1000.000000000000000 ) ;
#5145 = B_SPLINE_CURVE_WITH_KNOTS ( 'NONE', 3,
 ( #1302, #6313, #730, #5121, #1352, #5750, #1998, #6361, #2635, #6994, #3256 ),
 .UNSPECIFIED., .F., .F.,
 ( 4, 1, 1, 1, 1, 1, 1, 1, 4 ),
 ( 0.0000000000000000000, 0.1222636594354540300, 0.2412350049518991200, 0.3601475075864712900, 0.4804491210360116200, 0.6037314656903770600, 0.7297262660241847800, 0.8608921075107660600, 1.000000000000000000 ),
 .UNSPECIFIED. ) ;
#5146 = CARTESIAN_POINT ( 'NONE',  ( -0.4482070661639147000, 4.209999999999994600, -3.003028824337105300 ) ) ;
#5147 = CARTESIAN_POINT ( 'NONE',  ( -0.3722306006873094000, 4.200000000000002000, -2.318246333087360600 ) ) ;
#5148 = ORIENTED_EDGE ( 'NONE', *, *, #1060, .T. ) ;
#5149 = CARTESIAN_POINT ( 'NONE',  ( 0.5012568119797299300, 4.199999999999992200, -3.049807198950595000 ) ) ;
#5150 = VECTOR ( 'NONE', #166, 1000.000000000000000 ) ;
#5151 = PLANE ( 'NONE',  #6385 ) ;
#5152 = CARTESIAN_POINT ( 'NONE',  ( 0.1924218775182969000, 4.199999999999993100, -3.040153188799064000 ) ) ;
#5153 = CARTESIAN_POINT ( 'NONE',  ( 0.3344991161668204900, 4.209999999999997300, -2.626347018976710000 ) ) ;
#5154 = CARTESIAN_POINT ( 'NONE',  ( 5.000000000000005300, 0.2999999999999999900, 1.249999999999982900 ) ) ;
#5155 = CARTESIAN_POINT ( 'NONE',  ( 1.667028782908281500, 4.199999999999999300, -1.667261830691615800 ) ) ;
#5156 = CIRCLE ( 'NONE', #7922, 3.800000000000000300 ) ;
#5157 = CARTESIAN_POINT ( 'NONE',  ( -0.1599160618041841100, 4.209999999999994600, -2.733273787864587000 ) ) ;
#5158 = CARTESIAN_POINT ( 'NONE',  ( 2.038249839498368600, 4.209999999999995500, -2.066658426804816300 ) ) ;
#5159 = CARTESIAN_POINT ( 'NONE',  ( 1.776746188676701300, 4.199999999999997500, -1.895642776823187400 ) ) ;
#5160 = ORIENTED_EDGE ( 'NONE', *, *, #3753, .T. ) ;
#5161 = ADVANCED_FACE ( 'NONE', ( #4981, #167 ), #3144, .T. ) ;
#5162 = B_SPLINE_CURVE_WITH_KNOTS ( 'NONE', 3,
 ( #7718, #2098, #5248, #1472, #5869, #2127, #6490, #2755, #7120, #3382, #7746, #4004, #258, #4645, #879, #5277, #1508, #5892, #2154 ),
 .UNSPECIFIED., .F., .F.,
 ( 4, 1, 1, 1, 1, 1, 1, 1, 1, 1, 1, 1, 1, 1, 1, 1, 4 ),
 ( 0.0000000000000000000, 0.05748859542922270200, 0.1139535731809579600, 0.1695360677592698300, 0.2254912000167908800, 0.2821753910347522000, 0.3404515381667214100, 0.4006431535748403200, 0.4633039413270502200, 0.5276953743498353800, 0.5913907199053136700, 0.6550360536107963100, 0.7199304510739745800, 0.7864722671177127900, 0.8550335905429717900, 0.9256682181797465400, 1.000000000000000000 ),
 .UNSPECIFIED. ) ;
#5163 = ORIENTED_EDGE ( 'NONE', *, *, #5961, .F. ) ;
#5164 = CIRCLE ( 'NONE', #3011, 0.2999999999999999300 ) ;
#5165 = ORIENTED_EDGE ( 'NONE', *, *, #3023, .T. ) ;
#5166 = CARTESIAN_POINT ( 'NONE',  ( -2.218437519415432700, 4.209999999999995500, -1.803029701500002300 ) ) ;
#5168 = CARTESIAN_POINT ( 'NONE',  ( 1.027567296335716100, 4.209999999999995500, -2.857192052875012300 ) ) ;
#5167 = CARTESIAN_POINT ( 'NONE',  ( -1.106524693554710800, 4.209999999999998200, -2.296698760607089400 ) ) ;
#5169 = CARTESIAN_POINT ( 'NONE',  ( 0.5231969994938883200, 4.209999999999996400, -2.790259080370737400 ) ) ;
#5170 = VERTEX_POINT ( 'NONE', #5041 ) ;
#5171 = CARTESIAN_POINT ( 'NONE',  ( -2.085427680909769600, 4.199999999999996600, -1.196052701272775300 ) ) ;
#5172 = CARTESIAN_POINT ( 'NONE',  ( 1.947847350674763800, 4.209999999999996400, -2.125234623322314500 ) ) ;
#5173 = VECTOR ( 'NONE', #1873, 1000.000000000000000 ) ;
#5174 = CARTESIAN_POINT ( 'NONE',  ( 1.389742935909342900, 4.209999999999994600, -2.586286592214662100 ) ) ;
#5175 = CARTESIAN_POINT ( 'NONE',  ( 0.09267762295996570500, 4.200000000000000200, -2.336034324289558000 ) ) ;
#5176 = CARTESIAN_POINT ( 'NONE',  ( 0.5083637379351044800, 4.209999999999997300, -2.600341263087320200 ) ) ;
#5177 = CARTESIAN_POINT ( 'NONE',  ( -0.2446471463200739800, 4.200000000000000200, -2.515230902863435400 ) ) ;
#5178 = CARTESIAN_POINT ( 'NONE',  ( 0.5947358223775151000, 4.209999999999994600, -2.946409931954713000 ) ) ;
#5179 = EDGE_LOOP ( 'NONE', ( #7540, #1680, #4689, #4626 ) ) ;
#5180 = CARTESIAN_POINT ( 'NONE',  ( 0.5083637379351044800, 4.209999999999997300, -2.600341263087320200 ) ) ;
#5181 = CARTESIAN_POINT ( 'NONE',  ( 0.3634308325258258600, 4.209999999999992900, -3.093650808694523100 ) ) ;
#5182 = CARTESIAN_POINT ( 'NONE',  ( 0.3850753432790003900, 4.209999999999997300, -2.625887846582186200 ) ) ;
#5183 = CARTESIAN_POINT ( 'NONE',  ( -2.453481925212976900, 4.199999999999996600, -1.309087395044322900 ) ) ;
#5184 = CARTESIAN_POINT ( 'NONE',  ( 1.483513695602602500, 4.210000000000000000, -1.705127366988446600 ) ) ;
#5185 = CARTESIAN_POINT ( 'NONE',  ( 0.9098287569007044200, 4.199999999999995700, -2.521835974944513800 ) ) ;
#5186 = DIRECTION ( 'NONE',  ( -1.000000000000000000, 0.0000000000000000000, 0.0000000000000000000 ) ) ;
#5187 = CARTESIAN_POINT ( 'NONE',  ( 0.2571943781377258300, 4.200000000000001100, -2.243096808470071300 ) ) ;
#5188 = EDGE_CURVE ( 'NONE', #4746, #7117, #5549, .T. ) ;
#5189 = CARTESIAN_POINT ( 'NONE',  ( 5.878304635907295200E-016, -4.799999999999999800, 1.700000000000000200 ) ) ;
#5190 = CARTESIAN_POINT ( 'NONE',  ( 1.658058842546889600, 4.199999999999998400, -2.094199112105698200 ) ) ;
#5191 = CARTESIAN_POINT ( 'NONE',  ( -2.477569463615714600, 4.209999999999994600, -1.723220209900081700 ) ) ;
#5193 = DIRECTION ( 'NONE',  ( -1.000000000000000000, 0.0000000000000000000, 0.0000000000000000000 ) ) ;
#5192 = CARTESIAN_POINT ( 'NONE',  ( -3.588523373199622200, 0.2999999999999999900, 1.250000000000003600 ) ) ;
#5194 = CARTESIAN_POINT ( 'NONE',  ( -1.930943557959538000, 4.209999999999999100, -1.324836926556301600 ) ) ;
#5195 = CARTESIAN_POINT ( 'NONE',  ( 2.058966848323748400, 4.210000000000000000, -0.9847141900692557600 ) ) ;
#5196 = CARTESIAN_POINT ( 'NONE',  ( -2.208133474957481900, 4.200000000000000200, -1.800068186532085100 ) ) ;
#5197 = DIRECTION ( 'NONE',  ( -0.0000000000000000000, -1.000000000000000000, -0.0000000000000000000 ) ) ;
#5198 = B_SPLINE_CURVE_WITH_KNOTS ( 'NONE', 3,
 ( #1682, #4824, #2342, #6695, #2964, #7324, #3581, #7949, #4204, #461, #4856, #1084, #5472, #1713, #6099, #2362, #6720, #2995, #7346, #3607, #7980, #4232, #483, #4887, #1113, #5497, #1741 ),
 .UNSPECIFIED., .F., .F.,
 ( 4, 1, 1, 1, 1, 1, 1, 1, 1, 1, 1, 1, 1, 1, 1, 1, 1, 1, 1, 1, 1, 1, 1, 1, 4 ),
 ( 0.0000000000000000000, 0.06276989629738292900, 0.1223530843932226600, 0.1789745488749086800, 0.2328882654693447700, 0.2837015255735882400, 0.3318012657691689600, 0.3774112571609666800, 0.4202501892535544000, 0.4610894855454135700, 0.5003831267062008900, 0.5385682215613956100, 0.5755066068535281700, 0.6113719652924877200, 0.6463539657069173900, 0.6807598325175781000, 0.7148688663453526300, 0.7486190305089380800, 0.7825523194476230500, 0.8166818192091839200, 0.8513631091699583900, 0.8866605712216892900, 0.9230430128385029900, 0.9607508111880334000, 1.000000000000000000 ),
 .UNSPECIFIED. ) ;
#5199 = CARTESIAN_POINT ( 'NONE',  ( 0.3572644272508498900, 4.209999999999999100, -2.336150500104302800 ) ) ;
#5200 = DIRECTION ( 'NONE',  ( -0.5536002846818247600, 0.0000000000000000000, 0.8327825195092669600 ) ) ;
#5201 = CARTESIAN_POINT ( 'NONE',  ( 0.6285392870227587400, 4.199999999999997500, -2.812074178693484900 ) ) ;
#5202 = ORIENTED_EDGE ( 'NONE', *, *, #4415, .T. ) ;
#5203 = CARTESIAN_POINT ( 'NONE',  ( 0.4159974811301924700, 4.209999999999998200, -2.553188554774432600 ) ) ;
#5204 = CARTESIAN_POINT ( 'NONE',  ( 1.680954519081338600, 4.209999999999995500, -2.408973720803548000 ) ) ;
#5205 = CARTESIAN_POINT ( 'NONE',  ( 0.5220944640221653100, 4.209999999999997300, -2.783165382711124900 ) ) ;
#5206 = CARTESIAN_POINT ( 'NONE',  ( 1.472430337812036500, 4.209999999999999100, -2.030538696993905700 ) ) ;
#5207 = EDGE_LOOP ( 'NONE', ( #1464, #5660, #5039, #1042, #2920 ) ) ;
#5208 = CARTESIAN_POINT ( 'NONE',  ( 0.8473486846334245000, 4.209999999999999100, -2.287951455266920200 ) ) ;
#5209 = CARTESIAN_POINT ( 'NONE',  ( -0.1468727407804002700, 4.209999999999998200, -2.462066550044860000 ) ) ;
#5210 = ORIENTED_EDGE ( 'NONE', *, *, #6864, .F. ) ;
#5211 = CARTESIAN_POINT ( 'NONE',  ( 1.250000000000000000, 0.2999999999999999900, 5.000000000000000000 ) ) ;
#5212 = EDGE_LOOP ( 'NONE', ( #4407, #1229, #124, #7402 ) ) ;
#5213 = CARTESIAN_POINT ( 'NONE',  ( -2.530041378552208000, 4.209999999999993700, -1.635962487016283900 ) ) ;
#5214 = CARTESIAN_POINT ( 'NONE',  ( 4.999999999999996400, 0.2999999999999999900, -1.250000000000017100 ) ) ;
#5215 = ORIENTED_EDGE ( 'NONE', *, *, #13, .T. ) ;
#5216 = EDGE_CURVE ( 'NONE', #6037, #3031, #3310, .T. ) ;
#5217 = B_SPLINE_CURVE_WITH_KNOTS ( 'NONE', 3,
 ( #1773, #6779, #3670, #8039, #4300, #549, #4946, #1173, #5569, #1802, #6179 ),
 .UNSPECIFIED., .F., .F.,
 ( 4, 1, 1, 1, 1, 1, 1, 1, 4 ),
 ( 0.0000000000000000000, 0.1210361031366553600, 0.2422968937564218000, 0.3648867866571352000, 0.4911084250457063400, 0.6187410767108642000, 0.7447852278079991600, 0.8711216964940932100, 0.9999999999999998900 ),
 .UNSPECIFIED. ) ;
#5218 = CARTESIAN_POINT ( 'NONE',  ( -0.2639083416997568500, 4.209999999999999100, -2.406040021911491700 ) ) ;
#5219 = CARTESIAN_POINT ( 'NONE',  ( 1.693040294687801800, 4.210000000000000000, -1.672436596007020700 ) ) ;
#5220 = EDGE_CURVE ( 'NONE', #7590, #433, #6946, .T. ) ;
#5221 = CARTESIAN_POINT ( 'NONE',  ( 0.4504452757454178200, 4.209999999999994600, -2.982654337980969600 ) ) ;
#5222 = ORIENTED_EDGE ( 'NONE', *, *, #1691, .F. ) ;
#5223 = CARTESIAN_POINT ( 'NONE',  ( -0.4019837913365279500, 4.209999999999994600, -3.086251109386751500 ) ) ;
#5224 = CARTESIAN_POINT ( 'NONE',  ( 1.444712019654241800, 4.209999999999999100, -1.964366554590186300 ) ) ;
#5225 = LINE ( 'NONE', #6684, #215 ) ;
#5226 = ORIENTED_EDGE ( 'NONE', *, *, #2596, .F. ) ;
#5227 = CARTESIAN_POINT ( 'NONE',  ( -2.450484130226588500, 4.209999999999997300, -1.160397941992405100 ) ) ;
#5228 = ORIENTED_EDGE ( 'NONE', *, *, #1176, .F. ) ;
#5229 = CARTESIAN_POINT ( 'NONE',  ( 0.5083637379351044800, 4.209999999999997300, -2.600341263087320200 ) ) ;
#5230 = ORIENTED_EDGE ( 'NONE', *, *, #1535, .T. ) ;
#5231 = CARTESIAN_POINT ( 'NONE',  ( 2.545041292225849600, 4.209999999999995500, -1.622435481315568600 ) ) ;
#5232 = LINE ( 'NONE', #1580, #7268 ) ;
#5233 = EDGE_CURVE ( 'NONE', #6855, #1108, #8085, .T. ) ;
#5234 = CARTESIAN_POINT ( 'NONE',  ( 1.956551717935305800, 4.209999999999993700, -2.421538591384277500 ) ) ;
#5235 = CARTESIAN_POINT ( 'NONE',  ( 1.438817766923019100, 4.209999999999999100, -1.901680509977638200 ) ) ;
#5236 = ORIENTED_EDGE ( 'NONE', *, *, #2408, .T. ) ;
#5237 = ORIENTED_EDGE ( 'NONE', *, *, #4806, .T. ) ;
#5238 = CARTESIAN_POINT ( 'NONE',  ( 0.8907272818099176700, 4.199999999999997500, -2.182552025510283900 ) ) ;
#5239 = CARTESIAN_POINT ( 'NONE',  ( -0.2955634737965242600, 4.210000000000000900, -2.250752975573569300 ) ) ;
#5240 = LINE ( 'NONE', #3258, #3564 ) ;
#5241 = CARTESIAN_POINT ( 'NONE',  ( -0.4402916972930044400, 4.210000000000000000, -2.324508508848027100 ) ) ;
#5242 = ADVANCED_FACE ( 'NONE', ( #6428 ), #7625, .T. ) ;
#5243 = CARTESIAN_POINT ( 'NONE',  ( -2.548443360543786200, 4.199999999999998400, -1.465664338811108600 ) ) ;
#5244 = DATE_AND_TIME ( #6878, #431 ) ;
#5245 = ORIENTED_EDGE ( 'NONE', *, *, #88, .T. ) ;
#5246 = CARTESIAN_POINT ( 'NONE',  ( 1.863879928793032800, 4.209999999999996400, -1.817164801019570700 ) ) ;
#5247 = LINE ( 'NONE', #5724, #2112 ) ;
#5248 = CARTESIAN_POINT ( 'NONE',  ( 0.3743620947948352900, 4.199999999999996600, -3.006076700402514000 ) ) ;
#5249 = CARTESIAN_POINT ( 'NONE',  ( -1.843448621417450800, 4.210000000000000900, -1.274499461255108200 ) ) ;
#5250 = CARTESIAN_POINT ( 'NONE',  ( -0.1774302901260538000, 4.209999999999995500, -2.813710961465807300 ) ) ;
#5251 = CARTESIAN_POINT ( 'NONE',  ( 1.444686221809143900, 4.199999999999999300, -1.873978714786120400 ) ) ;
#5252 = VECTOR ( 'NONE', #3074, 1000.000000000000000 ) ;
#5253 = B_SPLINE_CURVE_WITH_KNOTS ( 'NONE', 3,
 ( #6290, #1311, #3898, #139, #4519, #767, #5159, #1388, #5782, #2036, #6401, #2664, #7030, #3298, #7663, #3914, #168, #4552, #793 ),
 .UNSPECIFIED., .F., .F.,
 ( 4, 1, 1, 1, 1, 1, 1, 1, 1, 1, 1, 1, 1, 1, 1, 1, 4 ),
 ( 0.0000000000000000000, 0.06686330010282229300, 0.1317395682025935000, 0.1937374595078951200, 0.2549832425225639900, 0.3153361666491323900, 0.3760612384742588200, 0.4364461508435340500, 0.4987030657455582300, 0.5610219861113136000, 0.6220009322969287700, 0.6829622824798170500, 0.7431799578006204100, 0.8045202586698917400, 0.8678060571773877900, 0.9325233795060541300, 1.000000000000000000 ),
 .UNSPECIFIED. ) ;
#5254 = APPLICATION_CONTEXT ( 'configuration controlled 3d designs of mechanical parts and assemblies' ) ;
#5255 = CARTESIAN_POINT ( 'NONE',  ( -2.640959259883963700, 4.209999999999996400, -1.401864198464332100 ) ) ;
#5256 = CARTESIAN_POINT ( 'NONE',  ( -0.1495467810483356000, 4.209999999999996400, -2.668325833298143200 ) ) ;
#5257 = FACE_OUTER_BOUND ( 'NONE', #4310, .T. ) ;
#5258 = CARTESIAN_POINT ( 'NONE',  ( 0.0000000000000000000, 0.2999999999999999900, 0.0000000000000000000 ) ) ;
#5259 = DIRECTION ( 'NONE',  ( 0.0000000000000000000, 0.0000000000000000000, -1.000000000000000000 ) ) ;
#5260 = CIRCLE ( 'NONE', #7667, 0.7000000000000000700 ) ;
#5261 = CARTESIAN_POINT ( 'NONE',  ( 0.8078884504662121600, 4.200000000000000200, -2.138792947967746100 ) ) ;
#5262 = CARTESIAN_POINT ( 'NONE',  ( 0.5174364007778231600, 4.209999999999996400, -3.038373875509472000 ) ) ;
#5263 = CARTESIAN_POINT ( 'NONE',  ( -0.7074808695959353700, 4.209999999999996400, -2.858888147057066000 ) ) ;
#5264 = CARTESIAN_POINT ( 'NONE',  ( 0.1937586722407250700, 4.209999999999998200, -2.828608813603745700 ) ) ;
#5265 = EDGE_LOOP ( 'NONE', ( #43, #6476, #4322, #3883 ) ) ;
#5266 = CARTESIAN_POINT ( 'NONE',  ( 5.510910596163088600E-016, 4.150000000000001200, 4.500000000000000000 ) ) ;
#5267 = CARTESIAN_POINT ( 'NONE',  ( -0.5873019970581451200, 4.210000000000000000, -2.315042083438457500 ) ) ;
#5268 = LINE ( 'NONE', #1152, #1045 ) ;
#5269 = ORIENTED_EDGE ( 'NONE', *, *, #7139, .F. ) ;
#5270 = EDGE_CURVE ( 'NONE', #4533, #1763, #4450, .T. ) ;
#5271 = DIRECTION ( 'NONE',  ( 0.0000000000000000000, 0.0000000000000000000, -1.000000000000000000 ) ) ;
#5272 = EDGE_CURVE ( 'NONE', #823, #4830, #4967, .T. ) ;
#5273 = EDGE_LOOP ( 'NONE', ( #1292, #886, #5363, #234 ) ) ;
#5274 = CARTESIAN_POINT ( 'NONE',  ( -1.249999999999979100, 0.0000000000000000000, 4.322904116447650900 ) ) ;
#5275 = ORIENTED_EDGE ( 'NONE', *, *, #5487, .F. ) ;
#5276 = CARTESIAN_POINT ( 'NONE',  ( 3.588523373199627600, 0.0000000000000000000, 1.249999999999987600 ) ) ;
#5277 = CARTESIAN_POINT ( 'NONE',  ( 0.2026151413843951800, 4.199999999999997500, -2.870083178581642100 ) ) ;
#5278 = CARTESIAN_POINT ( 'NONE',  ( -0.1514472676996570200, 4.200000000000000200, -2.438741230074618300 ) ) ;
#5279 = CARTESIAN_POINT ( 'NONE',  ( 0.09416020813144589100, 4.209999999999993700, -2.877214525812587200 ) ) ;
#5280 = CARTESIAN_POINT ( 'NONE',  ( 1.492592078644308100, 4.209999999999999100, -1.804344594242983200 ) ) ;
#5281 = PERSON_AND_ORGANIZATION_ROLE ( 'design_supplier' ) ;
#5282 = CARTESIAN_POINT ( 'NONE',  ( -2.580640234351045100, 4.209999999999993700, -1.741468339376027100 ) ) ;
#5283 = ADVANCED_FACE ( 'NONE', ( #7900 ), #7043, .F. ) ;
#5284 = EDGE_CURVE ( 'NONE', #7483, #7692, #6231, .T. ) ;
#5285 = CARTESIAN_POINT ( 'NONE',  ( -2.531969052099958300, 4.209999999999995500, -1.418095579996192500 ) ) ;
#5286 = CARTESIAN_POINT ( 'NONE',  ( -2.442731809024704800, 4.209999999999992900, -1.882517547855643700 ) ) ;
#5287 = DIRECTION ( 'NONE',  ( 0.3774485607782725500, 8.337819944835652900E-015, 0.9260305523936079900 ) ) ;
#5288 = CARTESIAN_POINT ( 'NONE',  ( -0.7136543142623671400, 4.209999999999995500, -2.779900429219539900 ) ) ;
#5289 = CARTESIAN_POINT ( 'NONE',  ( 0.6294418458895092400, 4.209999999999994600, -2.783219554155652400 ) ) ;
#5290 = CARTESIAN_POINT ( 'NONE',  ( 1.765728392367491100, 4.209999999999993700, -2.450110153699787100 ) ) ;
#5291 = CARTESIAN_POINT ( 'NONE',  ( -1.757701028128108200, 4.200000000000000200, -1.537414702769505800 ) ) ;
#5292 = CARTESIAN_POINT ( 'NONE',  ( -0.6898764959966857700, 4.199999999999996600, -2.560912086396484700 ) ) ;
#5293 = EDGE_CURVE ( 'NONE', #2022, #4755, #1430, .T. ) ;
#5294 = DIRECTION ( 'NONE',  ( 0.0000000000000000000, -1.000000000000000000, 0.0000000000000000000 ) ) ;
#5295 = CARTESIAN_POINT ( 'NONE',  ( 1.787341838087540300, 4.199999999999996600, -2.455152391577811500 ) ) ;
#5296 = CARTESIAN_POINT ( 'NONE',  ( -2.426097218394769800, 4.209999999999993700, -1.891741731272873300 ) ) ;
#5297 = CARTESIAN_POINT ( 'NONE',  ( 1.231480830196368700, 4.199999999999998400, -2.193161145574153500 ) ) ;
#5298 = CARTESIAN_POINT ( 'NONE',  ( 1.737631472834594500, 4.209999999999997300, -2.143593379634487500 ) ) ;
#5299 = CARTESIAN_POINT ( 'NONE',  ( 1.262772001340324500, 4.199999999999998400, -2.240953939897996100 ) ) ;
#5300 = CARTESIAN_POINT ( 'NONE',  ( -0.3155419829163184600, 4.200000000000000200, -2.243855908561630300 ) ) ;
#5301 = CARTESIAN_POINT ( 'NONE',  ( 0.3364685015141872800, 4.209999999999995500, -3.093585461136504100 ) ) ;
#5302 = CARTESIAN_POINT ( 'NONE',  ( 0.1704806111814186100, 4.210000000000000000, -2.268785271756915000 ) ) ;
#5303 = ORIENTED_EDGE ( 'NONE', *, *, #6459, .T. ) ;
#5304 = CARTESIAN_POINT ( 'NONE',  ( -1.249999999999978700, 0.2999999999999999900, 4.322904116447650000 ) ) ;
#5305 = VERTEX_POINT ( 'NONE', #3959 ) ;
#5306 = ORIENTED_EDGE ( 'NONE', *, *, #4867, .T. ) ;
#5307 = CARTESIAN_POINT ( 'NONE',  ( -0.5681830185513139200, 4.209999999999995500, -2.953249525800744300 ) ) ;
#5308 = ORIENTED_EDGE ( 'NONE', *, *, #3649, .F. ) ;
#5309 = CARTESIAN_POINT ( 'NONE',  ( -2.089702021258697900, 4.210000000000000000, -1.083650104641570700 ) ) ;
#5310 = CARTESIAN_POINT ( 'NONE',  ( -0.6904061404378776200, 4.199999999999997500, -2.925307019182516100 ) ) ;
#5311 = CARTESIAN_POINT ( 'NONE',  ( 1.720592637596486800, 4.209999999999997300, -2.055295278884060400 ) ) ;
#5312 = VERTEX_POINT ( 'NONE', #206 ) ;
#5313 = VECTOR ( 'NONE', #5786, 1000.000000000000000 ) ;
#5314 = CARTESIAN_POINT ( 'NONE',  ( -1.843448621417450800, 4.210000000000000900, -1.274499461255108200 ) ) ;
#5315 = CARTESIAN_POINT ( 'NONE',  ( -0.7090286906875775700, 4.199999999999998400, -2.686208980420695900 ) ) ;
#5316 = ORIENTED_EDGE ( 'NONE', *, *, #2863, .F. ) ;
#5317 = CARTESIAN_POINT ( 'NONE',  ( 2.506466043461177000, 4.209999999999996400, -1.577182454784257000 ) ) ;
#5318 = ADVANCED_FACE ( 'NONE', ( #1237 ), #6443, .T. ) ;
#5319 = CARTESIAN_POINT ( 'NONE',  ( 1.658058842546889600, 4.200000000000001100, -2.094199112105698200 ) ) ;
#5320 = ORIENTED_EDGE ( 'NONE', *, *, #6263, .T. ) ;
#5321 = CARTESIAN_POINT ( 'NONE',  ( -2.319956691148547200, 4.199999999999996600, -1.923419244017506000 ) ) ;
#5322 = ORIENTED_EDGE ( 'NONE', *, *, #3997, .F. ) ;
#5323 = CARTESIAN_POINT ( 'NONE',  ( 1.114849146519806900, 4.209999999999999100, -2.083231607179781600 ) ) ;
#5324 = VECTOR ( 'NONE', #5100, 1000.000000000000100 ) ;
#5325 = EDGE_CURVE ( 'NONE', #3459, #5715, #4580, .T. ) ;
#5326 = CARTESIAN_POINT ( 'NONE',  ( 1.955364439401009700, 4.209999999999995500, -2.133566601022390600 ) ) ;
#5327 = ORIENTED_EDGE ( 'NONE', *, *, #3753, .F. ) ;
#5328 = CARTESIAN_POINT ( 'NONE',  ( 1.040742587349507300, 4.200000000000001100, -2.055703200358915500 ) ) ;
#5329 = CARTESIAN_POINT ( 'NONE',  ( 1.769729126411316400, 4.200000000000000200, -1.442441349587346000 ) ) ;
#5330 = EDGE_LOOP ( 'NONE', ( #7899, #1596, #7202, #4211 ) ) ;
#5331 = CARTESIAN_POINT ( 'NONE',  ( 0.08177536789187395100, 4.200000000000002000, -2.353635164231154600 ) ) ;
#5332 = EDGE_LOOP ( 'NONE', ( #6675, #3006, #7363, #2272 ) ) ;
#5333 = CARTESIAN_POINT ( 'NONE',  ( -2.359485884357631400, 4.199999999999994800, -1.917268118465488500 ) ) ;
#5334 = DIRECTION ( 'NONE',  ( -0.0000000000000000000, 1.000000000000000000, -0.0000000000000000000 ) ) ;
#5335 = FACE_OUTER_BOUND ( 'NONE', #6125, .T. ) ;
#5336 = CARTESIAN_POINT ( 'NONE',  ( 1.849796084932829700, 4.199999999999996600, -1.998106788817442200 ) ) ;
#5337 = CARTESIAN_POINT ( 'NONE',  ( 0.09750509756463939000, 4.200000000000000200, -2.708353473454059700 ) ) ;
#5338 = EDGE_LOOP ( 'NONE', ( #6257, #2238, #3078, #3682 ) ) ;
#5339 = CARTESIAN_POINT ( 'NONE',  ( -2.433444969441953500, 4.209999999999998200, -1.149044617640073700 ) ) ;
#5340 = EDGE_CURVE ( 'NONE', #1235, #2783, #6041, .T. ) ;
#5341 = FACE_BOUND ( 'NONE', #8024, .T. ) ;
#5342 = CARTESIAN_POINT ( 'NONE',  ( -0.6105564458609116200, 4.209999999999993700, -3.039786153915769800 ) ) ;
#5343 = CARTESIAN_POINT ( 'NONE',  ( 4.999999999999996400, 0.2999999999999999900, -1.250000000000017100 ) ) ;
#5344 = VECTOR ( 'NONE', #1990, 1000.000000000000000 ) ;
#5345 = CARTESIAN_POINT ( 'NONE',  ( 0.7659157057760153100, 4.209999999999999100, -2.429859748684235900 ) ) ;
#5346 = ORIENTED_EDGE ( 'NONE', *, *, #6201, .F. ) ;
#5347 = CARTESIAN_POINT ( 'NONE',  ( -0.6516981147434135500, 4.199999999999995700, -2.997824805633553200 ) ) ;
#5348 = CARTESIAN_POINT ( 'NONE',  ( -2.208133474957481000, 4.209999999999995500, -1.800068186532085100 ) ) ;
#5349 = CARTESIAN_POINT ( 'NONE',  ( 1.350422313522481800, 4.209999999999999100, -1.862694361220269100 ) ) ;
#5350 = VECTOR ( 'NONE', #5186, 1000.000000000000000 ) ;
#5351 = FACE_OUTER_BOUND ( 'NONE', #2729, .T. ) ;
#5352 = B_SPLINE_CURVE_WITH_KNOTS ( 'NONE', 3,
 ( #936, #297, #2060, #5315, #1552, #5943, #2205, #6557, #2838, #7189, #3450, #7820, #4081, #326, #4719, #959, #5347, #1577, #5967, #2231, #6591, #2857, #7217, #3480, #7842, #4104, #356 ),
 .UNSPECIFIED., .F., .F.,
 ( 4, 1, 1, 1, 1, 1, 1, 1, 1, 1, 1, 1, 1, 1, 1, 1, 1, 1, 1, 1, 1, 1, 1, 1, 4 ),
 ( 0.0000000000000000000, 0.06302348939383896300, 0.1230288543315139300, 0.1801870990929201100, 0.2341414186341859400, 0.2851273085867541700, 0.3333367095735016400, 0.3789605592056084500, 0.4218543473377284700, 0.4626889113222154600, 0.5021084857634916500, 0.5401787588385907900, 0.5769078981949198300, 0.6129027019602298900, 0.6479137983459096800, 0.6821587878498650600, 0.7162759002479964800, 0.7500936054178314300, 0.7837471086364916600, 0.8175340867263063400, 0.8520371715654695400, 0.8872553193264379700, 0.9234611115590802800, 0.9608812880573252000, 1.000000000000000000 ),
 .UNSPECIFIED. ) ;
#5353 = CARTESIAN_POINT ( 'NONE',  ( 1.001589371575747100, 4.200000000000000200, -2.052428818682629200 ) ) ;
#5354 = CARTESIAN_POINT ( 'NONE',  ( 1.842808839773822500, 4.199999999999997500, -2.008214112436697900 ) ) ;
#5355 = CARTESIAN_POINT ( 'NONE',  ( 1.057523586769559600, 4.199999999999996600, -2.761898292954595700 ) ) ;
#5356 = CARTESIAN_POINT ( 'NONE',  ( -0.5552377568817653500, 4.200000000000000200, -2.464966695795952400 ) ) ;
#5357 = EDGE_LOOP ( 'NONE', ( #3795, #2589, #5065, #3533 ) ) ;
#5358 = CARTESIAN_POINT ( 'NONE',  ( -0.2981970213595254200, 4.199999999999994000, -3.034842935834559400 ) ) ;
#5359 = CARTESIAN_POINT ( 'NONE',  ( 0.05313446967642478100, 4.209999999999998200, -2.482887202093008400 ) ) ;
#5360 = PLANE ( 'NONE',  #832 ) ;
#5361 = VECTOR ( 'NONE', #4156, 1000.000000000000000 ) ;
#5362 = CARTESIAN_POINT ( 'NONE',  ( 1.388905598425181900, 4.209999999999998200, -2.093984938400433600 ) ) ;
#5363 = ORIENTED_EDGE ( 'NONE', *, *, #3997, .T. ) ;
#5364 = ADVANCED_FACE ( 'NONE', ( #4369 ), #4625, .T. ) ;
#5365 = CARTESIAN_POINT ( 'NONE',  ( 1.880650290264976200, 4.209999999999997300, -1.883689531343057500 ) ) ;
#5367 = ORIENTED_EDGE ( 'NONE', *, *, #251, .F. ) ;
#5366 = CARTESIAN_POINT ( 'NONE',  ( 1.252420729968780600, 4.199999999999994000, -2.859829722051037100 ) ) ;
#5368 = CARTESIAN_POINT ( 'NONE',  ( 0.8270983852397585400, 4.210000000000000000, -2.120203078237551600 ) ) ;
#5369 = VECTOR ( 'NONE', #1264, 1000.000000000000000 ) ;
#5370 = ORIENTED_EDGE ( 'NONE', *, *, #4426, .F. ) ;
#5371 = CARTESIAN_POINT ( 'NONE',  ( -0.5030545498715867100, 4.199999999999997500, -3.084883333538808600 ) ) ;
#5372 = CARTESIAN_POINT ( 'NONE',  ( -1.723958536067447200, 4.209999999999994600, -2.470274388587610400 ) ) ;
#5373 = CARTESIAN_POINT ( 'NONE',  ( 0.9662440602222082100, 4.209999999999997300, -2.143958059313379600 ) ) ;
#5374 = ADVANCED_FACE ( 'NONE', ( #7701 ), #2524, .T. ) ;
#5375 = CARTESIAN_POINT ( 'NONE',  ( 4.322904116447649200, 0.2999999999999999900, 1.249999999999984900 ) ) ;
#5376 = EDGE_CURVE ( 'NONE', #3405, #7662, #4611, .T. ) ;
#5377 = DIRECTION ( 'NONE',  ( 0.0000000000000000000, -1.000000000000000000, 0.0000000000000000000 ) ) ;
#5378 = EDGE_CURVE ( 'NONE', #5715, #4740, #7514, .T. ) ;
#5379 = CC_DESIGN_DATE_AND_TIME_ASSIGNMENT ( #7087, #4007, ( #3693 ) ) ;
#5380 = CARTESIAN_POINT ( 'NONE',  ( 1.870587509748850900, 4.199999999999999300, -1.833418706861714900 ) ) ;
#5381 = CARTESIAN_POINT ( 'NONE',  ( 1.738276070434710400, 4.199999999999998400, -1.823969762679101600 ) ) ;
#5382 = CARTESIAN_POINT ( 'NONE',  ( -0.4563432408061183800, 4.209999999999997300, -2.331897801319301700 ) ) ;
#5383 = CARTESIAN_POINT ( 'NONE',  ( -4.322904116447636700, 0.0000000000000000000, 1.250000000000028900 ) ) ;
#5384 = CARTESIAN_POINT ( 'NONE',  ( 1.294177974868007100, 4.209999999999995500, -2.652187670398300100 ) ) ;
#5385 = EDGE_CURVE ( 'NONE', #2727, #8028, #4181, .T. ) ;
#5386 = CARTESIAN_POINT ( 'NONE',  ( 0.9035111960402730800, 4.199999999999999300, -2.171224213151349900 ) ) ;
#5387 = CARTESIAN_POINT ( 'NONE',  ( 1.846545327000859200, 4.199999999999999300, -1.784989964693800800 ) ) ;
#5388 = CARTESIAN_POINT ( 'NONE',  ( 1.380816466648671100, 4.209999999999995500, -2.715230116254558000 ) ) ;
#5389 = CARTESIAN_POINT ( 'NONE',  ( 0.7588846822388059000, 4.200000000000000200, -2.232261721480155900 ) ) ;
#5390 = CARTESIAN_POINT ( 'NONE',  ( -2.412959466869755600, 4.199999999999995700, -1.782516576194353600 ) ) ;
#5391 = CARTESIAN_POINT ( 'NONE',  ( -1.865969175642557400, 4.210000000000000000, -1.523720952614585600 ) ) ;
#5392 = CARTESIAN_POINT ( 'NONE',  ( 1.071473526460497100, 4.200000000000000200, -2.169155298896285900 ) ) ;
#5393 = DIRECTION ( 'NONE',  ( -0.1952477112622981700, 0.0000000000000000000, -0.9807539606072638300 ) ) ;
#5394 = EDGE_LOOP ( 'NONE', ( #5118, #2377, #353, #4036 ) ) ;
#5395 = CARTESIAN_POINT ( 'NONE',  ( -0.3586526035282788800, 4.210000000000000000, -2.233981759504906100 ) ) ;
#5396 = CARTESIAN_POINT ( 'NONE',  ( 1.249999999999969100, 0.2999999999999999900, -4.322904116447653600 ) ) ;
#5397 = ADVANCED_FACE ( 'NONE', ( #5852 ), #4445, .T. ) ;
#5398 = DIRECTION ( 'NONE',  ( 0.0000000000000000000, -0.0000000000000000000, 1.000000000000000000 ) ) ;
#5399 = VERTEX_POINT ( 'NONE', #5934 ) ;
#5400 = ORIENTED_EDGE ( 'NONE', *, *, #6097, .T. ) ;
#5401 = CARTESIAN_POINT ( 'NONE',  ( 1.769729126411316400, 4.210000000000000000, -1.442441349587346000 ) ) ;
#5402 = CARTESIAN_POINT ( 'NONE',  ( 1.779204487753701900, 4.209999999999999100, -1.911206682135147900 ) ) ;
#5403 = CARTESIAN_POINT ( 'NONE',  ( -0.3722306006873093400, 4.200000000000000200, -2.318246333087360200 ) ) ;
#5404 = ORIENTED_EDGE ( 'NONE', *, *, #4924, .F. ) ;
#5405 = AXIS2_PLACEMENT_3D ( 'NONE', #7519, #3769, #19 ) ;
#5406 = ADVANCED_FACE ( 'NONE', ( #7309 ), #3574, .T. ) ;
#5407 = PLANE ( 'NONE',  #1660 ) ;
#5408 = ORIENTED_EDGE ( 'NONE', *, *, #6767, .F. ) ;
#5409 = CARTESIAN_POINT ( 'NONE',  ( -2.315386232859110400, 4.199999999999999300, -1.214797586932507800 ) ) ;
#5410 = CARTESIAN_POINT ( 'NONE',  ( -0.2780249460438681300, 4.209999999999995500, -2.779281490132214900 ) ) ;
#5411 = CARTESIAN_POINT ( 'NONE',  ( 0.0000000000000000000, 3.200000000000000600, 0.0000000000000000000 ) ) ;
#5412 = ORIENTED_EDGE ( 'NONE', *, *, #6470, .T. ) ;
#5413 = CARTESIAN_POINT ( 'NONE',  ( 1.381125777022619100, 4.199999999999994800, -2.530359195224688200 ) ) ;
#5414 = CARTESIAN_POINT ( 'NONE',  ( -2.226069817773723700, 4.199999999999999300, -1.072867154894333600 ) ) ;
#5415 = CARTESIAN_POINT ( 'NONE',  ( -0.6776200352766645900, 4.200000000000000200, -2.508747062383062800 ) ) ;
#5416 = VECTOR ( 'NONE', #6466, 1000.000000000000000 ) ;
#5417 = EDGE_LOOP ( 'NONE', ( #6174, #2821 ) ) ;
#5418 = PLANE ( 'NONE',  #779 ) ;
#5419 = CARTESIAN_POINT ( 'NONE',  ( 2.003018246034371500, 4.209999999999992900, -2.385173308581033600 ) ) ;
#5420 = EDGE_LOOP ( 'NONE', ( #4536, #4185, #406, #332, #5113 ) ) ;
#5421 = ORIENTED_EDGE ( 'NONE', *, *, #2752, .T. ) ;
#5422 = CARTESIAN_POINT ( 'NONE',  ( 1.205486191807512200, 4.209999999999997300, -2.358805714924534100 ) ) ;
#5423 = AXIS2_PLACEMENT_3D ( 'NONE', #2559, #3198, #7560 ) ;
#5424 = CARTESIAN_POINT ( 'NONE',  ( 2.032127026086540100, 4.209999999999995500, -2.060191793921345700 ) ) ;
#5425 = CARTESIAN_POINT ( 'NONE',  ( -0.5415754193448102400, 4.210000000000000900, -2.272367741165615600 ) ) ;
#5426 = FACE_OUTER_BOUND ( 'NONE', #7930, .T. ) ;
#5427 = CARTESIAN_POINT ( 'NONE',  ( -1.879374466598022800, 4.200000000000001100, -1.225628115345183300 ) ) ;
#5428 = CARTESIAN_POINT ( 'NONE',  ( 0.9590224457919872500, 4.199999999999998400, -2.804523216977127500 ) ) ;
#5429 = ORIENTED_EDGE ( 'NONE', *, *, #1844, .T. ) ;
#5430 = CARTESIAN_POINT ( 'NONE',  ( -0.5446593415769629400, 4.209999999999994600, -2.976408895965286600 ) ) ;
#5431 = CARTESIAN_POINT ( 'NONE',  ( 0.2647632745444181700, 4.210000000000000000, -2.242143752795064500 ) ) ;
#5432 = CARTESIAN_POINT ( 'NONE',  ( -2.534405372932892600, 4.209999999999998200, -1.230971928689889900 ) ) ;
#5433 = VECTOR ( 'NONE', #2612, 1000.000000000000000 ) ;
#5434 = CARTESIAN_POINT ( 'NONE',  ( 1.762592914113302100, 4.199999999999998400, -2.003964473187222600 ) ) ;
#5435 = PERSON_AND_ORGANIZATION ( #1487, #4347 ) ;
#5436 = ORIENTED_EDGE ( 'NONE', *, *, #4279, .F. ) ;
#5437 = CARTESIAN_POINT ( 'NONE',  ( 0.9163623707734742700, 4.209999999999998200, -2.537058378317630100 ) ) ;
#5438 = CARTESIAN_POINT ( 'NONE',  ( -2.042835162065980400, 4.200000000000000200, -1.216899670190848300 ) ) ;
#5439 = ADVANCED_FACE ( 'NONE', ( #848 ), #1761, .T. ) ;
#5440 = LINE ( 'NONE', #8108, #439 ) ;
#5441 = CARTESIAN_POINT ( 'NONE',  ( -0.4657083275811282300, 4.209999999999995500, -3.003366334634384400 ) ) ;
#5442 = CARTESIAN_POINT ( 'NONE',  ( 1.725962199835914900, 4.200000000000000200, -2.155301679598681000 ) ) ;
#5443 = CARTESIAN_POINT ( 'NONE',  ( 1.326613182256100000, 4.209999999999998200, -2.369671038751919300 ) ) ;
#5444 = CARTESIAN_POINT ( 'NONE',  ( -2.416424289829526300, 4.209999999999998200, -1.137999044871052200 ) ) ;
#5445 = VECTOR ( 'NONE', #2256, 1000.000000000000000 ) ;
#5446 = DIRECTION ( 'NONE',  ( 0.8090765340455405900, 0.0000000000000000000, -0.5877032942368581900 ) ) ;
#5447 = EDGE_CURVE ( 'NONE', #1524, #605, #649, .T. ) ;
#5448 = CARTESIAN_POINT ( 'NONE',  ( 0.0000000000000000000, 0.0000000000000000000, 0.0000000000000000000 ) ) ;
#5449 = CARTESIAN_POINT ( 'NONE',  ( 2.087905385434271300, 4.199999999999996600, -2.228095968196561300 ) ) ;
#5450 = VECTOR ( 'NONE', #1192, 1000.000000000000000 ) ;
#5451 = B_SPLINE_CURVE_WITH_KNOTS ( 'NONE', 3,
 ( #2564, #6303, #3202, #7569, #3817, #74, #4453, #694, #5086, #1324, #5713, #1955, #6334, #2599, #6955 ),
 .UNSPECIFIED., .F., .F.,
 ( 4, 1, 1, 1, 1, 1, 1, 1, 1, 1, 1, 1, 4 ),
 ( 0.0000000000000000000, 0.08069440596041303800, 0.1571922402454535000, 0.2291028488962914800, 0.2967732966666752900, 0.3613323894294272500, 0.4226797739336574700, 0.4809405460187056700, 0.5372807162798847200, 0.6476083897775091200, 0.7581475384830509400, 0.8751239576591843800, 1.000000000000000000 ),
 .UNSPECIFIED. ) ;
#5452 = CARTESIAN_POINT ( 'NONE',  ( 1.896998685039465300, 4.199999999999996600, -2.003566440618438400 ) ) ;
#5453 = LINE ( 'NONE', #5362, #3778 ) ;
#5454 = CARTESIAN_POINT ( 'NONE',  ( -2.198157684633801300, 4.200000000000000200, -1.070646634118111300 ) ) ;
#5455 = VERTEX_POINT ( 'NONE', #5467 ) ;
#5456 = CARTESIAN_POINT ( 'NONE',  ( 1.201179830625926900, 4.199999999999994800, -2.879405257175930100 ) ) ;
#5457 = ORIENTED_EDGE ( 'NONE', *, *, #4105, .F. ) ;
#5458 = CARTESIAN_POINT ( 'NONE',  ( -0.6559466805007740900, 4.209999999999998200, -2.441862690258616900 ) ) ;
#5459 = VECTOR ( 'NONE', #1066, 1000.000000000000000 ) ;
#5460 = PLANE ( 'NONE',  #4938 ) ;
#5461 = EDGE_LOOP ( 'NONE', ( #2571, #463, #6284, #4820 ) ) ;
#5462 = CARTESIAN_POINT ( 'NONE',  ( 1.982513919965216900, 4.209999999999994600, -2.272319330972781200 ) ) ;
#5463 = CARTESIAN_POINT ( 'NONE',  ( -2.384260044619015900, 4.209999999999997300, -1.254295199003393900 ) ) ;
#5464 = VERTEX_POINT ( 'NONE', #7307 ) ;
#5465 = DIRECTION ( 'NONE',  ( 0.0000000000000000000, -0.0000000000000000000, 1.000000000000000000 ) ) ;
#5466 = CARTESIAN_POINT ( 'NONE',  ( 2.003018246034371500, 4.199999999999994000, -2.385173308581033600 ) ) ;
#5467 = CARTESIAN_POINT ( 'NONE',  ( -2.495222136314718200, 4.200000000000000200, -1.697905130528073700 ) ) ;
#5468 = CARTESIAN_POINT ( 'NONE',  ( 1.664399591686628800, 4.209999999999997300, -2.090963431419984500 ) ) ;
#5469 = DIRECTION ( 'NONE',  ( 0.0000000000000000000, -1.000000000000000000, 0.0000000000000000000 ) ) ;
#5470 = CARTESIAN_POINT ( 'NONE',  ( 0.4669161170310681100, 4.199999999999994800, -3.068689744896184700 ) ) ;
#5471 = CARTESIAN_POINT ( 'NONE',  ( 2.038249839498368600, 4.209999999999995500, -2.066658426804816300 ) ) ;
#5472 = CARTESIAN_POINT ( 'NONE',  ( 1.149831317229165400, 4.210000000000000000, -2.106536101870718300 ) ) ;
#5473 = CARTESIAN_POINT ( 'NONE',  ( 0.07250759194638660400, 4.209999999999998200, -2.372340977622621400 ) ) ;
#5474 = CARTESIAN_POINT ( 'NONE',  ( -2.530041378552208000, 4.199999999999994800, -1.635962487016283900 ) ) ;
#5475 = EDGE_CURVE ( 'NONE', #3031, #2530, #7111, .T. ) ;
#5476 = CARTESIAN_POINT ( 'NONE',  ( -0.5863252192061057000, 4.209999999999994600, -2.923403361784502300 ) ) ;
#5477 = ADVANCED_FACE ( 'NONE', ( #5652 ), #457, .T. ) ;
#5478 = CARTESIAN_POINT ( 'NONE',  ( 2.519723965777403300, 4.199999999999995700, -1.593425917069204000 ) ) ;
#5479 = CARTESIAN_POINT ( 'NONE',  ( 0.09562184269871375200, 4.210000000000000000, 3.549121319842145200 ) ) ;
#5480 = CARTESIAN_POINT ( 'NONE',  ( 0.1532459390948860700, 4.200000000000000200, -2.461099828080239000 ) ) ;
#5481 = CARTESIAN_POINT ( 'NONE',  ( 0.1996732876713106500, 4.199999999999997500, -2.738369942887148400 ) ) ;
#5482 = CARTESIAN_POINT ( 'NONE',  ( 1.000411369877453500, 4.200000000000000200, -2.143428140054338900 ) ) ;
#5483 = CARTESIAN_POINT ( 'NONE',  ( 0.2941783453378514800, 4.209999999999992900, -2.986030024181095800 ) ) ;
#5484 = CARTESIAN_POINT ( 'NONE',  ( -1.771021791777901000, 4.200000000000000200, -1.442512417636588000 ) ) ;
#5485 = CARTESIAN_POINT ( 'NONE',  ( -2.384260044619015900, 4.209999999999997300, -1.254295199003393900 ) ) ;
#5486 = ORIENTED_EDGE ( 'NONE', *, *, #4020, .T. ) ;
#5487 = EDGE_CURVE ( 'NONE', #1108, #4318, #2134, .T. ) ;
#5488 = CARTESIAN_POINT ( 'NONE',  ( 2.044117877660307500, 4.199999999999996600, -2.074067094836563400 ) ) ;
#5489 = CARTESIAN_POINT ( 'NONE',  ( 0.5709392567700526400, 4.200000000000002800, -2.448409054792025000 ) ) ;
#5490 = CARTESIAN_POINT ( 'NONE',  ( 0.4008806332097998300, 4.209999999999997300, -2.629240389679573700 ) ) ;
#5491 = B_SPLINE_CURVE_WITH_KNOTS ( 'NONE', 3,
 ( #6346, #1976, #4498, #741, #5132, #1360, #5762 ),
 .UNSPECIFIED., .F., .F.,
 ( 4, 1, 1, 1, 4 ),
 ( 0.0000000000000000000, 0.2107201837555495700, 0.4472338814846622500, 0.7106940756460489200, 1.000000000000000000 ),
 .UNSPECIFIED. ) ;
#5492 = ORIENTED_EDGE ( 'NONE', *, *, #7260, .F. ) ;
#5493 = CARTESIAN_POINT ( 'NONE',  ( 0.1914274470461439200, 4.209999999999995500, -2.809417804086987000 ) ) ;
#5494 = CARTESIAN_POINT ( 'NONE',  ( 0.6226678177025888300, 4.199999999999998400, -2.863481289413532000 ) ) ;
#5495 = CARTESIAN_POINT ( 'NONE',  ( 1.917787494143354400, 4.199999999999995700, -2.344278692596105000 ) ) ;
#5496 = ORIENTED_EDGE ( 'NONE', *, *, #4527, .T. ) ;
#5497 = CARTESIAN_POINT ( 'NONE',  ( 0.9063650587452241100, 4.210000000000000000, -2.073109013180062500 ) ) ;
#5498 = ORIENTED_EDGE ( 'NONE', *, *, #2967, .T. ) ;
#5499 = AXIS2_PLACEMENT_3D ( 'NONE', #3774, #2549, #6910 ) ;
#5500 = CARTESIAN_POINT ( 'NONE',  ( 0.2792683664727948500, 4.209999999999999100, -2.325956144733836200 ) ) ;
#5501 = CARTESIAN_POINT ( 'NONE',  ( 0.09562184269871348800, 4.200000000000000200, 3.099665549985374000 ) ) ;
#5502 = CARTESIAN_POINT ( 'NONE',  ( -0.6062207696767254500, 4.209999999999996400, -2.726962939173305700 ) ) ;
#5503 = ORIENTED_EDGE ( 'NONE', *, *, #8044, .T. ) ;
#5504 = CARTESIAN_POINT ( 'NONE',  ( 1.449868819188254100, 4.200000000000000200, -1.861088955321136100 ) ) ;
#5505 = CARTESIAN_POINT ( 'NONE',  ( 0.1880183868763711000, 4.209999999999999100, -2.367526859509710300 ) ) ;
#5506 = VECTOR ( 'NONE', #1103, 1000.000000000000000 ) ;
#5507 = ORIENTED_EDGE ( 'NONE', *, *, #4966, .T. ) ;
#5508 = DIRECTION ( 'NONE',  ( -0.8332809203497978400, -1.103095653089763000E-014, -0.5528498058071412700 ) ) ;
#5509 = CARTESIAN_POINT ( 'NONE',  ( 1.225109932574491400, 4.200000000000002000, -2.402813738606782500 ) ) ;
#5510 = ORIENTED_EDGE ( 'NONE', *, *, #2608, .F. ) ;
#5511 = AXIS2_PLACEMENT_3D ( 'NONE', #4506, #3878, #755 ) ;
#5512 = VERTEX_POINT ( 'NONE', #7330 ) ;
#5513 = DIRECTION ( 'NONE',  ( 0.0000000000000000000, -1.000000000000000000, 0.0000000000000000000 ) ) ;
#5514 = DIRECTION ( 'NONE',  ( -0.0000000000000000000, -1.000000000000000000, -0.0000000000000000000 ) ) ;
#5515 = FACE_BOUND ( 'NONE', #4818, .T. ) ;
#5516 = ORIENTED_EDGE ( 'NONE', *, *, #3273, .T. ) ;
#5517 = ADVANCED_FACE ( 'NONE', ( #2336 ), #1777, .T. ) ;
#5518 = PRODUCT_DEFINITION_SHAPE ( 'NONE', 'NONE',  #3693 ) ;
#5519 = CARTESIAN_POINT ( 'NONE',  ( 1.922362875169021200, 4.199999999999997500, -2.105664701514185800 ) ) ;
#5520 = CARTESIAN_POINT ( 'NONE',  ( 1.497173117415370200, 4.199999999999999300, -1.800533468862443500 ) ) ;
#5521 = CARTESIAN_POINT ( 'NONE',  ( 0.4774788462680303900, 4.209999999999999100, -2.306371203429515400 ) ) ;
#5523 = CARTESIAN_POINT ( 'NONE',  ( 1.895573519063285600, 4.199999999999994800, -2.449490449423247000 ) ) ;
#5522 = CARTESIAN_POINT ( 'NONE',  ( 0.4823108639647321600, 4.199999999999995700, -2.683460943117593100 ) ) ;
#5524 = ORIENTED_EDGE ( 'NONE', *, *, #3165, .F. ) ;
#5525 = VERTEX_POINT ( 'NONE', #5540 ) ;
#5526 = CARTESIAN_POINT ( 'NONE',  ( 0.2134886514728609500, 4.199999999999998400, -2.707021564320127600 ) ) ;
#5527 = FACE_OUTER_BOUND ( 'NONE', #7263, .T. ) ;
#5528 = CARTESIAN_POINT ( 'NONE',  ( 0.1527033574734318900, 4.209999999999998200, -2.472242296409848700 ) ) ;
#5529 = EDGE_CURVE ( 'NONE', #7848, #1763, #5268, .T. ) ;
#5530 = CARTESIAN_POINT ( 'NONE',  ( 1.826376672326766900, 4.209999999999995500, -2.362993323950907300 ) ) ;
#5531 = EDGE_CURVE ( 'NONE', #4830, #5715, #5217, .T. ) ;
#5532 = CARTESIAN_POINT ( 'NONE',  ( -0.5623015609063303200, 4.199999999999999300, -2.290093725874605500 ) ) ;
#5533 = VERTEX_POINT ( 'NONE', #6704 ) ;
#5534 = CARTESIAN_POINT ( 'NONE',  ( 0.3933127120807379300, 4.200000000000001100, -2.356783568085015500 ) ) ;
#5535 = CARTESIAN_POINT ( 'NONE',  ( 0.8238321944967539300, 4.209999999999996400, -2.590510494306896400 ) ) ;
#5536 = CARTESIAN_POINT ( 'NONE',  ( 5.510910596163089600E-016, 0.2999999999999999900, 2.000000000000000000 ) ) ;
#5537 = VECTOR ( 'NONE', #7242, 1000.000000000000000 ) ;
#5538 = FACE_OUTER_BOUND ( 'NONE', #5273, .T. ) ;
#5539 = CARTESIAN_POINT ( 'NONE',  ( 2.034071007617574100, 4.209999999999998200, -1.500450681788766400 ) ) ;
#5540 = CARTESIAN_POINT ( 'NONE',  ( -0.09700205866847340400, 4.200000000000000200, 2.457585878761416000 ) ) ;
#5541 = EDGE_LOOP ( 'NONE', ( #508, #5920, #895, #1676 ) ) ;
#5542 = DIRECTION ( 'NONE',  ( 6.913199529551666400E-015, 0.0000000000000000000, 1.000000000000000000 ) ) ;
#5543 = CARTESIAN_POINT ( 'NONE',  ( -0.3097489466112748300, 4.199999999999997500, -2.345520683985988300 ) ) ;
#5544 = EDGE_CURVE ( 'NONE', #7483, #2871, #3509, .T. ) ;
#5545 = LINE ( 'NONE', #6398, #6993 ) ;
#5546 = CARTESIAN_POINT ( 'NONE',  ( -2.037303434121279500, 4.200000000000000200, -2.242680178902146400 ) ) ;
#5547 = VECTOR ( 'NONE', #3978, 1000.000000000000000 ) ;
#5548 = CARTESIAN_POINT ( 'NONE',  ( -1.941563308821528900, 4.200000000000002000, -1.163775194498355400 ) ) ;
#5549 = B_SPLINE_CURVE_WITH_KNOTS ( 'NONE', 3,
 ( #1272, #5665, #1909, #6277, #2546, #6905, #3177, #7544, #3800, #51, #4423, #674, #5067, #1300, #5686, #1937, #6309, #2570, #6933 ),
 .UNSPECIFIED., .F., .F.,
 ( 4, 1, 1, 1, 1, 1, 1, 1, 1, 1, 1, 1, 1, 1, 1, 1, 4 ),
 ( 0.0000000000000000000, 0.06214962581656737600, 0.1221413512164322300, 0.1804113026687851300, 0.2374351254673271700, 0.2933839231705762100, 0.3498522023881974200, 0.4060406500747016400, 0.4638475689019476700, 0.5222946330771944800, 0.5826856065383809700, 0.6442126130816722100, 0.7089326089784233600, 0.7757931713560513000, 0.8465553913561195700, 0.9211676425787883600, 1.000000000000000000 ),
 .UNSPECIFIED. ) ;
#5550 = CARTESIAN_POINT ( 'NONE',  ( 0.8619340666461097200, 4.210000000000000000, -2.227024588883350200 ) ) ;
#5551 = CARTESIAN_POINT ( 'NONE',  ( 0.5265445000770133700, 4.199999999999996600, -2.832044155086281400 ) ) ;
#5552 = CARTESIAN_POINT ( 'NONE',  ( 1.601344344317587200, 4.210000000000000900, -1.761558281807087400 ) ) ;
#5553 = VERTEX_POINT ( 'NONE', #3053 ) ;
#5555 = CARTESIAN_POINT ( 'NONE',  ( -0.09700205866847379200, 4.200000000000000200, 2.907041648618186700 ) ) ;
#5554 = CARTESIAN_POINT ( 'NONE',  ( 0.5231969994938883200, 4.209999999999996400, -2.790259080370737400 ) ) ;
#5556 = VECTOR ( 'NONE', #1572, 1000.000000000000000 ) ;
#5557 = CARTESIAN_POINT ( 'NONE',  ( 0.2225802914035031600, 4.210000000000000000, -2.340737071744956900 ) ) ;
#5558 = CARTESIAN_POINT ( 'NONE',  ( 1.741224806309549700, 4.199999999999997500, -2.323662467779604900 ) ) ;
#5559 = ORIENTED_EDGE ( 'NONE', *, *, #7413, .F. ) ;
#5560 = CARTESIAN_POINT ( 'NONE',  ( 1.436359753967463700, 4.210000000000000000, -1.740016643991944400 ) ) ;
#5561 = CARTESIAN_POINT ( 'NONE',  ( 0.4865844231667082500, 4.209999999999998200, -2.507419966116782200 ) ) ;
#5562 = CARTESIAN_POINT ( 'NONE',  ( 0.9105279611261807300, 4.199999999999996600, -2.747571537923311400 ) ) ;
#5563 = EDGE_LOOP ( 'NONE', ( #1188, #1795, #108, #2676 ) ) ;
#5564 = CIRCLE ( 'NONE', #3313, 0.8000000000000000400 ) ;
#5565 = ADVANCED_FACE ( 'NONE', ( #3592, #6906 ), #1199, .T. ) ;
#5566 = DIRECTION ( 'NONE',  ( -0.3774485607782726000, 0.0000000000000000000, -0.9260305523936078800 ) ) ;
#5567 = CARTESIAN_POINT ( 'NONE',  ( 0.1323138648317495600, 4.209999999999996400, -2.639167171217108100 ) ) ;
#5568 = AXIS2_PLACEMENT_3D ( 'NONE', #3887, #128, #4511 ) ;
#5569 = CARTESIAN_POINT ( 'NONE',  ( 0.3270051792312703200, 4.200000000000000200, -2.536314697719578100 ) ) ;
#5570 = CARTESIAN_POINT ( 'NONE',  ( 1.989523303738274000, 4.209999999999992900, -2.195597970629282500 ) ) ;
#5571 = B_SPLINE_CURVE_WITH_KNOTS ( 'NONE', 3,
 ( #1915, #6283, #6912, #3183, #7549, #3804, #57, #4431, #679, #5073, #1305, #5693, #1941, #6316, #2578, #6938, #3213, #7580, #3827, #82, #4466, #705, #5096, #1336, #5725, #1966, #6340 ),
 .UNSPECIFIED., .F., .F.,
 ( 4, 1, 1, 1, 1, 1, 1, 1, 1, 1, 1, 1, 1, 1, 1, 1, 1, 1, 1, 1, 1, 1, 1, 1, 4 ),
 ( 0.0000000000000000000, 0.06385135931131572000, 0.1245001093056614800, 0.1819768881527777900, 0.2360996606679068300, 0.2872169287996562100, 0.3354378279301343800, 0.3808915132191890700, 0.4234606946628317600, 0.4640645146558492500, 0.5034774541931483800, 0.5414164878675483700, 0.5782845699103462700, 0.6141775727536031800, 0.6495408482765489000, 0.6843718693014605400, 0.7191098775151731900, 0.7535807519351698200, 0.7878465374851080200, 0.8219297391858730900, 0.8564396994078383700, 0.8912319953136186300, 0.9266159590758811200, 0.9627112077634200100, 0.9999999999999998900 ),
 .UNSPECIFIED. ) ;
#5572 = CARTESIAN_POINT ( 'NONE',  ( -0.2460785781969911100, 4.209999999999998200, -2.482016425349098400 ) ) ;
#5573 = CARTESIAN_POINT ( 'NONE',  ( -0.8517087539358433300, 4.209999999999997300, -2.512930730411408600 ) ) ;
#5574 = CARTESIAN_POINT ( 'NONE',  ( 2.545041292225849600, 4.210000000000014200, -1.622435481315568600 ) ) ;
#5575 = DIRECTION ( 'NONE',  ( 0.0000000000000000000, -1.000000000000000000, 0.0000000000000000000 ) ) ;
#5576 = CARTESIAN_POINT ( 'NONE',  ( 0.4864639101491886600, 4.209999999999996400, -2.950259952295060600 ) ) ;
#5577 = CARTESIAN_POINT ( 'NONE',  ( 1.698954572812348500, 4.200000000000002000, -1.788555629962682100 ) ) ;
#5579 = DIRECTION ( 'NONE',  ( 0.0000000000000000000, -1.000000000000000000, 0.0000000000000000000 ) ) ;
#5578 = CARTESIAN_POINT ( 'NONE',  ( -0.3371854219590743100, 4.199999999999995700, -2.934798478028851900 ) ) ;
#5580 = CARTESIAN_POINT ( 'NONE',  ( 1.959231978191368700, 4.200000000000000200, -2.137853399825620800 ) ) ;
#5581 = DIRECTION ( 'NONE',  ( -0.5340778828702459300, 0.0000000000000000000, -0.8454352813958238000 ) ) ;
#5582 = CARTESIAN_POINT ( 'NONE',  ( -4.322904116447636700, 0.2999999999999999900, 1.250000000000028900 ) ) ;
#5583 = CARTESIAN_POINT ( 'NONE',  ( 1.027567296335716100, 4.209999999999995500, -2.857192052875012300 ) ) ;
#5584 = DIRECTION ( 'NONE',  ( -0.0000000000000000000, -1.000000000000000000, -0.0000000000000000000 ) ) ;
#5585 = CARTESIAN_POINT ( 'NONE',  ( -2.605429291118283300, 4.209999999999995500, -1.324387981980306400 ) ) ;
#5586 = DIRECTION ( 'NONE',  ( 0.9767574455669368900, 0.0000000000000000000, -0.2143475974429202800 ) ) ;
#5587 = DIRECTION ( 'NONE',  ( 5.764390969681042600E-015, 1.000000000000000000, -3.636544587523971200E-015 ) ) ;
#5588 = CARTESIAN_POINT ( 'NONE',  ( -0.1415925107626471700, 4.200000000000000200, -2.512979621358205400 ) ) ;
#5589 = CARTESIAN_POINT ( 'NONE',  ( 1.982513919965216900, 4.199999999999997500, -2.272319330972781200 ) ) ;
#5590 = CARTESIAN_POINT ( 'NONE',  ( -0.2604746350388773000, 4.199999999999995700, -2.686669724441917800 ) ) ;
#5591 = CARTESIAN_POINT ( 'NONE',  ( 2.398934904461640800, 4.209999999999995500, -1.578322171175226400 ) ) ;
#5592 = B_SPLINE_CURVE_WITH_KNOTS ( 'NONE', 3,
 ( #3638, #6778, #7418, #3669, #8038, #4299, #548, #4945, #1172, #5567, #1801, #6178, #2449, #6807, #3076, #7438, #3698, #8063, #4319 ),
 .UNSPECIFIED., .F., .F.,
 ( 4, 1, 1, 1, 1, 1, 1, 1, 1, 1, 1, 1, 1, 1, 1, 1, 4 ),
 ( 0.0000000000000000000, 0.06168161246580999800, 0.1212104701624424500, 0.1800481171731447800, 0.2378669408911875700, 0.2956377030086456100, 0.3539926892929226000, 0.4138810282916968700, 0.4759218590439695500, 0.5386320203745023100, 0.6005818831132019300, 0.6627325123343432700, 0.7260969653921507400, 0.7905871957084469300, 0.8575377940488762000, 0.9274093633917608300, 1.000000000000000000 ),
 .UNSPECIFIED. ) ;
#5593 = ORIENTED_EDGE ( 'NONE', *, *, #2455, .T. ) ;
#5594 = EDGE_CURVE ( 'NONE', #7679, #2306, #6717, .T. ) ;
#5595 = ORIENTED_EDGE ( 'NONE', *, *, #2453, .F. ) ;
#5596 = CARTESIAN_POINT ( 'NONE',  ( 0.4070927173604546000, 4.199999999999996600, -3.001564438429748600 ) ) ;
#5597 = ORIENTED_EDGE ( 'NONE', *, *, #3273, .F. ) ;
#5598 = EDGE_CURVE ( 'NONE', #4022, #5533, #264, .T. ) ;
#5600 = CARTESIAN_POINT ( 'NONE',  ( 0.7659157057760153100, 4.200000000000000200, -2.429859748684235900 ) ) ;
#5599 = DIRECTION ( 'NONE',  ( -0.8454034821298548300, 0.0000000000000000000, 0.5341282171938835900 ) ) ;
#5601 = ORIENTED_EDGE ( 'NONE', *, *, #2011, .F. ) ;
#5602 = CARTESIAN_POINT ( 'NONE',  ( 1.976894331356900500, 4.199999999999995700, -2.284327776610798100 ) ) ;
#5603 = CARTESIAN_POINT ( 'NONE',  ( 0.2142540966870909700, 4.199999999999997500, -3.055317012983958900 ) ) ;
#5604 = ORIENTED_EDGE ( 'NONE', *, *, #3438, .F. ) ;
#5605 = CARTESIAN_POINT ( 'NONE',  ( -1.799482608807299900, 4.209999999999999100, -1.354657628323910200 ) ) ;
#5606 = LINE ( 'NONE', #780, #2288 ) ;
#5607 = CARTESIAN_POINT ( 'NONE',  ( 1.140690715418764200, 4.199999999999992200, -2.887831468756306500 ) ) ;
#5608 = VERTEX_POINT ( 'NONE', #3719 ) ;
#5609 = CARTESIAN_POINT ( 'NONE',  ( 1.359070730603530800, 4.200000000000000200, -1.840144577702218100 ) ) ;
#5610 = CARTESIAN_POINT ( 'NONE',  ( -2.656335411912253100, 4.199999999999995700, -1.481702493014575200 ) ) ;
#5611 = EDGE_LOOP ( 'NONE', ( #4921, #4522, #7179, #5503 ) ) ;
#5612 = PLANE ( 'NONE',  #3138 ) ;
#5613 = CARTESIAN_POINT ( 'NONE',  ( 1.812370243504914000, 4.209999999999994600, -2.360286805882930500 ) ) ;
#5614 = CARTESIAN_POINT ( 'NONE',  ( -0.5940300266086063800, 4.200000000000000200, -2.633152358252708300 ) ) ;
#5615 = ORIENTED_EDGE ( 'NONE', *, *, #2283, .F. ) ;
#5616 = CARTESIAN_POINT ( 'NONE',  ( -0.1807523055516381800, 4.209999999999999100, -2.356961834267372600 ) ) ;
#5617 = FACE_OUTER_BOUND ( 'NONE', #3792, .T. ) ;
#5618 = CARTESIAN_POINT ( 'NONE',  ( 1.249999999999999600, 0.0000000000000000000, -8.641499411939580000E-015 ) ) ;
#5619 = CARTESIAN_POINT ( 'NONE',  ( 1.110091761267080000, 4.209999999999995500, -2.791767674619247700 ) ) ;
#5620 = CARTESIAN_POINT ( 'NONE',  ( 0.2134886514728609500, 4.209999999999997300, -2.707021564320127600 ) ) ;
#5621 = ORIENTED_EDGE ( 'NONE', *, *, #5672, .F. ) ;
#5622 = CARTESIAN_POINT ( 'NONE',  ( 0.0000000000000000000, 0.2999999999999999900, 0.0000000000000000000 ) ) ;
#5623 = VECTOR ( 'NONE', #3826, 1000.000000000000000 ) ;
#5624 = CARTESIAN_POINT ( 'NONE',  ( -2.338261451623370400, 4.199999999999996600, -1.226199084226093000 ) ) ;
#5625 = CARTESIAN_POINT ( 'NONE',  ( 0.2476464107409852000, 4.200000000000000200, -2.550799262904556800 ) ) ;
#5627 = CARTESIAN_POINT ( 'NONE',  ( 0.3162612532427920300, 4.200000000000000200, -2.325260634373380200 ) ) ;
#5626 = CARTESIAN_POINT ( 'NONE',  ( 1.174930454918110100, 4.199999999999996600, -2.796729380356203900 ) ) ;
#5628 = PERSON_AND_ORGANIZATION ( #1487, #4347 ) ;
#5629 = ORIENTED_EDGE ( 'NONE', *, *, #5631, .F. ) ;
#5630 = DIRECTION ( 'NONE',  ( 0.0000000000000000000, -1.000000000000000000, 0.0000000000000000000 ) ) ;
#5631 = EDGE_CURVE ( 'NONE', #1818, #4078, #3402, .T. ) ;
#5632 = CARTESIAN_POINT ( 'NONE',  ( 0.0000000000000000000, 0.2999999999999999900, 0.0000000000000000000 ) ) ;
#5633 = LINE ( 'NONE', #5383, #6023 ) ;
#5634 = EDGE_CURVE ( 'NONE', #907, #4533, #2655, .T. ) ;
#5635 = FACE_OUTER_BOUND ( 'NONE', #1877, .T. ) ;
#5636 = CARTESIAN_POINT ( 'NONE',  ( 1.250000000000000000, 0.2999999999999999900, 3.588523373199622700 ) ) ;
#5637 = CARTESIAN_POINT ( 'NONE',  ( -2.037303434121279000, 4.209999999999994600, -2.242680178902146000 ) ) ;
#5638 = CARTESIAN_POINT ( 'NONE',  ( 1.345834247004607600, 4.210000000000000000, -2.005116725775812500 ) ) ;
#5639 = VECTOR ( 'NONE', #6644, 1000.000000000000000 ) ;
#5640 = CARTESIAN_POINT ( 'NONE',  ( -2.619208801010836800, 4.209999999999992900, -1.671193310937402200 ) ) ;
#5641 = CARTESIAN_POINT ( 'NONE',  ( 0.5187973447683024200, 4.199999999999996600, -2.888419828715338900 ) ) ;
#5642 = CARTESIAN_POINT ( 'NONE',  ( 0.0000000000000000000, 0.0000000000000000000, 0.0000000000000000000 ) ) ;
#5643 = CARTESIAN_POINT ( 'NONE',  ( -0.5171962875526359100, 4.200000000000000200, -2.385121643358629300 ) ) ;
#5644 = CARTESIAN_POINT ( 'NONE',  ( -0.2595218978989785000, 4.200000000000000200, -2.269332866844381100 ) ) ;
#5645 = LINE ( 'NONE', #2222, #448 ) ;
#5646 = CARTESIAN_POINT ( 'NONE',  ( 5.510910596163089600E-016, -0.2999999999999999900, -1.300000000000000300 ) ) ;
#5647 = CARTESIAN_POINT ( 'NONE',  ( 1.037575055419512200, 4.209999999999994600, -2.742490215010299000 ) ) ;
#5648 = EDGE_CURVE ( 'NONE', #4837, #7483, #65, .T. ) ;
#5649 = CARTESIAN_POINT ( 'NONE',  ( -0.5704517199464211900, 4.210000000000000000, -2.298226907259910400 ) ) ;
#5650 = ORIENTED_EDGE ( 'NONE', *, *, #174, .T. ) ;
#5651 = CARTESIAN_POINT ( 'NONE',  ( 1.108321824882085200, 4.209999999999999100, -2.200937095510159900 ) ) ;
#5652 = FACE_OUTER_BOUND ( 'NONE', #6758, .T. ) ;
#5653 = CARTESIAN_POINT ( 'NONE',  ( -2.184670029142026200, 4.209999999999997300, -1.180317683959238200 ) ) ;
#5654 = CARTESIAN_POINT ( 'NONE',  ( 0.3743620947948352900, 4.199999999999996600, -3.006076700402514000 ) ) ;
#5655 = CARTESIAN_POINT ( 'NONE',  ( 0.1182329254773749200, 4.209999999999998200, -2.660873650245283400 ) ) ;
#5657 = CARTESIAN_POINT ( 'NONE',  ( 0.5033573204194952100, 4.199999999999997500, -2.568814011709267500 ) ) ;
#5656 = CARTESIAN_POINT ( 'NONE',  ( 1.078761923710187100, 4.209999999999994600, -2.776383909970204600 ) ) ;
#5658 = ORIENTED_EDGE ( 'NONE', *, *, #3605, .F. ) ;
#5659 = AXIS2_PLACEMENT_3D ( 'NONE', #5957, #2216, #6570 ) ;
#5660 = ORIENTED_EDGE ( 'NONE', *, *, #817, .T. ) ;
#5661 = CARTESIAN_POINT ( 'NONE',  ( 0.3011979732632842900, 4.209999999999996400, -2.633887679108066300 ) ) ;
#5662 = CARTESIAN_POINT ( 'NONE',  ( -2.318400100455148700, 4.199999999999995700, -1.817302708965357900 ) ) ;
#5663 = CARTESIAN_POINT ( 'NONE',  ( -0.6013575201213032800, 4.209999999999998200, -2.681244001087256900 ) ) ;
#5664 = CARTESIAN_POINT ( 'NONE',  ( 1.780696168856803000, 4.209999999999996400, -1.927047353606117700 ) ) ;
#5665 = CARTESIAN_POINT ( 'NONE',  ( 1.937148780104587000, 4.199999999999995700, -2.330287392165993200 ) ) ;
#5666 = CARTESIAN_POINT ( 'NONE',  ( -2.175401867116365700, 4.209999999999996400, -1.899210080590620500 ) ) ;
#5667 = CARTESIAN_POINT ( 'NONE',  ( -0.3586526035282788800, 4.210000000000000000, -2.233981759504906100 ) ) ;
#5668 = DIRECTION ( 'NONE',  ( 0.7433510487548801200, -9.495174956360263500E-015, -0.6689015012055360400 ) ) ;
#5669 = CARTESIAN_POINT ( 'NONE',  ( 1.250000000000000000, 0.2999999999999999900, 5.000000000000000000 ) ) ;
#5670 = CARTESIAN_POINT ( 'NONE',  ( 0.9231305073880740100, 4.199999999999998400, -2.552206825756055100 ) ) ;
#5671 = CARTESIAN_POINT ( 'NONE',  ( -0.6961612102979631800, 4.209999999999996400, -2.597346657515314600 ) ) ;
#5672 = EDGE_CURVE ( 'NONE', #5104, #2504, #5571, .T. ) ;
#5673 = CARTESIAN_POINT ( 'NONE',  ( 0.2644808487394946800, 4.209999999999995500, -2.965494198984598700 ) ) ;
#5674 = CARTESIAN_POINT ( 'NONE',  ( 0.08555074711074367500, 4.199999999999996600, -2.817318093273550900 ) ) ;
#5676 = CARTESIAN_POINT ( 'NONE',  ( 1.273154796002727400, 4.209999999999998200, -2.529089417524571700 ) ) ;
#5675 = CARTESIAN_POINT ( 'NONE',  ( 1.388905598425181900, 4.209999999999998200, -2.093984938400433600 ) ) ;
#5677 = EDGE_CURVE ( 'NONE', #596, #525, #7114, .T. ) ;
#5678 = ORIENTED_EDGE ( 'NONE', *, *, #2700, .F. ) ;
#5679 = CARTESIAN_POINT ( 'NONE',  ( 0.5983311005661222600, 4.209999999999997300, -2.538573399191970600 ) ) ;
#5680 = ORIENTED_EDGE ( 'NONE', *, *, #3530, .T. ) ;
#5681 = CARTESIAN_POINT ( 'NONE',  ( -0.8517087539358433300, 4.209999999999997300, -2.512930730411408600 ) ) ;
#5682 = CARTESIAN_POINT ( 'NONE',  ( -2.477569463615714600, 4.209999999999994600, -1.723220209900081700 ) ) ;
#5683 = ORIENTED_EDGE ( 'NONE', *, *, #3962, .F. ) ;
#5684 = CARTESIAN_POINT ( 'NONE',  ( 2.589126637423453400, 4.199999999999994800, -1.717991286281802300 ) ) ;
#5685 = PLANE ( 'NONE',  #7635 ) ;
#5686 = CARTESIAN_POINT ( 'NONE',  ( 1.770009389822323300, 4.199999999999996600, -2.342621539852099800 ) ) ;
#5687 = CARTESIAN_POINT ( 'NONE',  ( 0.3907178456745743500, 4.209999999999993700, -3.090427229038879500 ) ) ;
#5688 = EDGE_CURVE ( 'NONE', #843, #6092, #4882, .T. ) ;
#5689 = ORIENTED_EDGE ( 'NONE', *, *, #4182, .T. ) ;
#5690 = CARTESIAN_POINT ( 'NONE',  ( 1.231558187703143400, 4.199999999999998400, -2.418095536229994300 ) ) ;
#5691 = CARTESIAN_POINT ( 'NONE',  ( -0.4436944154760389900, 4.200000000000002000, -2.232264700839500500 ) ) ;
#5692 = DIRECTION ( 'NONE',  ( 0.0000000000000000000, -1.000000000000000000, 0.0000000000000000000 ) ) ;
#5693 = CARTESIAN_POINT ( 'NONE',  ( 0.5225636320923773300, 4.200000000000000200, -2.357303546924830200 ) ) ;
#5694 = EDGE_CURVE ( 'NONE', #3869, #2788, #1723, .T. ) ;
#5695 = CARTESIAN_POINT ( 'NONE',  ( 1.338084349431994300, 4.200000000000000200, -1.934149505201041600 ) ) ;
#5696 = ORIENTED_EDGE ( 'NONE', *, *, #2393, .F. ) ;
#5697 = CARTESIAN_POINT ( 'NONE',  ( -0.4847381912827583000, 4.199999999999999300, -3.087655490735025800 ) ) ;
#5698 = CARTESIAN_POINT ( 'NONE',  ( 1.601344344317587200, 4.200000000000001100, -1.761558281807087400 ) ) ;
#5699 = CARTESIAN_POINT ( 'NONE',  ( -2.490895480501886400, 4.199999999999997500, -1.190524395613924000 ) ) ;
#5700 = ORIENTED_EDGE ( 'NONE', *, *, #6302, .T. ) ;
#5701 = CARTESIAN_POINT ( 'NONE',  ( -1.884321723951908100, 4.209999999999998200, -1.422710517929377700 ) ) ;
#5702 = CIRCLE ( 'NONE', #7809, 3.800000000000000300 ) ;
#5703 = ORIENTED_EDGE ( 'NONE', *, *, #4774, .F. ) ;
#5704 = EDGE_CURVE ( 'NONE', #204, #1363, #5069, .T. ) ;
#5705 = CARTESIAN_POINT ( 'NONE',  ( 0.2026151413843951800, 4.199999999999997500, -2.870083178581642100 ) ) ;
#5707 = CARTESIAN_POINT ( 'NONE',  ( 1.286126031513988600, 4.199999999999995700, -2.694841712900049000 ) ) ;
#5706 = CARTESIAN_POINT ( 'NONE',  ( -1.770220572370542400, 4.210000000000000000, -1.449072258753050200 ) ) ;
#5708 = ORIENTED_EDGE ( 'NONE', *, *, #6622, .T. ) ;
#5709 = ORIENTED_EDGE ( 'NONE', *, *, #344, .F. ) ;
#5710 = CARTESIAN_POINT ( 'NONE',  ( 0.4247162520794471900, 4.210000000000000900, -2.269529278324566400 ) ) ;
#5711 = LINE ( 'NONE', #1808, #7364 ) ;
#5712 = ORIENTED_EDGE ( 'NONE', *, *, #7112, .F. ) ;
#5713 = CARTESIAN_POINT ( 'NONE',  ( 0.2023805502270108500, 4.200000000000000200, -2.353866212772964600 ) ) ;
#5714 = CARTESIAN_POINT ( 'NONE',  ( 0.5106413617645558800, 4.209999999999997300, -2.620851900221099900 ) ) ;
#5715 = VERTEX_POINT ( 'NONE', #7655 ) ;
#5716 = AXIS2_PLACEMENT_3D ( 'NONE', #2911, #7253, #3519 ) ;
#5717 = CARTESIAN_POINT ( 'NONE',  ( -0.2780249460438681300, 4.209999999999995500, -2.779281490132214900 ) ) ;
#5718 = ORIENTED_EDGE ( 'NONE', *, *, #7825, .T. ) ;
#5719 = CARTESIAN_POINT ( 'NONE',  ( 2.385206361932793700, 4.200000000000000200, -1.575281954645913600 ) ) ;
#5720 = CARTESIAN_POINT ( 'NONE',  ( 1.763832998662612500, 4.200000000000000200, -1.702150763905515800 ) ) ;
#5721 = CARTESIAN_POINT ( 'NONE',  ( 1.381125777022619100, 4.199999999999995700, -2.530359195224688200 ) ) ;
#5722 = LINE ( 'NONE', #4280, #1392 ) ;
#5723 = CARTESIAN_POINT ( 'NONE',  ( 1.271361668789378700, 4.199999999999994000, -2.729477526478977500 ) ) ;
#5724 = CARTESIAN_POINT ( 'NONE',  ( -2.020888361460619500, 4.209999999999997300, -1.811750061495379900 ) ) ;
#5725 = CARTESIAN_POINT ( 'NONE',  ( 0.2796588013326054600, 4.200000000000000200, -2.240268146950447700 ) ) ;
#5726 = PLANE ( 'NONE',  #770 ) ;
#5727 = ORIENTED_EDGE ( 'NONE', *, *, #6723, .F. ) ;
#5728 = CARTESIAN_POINT ( 'NONE',  ( -0.2981970213595254200, 4.209999999999992900, -3.034842935834559400 ) ) ;
#5729 = LINE ( 'NONE', #7882, #2214 ) ;
#5730 = CARTESIAN_POINT ( 'NONE',  ( -2.657187580992258700, 4.199999999999995700, -1.508808101061175400 ) ) ;
#5731 = DIRECTION ( 'NONE',  ( 0.0000000000000000000, 0.0000000000000000000, 1.000000000000000000 ) ) ;
#5732 = CIRCLE ( 'NONE', #5108, 0.2999999999999999300 ) ;
#5733 = ORIENTED_EDGE ( 'NONE', *, *, #4365, .F. ) ;
#5734 = CARTESIAN_POINT ( 'NONE',  ( -2.338261451623370400, 4.209999999999998200, -1.226199084226093000 ) ) ;
#5735 = LINE ( 'NONE', #4502, #729 ) ;
#5737 = CARTESIAN_POINT ( 'NONE',  ( 1.212667983787992800, 4.209999999999994600, -2.783785745953903500 ) ) ;
#5736 = CARTESIAN_POINT ( 'NONE',  ( 0.4448941227278817000, 4.199999999999999300, -2.649236468458749700 ) ) ;
#5738 = CARTESIAN_POINT ( 'NONE',  ( -0.6822695713457231900, 4.209999999999994600, -2.945084988755100900 ) ) ;
#5739 = LINE ( 'NONE', #5192, #4072 ) ;
#5740 = EDGE_CURVE ( 'NONE', #605, #1784, #6251, .T. ) ;
#5741 = CARTESIAN_POINT ( 'NONE',  ( -0.5623015609063303200, 4.199999999999999300, -2.290093725874605500 ) ) ;
#5742 = CARTESIAN_POINT ( 'NONE',  ( 5.510910596163088600E-016, 0.2999999999999999900, 4.500000000000000000 ) ) ;
#5743 = ORIENTED_EDGE ( 'NONE', *, *, #3423, .T. ) ;
#5744 = B_SPLINE_CURVE_WITH_KNOTS ( 'NONE', 3,
 ( #4524, #5166, #2040, #6404, #2668, #7033, #3303, #7669, #3917, #171, #4556, #797, #5191, #1421, #5820 ),
 .UNSPECIFIED., .F., .F.,
 ( 4, 1, 1, 1, 1, 1, 1, 1, 1, 1, 1, 1, 4 ),
 ( 0.0000000000000000000, 0.09674948167655551800, 0.1849961713115606300, 0.2650197107398816200, 0.3380918329824246800, 0.4085559377788826100, 0.4817160241356217000, 0.5590893534814407300, 0.6418384655410334100, 0.7278312400414430600, 0.8156858759225368300, 0.9059792740162885300, 1.000000000000000000 ),
 .UNSPECIFIED. ) ;
#5745 = CARTESIAN_POINT ( 'NONE',  ( -0.3516753660364305100, 4.199999999999998400, -2.952554160469909500 ) ) ;
#5746 = CARTESIAN_POINT ( 'NONE',  ( 1.444086938888129200, 4.200000000000000200, -1.733632728347430900 ) ) ;
#5747 = LINE ( 'NONE', #5311, #4082 ) ;
#5748 = CARTESIAN_POINT ( 'NONE',  ( 0.4106642716595095300, 4.209999999999993700, -3.087235180717910600 ) ) ;
#5749 = ORIENTED_EDGE ( 'NONE', *, *, #3580, .T. ) ;
#5750 = CARTESIAN_POINT ( 'NONE',  ( 1.951204987605413600, 4.199999999999997500, -2.010006622612325900 ) ) ;
#5751 = CARTESIAN_POINT ( 'NONE',  ( 0.1116867829013081200, 4.209999999999996400, -2.933133623643396700 ) ) ;
#5752 = CARTESIAN_POINT ( 'NONE',  ( 0.9361261991616453000, 4.209999999999998200, -2.581293790894029400 ) ) ;
#5753 = CARTESIAN_POINT ( 'NONE',  ( 1.618745064415156600, 4.209999999999998200, -1.761918476415394100 ) ) ;
#5754 = VERTEX_POINT ( 'NONE', #2688 ) ;
#5755 = CARTESIAN_POINT ( 'NONE',  ( 1.784876453706974600, 4.210000000000000000, -1.717155431819657600 ) ) ;
#5756 = EDGE_LOOP ( 'NONE', ( #5987, #1989, #4764, #4528 ) ) ;
#5757 = CARTESIAN_POINT ( 'NONE',  ( -0.1977546319268887200, 4.200000000000002000, -2.879011957080757100 ) ) ;
#5758 = CARTESIAN_POINT ( 'NONE',  ( 2.040389367912172100, 4.209999999999995500, -2.344461484651699600 ) ) ;
#5759 = FACE_OUTER_BOUND ( 'NONE', #7165, .T. ) ;
#5760 = CARTESIAN_POINT ( 'NONE',  ( 0.3270051792312703200, 4.209999999999999100, -2.536314697719578100 ) ) ;
#5761 = EDGE_CURVE ( 'NONE', #5813, #3499, #1330, .T. ) ;
#5762 = CARTESIAN_POINT ( 'NONE',  ( 1.658058842546889600, 4.200000000000001100, -2.094199112105698200 ) ) ;
#5763 = B_SPLINE_CURVE_WITH_KNOTS ( 'NONE', 3,
 ( #1393, #3275, #2041, #6406, #2669, #7034, #3304, #7670, #3918, #172, #4558 ),
 .UNSPECIFIED., .F., .F.,
 ( 4, 1, 1, 1, 1, 1, 1, 1, 4 ),
 ( 0.0000000000000000000, 0.1358395671154532200, 0.2712207147222754900, 0.4075051560328681900, 0.5458979967042719700, 0.6791184859411039100, 0.7981951993579961000, 0.9049495800865128300, 1.000000000000000000 ),
 .UNSPECIFIED. ) ;
#5764 = CARTESIAN_POINT ( 'NONE',  ( -2.066834705234872300, 4.210000000000000900, -1.204015753151062200 ) ) ;
#5766 = CARTESIAN_POINT ( 'NONE',  ( 0.8486627678717656400, 4.209999999999996400, -2.643278161964031500 ) ) ;
#5765 = CARTESIAN_POINT ( 'NONE',  ( 2.221601327117742800, 4.209999999999998200, -1.203596367891167900 ) ) ;
#5767 = CARTESIAN_POINT ( 'NONE',  ( -0.4956350745858894600, 4.209999999999993700, -3.086270276403083800 ) ) ;
#5768 = CARTESIAN_POINT ( 'NONE',  ( 1.865230541143152700, 4.199999999999998400, -2.090491896733215800 ) ) ;
#5769 = CARTESIAN_POINT ( 'NONE',  ( -1.759985185297356500, 4.209999999999999100, -1.638482258692559400 ) ) ;
#5770 = ADVANCED_FACE ( 'NONE', ( #1528 ), #7050, .T. ) ;
#5771 = CARTESIAN_POINT ( 'NONE',  ( -0.4657083275811282300, 4.209999999999995500, -3.003366334634384400 ) ) ;
#5772 = CARTESIAN_POINT ( 'NONE',  ( -0.3551619431426740700, 4.200000000000000200, -2.321588537975554500 ) ) ;
#5773 = CARTESIAN_POINT ( 'NONE',  ( 0.5174364007778231600, 4.199999999999997500, -3.038373875509472000 ) ) ;
#5774 = CARTESIAN_POINT ( 'NONE',  ( 2.126537274160847300, 4.200000000000000200, -0.8777655746379443600 ) ) ;
#5775 = CARTESIAN_POINT ( 'NONE',  ( 0.2142540966870909700, 4.199999999999997500, -3.055317012983958900 ) ) ;
#5776 = DIRECTION ( 'NONE',  ( 0.5335604422599703500, 0.0000000000000000000, 0.8457619372230845700 ) ) ;
#5777 = DIRECTION ( 'NONE',  ( 0.0000000000000000000, 0.0000000000000000000, 1.000000000000000000 ) ) ;
#5778 = CARTESIAN_POINT ( 'NONE',  ( 1.640119440424135900, 4.200000000000000200, -1.664824606644421200 ) ) ;
#5779 = CARTESIAN_POINT ( 'NONE',  ( -0.1567314045616872700, 4.209999999999997300, -2.713701687621751500 ) ) ;
#5780 = CARTESIAN_POINT ( 'NONE',  ( -1.289173802485118900, 4.200000000000000200, -1.871700617176565600 ) ) ;
#5781 = DIRECTION ( 'NONE',  ( -0.7753648174501051000, 0.0000000000000000000, 0.6315135785242983500 ) ) ;
#5782 = CARTESIAN_POINT ( 'NONE',  ( 1.780696168856803000, 4.199999999999997500, -1.927047353606117700 ) ) ;
#5783 = CARTESIAN_POINT ( 'NONE',  ( 1.716526510855722600, 4.209999999999997300, -2.058513822507682900 ) ) ;
#5784 = ORIENTED_EDGE ( 'NONE', *, *, #1332, .T. ) ;
#5785 = EDGE_CURVE ( 'NONE', #6413, #2470, #6325, .T. ) ;
#5786 = DIRECTION ( 'NONE',  ( 0.0000000000000000000, -1.000000000000000000, 0.0000000000000000000 ) ) ;
#5788 = CARTESIAN_POINT ( 'NONE',  ( 1.064010095175904200, 4.209999999999994600, -2.874167209396813100 ) ) ;
#5787 = CARTESIAN_POINT ( 'NONE',  ( 0.05313446967642478100, 4.199999999999999300, -2.482887202093008400 ) ) ;
#5789 = EDGE_CURVE ( 'NONE', #427, #596, #3111, .T. ) ;
#5790 = DIRECTION ( 'NONE',  ( -0.3775363261712572600, 0.0000000000000000000, -0.9259947745106934500 ) ) ;
#5791 = CARTESIAN_POINT ( 'NONE',  ( -2.066834705234872300, 4.199999999999999300, -1.204015753151062200 ) ) ;
#5792 = PRODUCT_DEFINITION_FORMATION_WITH_SPECIFIED_SOURCE ( 'ANY', '', #2768, .NOT_KNOWN. ) ;
#5793 = CARTESIAN_POINT ( 'NONE',  ( 1.955364439401009700, 4.209999999999995500, -2.133566601022390600 ) ) ;
#5794 = ORIENTED_EDGE ( 'NONE', *, *, #3342, .F. ) ;
#5795 = CARTESIAN_POINT ( 'NONE',  ( 1.381125777022619100, 4.209999999999994600, -2.530359195224688200 ) ) ;
#5796 = CARTESIAN_POINT ( 'NONE',  ( 0.07250759194638660400, 4.199999999999999300, -2.372340977622621400 ) ) ;
#5797 = ORIENTED_EDGE ( 'NONE', *, *, #4964, .T. ) ;
#5798 = ORIENTED_EDGE ( 'NONE', *, *, #2663, .F. ) ;
#5799 = CARTESIAN_POINT ( 'NONE',  ( -0.2482238024695674100, 4.199999999999997500, -2.593628961493194700 ) ) ;
#5800 = ORIENTED_EDGE ( 'NONE', *, *, #3393, .F. ) ;
#5801 = CARTESIAN_POINT ( 'NONE',  ( 0.6032893042787352800, 4.209999999999993700, -2.927336903666394500 ) ) ;
#5802 = EDGE_CURVE ( 'NONE', #4837, #7397, #6141, .T. ) ;
#5803 = CARTESIAN_POINT ( 'NONE',  ( 0.3815274658664287200, 4.209999999999992900, -3.091512944108377500 ) ) ;
#5804 = CARTESIAN_POINT ( 'NONE',  ( 0.4161680192864108400, 4.209999999999999100, -2.634122905533242200 ) ) ;
#5805 = CARTESIAN_POINT ( 'NONE',  ( -2.396503949270180300, 4.199999999999997500, -1.262927280451564800 ) ) ;
#5806 = EDGE_LOOP ( 'NONE', ( #2483, #7188, #316, #6837 ) ) ;
#5807 = EDGE_CURVE ( 'NONE', #4090, #580, #2869, .T. ) ;
#5808 = CARTESIAN_POINT ( 'NONE',  ( 1.459245747184854100, 4.210000000000001700, -1.721109079123141600 ) ) ;
#5809 = LINE ( 'NONE', #6414, #413 ) ;
#5810 = CARTESIAN_POINT ( 'NONE',  ( 0.8973174201687469400, 4.199999999999995700, -2.492686316244220100 ) ) ;
#5811 = CARTESIAN_POINT ( 'NONE',  ( -1.145789686303881700, 4.209999999999997300, -2.393031312121586500 ) ) ;
#5812 = CARTESIAN_POINT ( 'NONE',  ( -2.464635055418193100, 4.199999999999997500, -1.867994622603373000 ) ) ;
#5813 = VERTEX_POINT ( 'NONE', #246 ) ;
#5814 = PLANE ( 'NONE',  #3098 ) ;
#5815 = ORIENTED_EDGE ( 'NONE', *, *, #1342, .F. ) ;
#5816 = CARTESIAN_POINT ( 'NONE',  ( -3.588523373199622200, 0.0000000000000000000, 1.250000000000003600 ) ) ;
#5817 = ORIENTED_EDGE ( 'NONE', *, *, #2015, .T. ) ;
#5818 = PLANE ( 'NONE',  #6899 ) ;
#5819 = LINE ( 'NONE', #5189, #2490 ) ;
#5820 = CARTESIAN_POINT ( 'NONE',  ( -2.495222136314718200, 4.209999999999994600, -1.697905130528073700 ) ) ;
#5821 = DIRECTION ( 'NONE',  ( 0.9987721181413367100, 0.0000000000000000000, 0.04954044835755569400 ) ) ;
#5822 = CARTESIAN_POINT ( 'NONE',  ( 0.5258572431755386100, 4.209999999999995500, -2.811407200248059500 ) ) ;
#5823 = ORIENTED_EDGE ( 'NONE', *, *, #2408, .F. ) ;
#5824 = DIRECTION ( 'NONE',  ( 0.0000000000000000000, 0.0000000000000000000, -1.000000000000000000 ) ) ;
#5825 = DIRECTION ( 'NONE',  ( 0.0000000000000000000, -1.000000000000000000, 0.0000000000000000000 ) ) ;
#5826 = VECTOR ( 'NONE', #1304, 1000.000000000000000 ) ;
#5827 = COORDINATED_UNIVERSAL_TIME_OFFSET ( 8, 0, .BEHIND. ) ;
#5828 = CARTESIAN_POINT ( 'NONE',  ( 0.3933127120807379300, 4.209999999999998200, -2.356783568085015500 ) ) ;
#5829 = DIRECTION ( 'NONE',  ( 1.000000000000000000, 0.0000000000000000000, -3.471962430397089600E-014 ) ) ;
#5830 = ORIENTED_EDGE ( 'NONE', *, *, #6052, .F. ) ;
#5831 = CARTESIAN_POINT ( 'NONE',  ( 0.6294418458895092400, 4.199999999999995700, -2.783219554155652400 ) ) ;
#5832 = CIRCLE ( 'NONE', #7904, 4.500000000000000000 ) ;
#5833 = CARTESIAN_POINT ( 'NONE',  ( 0.3872103203919197200, 4.209999999999999100, -2.543716372579171400 ) ) ;
#5834 = CARTESIAN_POINT ( 'NONE',  ( 1.722993958903047600, 4.209999999999994600, -2.433679614085924900 ) ) ;
#5835 = CARTESIAN_POINT ( 'NONE',  ( -0.09700205866847379200, 4.200000000000000200, 3.099665549985374000 ) ) ;
#5836 = CARTESIAN_POINT ( 'NONE',  ( 5.510910596163089600E-016, -0.2999999999999999900, 2.000000000000000000 ) ) ;
#5837 = FACE_OUTER_BOUND ( 'NONE', #2654, .T. ) ;
#5838 = CARTESIAN_POINT ( 'NONE',  ( 0.8502595676719260100, 4.209999999999999100, -2.265266829145645000 ) ) ;
#5839 = CARTESIAN_POINT ( 'NONE',  ( -0.1570811512874617500, 4.210000000000000000, -2.416597590053182600 ) ) ;
#5840 = CARTESIAN_POINT ( 'NONE',  ( -0.5859828288389791200, 4.209999999999998200, -2.585371508629816400 ) ) ;
#5841 = VECTOR ( 'NONE', #7538, 1000.000000000000100 ) ;
#5842 = CARTESIAN_POINT ( 'NONE',  ( -2.541686999534642900, 4.209999999999994600, -1.605292200549184100 ) ) ;
#5843 = VECTOR ( 'NONE', #2796, 1000.000000000000000 ) ;
#5844 = CARTESIAN_POINT ( 'NONE',  ( 1.849796084932829700, 4.209999999999996400, -1.998106788817442200 ) ) ;
#5845 = CARTESIAN_POINT ( 'NONE',  ( -0.2499286328252434400, 4.210000000000000000, -2.452815776659473800 ) ) ;
#5846 = CARTESIAN_POINT ( 'NONE',  ( 1.640119440424135900, 4.210000000000000000, -1.664824606644421200 ) ) ;
#5847 = CARTESIAN_POINT ( 'NONE',  ( 0.4223111802189886100, 4.209999999999993700, -2.996570683950970700 ) ) ;
#5848 = ORIENTED_EDGE ( 'NONE', *, *, #4108, .T. ) ;
#5849 = CARTESIAN_POINT ( 'NONE',  ( -0.3466405121676453500, 4.209999999999994600, -3.067511195166570600 ) ) ;
#5850 = CARTESIAN_POINT ( 'NONE',  ( 1.440645134849207300, 4.209999999999998200, -1.947756091810252300 ) ) ;
#5851 = B_SPLINE_CURVE_WITH_KNOTS ( 'NONE', 3,
 ( #2354, #2977, #7963, #4214, #470, #4869, #1096, #5483, #1726, #6114, #2375, #6730, #3010, #7361, #3615, #7993, #4248, #496, #4899 ),
 .UNSPECIFIED., .F., .F.,
 ( 4, 1, 1, 1, 1, 1, 1, 1, 1, 1, 1, 1, 1, 1, 1, 1, 4 ),
 ( 0.0000000000000000000, 0.05748859542922270200, 0.1139535731809579600, 0.1695360677592698300, 0.2254912000167908800, 0.2821753910347522000, 0.3404515381667214100, 0.4006431535748403200, 0.4633039413270502200, 0.5276953743498353800, 0.5913907199053136700, 0.6550360536107963100, 0.7199304510739745800, 0.7864722671177127900, 0.8550335905429717900, 0.9256682181797465400, 1.000000000000000000 ),
 .UNSPECIFIED. ) ;
#5852 = FACE_OUTER_BOUND ( 'NONE', #1931, .T. ) ;
#5853 = CARTESIAN_POINT ( 'NONE',  ( 1.737631472834594500, 4.200000000000001100, -2.143593379634487500 ) ) ;
#5854 = CARTESIAN_POINT ( 'NONE',  ( 1.737631472834594500, 4.209999999999997300, -2.143593379634487500 ) ) ;
#5856 = VERTEX_POINT ( 'NONE', #5264 ) ;
#5855 = DIRECTION ( 'NONE',  ( 1.000000000000000000, 0.0000000000000000000, -0.0000000000000000000 ) ) ;
#5857 = CARTESIAN_POINT ( 'NONE',  ( 1.322644482888268000, 4.209999999999998200, -2.360343360303732000 ) ) ;
#5858 = CARTESIAN_POINT ( 'NONE',  ( 1.988411993360758000, 4.209999999999993700, -2.398007601996044300 ) ) ;
#5859 = CARTESIAN_POINT ( 'NONE',  ( -0.6994144877383444700, 4.209999999999997300, -2.616206984745584200 ) ) ;
#5860 = CARTESIAN_POINT ( 'NONE',  ( 1.444686221809143900, 4.209999999999998200, -1.873978714786120400 ) ) ;
#5861 = DIRECTION ( 'NONE',  ( -0.0000000000000000000, -1.000000000000000000, -0.0000000000000000000 ) ) ;
#5862 = CARTESIAN_POINT ( 'NONE',  ( 0.9035111960402730800, 4.199999999999996600, -2.171224213151349900 ) ) ;
#5863 = CARTESIAN_POINT ( 'NONE',  ( -0.3365841289178756500, 4.209999999999999100, -2.237804659639480500 ) ) ;
#5864 = EDGE_CURVE ( 'NONE', #3139, #7563, #7603, .T. ) ;
#5865 = CARTESIAN_POINT ( 'NONE',  ( -0.4068318657696880500, 4.210000000000000900, -2.316807934096518600 ) ) ;
#5866 = CARTESIAN_POINT ( 'NONE',  ( -2.541111415532761400, 4.199999999999997500, -1.441373557734842500 ) ) ;
#5867 = CARTESIAN_POINT ( 'NONE',  ( 1.846545327000859200, 4.209999999999999100, -1.784989964693800800 ) ) ;
#5868 = CARTESIAN_POINT ( 'NONE',  ( 2.653002718507156300, 4.199999999999994800, -1.616756965436710700 ) ) ;
#5869 = CARTESIAN_POINT ( 'NONE',  ( 0.3413341530851289300, 4.199999999999996600, -3.003541528381503700 ) ) ;
#5870 = CARTESIAN_POINT ( 'NONE',  ( -0.1532133554838054100, 4.199999999999998400, -2.691667263152486700 ) ) ;
#5871 = CARTESIAN_POINT ( 'NONE',  ( -0.1656049494328878900, 4.209999999999996400, -2.761731317875239200 ) ) ;
#5872 = CARTESIAN_POINT ( 'NONE',  ( 1.449868819188254100, 4.200000000000000200, -1.861088955321136100 ) ) ;
#5873 = MECHANICAL_CONTEXT ( 'NONE', #5254, 'mechanical' ) ;
#5874 = CARTESIAN_POINT ( 'NONE',  ( -2.653484551123721900, 4.209999999999996400, -1.454841635673157700 ) ) ;
#5875 = DIRECTION ( 'NONE',  ( -3.552713678800500900E-015, 0.0000000000000000000, -1.000000000000000000 ) ) ;
#5876 = CARTESIAN_POINT ( 'NONE',  ( 5.510910596163089600E-016, -4.799999999999999800, 2.000000000000000000 ) ) ;
#5877 = CARTESIAN_POINT ( 'NONE',  ( 0.7778918037719453300, 4.200000000000000200, -2.181939798478299300 ) ) ;
#5878 = CARTESIAN_POINT ( 'NONE',  ( -2.218437519415432700, 4.199999999999996600, -1.803029701500002300 ) ) ;
#5879 = CARTESIAN_POINT ( 'NONE',  ( 0.5476052184370524500, 4.209999999999993700, -3.012019939502364800 ) ) ;
#5880 = CARTESIAN_POINT ( 'NONE',  ( 0.2792683664727948500, 4.200000000000000200, -2.325956144733836200 ) ) ;
#5881 = ORIENTED_EDGE ( 'NONE', *, *, #5475, .T. ) ;
#5882 = CARTESIAN_POINT ( 'NONE',  ( 1.738276070434710400, 4.209999999999998200, -1.823969762679101600 ) ) ;
#5883 = CARTESIAN_POINT ( 'NONE',  ( -0.6092658787560361100, 4.209999999999998200, -2.344937202037882300 ) ) ;
#5884 = DIRECTION ( 'NONE',  ( -0.0000000000000000000, -0.0000000000000000000, 1.000000000000000000 ) ) ;
#5885 = ADVANCED_FACE ( 'NONE', ( #2824 ), #2168, .T. ) ;
#5886 = EDGE_LOOP ( 'NONE', ( #3823, #5316, #7777, #2774 ) ) ;
#5887 = CARTESIAN_POINT ( 'NONE',  ( -2.566489718457482600, 4.199999999999994800, -1.762350909860939800 ) ) ;
#5888 = CARTESIAN_POINT ( 'NONE',  ( 1.308158246074559300, 4.209999999999996400, -2.327862608026857800 ) ) ;
#5889 = ORIENTED_EDGE ( 'NONE', *, *, #3794, .T. ) ;
#5890 = EDGE_CURVE ( 'NONE', #2959, #1818, #2621, .T. ) ;
#5891 = DIRECTION ( 'NONE',  ( -0.5802265985903470900, 6.691539767129751600E-015, 0.8144550904060188200 ) ) ;
#5892 = CARTESIAN_POINT ( 'NONE',  ( 0.1948756548163540500, 4.199999999999997500, -2.835815962751543100 ) ) ;
#5893 = CARTESIAN_POINT ( 'NONE',  ( -0.1636899660950432200, 4.199999999999999300, -2.395499058318475000 ) ) ;
#5894 = ORIENTED_EDGE ( 'NONE', *, *, #6886, .F. ) ;
#5895 = CARTESIAN_POINT ( 'NONE',  ( 0.1116867829013081200, 4.209999999999996400, -2.933133623643396700 ) ) ;
#5896 = CARTESIAN_POINT ( 'NONE',  ( 0.09562184269871375200, 4.200000000000000200, 2.457585878761416000 ) ) ;
#5897 = LINE ( 'NONE', #1704, #4225 ) ;
#5898 = ORIENTED_EDGE ( 'NONE', *, *, #482, .T. ) ;
#5899 = PERSON_AND_ORGANIZATION_ROLE ( 'classification_officer' ) ;
#5900 = CARTESIAN_POINT ( 'NONE',  ( 1.249999999999975100, 0.2999999999999999900, -3.588523373199632000 ) ) ;
#5901 = ORIENTED_EDGE ( 'NONE', *, *, #5949, .T. ) ;
#5902 = CARTESIAN_POINT ( 'NONE',  ( -2.512076736030880700, 4.209999999999995500, -1.381999607231510600 ) ) ;
#5903 = EDGE_LOOP ( 'NONE', ( #6465, #5712, #5245, #410 ) ) ;
#5904 = CARTESIAN_POINT ( 'NONE',  ( -2.409568569663309100, 4.209999999999994600, -1.900080669048297400 ) ) ;
#5905 = CARTESIAN_POINT ( 'NONE',  ( -0.4956350745858894600, 4.209999999999993700, -3.086270276403083800 ) ) ;
#5906 = VECTOR ( 'NONE', #7393, 1000.000000000000000 ) ;
#5907 = VERTEX_POINT ( 'NONE', #4047 ) ;
#5908 = EDGE_CURVE ( 'NONE', #4632, #1369, #5747, .T. ) ;
#5909 = CARTESIAN_POINT ( 'NONE',  ( -0.7128981741672672000, 4.209999999999996400, -2.807834555198213300 ) ) ;
#5910 = CARTESIAN_POINT ( 'NONE',  ( 0.6269814576095470400, 4.209999999999995500, -2.719207976368075200 ) ) ;
#5911 = CARTESIAN_POINT ( 'NONE',  ( 1.787341838087540300, 4.209999999999995500, -2.455152391577811500 ) ) ;
#5912 = VERTEX_POINT ( 'NONE', #1550 ) ;
#5913 = ORIENTED_EDGE ( 'NONE', *, *, #7786, .F. ) ;
#5914 = CARTESIAN_POINT ( 'NONE',  ( -1.762331358563246700, 4.200000000000000200, -1.489079307485136100 ) ) ;
#5915 = CARTESIAN_POINT ( 'NONE',  ( -0.6961612102979631800, 4.199999999999996600, -2.597346657515314600 ) ) ;
#5916 = FACE_OUTER_BOUND ( 'NONE', #6869, .T. ) ;
#5917 = CARTESIAN_POINT ( 'NONE',  ( 2.429634714529429900, 4.209999999999995500, -1.479141171718417500 ) ) ;
#5918 = CARTESIAN_POINT ( 'NONE',  ( 1.831089906984737700, 4.199999999999996600, -2.459031957349378400 ) ) ;
#5919 = CARTESIAN_POINT ( 'NONE',  ( -2.409568569663309100, 4.209999999999994600, -1.900080669048297400 ) ) ;
#5920 = ORIENTED_EDGE ( 'NONE', *, *, #4408, .F. ) ;
#5921 = CARTESIAN_POINT ( 'NONE',  ( 1.215832827870355400, 4.199999999999999300, -2.172094284526394400 ) ) ;
#5922 = CARTESIAN_POINT ( 'NONE',  ( 1.762540344202734300, 4.209999999999997300, -2.123652227643540800 ) ) ;
#5923 = LINE ( 'NONE', #7058, #1310 ) ;
#5924 = CARTESIAN_POINT ( 'NONE',  ( 1.231480830196368700, 4.199999999999999300, -2.193161145574153500 ) ) ;
#5925 = CARTESIAN_POINT ( 'NONE',  ( -0.3512041083881963200, 4.200000000000001100, -2.235272054986406200 ) ) ;
#5926 = CARTESIAN_POINT ( 'NONE',  ( 0.3815274658664287200, 4.209999999999992900, -3.091512944108377500 ) ) ;
#5927 = CARTESIAN_POINT ( 'NONE',  ( 0.1522544139785293700, 4.210000000000001700, -2.279410386700064400 ) ) ;
#5928 = FACE_OUTER_BOUND ( 'NONE', #6137, .T. ) ;
#5929 = VERTEX_POINT ( 'NONE', #932 ) ;
#5930 = CARTESIAN_POINT ( 'NONE',  ( 0.5450776125554845900, 4.210000000000000000, 3.099665549985374000 ) ) ;
#5931 = ADVANCED_FACE ( 'NONE', ( #4473 ), #2837, .T. ) ;
#5932 = LINE ( 'NONE', #2439, #1128 ) ;
#5933 = CARTESIAN_POINT ( 'NONE',  ( -0.5835752193572305600, 4.209999999999994600, -2.928723299217788100 ) ) ;
#5934 = CARTESIAN_POINT ( 'NONE',  ( -1.867230042759281800, 4.209999999999999100, -1.578496286359052400 ) ) ;
#5935 = VECTOR ( 'NONE', #7010, 1000.000000000000000 ) ;
#5936 = CARTESIAN_POINT ( 'NONE',  ( -2.143175550350918900, 4.210000000000000000, -1.072937998704909900 ) ) ;
#5937 = ORIENTED_EDGE ( 'NONE', *, *, #1973, .T. ) ;
#5938 = CARTESIAN_POINT ( 'NONE',  ( -0.6822695713457231900, 4.199999999999998400, -2.945084988755100900 ) ) ;
#5939 = CARTESIAN_POINT ( 'NONE',  ( 0.9163623707734742700, 4.209999999999998200, -2.537058378317630100 ) ) ;
#5940 = DIRECTION ( 'NONE',  ( 0.0000000000000000000, -1.000000000000000000, 0.0000000000000000000 ) ) ;
#5941 = VERTEX_POINT ( 'NONE', #6556 ) ;
#5942 = CARTESIAN_POINT ( 'NONE',  ( -0.4832444660801925600, 4.209999999999994600, -3.001256295087193900 ) ) ;
#5943 = CARTESIAN_POINT ( 'NONE',  ( -0.7135539188549887600, 4.199999999999998400, -2.750344164072307000 ) ) ;
#5944 = VECTOR ( 'NONE', #1523, 1000.000000000000000 ) ;
#5945 = EDGE_CURVE ( 'NONE', #6403, #2882, #2428, .T. ) ;
#5946 = CARTESIAN_POINT ( 'NONE',  ( 2.519723965777403300, 4.209999999999994600, -1.593425917069204000 ) ) ;
#5947 = CARTESIAN_POINT ( 'NONE',  ( -0.09700205866847379200, 4.210000000000000000, 3.549121319842145200 ) ) ;
#5948 = CARTESIAN_POINT ( 'NONE',  ( -2.290352365542626300, 4.199999999999996600, -1.923791415737055500 ) ) ;
#5949 = EDGE_CURVE ( 'NONE', #427, #6753, #951, .T. ) ;
#5950 = ORIENTED_EDGE ( 'NONE', *, *, #5531, .F. ) ;
#5951 = AXIS2_PLACEMENT_3D ( 'NONE', #7975, #4224, #478 ) ;
#5952 = CARTESIAN_POINT ( 'NONE',  ( 1.096904859705360100, 4.209999999999999100, -2.073849348048068200 ) ) ;
#5953 = LINE ( 'NONE', #7485, #753 ) ;
#5954 = CARTESIAN_POINT ( 'NONE',  ( 0.8993953931495561900, 4.210000000000000000, -2.075994053156168000 ) ) ;
#5955 = CARTESIAN_POINT ( 'NONE',  ( 1.001589371575747100, 4.200000000000000200, -2.052428818682629200 ) ) ;
#5956 = PLANE ( 'NONE',  #3248 ) ;
#5957 = CARTESIAN_POINT ( 'NONE',  ( 5.510910596163089600E-016, -0.2999999999999999900, 2.000000000000000000 ) ) ;
#5958 = CARTESIAN_POINT ( 'NONE',  ( 0.07250759194638660400, 4.200000000000000200, -2.372340977622621400 ) ) ;
#5959 = CARTESIAN_POINT ( 'NONE',  ( -2.319956691148547200, 4.199999999999995700, -1.923419244017506000 ) ) ;
#5960 = DIRECTION ( 'NONE',  ( 0.0000000000000000000, -1.000000000000000000, 0.0000000000000000000 ) ) ;
#5961 = EDGE_CURVE ( 'NONE', #1504, #6106, #742, .T. ) ;
#5962 = CARTESIAN_POINT ( 'NONE',  ( 1.858968863085549900, 4.199999999999996600, -1.982479734673588500 ) ) ;
#5963 = CARTESIAN_POINT ( 'NONE',  ( 0.08659049173294625100, 4.199999999999998400, -2.760482497314557600 ) ) ;
#5964 = DIRECTION ( 'NONE',  ( 0.0000000000000000000, -1.000000000000000000, 0.0000000000000000000 ) ) ;
#5965 = CARTESIAN_POINT ( 'NONE',  ( -0.5944086070678027400, 4.209999999999992900, -3.051061657786960700 ) ) ;
#5966 = CARTESIAN_POINT ( 'NONE',  ( 0.7972292403303536900, 4.209999999999996400, -2.527864254417896600 ) ) ;
#5967 = CARTESIAN_POINT ( 'NONE',  ( -0.6254853563054535400, 4.199999999999994000, -3.027139866060673000 ) ) ;
#5968 = DIRECTION ( 'NONE',  ( -0.8332809203497978400, -1.103095653089763000E-014, -0.5528498058071412700 ) ) ;
#5969 = ADVANCED_FACE ( 'NONE', ( #7008 ), #2855, .T. ) ;
#5970 = CARTESIAN_POINT ( 'NONE',  ( 1.339824476218010700, 4.210000000000000000, -1.909975364466975500 ) ) ;
#5971 = DIRECTION ( 'NONE',  ( -0.0000000000000000000, -1.000000000000000000, -0.0000000000000000000 ) ) ;
#5972 = CARTESIAN_POINT ( 'NONE',  ( 0.9815849715508653300, 4.200000000000000200, -2.053229645298460000 ) ) ;
#5973 = CARTESIAN_POINT ( 'NONE',  ( 1.839252504709287400, 4.200000000000000200, -2.013358490310634100 ) ) ;
#5974 = CARTESIAN_POINT ( 'NONE',  ( 1.017573888908609000, 4.199999999999996600, -2.718916698633315800 ) ) ;
#5975 = CARTESIAN_POINT ( 'NONE',  ( -0.5432752654758672400, 4.199999999999998400, -2.433930682993194600 ) ) ;
#5976 = CARTESIAN_POINT ( 'NONE',  ( -0.2568375147821643200, 4.199999999999994000, -2.988928688100343400 ) ) ;
#5977 = CARTESIAN_POINT ( 'NONE',  ( 0.6185989390978344800, 4.209999999999997300, -2.647630108511695100 ) ) ;
#5978 = ADVANCED_FACE ( 'NONE', ( #7207 ), #1793, .T. ) ;
#5979 = DIRECTION ( 'NONE',  ( 4.133493383845715300E-015, -1.000000000000000000, 5.691847473101422500E-015 ) ) ;
#5980 = DIRECTION ( 'NONE',  ( 0.8360169679580020700, 0.0000000000000000000, 0.5487035896422666200 ) ) ;
#5981 = CARTESIAN_POINT ( 'NONE',  ( 1.878652304558971400, 4.209999999999997300, -1.866791877885638300 ) ) ;
#5982 = CARTESIAN_POINT ( 'NONE',  ( 1.271829098541183800, 4.199999999999994000, -2.850794914460073900 ) ) ;
#5983 = ORIENTED_EDGE ( 'NONE', *, *, #7316, .F. ) ;
#5984 = CARTESIAN_POINT ( 'NONE',  ( 0.8078884504662121600, 4.210000000000000000, -2.138792947967746100 ) ) ;
#5985 = CARTESIAN_POINT ( 'NONE',  ( -0.4956350745858894600, 4.199999999999997500, -3.086270276403083800 ) ) ;
#5986 = CARTESIAN_POINT ( 'NONE',  ( -1.924525911353947900, 4.199999999999999300, -1.335054418781308000 ) ) ;
#5987 = ORIENTED_EDGE ( 'NONE', *, *, #3423, .F. ) ;
#5988 = B_SPLINE_CURVE_WITH_KNOTS ( 'NONE', 3,
 ( #5004, #4206, #1087, #5474, #1716, #6103, #2365, #6722, #2999, #7350, #3608, #7983, #4235, #485, #4890 ),
 .UNSPECIFIED., .F., .F.,
 ( 4, 1, 1, 1, 1, 1, 1, 1, 1, 1, 1, 1, 4 ),
 ( 0.0000000000000000000, 0.1074848635119409600, 0.2083087965156367700, 0.3026455186445762300, 0.3925371797726293600, 0.4778337735830540700, 0.5586951755999607400, 0.6363196603187241100, 0.7111063911072629300, 0.7846299194695112200, 0.8567549454119044400, 0.9285409564294747600, 1.000000000000000000 ),
 .UNSPECIFIED. ) ;
#5989 = CARTESIAN_POINT ( 'NONE',  ( 0.9832331607811668500, 4.210000000000000900, -2.142172534853542800 ) ) ;
#5990 = CARTESIAN_POINT ( 'NONE',  ( -0.5940300266086063800, 4.200000000000000200, -2.633152358252708300 ) ) ;
#5991 = VERTEX_POINT ( 'NONE', #402 ) ;
#5992 = CARTESIAN_POINT ( 'NONE',  ( 2.032127026086540100, 4.209999999999995500, -2.060191793921345700 ) ) ;
#5993 = CARTESIAN_POINT ( 'NONE',  ( 0.5450776125554845900, 4.200000000000000200, 2.907041648618186700 ) ) ;
#5994 = PLANE ( 'NONE',  #7541 ) ;
#5995 = ORIENTED_EDGE ( 'NONE', *, *, #291, .F. ) ;
#5996 = VECTOR ( 'NONE', #3798, 1000.000000000000100 ) ;
#5997 = CARTESIAN_POINT ( 'NONE',  ( 1.855980885104555200, 4.200000000000000200, -1.800973875501175500 ) ) ;
#5998 = ORIENTED_EDGE ( 'NONE', *, *, #7799, .F. ) ;
#5999 = CARTESIAN_POINT ( 'NONE',  ( 1.741992131201233900, 4.199999999999998400, -1.828422276825266700 ) ) ;
#6000 = CARTESIAN_POINT ( 'NONE',  ( -0.4402916972930044400, 4.210000000000000000, -2.324508508848027100 ) ) ;
#6001 = EDGE_LOOP ( 'NONE', ( #3637, #7066, #7388, #6970 ) ) ;
#6002 = DIRECTION ( 'NONE',  ( -0.0000000000000000000, -1.000000000000000000, -0.0000000000000000000 ) ) ;
#6003 = VERTEX_POINT ( 'NONE', #5372 ) ;
#6004 = CARTESIAN_POINT ( 'NONE',  ( 1.286126031513988600, 4.209999999999994600, -2.694841712900049000 ) ) ;
#6005 = CARTESIAN_POINT ( 'NONE',  ( -1.843448621417450600, 4.210000000000000000, -1.274499461255107900 ) ) ;
#6006 = FACE_OUTER_BOUND ( 'NONE', #4442, .T. ) ;
#6007 = ADVANCED_FACE ( 'NONE', ( #3687 ), #4541, .T. ) ;
#6008 = CARTESIAN_POINT ( 'NONE',  ( 0.9280635949550879400, 4.200000000000000200, -2.156489875525150300 ) ) ;
#6009 = CARTESIAN_POINT ( 'NONE',  ( 1.835567830079184700, 4.199999999999998400, -1.769230418177292400 ) ) ;
#6010 = CARTESIAN_POINT ( 'NONE',  ( 1.387216857459661700, 4.209999999999993700, -2.685670860391197000 ) ) ;
#6011 = ORIENTED_EDGE ( 'NONE', *, *, #3158, .T. ) ;
#6012 = EDGE_CURVE ( 'NONE', #5813, #7056, #551, .T. ) ;
#6013 = VECTOR ( 'NONE', #4430, 1000.000000000000000 ) ;
#6014 = CARTESIAN_POINT ( 'NONE',  ( -2.457285967468243000, 4.199999999999996600, -1.745612028056417800 ) ) ;
#6015 = CARTESIAN_POINT ( 'NONE',  ( -1.864687335240271500, 4.209999999999999100, -1.552244700004747900 ) ) ;
#6016 = CARTESIAN_POINT ( 'NONE',  ( 1.090034478816831900, 4.200000000000002800, -2.182679587385054600 ) ) ;
#6017 = ORIENTED_EDGE ( 'NONE', *, *, #1320, .F. ) ;
#6018 = ADVANCED_FACE ( 'NONE', ( #2026 ), #1833, .T. ) ;
#6019 = DIRECTION ( 'NONE',  ( -0.8091437848515349300, 0.0000000000000000000, 0.5876107005800124100 ) ) ;
#6020 = DIRECTION ( 'NONE',  ( -1.000000000000000000, 0.0000000000000000000, 0.0000000000000000000 ) ) ;
#6021 = DIRECTION ( 'NONE',  ( -0.5875804864144247300, 0.0000000000000000000, -0.8091657259084743500 ) ) ;
#6022 = CARTESIAN_POINT ( 'NONE',  ( 1.738276070434710400, 4.200000000000000200, -1.823969762679101600 ) ) ;
#6023 = VECTOR ( 'NONE', #368, 1000.000000000000000 ) ;
#6024 = CYLINDRICAL_SURFACE ( 'NONE', #4858, 0.6999999999999998400 ) ;
#6025 = CARTESIAN_POINT ( 'NONE',  ( 0.3907178456745743500, 4.209999999999993700, -3.090427229038879500 ) ) ;
#6026 = AXIS2_PLACEMENT_3D ( 'NONE', #2233, #2859, #7218 ) ;
#6027 = CARTESIAN_POINT ( 'NONE',  ( 1.780696168856803000, 4.209999999999996400, -1.927047353606117700 ) ) ;
#6028 = VECTOR ( 'NONE', #7239, 1000.000000000000000 ) ;
#6029 = ORIENTED_EDGE ( 'NONE', *, *, #937, .T. ) ;
#6030 = CARTESIAN_POINT ( 'NONE',  ( 2.385206361932793700, 4.209999999999995500, -1.575281954645913600 ) ) ;
#6031 = LINE ( 'NONE', #4037, #7298 ) ;
#6032 = ORIENTED_EDGE ( 'NONE', *, *, #6048, .T. ) ;
#6033 = CARTESIAN_POINT ( 'NONE',  ( -2.270662012518196000, 4.199999999999999300, -1.196609107534056800 ) ) ;
#6034 = CARTESIAN_POINT ( 'NONE',  ( -0.2991042509657865800, 4.209999999999995500, -2.855086602468126100 ) ) ;
#6035 = DIRECTION ( 'NONE',  ( 0.0000000000000000000, 0.0000000000000000000, 1.000000000000000000 ) ) ;
#6037 = VERTEX_POINT ( 'NONE', #3690 ) ;
#6036 = CARTESIAN_POINT ( 'NONE',  ( 1.376243486821002900, 4.199999999999996600, -2.509687881630499700 ) ) ;
#6038 = CARTESIAN_POINT ( 'NONE',  ( -2.253985344054321200, 4.199999999999999300, -1.076907053850495500 ) ) ;
#6039 = CARTESIAN_POINT ( 'NONE',  ( -0.6961612102979631800, 4.199999999999997500, -2.597346657515314600 ) ) ;
#6040 = ORIENTED_EDGE ( 'NONE', *, *, #7190, .T. ) ;
#6041 = LINE ( 'NONE', #837, #2725 ) ;
#6042 = CARTESIAN_POINT ( 'NONE',  ( 2.019456716277555000, 4.209999999999992000, -2.370157818508711300 ) ) ;
#6043 = B_SPLINE_CURVE_WITH_KNOTS ( 'NONE', 3,
 ( #7328, #6700, #7955, #4209, #466, #4861, #1088, #5478, #1718, #6105, #2368 ),
 .UNSPECIFIED., .F., .F.,
 ( 4, 1, 1, 1, 1, 1, 1, 1, 4 ),
 ( 0.0000000000000000000, 0.1502416863489467200, 0.2932441302384928300, 0.4288197962993665100, 0.5580831118918365700, 0.6790332632111932800, 0.7934741198663458600, 0.8998559695680260500, 1.000000000000000000 ),
 .UNSPECIFIED. ) ;
#6044 = EDGE_LOOP ( 'NONE', ( #2270, #5457 ) ) ;
#6045 = CARTESIAN_POINT ( 'NONE',  ( 1.218374260780163800, 4.209999999999997300, -2.387708381918651800 ) ) ;
#6046 = CARTESIAN_POINT ( 'NONE',  ( 2.020046274287173600, 4.209999999999995500, -2.047432661544078300 ) ) ;
#6047 = CARTESIAN_POINT ( 'NONE',  ( -0.5623015609063303200, 4.209999999999999100, -2.290093725874605500 ) ) ;
#6048 = EDGE_CURVE ( 'NONE', #2566, #2785, #357, .T. ) ;
#6049 = CARTESIAN_POINT ( 'NONE',  ( -1.919821543715028300, 4.200000000000000200, -1.182868918999382200 ) ) ;
#6050 = ADVANCED_FACE ( 'NONE', ( #3494 ), #3068, .T. ) ;
#6051 = CARTESIAN_POINT ( 'NONE',  ( 0.9925448721406168200, 4.199999999999996600, -2.834060370657404300 ) ) ;
#6052 = EDGE_CURVE ( 'NONE', #4740, #3929, #3461, .T. ) ;
#6053 = CARTESIAN_POINT ( 'NONE',  ( -0.5568983166936829500, 4.209999999999994600, -2.965569256448210600 ) ) ;
#6054 = CARTESIAN_POINT ( 'NONE',  ( 0.2571943781377258300, 4.210000000000000000, -2.243096808470071300 ) ) ;
#6055 = CARTESIAN_POINT ( 'NONE',  ( -2.554119510684572900, 4.209999999999993700, -1.252806510752967600 ) ) ;
#6056 = CARTESIAN_POINT ( 'NONE',  ( 1.754492221579219600, 4.199999999999996600, -2.017808203212123600 ) ) ;
#6057 = CARTESIAN_POINT ( 'NONE',  ( 0.0000000000000000000, 0.2999999999999999900, 0.0000000000000000000 ) ) ;
#6058 = CARTESIAN_POINT ( 'NONE',  ( 0.0000000000000000000, 4.150000000000001200, -4.500000000000000000 ) ) ;
#6059 = CARTESIAN_POINT ( 'NONE',  ( -1.982994179254161000, 4.199999999999999300, -1.261686830048822900 ) ) ;
#6060 = EDGE_CURVE ( 'NONE', #3069, #1504, #158, .T. ) ;
#6061 = CARTESIAN_POINT ( 'NONE',  ( -0.4832444660801925600, 4.209999999999998200, -3.001256295087193900 ) ) ;
#6062 = CARTESIAN_POINT ( 'NONE',  ( 1.737631472834594500, 4.200000000000001100, -2.143593379634487500 ) ) ;
#6063 = CARTESIAN_POINT ( 'NONE',  ( 1.322644482888268000, 4.209999999999998200, -2.360343360303732000 ) ) ;
#6064 = CARTESIAN_POINT ( 'NONE',  ( -2.433444969441953500, 4.209999999999998200, -1.149044617640073700 ) ) ;
#6065 = CARTESIAN_POINT ( 'NONE',  ( -0.5623015609063303200, 4.209999999999999100, -2.290093725874605500 ) ) ;
#6066 = DIRECTION ( 'NONE',  ( 0.0000000000000000000, 0.0000000000000000000, -1.000000000000000000 ) ) ;
#6067 = CARTESIAN_POINT ( 'NONE',  ( 2.089519394293826200, 4.199999999999997500, -2.198164154506651700 ) ) ;
#6068 = CARTESIAN_POINT ( 'NONE',  ( 1.868150780299669300, 4.199999999999998400, -2.005954084931922800 ) ) ;
#6069 = AXIS2_PLACEMENT_3D ( 'NONE', #7172, #3434, #7122 ) ;
#6070 = EDGE_LOOP ( 'NONE', ( #6495, #2520, #4122, #122 ) ) ;
#6071 = CARTESIAN_POINT ( 'NONE',  ( -2.253985344054321200, 4.199999999999998400, -1.076907053850495500 ) ) ;
#6072 = CARTESIAN_POINT ( 'NONE',  ( 1.235524528176591000, 4.199999999999994800, -2.867300092872062700 ) ) ;
#6073 = CARTESIAN_POINT ( 'NONE',  ( 1.725962199835914900, 4.209999999999996400, -2.155301679598681000 ) ) ;
#6074 = VERTEX_POINT ( 'NONE', #614 ) ;
#6075 = CARTESIAN_POINT ( 'NONE',  ( 2.034071007617574100, 4.199999999999999300, -1.500450681788766400 ) ) ;
#6076 = EDGE_LOOP ( 'NONE', ( #2335, #1004, #1815, #3819 ) ) ;
#6077 = CARTESIAN_POINT ( 'NONE',  ( -0.09700205866847379200, 4.200000000000000200, 3.549121319842145200 ) ) ;
#6078 = DIRECTION ( 'NONE',  ( -0.5876927385867694000, 0.0000000000000000000, -0.8090842014354149300 ) ) ;
#6079 = ORIENTED_EDGE ( 'NONE', *, *, #6459, .F. ) ;
#6080 = AXIS2_PLACEMENT_3D ( 'NONE', #3934, #188, #4574 ) ;
#6081 = CARTESIAN_POINT ( 'NONE',  ( 1.969713777221000700, 4.209999999999995500, -2.295712419869995200 ) ) ;
#6082 = ORIENTED_EDGE ( 'NONE', *, *, #1738, .T. ) ;
#6083 = CARTESIAN_POINT ( 'NONE',  ( -2.507670778965174200, 4.199999999999997500, -1.375064959134618700 ) ) ;
#6084 = ADVANCED_FACE ( 'NONE', ( #6809 ), #7252, .T. ) ;
#6085 = DIRECTION ( 'NONE',  ( 0.0000000000000000000, -1.000000000000000000, 0.0000000000000000000 ) ) ;
#6086 = CLOSED_SHELL ( 'NONE', ( #1481, #7927, #4874, #2220 ) ) ;
#6087 = CARTESIAN_POINT ( 'NONE',  ( 0.6128217153236065200, 4.209999999999997300, -2.609548280020703700 ) ) ;
#6088 = CARTESIAN_POINT ( 'NONE',  ( 0.3344991161668205400, 4.209999999999998200, -2.626347018976710000 ) ) ;
#6089 = B_SPLINE_CURVE_WITH_KNOTS ( 'NONE', 3,
 ( #2876, #6605, #3493, #7860, #4114, #370, #4766, #991, #5384, #1621, #6004, #2264, #6632, #2907, #7249, #3517, #7888, #4146, #391 ),
 .UNSPECIFIED., .F., .F.,
 ( 4, 1, 1, 1, 1, 1, 1, 1, 1, 1, 1, 1, 1, 1, 1, 1, 4 ),
 ( 0.0000000000000000000, 0.1161363313236059400, 0.2224215065764197600, 0.3186531391321679700, 0.4052226381238202600, 0.4825149440343192200, 0.5504965434031846600, 0.6103695441033137900, 0.6624372807551224300, 0.7099182572338728100, 0.7547965107703664700, 0.7974314443519727700, 0.8385271629721015000, 0.8786977790559136200, 0.9182043395105055100, 0.9585084131582549700, 1.000000000000000000 ),
 .UNSPECIFIED. ) ;
#6090 = CARTESIAN_POINT ( 'NONE',  ( 0.1937586722407250700, 4.209999999999996400, -2.828608813603745700 ) ) ;
#6091 = FACE_OUTER_BOUND ( 'NONE', #6425, .T. ) ;
#6092 = VERTEX_POINT ( 'NONE', #2519 ) ;
#6093 = CARTESIAN_POINT ( 'NONE',  ( 0.5012568119797299300, 4.199999999999992200, -3.049807198950595000 ) ) ;
#6094 = EDGE_CURVE ( 'NONE', #2619, #4651, #4974, .T. ) ;
#6095 = CARTESIAN_POINT ( 'NONE',  ( -0.5464578285252446000, 4.210000000000000000, 3.099665549985374000 ) ) ;
#6096 = VERTEX_POINT ( 'NONE', #3818 ) ;
#6097 = EDGE_CURVE ( 'NONE', #1295, #5929, #5164, .T. ) ;
#6098 = ORIENTED_EDGE ( 'NONE', *, *, #1268, .F. ) ;
#6099 = CARTESIAN_POINT ( 'NONE',  ( 1.114849146519806900, 4.209999999999999100, -2.083231607179781600 ) ) ;
#6100 = AXIS2_PLACEMENT_3D ( 'NONE', #6740, #2420, #6769 ) ;
#6101 = CARTESIAN_POINT ( 'NONE',  ( 0.05946056672724207200, 4.210000000000000900, -2.413305486737028700 ) ) ;
#6102 = LINE ( 'NONE', #4250, #4435 ) ;
#6103 = CARTESIAN_POINT ( 'NONE',  ( -2.549498680436558000, 4.199999999999994800, -1.575247143773194700 ) ) ;
#6104 = CARTESIAN_POINT ( 'NONE',  ( -0.5895684956970883600, 4.199999999999994800, -2.915788700259440300 ) ) ;
#6105 = CARTESIAN_POINT ( 'NONE',  ( 2.540955346252969300, 4.199999999999996600, -1.617847677446124100 ) ) ;
#6106 = VERTEX_POINT ( 'NONE', #5087 ) ;
#6107 = CARTESIAN_POINT ( 'NONE',  ( 1.465704079335196300, 4.199999999999999300, -2.018214064292528600 ) ) ;
#6108 = CARTESIAN_POINT ( 'NONE',  ( 0.1552090306687686200, 4.200000000000000200, -2.444940817754241500 ) ) ;
#6109 = VERTEX_POINT ( 'NONE', #7598 ) ;
#6110 = VECTOR ( 'NONE', #2935, 1000.000000000000000 ) ;
#6111 = CARTESIAN_POINT ( 'NONE',  ( 0.2134886514728609500, 4.199999999999998400, -2.707021564320127600 ) ) ;
#6112 = CARTESIAN_POINT ( 'NONE',  ( 1.035443060815155700, 4.199999999999999300, -2.151607135327951300 ) ) ;
#6113 = EDGE_CURVE ( 'NONE', #4249, #4830, #8079, .T. ) ;
#6114 = CARTESIAN_POINT ( 'NONE',  ( 0.2644808487394946800, 4.209999999999995500, -2.965494198984598700 ) ) ;
#6115 = ORIENTED_EDGE ( 'NONE', *, *, #4542, .F. ) ;
#6116 = CARTESIAN_POINT ( 'NONE',  ( -1.799482608807299900, 4.200000000000000200, -1.354657628323910200 ) ) ;
#6117 = LINE ( 'NONE', #4647, #1120 ) ;
#6118 = DIRECTION ( 'NONE',  ( 0.0000000000000000000, -1.000000000000000000, 0.0000000000000000000 ) ) ;
#6119 = CARTESIAN_POINT ( 'NONE',  ( -0.09700205866847379200, 4.210000000000000000, 2.457585878761416000 ) ) ;
#6120 = CARTESIAN_POINT ( 'NONE',  ( 0.5602068275814121600, 4.200000000000001100, -2.422677421420460900 ) ) ;
#6121 = CARTESIAN_POINT ( 'NONE',  ( 0.4161680192864108400, 4.209999999999999100, -2.634122905533242200 ) ) ;
#6122 = CYLINDRICAL_SURFACE ( 'NONE', #3429, 0.8000000000000000400 ) ;
#6123 = CARTESIAN_POINT ( 'NONE',  ( 0.1910927074563150400, 4.209999999999997300, -2.790583771317711700 ) ) ;
#6124 = VERTEX_POINT ( 'NONE', #1325 ) ;
#6125 = EDGE_LOOP ( 'NONE', ( #3560, #3539, #5130, #7088 ) ) ;
#6126 = EDGE_CURVE ( 'NONE', #4227, #1215, #1622, .T. ) ;
#6127 = CARTESIAN_POINT ( 'NONE',  ( 0.6285392870227587400, 4.199999999999997500, -2.812074178693484900 ) ) ;
#6128 = CARTESIAN_POINT ( 'NONE',  ( 1.905632910533489500, 4.199999999999995700, -2.350924308036748600 ) ) ;
#6129 = LINE ( 'NONE', #5555, #4264 ) ;
#6130 = CARTESIAN_POINT ( 'NONE',  ( 1.429633387062494200, 4.210000000000000900, -1.746075394674528700 ) ) ;
#6131 = LINE ( 'NONE', #5765, #2815 ) ;
#6132 = CARTESIAN_POINT ( 'NONE',  ( 0.2941510399638498400, 4.209999999999999100, -2.324392375472532600 ) ) ;
#6133 = DIRECTION ( 'NONE',  ( 1.000000000000000000, 0.0000000000000000000, 0.0000000000000000000 ) ) ;
#6134 = CARTESIAN_POINT ( 'NONE',  ( -0.6013575201213032800, 4.209999999999998200, -2.681244001087256900 ) ) ;
#6135 = ADVANCED_FACE ( 'NONE', ( #4781 ), #5112, .T. ) ;
#6136 = CARTESIAN_POINT ( 'NONE',  ( -0.4832444660801925600, 4.199999999999995700, -3.001256295087193900 ) ) ;
#6137 = EDGE_LOOP ( 'NONE', ( #6228, #7834, #521, #5306 ) ) ;
#6138 = CARTESIAN_POINT ( 'NONE',  ( 1.463195248208586400, 4.199999999999999300, -1.836695967445476800 ) ) ;
#6139 = CARTESIAN_POINT ( 'NONE',  ( 0.2023805502270108500, 4.209999999999999100, -2.353866212772964600 ) ) ;
#6140 = VERTEX_POINT ( 'NONE', #5742 ) ;
#6141 = LINE ( 'NONE', #4631, #1142 ) ;
#6142 = CARTESIAN_POINT ( 'NONE',  ( -0.5464578285252446000, 4.210000000000000000, 2.907041648618186700 ) ) ;
#6143 = CARTESIAN_POINT ( 'NONE',  ( 2.532122059738926900, 4.209999999999995500, -1.617676347124372500 ) ) ;
#6144 = ORIENTED_EDGE ( 'NONE', *, *, #2165, .F. ) ;
#6145 = CARTESIAN_POINT ( 'NONE',  ( -1.849274002990950000, 4.210000000000000900, -1.266061990053252200 ) ) ;
#6146 = ORIENTED_EDGE ( 'NONE', *, *, #440, .T. ) ;
#6147 = VECTOR ( 'NONE', #1032, 1000.000000000000000 ) ;
#6148 = EDGE_LOOP ( 'NONE', ( #7843, #5727, #696, #1874 ) ) ;
#6149 = CARTESIAN_POINT ( 'NONE',  ( 1.947847350674763800, 4.199999999999997500, -2.125234623322314500 ) ) ;
#6150 = CARTESIAN_POINT ( 'NONE',  ( 1.506173059494961800, 4.199999999999999300, -1.793046104228119600 ) ) ;
#6151 = CARTESIAN_POINT ( 'NONE',  ( 0.4607631816064062200, 4.210000000000000000, -2.292504588672048100 ) ) ;
#6153 = CARTESIAN_POINT ( 'NONE',  ( 1.916308319419175000, 4.199999999999994800, -2.442169997875879500 ) ) ;
#6152 = CARTESIAN_POINT ( 'NONE',  ( 0.4922539572794318300, 4.199999999999996600, -2.697910858414956700 ) ) ;
#6154 = CARTESIAN_POINT ( 'NONE',  ( 0.2230777396909978400, 4.199999999999999300, -2.692799660724953800 ) ) ;
#6155 = PLANE ( 'NONE',  #2905 ) ;
#6156 = CARTESIAN_POINT ( 'NONE',  ( 1.812370243504914000, 4.209999999999994600, -2.360286805882930500 ) ) ;
#6157 = CARTESIAN_POINT ( 'NONE',  ( 0.4092846630216513400, 4.200000000000003700, -2.370300574655379100 ) ) ;
#6158 = CARTESIAN_POINT ( 'NONE',  ( 0.8333748456828270500, 4.209999999999996400, -2.612191621518419500 ) ) ;
#6159 = EDGE_CURVE ( 'NONE', #6489, #2530, #3301, .T. ) ;
#6160 = DIRECTION ( 'NONE',  ( 0.0000000000000000000, 0.0000000000000000000, -1.000000000000000000 ) ) ;
#6161 = CARTESIAN_POINT ( 'NONE',  ( 2.589126637423453400, 4.200000000000000200, -1.717991286281802300 ) ) ;
#6162 = CARTESIAN_POINT ( 'NONE',  ( 1.727190893775862400, 4.209999999999995500, -2.311849191220454600 ) ) ;
#6163 = CARTESIAN_POINT ( 'NONE',  ( 1.959231978191368700, 4.199999999999998400, -2.137853399825620800 ) ) ;
#6164 = CARTESIAN_POINT ( 'NONE',  ( -0.2967557258478594800, 4.199999999999996600, -2.357580405363251900 ) ) ;
#6165 = DIRECTION ( 'NONE',  ( 0.0000000000000000000, -1.000000000000000000, 0.0000000000000000000 ) ) ;
#6166 = CARTESIAN_POINT ( 'NONE',  ( -1.964199997034461700, 4.200000000000000200, -1.146163310356158800 ) ) ;
#6167 = ADVANCED_FACE ( 'NONE', ( #4569 ), #1231, .F. ) ;
#6168 = EDGE_CURVE ( 'NONE', #2504, #4477, #1151, .T. ) ;
#6169 = CARTESIAN_POINT ( 'NONE',  ( 0.8797227927069378700, 4.209999999999999100, -2.195829905243978700 ) ) ;
#6170 = CARTESIAN_POINT ( 'NONE',  ( 0.5256140153241835000, 4.199999999999996600, -2.851745648038191700 ) ) ;
#6171 = CARTESIAN_POINT ( 'NONE',  ( 1.618745064415156600, 4.209999999999998200, -1.761918476415394100 ) ) ;
#6172 = CARTESIAN_POINT ( 'NONE',  ( 0.2629055644662009500, 4.209999999999998200, -2.328328727681921800 ) ) ;
#6173 = CARTESIAN_POINT ( 'NONE',  ( 1.731953855974032200, 4.199999999999996600, -2.315858492942458800 ) ) ;
#6174 = ORIENTED_EDGE ( 'NONE', *, *, #436, .F. ) ;
#6175 = CARTESIAN_POINT ( 'NONE',  ( 0.4957789322647617200, 4.209999999999998200, -2.537866997762430600 ) ) ;
#6176 = CARTESIAN_POINT ( 'NONE',  ( 0.9264242529554513900, 4.199999999999994800, -2.768527289730734300 ) ) ;
#6177 = EDGE_LOOP ( 'NONE', ( #3075, #1049, #5800, #3661, #1975, #7259, #5733, #5322, #2762, #557, #5913, #260, #398, #2679, #5658 ) ) ;
#6178 = CARTESIAN_POINT ( 'NONE',  ( 0.1067047441186559200, 4.209999999999998200, -2.684057606576249400 ) ) ;
#6179 = CARTESIAN_POINT ( 'NONE',  ( 0.2965739208513713500, 4.200000000000001100, -2.539572827766198900 ) ) ;
#6180 = LINE ( 'NONE', #652, #1373 ) ;
#6181 = ORIENTED_EDGE ( 'NONE', *, *, #1740, .F. ) ;
#6182 = CARTESIAN_POINT ( 'NONE',  ( 1.991776683368603300, 4.209999999999995500, -2.208174623134987200 ) ) ;
#6183 = CARTESIAN_POINT ( 'NONE',  ( -0.2446471463200739800, 4.209999999999999100, -2.515230902863435400 ) ) ;
#6184 = CARTESIAN_POINT ( 'NONE',  ( 5.510910596163089600E-016, -0.2999999999999999900, -2.000000000000000000 ) ) ;
#6185 = ORIENTED_EDGE ( 'NONE', *, *, #5634, .T. ) ;
#6186 = CARTESIAN_POINT ( 'NONE',  ( 2.545041292225849600, 4.199999999999996600, -1.622435481315568600 ) ) ;
#6187 = B_SPLINE_CURVE_WITH_KNOTS ( 'NONE', 3,
 ( #5939, #1549, #6555, #2836, #7183, #3445, #7817, #4076, #533, #4925, #1158, #5550, #1785, #6169, #2435, #6791, #3061, #7426, #3679 ),
 .UNSPECIFIED., .F., .F.,
 ( 4, 1, 1, 1, 1, 1, 1, 1, 1, 1, 1, 1, 1, 1, 1, 1, 4 ),
 ( 0.0000000000000000000, 0.1162442289371648900, 0.2225982005825304600, 0.3188635957668545200, 0.4056360503643267100, 0.4827842380084189600, 0.5511820557146391900, 0.6109078491502923900, 0.6634204672058865400, 0.7110127592225381500, 0.7561529299632118200, 0.7986196280386386200, 0.8394188159317449400, 0.8797013393878687600, 0.9193005199685356800, 0.9589217340361451100, 1.000000000000000000 ),
 .UNSPECIFIED. ) ;
#6188 = CYLINDRICAL_SURFACE ( 'NONE', #7124, 3.800000000000000300 ) ;
#6189 = ORIENTED_EDGE ( 'NONE', *, *, #2142, .F. ) ;
#6190 = CARTESIAN_POINT ( 'NONE',  ( 0.0000000000000000000, 4.150000000000001200, 0.0000000000000000000 ) ) ;
#6191 = CARTESIAN_POINT ( 'NONE',  ( 0.4752064668989130500, 4.209999999999995500, -2.962482822230056500 ) ) ;
#6192 = CARTESIAN_POINT ( 'NONE',  ( 1.712785887870324600, 4.199999999999998400, -1.798945005545551100 ) ) ;
#6194 = CARTESIAN_POINT ( 'NONE',  ( 0.7563721511984425900, 4.209999999999999100, -2.243497948914419600 ) ) ;
#6193 = CARTESIAN_POINT ( 'NONE',  ( -0.3670166407857060100, 4.199999999999995700, -2.966535912115563000 ) ) ;
#6195 = EDGE_LOOP ( 'NONE', ( #2584, #6017, #4326, #5486 ) ) ;
#6196 = ORIENTED_EDGE ( 'NONE', *, *, #1012, .F. ) ;
#6197 = FACE_OUTER_BOUND ( 'NONE', #700, .T. ) ;
#6198 = CARTESIAN_POINT ( 'NONE',  ( 1.967882192991852900, 4.199999999999996600, -2.148540454668303100 ) ) ;
#6199 = EDGE_CURVE ( 'NONE', #611, #4078, #6223, .T. ) ;
#6200 = CARTESIAN_POINT ( 'NONE',  ( 0.08910157167960332200, 4.200000000000000200, -2.846865742869600700 ) ) ;
#6201 = EDGE_CURVE ( 'NONE', #6224, #6, #1418, .T. ) ;
#6202 = ORIENTED_EDGE ( 'NONE', *, *, #6565, .T. ) ;
#6203 = APPROVAL ( #265, 'UNSPECIFIED' ) ;
#6204 = CARTESIAN_POINT ( 'NONE',  ( 0.0000000000000000000, 3.200000000000000600, 0.0000000000000000000 ) ) ;
#6205 = CARTESIAN_POINT ( 'NONE',  ( 1.045747256502597600, 4.209999999999994600, -2.866199493214805400 ) ) ;
#6206 = CARTESIAN_POINT ( 'NONE',  ( 1.429633387062494200, 4.210000000000000900, -1.746075394674528700 ) ) ;
#6207 = VECTOR ( 'NONE', #5692, 1000.000000000000000 ) ;
#6208 = CARTESIAN_POINT ( 'NONE',  ( -2.619512492153455600, 4.209999999999995500, -1.349801677942741300 ) ) ;
#6209 = CARTESIAN_POINT ( 'NONE',  ( 1.937148780104587000, 4.209999999999994600, -2.330287392165993200 ) ) ;
#6210 = CARTESIAN_POINT ( 'NONE',  ( -0.3586526035282788800, 4.210000000000000000, -2.233981759504906100 ) ) ;
#6211 = CARTESIAN_POINT ( 'NONE',  ( -0.1434546213284927400, 4.199999999999997500, -2.486728449901909300 ) ) ;
#6212 = ORIENTED_EDGE ( 'NONE', *, *, #4883, .F. ) ;
#6213 = CARTESIAN_POINT ( 'NONE',  ( 1.976894331356900500, 4.199999999999997500, -2.284327776610798100 ) ) ;
#6214 = CARTESIAN_POINT ( 'NONE',  ( -0.09700205866847379200, 4.210000000000000000, 3.549121319842145200 ) ) ;
#6215 = EDGE_CURVE ( 'NONE', #1504, #611, #2924, .T. ) ;
#6216 = FACE_OUTER_BOUND ( 'NONE', #5338, .T. ) ;
#6217 = CARTESIAN_POINT ( 'NONE',  ( -1.557516858156873000, 4.209999999999993700, -2.713564712176589600 ) ) ;
#6218 = CARTESIAN_POINT ( 'NONE',  ( 2.385206361932793700, 4.209999999999995500, -1.575281954645913600 ) ) ;
#6219 = VECTOR ( 'NONE', #2777, 1000.000000000000000 ) ;
#6220 = CARTESIAN_POINT ( 'NONE',  ( 0.3964741833981027000, 4.199999999999995700, -3.003308630137028400 ) ) ;
#6221 = VERTEX_POINT ( 'NONE', #6383 ) ;
#6222 = CARTESIAN_POINT ( 'NONE',  ( 0.7797289950885016900, 4.200000000000000200, -2.477438924375130500 ) ) ;
#6223 = LINE ( 'NONE', #3926, #7889 ) ;
#6224 = VERTEX_POINT ( 'NONE', #7067 ) ;
#6225 = CARTESIAN_POINT ( 'NONE',  ( 1.961411532224362800, 4.199999999999995700, -2.306775558986417600 ) ) ;
#6226 = ORIENTED_EDGE ( 'NONE', *, *, #7716, .F. ) ;
#6227 = CARTESIAN_POINT ( 'NONE',  ( 0.2606148768631720800, 4.199999999999994000, -3.078434786151583500 ) ) ;
#6228 = ORIENTED_EDGE ( 'NONE', *, *, #1600, .F. ) ;
#6229 = CARTESIAN_POINT ( 'NONE',  ( -1.835296547209666100, 4.210000000000000900, -1.287424305658856600 ) ) ;
#6230 = CARTESIAN_POINT ( 'NONE',  ( 1.160584349673167400, 4.199999999999994000, -2.886963831074474700 ) ) ;
#6231 = LINE ( 'NONE', #7072, #1629 ) ;
#6232 = CARTESIAN_POINT ( 'NONE',  ( 1.350422313522481800, 4.200000000000000200, -1.862694361220269100 ) ) ;
#6233 = CARTESIAN_POINT ( 'NONE',  ( -2.657187580992258700, 4.199999999999995700, -1.508808101061175400 ) ) ;
#6234 = CARTESIAN_POINT ( 'NONE',  ( 2.034071007617574100, 4.200000000000000200, -1.500450681788765900 ) ) ;
#6235 = CARTESIAN_POINT ( 'NONE',  ( 1.784194049938866000, 4.209999999999994600, -2.350000209239476500 ) ) ;
#6236 = AXIS2_PLACEMENT_3D ( 'NONE', #6358, #3882, #125 ) ;
#6237 = CARTESIAN_POINT ( 'NONE',  ( -0.1908007102289488700, 4.209999999999999100, -2.339245391035412500 ) ) ;
#6238 = CARTESIAN_POINT ( 'NONE',  ( 1.959231978191368700, 4.209999999999995500, -2.137853399825620800 ) ) ;
#6239 = CARTESIAN_POINT ( 'NONE',  ( 1.083990051750216300, 4.209999999999993700, -2.779307842317764600 ) ) ;
#6240 = CARTESIAN_POINT ( 'NONE',  ( 0.2335230577624412000, 4.209999999999997300, -2.679316829487405900 ) ) ;
#6241 = DIRECTION ( 'NONE',  ( 0.0000000000000000000, 0.0000000000000000000, -1.000000000000000000 ) ) ;
#6242 = CARTESIAN_POINT ( 'NONE',  ( -2.315386232859110400, 4.199999999999996600, -1.214797586932507800 ) ) ;
#6243 = CARTESIAN_POINT ( 'NONE',  ( 0.2251273313110485300, 4.199999999999996600, -2.560182105968769500 ) ) ;
#6245 = CARTESIAN_POINT ( 'NONE',  ( 0.3572644272508498900, 4.200000000000000200, -2.336150500104302800 ) ) ;
#6244 = CARTESIAN_POINT ( 'NONE',  ( 1.158587205576721900, 4.199999999999998400, -2.798433772152946200 ) ) ;
#6246 = AXIS2_PLACEMENT_3D ( 'NONE', #5706, #1951, #6328 ) ;
#6247 = CARTESIAN_POINT ( 'NONE',  ( 4.322904116447641200, 0.0000000000000000000, -1.250000000000014900 ) ) ;
#6248 = DIRECTION ( 'NONE',  ( 0.0000000000000000000, 0.0000000000000000000, -1.000000000000000000 ) ) ;
#6249 = CARTESIAN_POINT ( 'NONE',  ( 1.340578029574855500, 4.210000000000000000, -1.907532648143902300 ) ) ;
#6250 = CARTESIAN_POINT ( 'NONE',  ( 1.353122448669503900, 4.209999999999998200, -2.028023683400922200 ) ) ;
#6251 = B_SPLINE_CURVE_WITH_KNOTS ( 'NONE', 3,
 ( #3293, #6969, #787, #5183, #1410, #5805, #2056 ),
 .UNSPECIFIED., .F., .F.,
 ( 4, 1, 1, 1, 4 ),
 ( 0.0000000000000000000, 0.2436620190534817800, 0.4898538969535227200, 0.7414742433608526600, 1.000000000000000000 ),
 .UNSPECIFIED. ) ;
#6252 = CARTESIAN_POINT ( 'NONE',  ( -2.606266315567393700, 4.209999999999993700, -1.697766431278906300 ) ) ;
#6253 = CARTESIAN_POINT ( 'NONE',  ( 0.5056455769902479200, 4.199999999999995700, -2.921491002137280200 ) ) ;
#6254 = DIRECTION ( 'NONE',  ( 0.0000000000000000000, 0.0000000000000000000, -1.000000000000000000 ) ) ;
#6255 = CARTESIAN_POINT ( 'NONE',  ( -0.4872565376919485400, 4.200000000000000200, -2.353407444986259600 ) ) ;
#6256 = CARTESIAN_POINT ( 'NONE',  ( -0.2769969752116899800, 4.200000000000000200, -2.259515202184186200 ) ) ;
#6257 = ORIENTED_EDGE ( 'NONE', *, *, #4218, .F. ) ;
#6258 = CARTESIAN_POINT ( 'NONE',  ( 5.510910596163089600E-016, -4.799999999999999800, 2.000000000000000000 ) ) ;
#6259 = CARTESIAN_POINT ( 'NONE',  ( 1.017573888908609000, 4.209999999999995500, -2.718916698633315800 ) ) ;
#6260 = CARTESIAN_POINT ( 'NONE',  ( 5.510910596163089600E-016, -0.2999999999999999900, 2.000000000000000000 ) ) ;
#6261 = CARTESIAN_POINT ( 'NONE',  ( 1.146327282168051700, 4.209999999999999100, -2.250416517757378700 ) ) ;
#6262 = ORIENTED_EDGE ( 'NONE', *, *, #5529, .F. ) ;
#6263 = EDGE_CURVE ( 'NONE', #7117, #1429, #2713, .T. ) ;
#6264 = CARTESIAN_POINT ( 'NONE',  ( -2.163991790358946100, 4.209999999999998200, -1.180317352469192800 ) ) ;
#6265 = CARTESIAN_POINT ( 'NONE',  ( 0.3576965038489530700, 4.199999999999995700, -3.005703657758022700 ) ) ;
#6266 = CARTESIAN_POINT ( 'NONE',  ( 0.1067047441186559200, 4.209999999999998200, -2.684057606576249400 ) ) ;
#6267 = ORIENTED_EDGE ( 'NONE', *, *, #2943, .F. ) ;
#6268 = CARTESIAN_POINT ( 'NONE',  ( 0.5083637379351044800, 4.199999999999998400, -2.600341263087320200 ) ) ;
#6269 = ORIENTED_EDGE ( 'NONE', *, *, #4020, .F. ) ;
#6270 = CARTESIAN_POINT ( 'NONE',  ( -0.5464578285252446000, 4.210000000000000000, 2.907041648618186700 ) ) ;
#6271 = CARTESIAN_POINT ( 'NONE',  ( 0.3174855027292320400, 4.209999999999999100, -2.629129828154934200 ) ) ;
#6272 = CARTESIAN_POINT ( 'NONE',  ( -2.342298087008801500, 4.199999999999994000, -1.814145977085384100 ) ) ;
#6273 = ORIENTED_EDGE ( 'NONE', *, *, #4929, .T. ) ;
#6274 = CARTESIAN_POINT ( 'NONE',  ( -0.5940300266086063800, 4.209999999999997300, -2.633152358252708300 ) ) ;
#6275 = CARTESIAN_POINT ( 'NONE',  ( 1.777971853834438000, 4.209999999999998200, -1.959060758317723100 ) ) ;
#6276 = FACE_OUTER_BOUND ( 'NONE', #3686, .T. ) ;
#6277 = CARTESIAN_POINT ( 'NONE',  ( 1.917787494143354400, 4.199999999999995700, -2.344278692596105000 ) ) ;
#6278 = ORIENTED_EDGE ( 'NONE', *, *, #4365, .T. ) ;
#6279 = CARTESIAN_POINT ( 'NONE',  ( 6.368163355566237400E-016, -0.2999999999999999900, -2.700000000000000200 ) ) ;
#6280 = CARTESIAN_POINT ( 'NONE',  ( -1.557516858156873500, 4.200000000000000200, -2.713564712176590500 ) ) ;
#6281 = EDGE_LOOP ( 'NONE', ( #6569, #5998, #3671, #114 ) ) ;
#6282 = CARTESIAN_POINT ( 'NONE',  ( 0.3907178456745743500, 4.209999999999993700, -3.090427229038879500 ) ) ;
#6283 = CARTESIAN_POINT ( 'NONE',  ( 0.6166404537526509700, 4.199999999999998400, -2.634720325901212900 ) ) ;
#6284 = ORIENTED_EDGE ( 'NONE', *, *, #10, .T. ) ;
#6285 = CARTESIAN_POINT ( 'NONE',  ( 1.429633387062494200, 4.200000000000001100, -1.746075394674528700 ) ) ;
#6286 = LINE ( 'NONE', #4173, #3362 ) ;
#6287 = CARTESIAN_POINT ( 'NONE',  ( 0.7490848037528805600, 4.199999999999999300, -2.303488567046228400 ) ) ;
#6288 = CARTESIAN_POINT ( 'NONE',  ( 0.9163623707734741600, 4.199999999999997500, -2.537058378317629700 ) ) ;
#6289 = ORIENTED_EDGE ( 'NONE', *, *, #4711, .T. ) ;
#6290 = CARTESIAN_POINT ( 'NONE',  ( 1.738276070434710400, 4.200000000000000200, -1.823969762679101600 ) ) ;
#6291 = VERTEX_POINT ( 'NONE', #4593 ) ;
#6292 = CARTESIAN_POINT ( 'NONE',  ( -2.095575389629934700, 4.209999999999993700, -2.322850321391662900 ) ) ;
#6293 = ORIENTED_EDGE ( 'NONE', *, *, #2858, .F. ) ;
#6294 = FACE_OUTER_BOUND ( 'NONE', #3782, .T. ) ;
#6295 = CARTESIAN_POINT ( 'NONE',  ( 0.2505137644825423100, 4.209999999999994600, -2.953007571018079900 ) ) ;
#6296 = CARTESIAN_POINT ( 'NONE',  ( 0.08790299828308312200, 4.199999999999996600, -2.836891995631814800 ) ) ;
#6298 = CARTESIAN_POINT ( 'NONE',  ( 1.282890414001667900, 4.209999999999995500, -2.564949980094142700 ) ) ;
#6297 = PLANE ( 'NONE',  #5423 ) ;
#6299 = DATE_AND_TIME ( #7964, #1503 ) ;
#6300 = ORIENTED_EDGE ( 'NONE', *, *, #2608, .T. ) ;
#6301 = CARTESIAN_POINT ( 'NONE',  ( 0.5808944442574774900, 4.209999999999999100, -2.476307282991149400 ) ) ;
#6302 = EDGE_CURVE ( 'NONE', #2566, #3405, #293, .T. ) ;
#6303 = CARTESIAN_POINT ( 'NONE',  ( 0.1527033574734318900, 4.199999999999999300, -2.472242296409848700 ) ) ;
#6304 = CARTESIAN_POINT ( 'NONE',  ( -2.489259113350298600, 4.209999999999994600, -1.706456492818381000 ) ) ;
#6305 = VECTOR ( 'NONE', #1181, 1000.000000000000200 ) ;
#6306 = LINE ( 'NONE', #891, #1313 ) ;
#6307 = CARTESIAN_POINT ( 'NONE',  ( 2.429634714529429900, 4.200000000000000200, -1.479141171718417500 ) ) ;
#6308 = DIRECTION ( 'NONE',  ( 0.0000000000000000000, 1.321596210984499500E-012, 1.000000000000000000 ) ) ;
#6309 = CARTESIAN_POINT ( 'NONE',  ( 1.741224806309549700, 4.199999999999997500, -2.323662467779604900 ) ) ;
#6310 = VERTEX_POINT ( 'NONE', #5853 ) ;
#6311 = CARTESIAN_POINT ( 'NONE',  ( 1.298032784061046400, 4.199999999999994800, -2.833433236595855200 ) ) ;
#6312 = FACE_OUTER_BOUND ( 'NONE', #152, .T. ) ;
#6313 = CARTESIAN_POINT ( 'NONE',  ( 2.032127026086540100, 4.199999999999996600, -2.060191793921345700 ) ) ;
#6314 = CARTESIAN_POINT ( 'NONE',  ( -0.4699853261978427200, 4.200000000000001100, -2.237652659270867900 ) ) ;
#6315 = CARTESIAN_POINT ( 'NONE',  ( 1.994693006324582000, 4.209999999999993700, -2.392777882021430300 ) ) ;
#6316 = CARTESIAN_POINT ( 'NONE',  ( 0.4934299956658456700, 4.200000000000000200, -2.321707923024025200 ) ) ;
#6317 = CARTESIAN_POINT ( 'NONE',  ( 1.340925931556623800, 4.200000000000000200, -1.981821424929620000 ) ) ;
#6318 = LINE ( 'NONE', #3162, #1519 ) ;
#6319 = CARTESIAN_POINT ( 'NONE',  ( -0.4635069647706345200, 4.200000000000000200, -3.090354409171718800 ) ) ;
#6320 = CARTESIAN_POINT ( 'NONE',  ( 1.636040674697764900, 4.200000000000000200, -1.764077991596761700 ) ) ;
#6321 = EDGE_CURVE ( 'NONE', #3069, #1922, #7498, .T. ) ;
#6322 = CARTESIAN_POINT ( 'NONE',  ( -2.534405372932892600, 4.199999999999999300, -1.230971928689889900 ) ) ;
#6323 = EDGE_LOOP ( 'NONE', ( #1867, #925, #5700, #5022 ) ) ;
#6324 = CARTESIAN_POINT ( 'NONE',  ( -1.869417430398278200, 4.209999999999999100, -1.492034535574771300 ) ) ;
#6325 = LINE ( 'NONE', #812, #3021 ) ;
#6326 = CARTESIAN_POINT ( 'NONE',  ( 0.1970540628868958900, 4.199999999999995700, -2.849871787982585700 ) ) ;
#6327 = CARTESIAN_POINT ( 'NONE',  ( 5.510910596163089600E-016, 0.0000000000000000000, 2.000000000000000000 ) ) ;
#6329 = CARTESIAN_POINT ( 'NONE',  ( 1.279667554592470700, 4.199999999999996600, -2.713040073093073300 ) ) ;
#6328 = DIRECTION ( 'NONE',  ( -1.000000000000000000, 1.819197792942385700E-013, 0.0000000000000000000 ) ) ;
#6330 = ORIENTED_EDGE ( 'NONE', *, *, #4001, .F. ) ;
#6331 = CARTESIAN_POINT ( 'NONE',  ( 0.3859442706999095500, 4.210000000000001700, -2.252876567521447300 ) ) ;
#6332 = AXIS2_PLACEMENT_3D ( 'NONE', #230, #4614, #856 ) ;
#6333 = LINE ( 'NONE', #5857, #3217 ) ;
#6334 = CARTESIAN_POINT ( 'NONE',  ( 0.2459842415030653000, 4.200000000000000200, -2.331371961051933500 ) ) ;
#6335 = B_SPLINE_CURVE_WITH_KNOTS ( 'NONE', 3,
 ( #5442, #1055, #424, #1671, #6062 ),
 .UNSPECIFIED., .F., .F.,
 ( 4, 1, 4 ),
 ( 0.0000000000000000000, 0.5570145461482607400, 1.000000000000000000 ),
 .UNSPECIFIED. ) ;
#6336 = CARTESIAN_POINT ( 'NONE',  ( -0.2883537042981401100, 4.209999999999998200, -2.819362681112897100 ) ) ;
#6337 = CARTESIAN_POINT ( 'NONE',  ( 1.717894191136535300, 4.200000000000000200, -1.679790356539260200 ) ) ;
#6338 = CARTESIAN_POINT ( 'NONE',  ( 1.370305200762773600, 4.199999999999998400, -2.487781196766418700 ) ) ;
#6339 = CARTESIAN_POINT ( 'NONE',  ( 1.250344489107790800, 4.199999999999994000, -2.757423558741219200 ) ) ;
#6340 = CARTESIAN_POINT ( 'NONE',  ( 0.2571943781377258300, 4.200000000000001100, -2.243096808470071300 ) ) ;
#6341 = DIRECTION ( 'NONE',  ( 0.0000000000000000000, 0.0000000000000000000, -1.000000000000000000 ) ) ;
#6342 = CARTESIAN_POINT ( 'NONE',  ( -0.2766199926909256300, 4.209999999999996400, -3.013535604553509600 ) ) ;
#6343 = CARTESIAN_POINT ( 'NONE',  ( 1.436359753967463700, 4.210000000000000000, -1.740016643991944400 ) ) ;
#6344 = DIRECTION ( 'NONE',  ( -0.7433510487548801200, 0.0000000000000000000, 0.6689015012055361500 ) ) ;
#6345 = CARTESIAN_POINT ( 'NONE',  ( -2.652063500668720800, 4.199999999999994800, -1.563321981098345900 ) ) ;
#6346 = CARTESIAN_POINT ( 'NONE',  ( 1.720592637596486800, 4.200000000000001100, -2.055295278884060400 ) ) ;
#6347 = EDGE_CURVE ( 'NONE', #1295, #6224, #1037, .T. ) ;
#6348 = CARTESIAN_POINT ( 'NONE',  ( -2.292892148657759600, 4.209999999999996400, -1.204826611100043400 ) ) ;
#6350 = CARTESIAN_POINT ( 'NONE',  ( 1.207297651319037400, 4.209999999999995500, -2.786312424895356400 ) ) ;
#6349 = CARTESIAN_POINT ( 'NONE',  ( 0.4707362876387090100, 4.199999999999998400, -2.670731353428293700 ) ) ;
#6351 = EDGE_CURVE ( 'NONE', #2170, #221, #6031, .T. ) ;
#6352 = CARTESIAN_POINT ( 'NONE',  ( -0.6630918271092655100, 4.209999999999995500, -2.981431209960240000 ) ) ;
#6353 = AXIS2_PLACEMENT_3D ( 'NONE', #455, #7321, #4849 ) ;
#6354 = CARTESIAN_POINT ( 'NONE',  ( 1.746017272602772500, 4.209999999999997300, -2.136880008110285400 ) ) ;
#6355 = CARTESIAN_POINT ( 'NONE',  ( -1.378930517360572800, 4.210000000000000000, -1.806518127862378800 ) ) ;
#6356 = DIRECTION ( 'NONE',  ( 0.0000000000000000000, 1.000000000000000000, 0.0000000000000000000 ) ) ;
#6357 = CARTESIAN_POINT ( 'NONE',  ( -0.3670166407857060100, 4.199999999999998400, -2.966535912115563000 ) ) ;
#6358 = CARTESIAN_POINT ( 'NONE',  ( 0.0000000000000000000, 0.0000000000000000000, 0.0000000000000000000 ) ) ;
#6359 = CARTESIAN_POINT ( 'NONE',  ( 0.4299668905322612300, 4.209999999999993700, -3.082087218065616700 ) ) ;
#6360 = EDGE_CURVE ( 'NONE', #3742, #823, #838, .T. ) ;
#6361 = CARTESIAN_POINT ( 'NONE',  ( 1.896998685039465300, 4.199999999999996600, -2.003566440618438400 ) ) ;
#6362 = CARTESIAN_POINT ( 'NONE',  ( 0.1235312700418419600, 4.209999999999994600, -2.958380942453322100 ) ) ;
#6363 = CARTESIAN_POINT ( 'NONE',  ( 0.9163623707734742700, 4.209999999999998200, -2.537058378317630100 ) ) ;
#6364 = CARTESIAN_POINT ( 'NONE',  ( 1.652803242712205500, 4.209999999999998200, -1.767833469511150600 ) ) ;
#6365 = CARTESIAN_POINT ( 'NONE',  ( 1.763832998662612500, 4.210000000000000000, -1.702150763905515800 ) ) ;
#6366 = ORIENTED_EDGE ( 'NONE', *, *, #5694, .F. ) ;
#6367 = CARTESIAN_POINT ( 'NONE',  ( -0.1906521115411860500, 4.200000000000000200, -2.858921324655852900 ) ) ;
#6368 = CARTESIAN_POINT ( 'NONE',  ( 2.071935764523532800, 4.209999999999994600, -2.288013603122824400 ) ) ;
#6369 = CARTESIAN_POINT ( 'NONE',  ( 0.2965739208513713500, 4.209999999999998200, -2.539572827766198900 ) ) ;
#6370 = VERTEX_POINT ( 'NONE', #5304 ) ;
#6371 = CARTESIAN_POINT ( 'NONE',  ( 0.0000000000000000000, 3.200000000000000600, 0.0000000000000000000 ) ) ;
#6372 = ADVANCED_FACE ( 'NONE', ( #640 ), #2190, .T. ) ;
#6373 = LINE ( 'NONE', #1588, #3066 ) ;
#6374 = ORIENTED_EDGE ( 'NONE', *, *, #3393, .T. ) ;
#6375 = CARTESIAN_POINT ( 'NONE',  ( -2.014316520873357300, 4.209999999999999100, -1.235568365047247300 ) ) ;
#6377 = CARTESIAN_POINT ( 'NONE',  ( 0.8793716672481033400, 4.209999999999996400, -2.699494745598201900 ) ) ;
#6376 = CARTESIAN_POINT ( 'NONE',  ( 0.1937586722407250700, 4.209999999999996400, -2.828608813603745700 ) ) ;
#6378 = EDGE_LOOP ( 'NONE', ( #6991, #3456, #2266, #6416 ) ) ;
#6379 = CARTESIAN_POINT ( 'NONE',  ( 1.880223784518659300, 4.199999999999999300, -2.091351645659000400 ) ) ;
#6380 = LINE ( 'NONE', #1582, #1587 ) ;
#6381 = EDGE_LOOP ( 'NONE', ( #3439, #3067, #7378, #2380 ) ) ;
#6382 = CARTESIAN_POINT ( 'NONE',  ( 1.298032784061046400, 4.209999999999993700, -2.833433236595855200 ) ) ;
#6383 = CARTESIAN_POINT ( 'NONE',  ( 9.797174393178826200E-017, 3.200000000000000600, -0.8000000000000000400 ) ) ;
#6384 = ORIENTED_EDGE ( 'NONE', *, *, #4852, .T. ) ;
#6385 = AXIS2_PLACEMENT_3D ( 'NONE', #6391, #2656, #7022 ) ;
#6386 = CARTESIAN_POINT ( 'NONE',  ( -0.4773479953974298400, 4.209999999999994600, -3.001965789160256000 ) ) ;
#6387 = VERTEX_POINT ( 'NONE', #4068 ) ;
#6388 = CARTESIAN_POINT ( 'NONE',  ( -0.3237421833826456500, 4.200000000000000200, -2.335398121775528000 ) ) ;
#6389 = CARTESIAN_POINT ( 'NONE',  ( 0.5330021683716847900, 4.199999999999996600, -3.025837936763669000 ) ) ;
#6390 = LINE ( 'NONE', #872, #808 ) ;
#6391 = CARTESIAN_POINT ( 'NONE',  ( 5.510910596163089600E-016, 0.2999999999999999900, -2.000000000000000000 ) ) ;
#6392 = CARTESIAN_POINT ( 'NONE',  ( 0.2369298861290274600, 4.199999999999994800, -3.068340617424770500 ) ) ;
#6393 = CARTESIAN_POINT ( 'NONE',  ( -1.557516858156873000, 4.209999999999993700, -2.713564712176589600 ) ) ;
#6394 = DIRECTION ( 'NONE',  ( 0.0000000000000000000, -1.000000000000000000, 0.0000000000000000000 ) ) ;
#6395 = CARTESIAN_POINT ( 'NONE',  ( 1.612866926461451900, 4.200000000000000200, -1.664763241612583300 ) ) ;
#6396 = ORIENTED_EDGE ( 'NONE', *, *, #5634, .F. ) ;
#6397 = CARTESIAN_POINT ( 'NONE',  ( -0.1550901739091391500, 4.209999999999998200, -2.703615097949041900 ) ) ;
#6398 = CARTESIAN_POINT ( 'NONE',  ( -1.250000000000025100, 0.2999999999999999900, -3.588523373199614200 ) ) ;
#6399 = CARTESIAN_POINT ( 'NONE',  ( 1.250000000000000000, 0.0000000000000000000, 5.000000000000000000 ) ) ;
#6400 = FACE_OUTER_BOUND ( 'NONE', #63, .T. ) ;
#6401 = CARTESIAN_POINT ( 'NONE',  ( 1.777971853834438000, 4.199999999999999300, -1.959060758317723100 ) ) ;
#6402 = CARTESIAN_POINT ( 'NONE',  ( 1.707896537150924300, 4.209999999999996400, -2.065344880320303400 ) ) ;
#6403 = VERTEX_POINT ( 'NONE', #3437 ) ;
#6404 = CARTESIAN_POINT ( 'NONE',  ( -2.266966632646324300, 4.209999999999996400, -1.814441447697520800 ) ) ;
#6405 = VECTOR ( 'NONE', #381, 1000.000000000000000 ) ;
#6407 = CARTESIAN_POINT ( 'NONE',  ( 1.101765224455008500, 4.209999999999992000, -2.884557010327066400 ) ) ;
#6406 = CARTESIAN_POINT ( 'NONE',  ( -1.896465491276258900, 4.200000000000000200, -1.388351237793507700 ) ) ;
#6408 = CARTESIAN_POINT ( 'NONE',  ( -2.042835162065980400, 4.199999999999997500, -1.216899670190848300 ) ) ;
#6409 = CARTESIAN_POINT ( 'NONE',  ( 1.959231978191368700, 4.209999999999995500, -2.137853399825620800 ) ) ;
#6410 = LINE ( 'NONE', #5646, #4772 ) ;
#6411 = CARTESIAN_POINT ( 'NONE',  ( 1.370305200762773600, 4.209999999999997300, -2.487781196766418700 ) ) ;
#6412 = CARTESIAN_POINT ( 'NONE',  ( 0.05946056672724207200, 4.200000000000001100, -2.413305486737028700 ) ) ;
#6413 = VERTEX_POINT ( 'NONE', #6550 ) ;
#6414 = CARTESIAN_POINT ( 'NONE',  ( 0.8189439072916924200, 4.209999999999997300, -2.579404191176580600 ) ) ;
#6415 = CARTESIAN_POINT ( 'NONE',  ( -0.2580035316488272200, 4.199999999999998400, -2.670253019638740600 ) ) ;
#6416 = ORIENTED_EDGE ( 'NONE', *, *, #3870, .T. ) ;
#6417 = VECTOR ( 'NONE', #94, 1000.000000000000000 ) ;
#6418 = CARTESIAN_POINT ( 'NONE',  ( 0.6111319640341894600, 4.209999999999996400, -2.907445005759787400 ) ) ;
#6419 = CARTESIAN_POINT ( 'NONE',  ( -0.6994144877383444700, 4.209999999999997300, -2.616206984745584200 ) ) ;
#6420 = CARTESIAN_POINT ( 'NONE',  ( 0.3907178456745743500, 4.209999999999993700, -3.090427229038879500 ) ) ;
#6421 = CARTESIAN_POINT ( 'NONE',  ( 0.4448941227278817000, 4.209999999999998200, -2.649236468458749700 ) ) ;
#6422 = DIRECTION ( 'NONE',  ( 0.0000000000000000000, -1.000000000000000000, 0.0000000000000000000 ) ) ;
#6423 = ORIENTED_EDGE ( 'NONE', *, *, #7373, .T. ) ;
#6424 = CARTESIAN_POINT ( 'NONE',  ( 1.444086938888129200, 4.209999999999999100, -1.733632728347430900 ) ) ;
#6425 = EDGE_LOOP ( 'NONE', ( #5202, #6185, #877, #4891, #5133 ) ) ;
#6426 = CARTESIAN_POINT ( 'NONE',  ( 0.8814799554792400700, 4.199999999999994800, -2.450091449402837600 ) ) ;
#6427 = CARTESIAN_POINT ( 'NONE',  ( -0.1550901739091391500, 4.209999999999998200, -2.703615097949041900 ) ) ;
#6428 = FACE_OUTER_BOUND ( 'NONE', #7159, .T. ) ;
#6429 = EDGE_CURVE ( 'NONE', #6096, #4839, #4174, .T. ) ;
#6430 = CARTESIAN_POINT ( 'NONE',  ( -2.575031150993469800, 4.209999999999993700, -1.750165043712550200 ) ) ;
#6431 = DIRECTION ( 'NONE',  ( 0.5876107005800125200, 0.0000000000000000000, 0.8091437848515349300 ) ) ;
#6432 = CARTESIAN_POINT ( 'NONE',  ( -0.3722306006873093400, 4.209999999999999100, -2.318246333087360200 ) ) ;
#6434 = CARTESIAN_POINT ( 'NONE',  ( 1.492592078644308100, 4.209999999999999100, -1.804344594242983200 ) ) ;
#6433 = CARTESIAN_POINT ( 'NONE',  ( 1.250000000000000000, 0.0000000000000000000, 3.588523373199622700 ) ) ;
#6435 = CARTESIAN_POINT ( 'NONE',  ( 0.5256140153241835000, 4.209999999999995500, -2.851745648038191700 ) ) ;
#6436 = CARTESIAN_POINT ( 'NONE',  ( -2.218115509163852000, 4.209999999999997300, -1.513695803261769300 ) ) ;
#6437 = CARTESIAN_POINT ( 'NONE',  ( 0.2492798570281571400, 4.210000000000000000, -2.244424823663325100 ) ) ;
#6438 = B_SPLINE_CURVE_WITH_KNOTS ( 'NONE', 3,
 ( #5169, #175, #5822, #2067, #6435, #2705, #7062, #3327, #7696, #3951, #200, #4588, #828, #5221, #1447, #5847, #2100, #6460, #2736 ),
 .UNSPECIFIED., .F., .F.,
 ( 4, 1, 1, 1, 1, 1, 1, 1, 1, 1, 1, 1, 1, 1, 1, 1, 4 ),
 ( 0.0000000000000000000, 0.07707587082981219600, 0.1502465962790913700, 0.2199681699101984100, 0.2873276054858899800, 0.3523377901982364700, 0.4158297959538287400, 0.4786336549308901100, 0.5407240274088192000, 0.6022924732743288900, 0.6609104370797868100, 0.7177981258970627100, 0.7743625865935439600, 0.8295986343095004300, 0.8853534037885928400, 0.9417523048602370900, 1.000000000000000000 ),
 .UNSPECIFIED. ) ;
#6439 = AXIS2_PLACEMENT_3D ( 'NONE', #3481, #6513, #981 ) ;
#6440 = CARTESIAN_POINT ( 'NONE',  ( -1.250000000000034900, 0.2999999999999999900, -4.999999999999991100 ) ) ;
#6441 = DIRECTION ( 'NONE',  ( 0.0000000000000000000, -1.000000000000000000, 0.0000000000000000000 ) ) ;
#6442 = CARTESIAN_POINT ( 'NONE',  ( 0.4241952710351655200, 4.209999999999997300, -2.385865826048846600 ) ) ;
#6443 = PLANE ( 'NONE',  #7912 ) ;
#6444 = CARTESIAN_POINT ( 'NONE',  ( 0.6287342270439412200, 4.199999999999997500, -2.752265827234176200 ) ) ;
#6445 = CARTESIAN_POINT ( 'NONE',  ( 0.3574248842862415300, 4.209999999999997300, -2.538089522115306800 ) ) ;
#6446 = CARTESIAN_POINT ( 'NONE',  ( 1.765728392367491100, 4.209999999999993700, -2.450110153699787100 ) ) ;
#6447 = CARTESIAN_POINT ( 'NONE',  ( 2.221601327117742800, 4.209999999999998200, -1.203596367891167900 ) ) ;
#6448 = CARTESIAN_POINT ( 'NONE',  ( 0.8904252839196810100, 4.210000000000000000, -2.080191666990260500 ) ) ;
#6449 = DIRECTION ( 'NONE',  ( 0.0000000000000000000, -7.720777734406035500E-015, -1.000000000000000000 ) ) ;
#6450 = CARTESIAN_POINT ( 'NONE',  ( 0.8556268053534775700, 4.209999999999998200, -2.245249876385955600 ) ) ;
#6451 = CARTESIAN_POINT ( 'NONE',  ( -0.1717256716834263100, 4.209999999999999100, -2.375696089221789100 ) ) ;
#6452 = CARTESIAN_POINT ( 'NONE',  ( -0.5662730926386557700, 4.209999999999998200, -2.500600570654546700 ) ) ;
#6453 = CARTESIAN_POINT ( 'NONE',  ( -2.549498680436558000, 4.209999999999993700, -1.575247143773194700 ) ) ;
#6454 = CARTESIAN_POINT ( 'NONE',  ( 1.866404275492616000, 4.209999999999998200, -1.966565455167667500 ) ) ;
#6455 = EDGE_CURVE ( 'NONE', #2470, #4928, #47, .T. ) ;
#6456 = CARTESIAN_POINT ( 'NONE',  ( -0.2446471463200739800, 4.209999999999999100, -2.515230902863435400 ) ) ;
#6458 = CARTESIAN_POINT ( 'NONE',  ( 1.585888712861489400, 4.210000000000000900, -1.667461823711337000 ) ) ;
#6457 = CARTESIAN_POINT ( 'NONE',  ( -1.249999999999956500, 0.2999999999999999900, 3.588523373199638700 ) ) ;
#6459 = EDGE_CURVE ( 'NONE', #6679, #427, #5453, .T. ) ;
#6460 = CARTESIAN_POINT ( 'NONE',  ( 0.3964741833981027000, 4.209999999999994600, -3.003308630137028400 ) ) ;
#6461 = CARTESIAN_POINT ( 'NONE',  ( -0.2981970213595254200, 4.209999999999992900, -3.034842935834559400 ) ) ;
#6462 = CARTESIAN_POINT ( 'NONE',  ( 1.438657195676179100, 4.210000000000000000, -1.931726026944915900 ) ) ;
#6463 = EDGE_LOOP ( 'NONE', ( #491, #5006, #428, #1425 ) ) ;
#6464 = CARTESIAN_POINT ( 'NONE',  ( -2.490895480501886400, 4.209999999999996400, -1.190524395613924000 ) ) ;
#6465 = ORIENTED_EDGE ( 'NONE', *, *, #2090, .F. ) ;
#6466 = DIRECTION ( 'NONE',  ( 0.0000000000000000000, -1.000000000000000000, 0.0000000000000000000 ) ) ;
#6467 = CARTESIAN_POINT ( 'NONE',  ( 0.2965739208513713500, 4.209999999999998200, -2.539572827766198900 ) ) ;
#6468 = ORIENTED_EDGE ( 'NONE', *, *, #1749, .T. ) ;
#6469 = CARTESIAN_POINT ( 'NONE',  ( 2.429634714529429900, 4.209999999999995500, -1.479141171718417500 ) ) ;
#6470 = EDGE_CURVE ( 'NONE', #7366, #3536, #5645, .T. ) ;
#6471 = ORIENTED_EDGE ( 'NONE', *, *, #6113, .T. ) ;
#6472 = CARTESIAN_POINT ( 'NONE',  ( 0.5083637379351044800, 4.199999999999998400, -2.600341263087320200 ) ) ;
#6473 = CARTESIAN_POINT ( 'NONE',  ( -0.6994144877383444700, 4.209999999999997300, -2.616206984745584200 ) ) ;
#6474 = CARTESIAN_POINT ( 'NONE',  ( -4.999999999999986700, 0.0000000000000000000, 1.250000000000052400 ) ) ;
#6475 = CARTESIAN_POINT ( 'NONE',  ( 1.455630867645619300, 4.209999999999999100, -1.848478858942518100 ) ) ;
#6476 = ORIENTED_EDGE ( 'NONE', *, *, #7032, .T. ) ;
#6477 = CARTESIAN_POINT ( 'NONE',  ( -2.020888361460619500, 4.209999999999997300, -1.811750061495379900 ) ) ;
#6478 = FACE_OUTER_BOUND ( 'NONE', #7954, .T. ) ;
#6479 = CARTESIAN_POINT ( 'NONE',  ( 0.9176879461719396100, 4.199999999999997500, -2.161478857918630100 ) ) ;
#6480 = CARTESIAN_POINT ( 'NONE',  ( -0.3586526035282788800, 4.210000000000000000, -2.233981759504906100 ) ) ;
#6481 = ORIENTED_EDGE ( 'NONE', *, *, #5789, .T. ) ;
#6482 = CARTESIAN_POINT ( 'NONE',  ( -0.3780561601040103300, 4.209999999999998200, -2.317452759645902900 ) ) ;
#6483 = VERTEX_POINT ( 'NONE', #7229 ) ;
#6484 = CARTESIAN_POINT ( 'NONE',  ( -2.531969052099958300, 4.199999999999997500, -1.418095579996192500 ) ) ;
#6485 = ORIENTED_EDGE ( 'NONE', *, *, #3129, .T. ) ;
#6486 = CARTESIAN_POINT ( 'NONE',  ( 1.827196380983108900, 4.209999999999999100, -1.759246484037964200 ) ) ;
#6487 = VECTOR ( 'NONE', #341, 1000.000000000000000 ) ;
#6488 = CARTESIAN_POINT ( 'NONE',  ( -0.6027089326604729800, 4.199999999999997500, -2.872437057387712900 ) ) ;
#6489 = VERTEX_POINT ( 'NONE', #1598 ) ;
#6490 = CARTESIAN_POINT ( 'NONE',  ( 0.3094816226403998600, 4.199999999999995700, -2.993896342218747000 ) ) ;
#6491 = PLANE ( 'NONE',  #1147 ) ;
#6492 = CARTESIAN_POINT ( 'NONE',  ( -0.1567314045616872700, 4.209999999999997300, -2.713701687621751500 ) ) ;
#6493 = ORIENTED_EDGE ( 'NONE', *, *, #6925, .F. ) ;
#6494 = CARTESIAN_POINT ( 'NONE',  ( 1.455630867645619300, 4.200000000000000200, -1.848478858942518100 ) ) ;
#6495 = ORIENTED_EDGE ( 'NONE', *, *, #3120, .F. ) ;
#6496 = APPLICATION_CONTEXT ( 'configuration controlled 3d designs of mechanical parts and assemblies' ) ;
#6497 = CARTESIAN_POINT ( 'NONE',  ( -2.657187580992258700, 4.209999999999994600, -1.508808101061175400 ) ) ;
#6498 = FACE_OUTER_BOUND ( 'NONE', #4416, .T. ) ;
#6499 = ADVANCED_FACE ( 'NONE', ( #7101 ), #2878, .T. ) ;
#6500 = PERSON_AND_ORGANIZATION ( #1487, #4347 ) ;
#6501 = CARTESIAN_POINT ( 'NONE',  ( -2.514638024318423900, 4.209999999999997300, -1.667222188588985300 ) ) ;
#6502 = CARTESIAN_POINT ( 'NONE',  ( 0.2965739208513713500, 4.200000000000001100, -2.539572827766198900 ) ) ;
#6503 = ORIENTED_EDGE ( 'NONE', *, *, #3543, .T. ) ;
#6504 = CARTESIAN_POINT ( 'NONE',  ( 0.7615014521888000500, 4.200000000000000200, -2.223493675395140200 ) ) ;
#6505 = LINE ( 'NONE', #7447, #6305 ) ;
#6506 = CARTESIAN_POINT ( 'NONE',  ( -0.7012152766673412900, 4.200000000000000200, -2.628231411068077300 ) ) ;
#6507 = CARTESIAN_POINT ( 'NONE',  ( 0.5735367245984007700, 4.209999999999993700, -2.981252397593439100 ) ) ;
#6508 = CARTESIAN_POINT ( 'NONE',  ( 0.8486707299187213900, 4.209999999999999100, -2.103302840130518300 ) ) ;
#6509 = CARTESIAN_POINT ( 'NONE',  ( 1.667644344692589500, 4.199999999999996600, -2.398627619164569700 ) ) ;
#6510 = VECTOR ( 'NONE', #3178, 1000.000000000000000 ) ;
#6511 = CARTESIAN_POINT ( 'NONE',  ( -0.6292161527469771800, 4.210000000000000000, -2.379239965363154000 ) ) ;
#6512 = EDGE_CURVE ( 'NONE', #7704, #33, #5260, .T. ) ;
#6513 = DIRECTION ( 'NONE',  ( -1.000000000000000000, 0.0000000000000000000, 0.0000000000000000000 ) ) ;
#6514 = FACE_OUTER_BOUND ( 'NONE', #985, .T. ) ;
#6515 = CARTESIAN_POINT ( 'NONE',  ( -2.549727038864564800, 4.199999999999994000, -1.786265840868942200 ) ) ;
#6516 = EDGE_CURVE ( 'NONE', #221, #3851, #6898, .T. ) ;
#6517 = FACE_OUTER_BOUND ( 'NONE', #1565, .T. ) ;
#6518 = CARTESIAN_POINT ( 'NONE',  ( 1.293263310107313400, 4.209999999999999100, -2.296863517929738800 ) ) ;
#6519 = CARTESIAN_POINT ( 'NONE',  ( -0.1807523055516381800, 4.200000000000000200, -2.356961834267372600 ) ) ;
#6520 = ORIENTED_EDGE ( 'NONE', *, *, #7319, .F. ) ;
#6521 = CARTESIAN_POINT ( 'NONE',  ( 0.1376250274281700400, 4.209999999999996400, -2.981665881246106300 ) ) ;
#6522 = VECTOR ( 'NONE', #5668, 1000.000000000000000 ) ;
#6523 = ORIENTED_EDGE ( 'NONE', *, *, #1898, .F. ) ;
#6524 = APPROVAL_STATUS ( 'not_yet_approved' ) ;
#6525 = CARTESIAN_POINT ( 'NONE',  ( 1.207297651319037400, 4.199999999999996600, -2.786312424895356400 ) ) ;
#6526 = EDGE_CURVE ( 'NONE', #1784, #4947, #644, .T. ) ;
#6527 = CARTESIAN_POINT ( 'NONE',  ( -3.588523373199638700, 0.0000000000000000000, -1.249999999999952700 ) ) ;
#6529 = ORIENTED_EDGE ( 'NONE', *, *, #5704, .F. ) ;
#6528 = CARTESIAN_POINT ( 'NONE',  ( -2.376279380424847400, 4.209999999999995500, -1.912955305600681600 ) ) ;
#6530 = CARTESIAN_POINT ( 'NONE',  ( -1.879374466598022800, 4.210000000000000900, -1.225628115345183300 ) ) ;
#6531 = ORIENTED_EDGE ( 'NONE', *, *, #66, .F. ) ;
#6532 = VECTOR ( 'NONE', #4155, 1000.000000000000000 ) ;
#6533 = CARTESIAN_POINT ( 'NONE',  ( -0.7108576244473319200, 4.209999999999995500, -2.834147115213565100 ) ) ;
#6534 = CARTESIAN_POINT ( 'NONE',  ( 0.6202871211351854700, 4.209999999999997300, -2.660040415677413800 ) ) ;
#6535 = CARTESIAN_POINT ( 'NONE',  ( -1.499244902648217500, 4.209999999999994600, -2.633394569687073500 ) ) ;
#6536 = CARTESIAN_POINT ( 'NONE',  ( 1.809172183513438400, 4.209999999999993700, -2.458095780709626400 ) ) ;
#6537 = CARTESIAN_POINT ( 'NONE',  ( -1.771021791777901000, 4.200000000000000200, -1.442512417636588000 ) ) ;
#6538 = CARTESIAN_POINT ( 'NONE',  ( -0.6994144877383444700, 4.199999999999997500, -2.616206984745584200 ) ) ;
#6539 = EDGE_CURVE ( 'NONE', #1524, #3745, #4165, .T. ) ;
#6540 = CARTESIAN_POINT ( 'NONE',  ( 2.435179839680474700, 4.199999999999995700, -1.486503449675667900 ) ) ;
#6541 = ADVANCED_FACE ( 'NONE', ( #3582 ), #7270, .T. ) ;
#6542 = CARTESIAN_POINT ( 'NONE',  ( 1.874420839322750800, 4.199999999999994000, -2.454627458804434800 ) ) ;
#6543 = CARTESIAN_POINT ( 'NONE',  ( -2.392904329127113700, 4.209999999999994600, -1.906951633221809100 ) ) ;
#6544 = CARTESIAN_POINT ( 'NONE',  ( 1.199755955534653800, 4.199999999999999300, -2.153137820378611300 ) ) ;
#6545 = CARTESIAN_POINT ( 'NONE',  ( 1.819496939963849200, 4.209999999999997300, -2.097640935322124400 ) ) ;
#6546 = CARTESIAN_POINT ( 'NONE',  ( 1.199755955534653800, 4.200000000000000200, -2.153137820378611300 ) ) ;
#6547 = CARTESIAN_POINT ( 'NONE',  ( 5.510910596163089600E-016, 0.0000000000000000000, -2.000000000000000000 ) ) ;
#6548 = CARTESIAN_POINT ( 'NONE',  ( 0.1351574808624722800, 4.209999999999999100, -2.291268362653698700 ) ) ;
#6549 = AXIS2_PLACEMENT_3D ( 'NONE', #2957, #7317, #3572 ) ;
#6550 = CARTESIAN_POINT ( 'NONE',  ( 1.207297651319037200, 4.209999999999996400, -2.786312424895355900 ) ) ;
#6551 = CARTESIAN_POINT ( 'NONE',  ( 1.839252504709287400, 4.209999999999996400, -2.013358490310634100 ) ) ;
#6552 = CARTESIAN_POINT ( 'NONE',  ( 0.2476464107409852000, 4.200000000000000200, -2.550799262904556800 ) ) ;
#6553 = CARTESIAN_POINT ( 'NONE',  ( -2.198157684633801300, 4.209999999999999100, -1.070646634118111300 ) ) ;
#6554 = CARTESIAN_POINT ( 'NONE',  ( -0.6733079786699213100, 4.199999999999997500, -2.963855629207809500 ) ) ;
#6555 = CARTESIAN_POINT ( 'NONE',  ( 0.8973174201687469400, 4.209999999999997300, -2.492686316244220100 ) ) ;
#6556 = CARTESIAN_POINT ( 'NONE',  ( 0.8189439072916924200, 4.209999999999997300, -2.579404191176580600 ) ) ;
#6557 = CARTESIAN_POINT ( 'NONE',  ( -0.7128981741672672000, 4.199999999999997500, -2.807834555198213300 ) ) ;
#6558 = ORIENTED_EDGE ( 'NONE', *, *, #2353, .T. ) ;
#6559 = CARTESIAN_POINT ( 'NONE',  ( 2.532528946950007000, 4.209999999999993700, -1.608386302385318200 ) ) ;
#6560 = ORIENTED_EDGE ( 'NONE', *, *, #1060, .F. ) ;
#6561 = DIRECTION ( 'NONE',  ( 0.0000000000000000000, 0.0000000000000000000, 1.000000000000000000 ) ) ;
#6562 = CARTESIAN_POINT ( 'NONE',  ( -2.253559330183155600, 4.199999999999996600, -1.920040669015730100 ) ) ;
#6563 = CARTESIAN_POINT ( 'NONE',  ( 1.078444418677756600, 4.210000000000000000, -2.066418071571967100 ) ) ;
#6564 = ORIENTED_EDGE ( 'NONE', *, *, #853, .T. ) ;
#6565 = EDGE_CURVE ( 'NONE', #2959, #3761, #6710, .T. ) ;
#6566 = PLANE ( 'NONE',  #3466 ) ;
#6567 = CARTESIAN_POINT ( 'NONE',  ( 0.9613351181752665100, 4.200000000000000200, -2.056221021674209800 ) ) ;
#6568 = CARTESIAN_POINT ( 'NONE',  ( -0.5912676562081489200, 4.209999999999997300, -2.616750573620901100 ) ) ;
#6569 = ORIENTED_EDGE ( 'NONE', *, *, #1499, .F. ) ;
#6570 = DIRECTION ( 'NONE',  ( 0.0000000000000000000, 0.0000000000000000000, -1.000000000000000000 ) ) ;
#6571 = CARTESIAN_POINT ( 'NONE',  ( 0.06516506707457056500, 4.200000000000000200, -2.392245384453228800 ) ) ;
#6572 = LINE ( 'NONE', #5954, #4932 ) ;
#6573 = EDGE_CURVE ( 'NONE', #5464, #5512, #3391, .T. ) ;
#6574 = CARTESIAN_POINT ( 'NONE',  ( -2.253559330183155600, 4.199999999999995700, -1.920040669015730100 ) ) ;
#6575 = ORIENTED_EDGE ( 'NONE', *, *, #5220, .T. ) ;
#6576 = CARTESIAN_POINT ( 'NONE',  ( 1.191282548134748900, 4.199999999999995700, -2.792598070003174700 ) ) ;
#6577 = ADVANCED_FACE ( 'NONE', ( #255 ), #7302, .T. ) ;
#6578 = CARTESIAN_POINT ( 'NONE',  ( 1.866404275492616000, 4.199999999999998400, -1.966565455167667500 ) ) ;
#6579 = EDGE_LOOP ( 'NONE', ( #2971, #110, #5068, #6485 ) ) ;
#6580 = CARTESIAN_POINT ( 'NONE',  ( 0.08555074711074367500, 4.199999999999997500, -2.817318093273550900 ) ) ;
#6581 = CARTESIAN_POINT ( 'NONE',  ( 0.8993953931495561900, 4.210000000000000000, -2.075994053156168000 ) ) ;
#6582 = LINE ( 'NONE', #874, #4743 ) ;
#6583 = EDGE_LOOP ( 'NONE', ( #1279, #7081, #590, #5516 ) ) ;
#6584 = EDGE_CURVE ( 'NONE', #4632, #4837, #747, .T. ) ;
#6585 = CARTESIAN_POINT ( 'NONE',  ( -0.5769985134144458600, 4.209999999999993700, -3.060906555887170600 ) ) ;
#6586 = EDGE_LOOP ( 'NONE', ( #4575, #4516, #6978, #3629 ) ) ;
#6587 = B_SPLINE_CURVE_WITH_KNOTS ( 'NONE', 3,
 ( #1939, #5690, #2573, #6936, #3210, #7577, #3824, #79, #4463, #702, #5092, #1333, #5723, #1963, #6339, #2610, #6965, #3232, #7605 ),
 .UNSPECIFIED., .F., .F.,
 ( 4, 1, 1, 1, 1, 1, 1, 1, 1, 1, 1, 1, 1, 1, 1, 1, 4 ),
 ( 0.0000000000000000000, 0.1161363313236059400, 0.2224215065764197600, 0.3186531391321679700, 0.4052226381238202600, 0.4825149440343192200, 0.5504965434031846600, 0.6103695441033137900, 0.6624372807551224300, 0.7099182572338728100, 0.7547965107703664700, 0.7974314443519727700, 0.8385271629721015000, 0.8786977790559136200, 0.9182043395105055100, 0.9585084131582549700, 1.000000000000000000 ),
 .UNSPECIFIED. ) ;
#6588 = ORIENTED_EDGE ( 'NONE', *, *, #4523, .T. ) ;
#6589 = CARTESIAN_POINT ( 'NONE',  ( 0.8189439072916924200, 4.209999999999997300, -2.579404191176580600 ) ) ;
#6590 = ADVANCED_FACE ( 'NONE', ( #5062 ), #4610, .T. ) ;
#6591 = CARTESIAN_POINT ( 'NONE',  ( -0.5944086070678027400, 4.199999999999994000, -3.051061657786960700 ) ) ;
#6592 = VECTOR ( 'NONE', #3596, 1000.000000000000000 ) ;
#6593 = CARTESIAN_POINT ( 'NONE',  ( -1.249999999999956500, 0.2999999999999999900, 3.588523373199638700 ) ) ;
#6594 = CARTESIAN_POINT ( 'NONE',  ( 1.338258694342912000, 4.209999999999999100, -1.958149200564108800 ) ) ;
#6595 = DIRECTION ( 'NONE',  ( 0.0000000000000000000, -1.000000000000000000, 0.0000000000000000000 ) ) ;
#6596 = ORIENTED_EDGE ( 'NONE', *, *, #5594, .T. ) ;
#6597 = CARTESIAN_POINT ( 'NONE',  ( 0.9613351181752665100, 4.199999999999999300, -2.056221021674209800 ) ) ;
#6598 = AXIS2_PLACEMENT_3D ( 'NONE', #5098, #1972, #6344 ) ;
#6599 = CARTESIAN_POINT ( 'NONE',  ( 1.858968863085549900, 4.199999999999997500, -1.982479734673588500 ) ) ;
#6600 = VECTOR ( 'NONE', #2427, 1000.000000000000000 ) ;
#6601 = CARTESIAN_POINT ( 'NONE',  ( 0.9770079263719087000, 4.199999999999998400, -2.658881501895157500 ) ) ;
#6602 = CARTESIAN_POINT ( 'NONE',  ( -0.5308243372252371400, 4.200000000000000200, -2.407184309635310700 ) ) ;
#6603 = CARTESIAN_POINT ( 'NONE',  ( -0.2210013080862998900, 4.199999999999997500, -2.930801062301212800 ) ) ;
#6604 = ORIENTED_EDGE ( 'NONE', *, *, #4433, .T. ) ;
#6605 = CARTESIAN_POINT ( 'NONE',  ( 1.231558187703143400, 4.209999999999997300, -2.418095536229994300 ) ) ;
#6606 = LINE ( 'NONE', #7797, #345 ) ;
#6607 = CARTESIAN_POINT ( 'NONE',  ( 0.8516085807177703500, 4.199999999999999300, -2.342820014586050300 ) ) ;
#6608 = CARTESIAN_POINT ( 'NONE',  ( 1.875301498570545600, 4.209999999999996400, -1.850028861359106300 ) ) ;
#6609 = CARTESIAN_POINT ( 'NONE',  ( 1.298032784061046400, 4.199999999999994000, -2.833433236595855200 ) ) ;
#6610 = VECTOR ( 'NONE', #5542, 1000.000000000000000 ) ;
#6611 = CARTESIAN_POINT ( 'NONE',  ( 0.7917627899558309400, 4.210000000000000900, -2.159610325819457900 ) ) ;
#6612 = CARTESIAN_POINT ( 'NONE',  ( -1.911712275856098300, 4.199999999999997500, -1.355454922130823200 ) ) ;
#6613 = VERTEX_POINT ( 'NONE', #6794 ) ;
#6614 = CARTESIAN_POINT ( 'NONE',  ( 1.000411369877453500, 4.209999999999999100, -2.143428140054338900 ) ) ;
#6615 = DIRECTION ( 'NONE',  ( 1.000000000000000000, 0.0000000000000000000, 0.0000000000000000000 ) ) ;
#6616 = VECTOR ( 'NONE', #121, 1000.000000000000000 ) ;
#6617 = EDGE_CURVE ( 'NONE', #1763, #5019, #7164, .T. ) ;
#6618 = CARTESIAN_POINT ( 'NONE',  ( 2.020046274287173600, 4.209999999999995500, -2.047432661544078300 ) ) ;
#6619 = ADVANCED_FACE ( 'NONE', ( #4872 ), #7941, .T. ) ;
#6620 = DIRECTION ( 'NONE',  ( 0.0000000000000000000, 0.0000000000000000000, 1.000000000000000000 ) ) ;
#6621 = DIRECTION ( 'NONE',  ( -0.0000000000000000000, -1.000000000000000000, -0.0000000000000000000 ) ) ;
#6622 = EDGE_CURVE ( 'NONE', #7063, #218, #59, .T. ) ;
#6623 = ORIENTED_EDGE ( 'NONE', *, *, #2879, .T. ) ;
#6624 = CC_DESIGN_APPROVAL ( #6203, ( #5792 ) ) ;
#6625 = DIRECTION ( 'NONE',  ( 0.0000000000000000000, 0.0000000000000000000, 1.000000000000000000 ) ) ;
#6626 = LINE ( 'NONE', #5637, #558 ) ;
#6627 = CARTESIAN_POINT ( 'NONE',  ( 1.835567830079184700, 4.199999999999999300, -1.769230418177292400 ) ) ;
#6628 = CARTESIAN_POINT ( 'NONE',  ( 1.749313819482302600, 4.199999999999998400, -1.837194986071289900 ) ) ;
#6629 = CARTESIAN_POINT ( 'NONE',  ( -0.4237519128475037400, 4.209999999999998200, -2.319364657588614400 ) ) ;
#6630 = PLANE ( 'NONE',  #2315 ) ;
#6631 = ADVANCED_FACE ( 'NONE', ( #1714 ), #1902, .T. ) ;
#6632 = CARTESIAN_POINT ( 'NONE',  ( 1.271361668789378700, 4.209999999999992900, -2.729477526478977500 ) ) ;
#6633 = CARTESIAN_POINT ( 'NONE',  ( 5.510910596163089600E-016, 0.2999999999999999900, -2.000000000000000000 ) ) ;
#6634 = EDGE_CURVE ( 'NONE', #3829, #305, #6318, .T. ) ;
#6635 = CARTESIAN_POINT ( 'NONE',  ( 1.827196380983108900, 4.199999999999999300, -1.759246484037964200 ) ) ;
#6636 = CARTESIAN_POINT ( 'NONE',  ( 1.390812267708121800, 4.209999999999994600, -2.654383987186050800 ) ) ;
#6637 = CARTESIAN_POINT ( 'NONE',  ( -2.116245714285963000, 4.210000000000000000, -1.077115017741433700 ) ) ;
#6638 = CARTESIAN_POINT ( 'NONE',  ( -1.250000000000034900, -0.0000000000000000000, -4.999999999999991100 ) ) ;
#6639 = CARTESIAN_POINT ( 'NONE',  ( -2.489259113350298600, 4.199999999999995700, -1.706456492818381000 ) ) ;
#6640 = CARTESIAN_POINT ( 'NONE',  ( -1.866415890267885800, 4.209999999999999100, -1.570090760252074600 ) ) ;
#6641 = B_SPLINE_CURVE_WITH_KNOTS ( 'NONE', 3,
 ( #2204, #2148, #4080, #325, #4717, #958, #5345, #1575, #5966, #2230, #6589 ),
 .UNSPECIFIED., .F., .F.,
 ( 4, 1, 1, 1, 1, 1, 1, 1, 4 ),
 ( 0.0000000000000000000, 0.09623784800558320100, 0.1982602785055436700, 0.3077773621164623900, 0.4259105345860532100, 0.5534942023379076900, 0.6915994535651970300, 0.8403614483939875200, 1.000000000000000000 ),
 .UNSPECIFIED. ) ;
#6642 = CARTESIAN_POINT ( 'NONE',  ( 1.108321824882085200, 4.200000000000001100, -2.200937095510159900 ) ) ;
#6643 = AXIS2_PLACEMENT_3D ( 'NONE', #4780, #5393, #1635 ) ;
#6644 = DIRECTION ( 'NONE',  ( 0.0000000000000000000, -1.000000000000000000, 0.0000000000000000000 ) ) ;
#6645 = CARTESIAN_POINT ( 'NONE',  ( 2.385206361932793700, 4.200000000000000200, -1.575281954645913600 ) ) ;
#6646 = CARTESIAN_POINT ( 'NONE',  ( 1.725962199835914900, 4.199999999999997500, -2.155301679598681000 ) ) ;
#6647 = CARTESIAN_POINT ( 'NONE',  ( 0.3656915662822918800, 4.200000000000002800, -2.247120150981740200 ) ) ;
#6648 = CARTESIAN_POINT ( 'NONE',  ( -2.442060331937774300, 4.209999999999997300, -1.154635558515877800 ) ) ;
#6649 = CARTESIAN_POINT ( 'NONE',  ( 1.780012745410982900, 4.209999999999997300, -1.943100067502235000 ) ) ;
#6650 = CARTESIAN_POINT ( 'NONE',  ( -1.250000000000030400, 0.0000000000000000000, -4.322904116447636700 ) ) ;
#6651 = DIRECTION ( 'NONE',  ( 0.2040391202331743900, 0.0000000000000000000, 0.9789627354575209900 ) ) ;
#6652 = CARTESIAN_POINT ( 'NONE',  ( -2.227036381621721800, 4.199999999999999300, -1.185224892033773800 ) ) ;
#6653 = ORIENTED_EDGE ( 'NONE', *, *, #3288, .F. ) ;
#6654 = ADVANCED_FACE ( 'NONE', ( #6517 ), #6895, .T. ) ;
#6655 = CARTESIAN_POINT ( 'NONE',  ( -0.3235311245906768400, 4.209999999999996400, -2.912811350953728800 ) ) ;
#6656 = CARTESIAN_POINT ( 'NONE',  ( 1.370305200762773600, 4.199999999999997500, -2.487781196766418700 ) ) ;
#6657 = CARTESIAN_POINT ( 'NONE',  ( -2.281732209448319000, 4.200000000000000200, -1.082693258296721900 ) ) ;
#6658 = EDGE_LOOP ( 'NONE', ( #5797, #5163, #2794, #3588 ) ) ;
#6659 = DIRECTION ( 'NONE',  ( -0.0000000000000000000, -1.000000000000000000, -0.0000000000000000000 ) ) ;
#6660 = DIRECTION ( 'NONE',  ( -3.087895789866445100E-014, 0.0000000000000000000, 1.000000000000000000 ) ) ;
#6661 = CARTESIAN_POINT ( 'NONE',  ( 2.040389367912172100, 4.209999999999995500, -2.344461484651699600 ) ) ;
#6662 = EDGE_LOOP ( 'NONE', ( #7762, #5436, #601, #980 ) ) ;
#6663 = CARTESIAN_POINT ( 'NONE',  ( 1.225109932574491400, 4.209999999999997300, -2.402813738606782500 ) ) ;
#6664 = AXIS2_PLACEMENT_3D ( 'NONE', #198, #4586, #826 ) ;
#6665 = CARTESIAN_POINT ( 'NONE',  ( 1.999095276837253400, 4.209999999999995500, -2.031469498512361100 ) ) ;
#6666 = EDGE_LOOP ( 'NONE', ( #4568, #1200, #5160, #685 ) ) ;
#6667 = CARTESIAN_POINT ( 'NONE',  ( 1.388905598425181900, 4.209999999999998200, -2.093984938400433600 ) ) ;
#6668 = CARTESIAN_POINT ( 'NONE',  ( -1.964199997034461700, 4.200000000000000200, -1.146163310356158800 ) ) ;
#6669 = CARTESIAN_POINT ( 'NONE',  ( 1.027567296335716100, 4.199999999999996600, -2.857192052875012300 ) ) ;
#6670 = ORIENTED_EDGE ( 'NONE', *, *, #331, .T. ) ;
#6671 = CARTESIAN_POINT ( 'NONE',  ( -0.5681830185513139200, 4.209999999999995500, -2.953249525800744300 ) ) ;
#6672 = CARTESIAN_POINT ( 'NONE',  ( 2.127632413564704900, 4.199999999999998400, -1.521597417005726300 ) ) ;
#6673 = CIRCLE ( 'NONE', #1090, 0.8000000000000000400 ) ;
#6674 = CARTESIAN_POINT ( 'NONE',  ( -2.572490531222783300, 4.209999999999996400, -1.275704819139787100 ) ) ;
#6675 = ORIENTED_EDGE ( 'NONE', *, *, #7984, .F. ) ;
#6676 = CARTESIAN_POINT ( 'NONE',  ( 1.744804295851521700, 4.199999999999998400, -2.031085511163941000 ) ) ;
#6677 = CARTESIAN_POINT ( 'NONE',  ( -0.3722306006873094000, 4.199999999999998400, -2.318246333087360600 ) ) ;
#6678 = VERTEX_POINT ( 'NONE', #1289 ) ;
#6679 = VERTEX_POINT ( 'NONE', #5675 ) ;
#6680 = CARTESIAN_POINT ( 'NONE',  ( 1.975347133776193900, 4.209999999999995500, -2.159748481919882700 ) ) ;
#6681 = CARTESIAN_POINT ( 'NONE',  ( -1.938938555612545600, 4.200000000000000200, -1.313616267065254900 ) ) ;
#6682 = FACE_OUTER_BOUND ( 'NONE', #1727, .T. ) ;
#6683 = ORIENTED_EDGE ( 'NONE', *, *, #4929, .F. ) ;
#6684 = CARTESIAN_POINT ( 'NONE',  ( -2.175401867116365300, 4.209999999999995500, -1.899210080590620200 ) ) ;
#6685 = CARTESIAN_POINT ( 'NONE',  ( 2.653002718507156300, 4.209999999999993700, -1.616756965436710700 ) ) ;
#6686 = CARTESIAN_POINT ( 'NONE',  ( -2.442060331937774300, 4.209999999999997300, -1.154635558515877800 ) ) ;
#6687 = ORIENTED_EDGE ( 'NONE', *, *, #6634, .T. ) ;
#6688 = B_SPLINE_CURVE_WITH_KNOTS ( 'NONE', 3,
 ( #5080, #4439, #62, #5699, #1946, #6322, #2585, #6943, #3219, #7587, #3832, #86, #4471, #712, #5099, #1340, #5730, #1974, #6345, #2618, #6977, #3239, #7613, #3866, #107, #4497, #739 ),
 .UNSPECIFIED., .F., .F.,
 ( 4, 1, 1, 1, 1, 1, 1, 1, 1, 1, 1, 1, 1, 1, 1, 1, 1, 1, 1, 1, 1, 1, 1, 1, 4 ),
 ( 0.0000000000000000000, 0.04439156533774257800, 0.08794563570322767900, 0.1313461449661497400, 0.1741781752117689000, 0.2165838773768436800, 0.2592526042745203500, 0.3018390867447045500, 0.3446661344111126000, 0.3868780064512076800, 0.4281329332105053800, 0.4684187797199475000, 0.5079892078195656900, 0.5470696959633562000, 0.5862125408234073500, 0.6253740733367331200, 0.6649098172339993300, 0.7048483359981352300, 0.7448448251408744700, 0.7853435102845980300, 0.8264585354835731800, 0.8683630706220265600, 0.9112207164106502800, 0.9549905388397596000, 1.000000000000000000 ),
 .UNSPECIFIED. ) ;
#6689 = ORIENTED_EDGE ( 'NONE', *, *, #6201, .T. ) ;
#6690 = EDGE_CURVE ( 'NONE', #6074, #1968, #4675, .T. ) ;
#6691 = VECTOR ( 'NONE', #3902, 1000.000000000000200 ) ;
#6692 = CARTESIAN_POINT ( 'NONE',  ( 2.086470506652944800, 4.199999999999996600, -2.168716256509953600 ) ) ;
#6693 = PERSON_AND_ORGANIZATION ( #1487, #4347 ) ;
#6694 = CARTESIAN_POINT ( 'NONE',  ( 1.322644482888268000, 4.200000000000002000, -2.360343360303732000 ) ) ;
#6695 = CARTESIAN_POINT ( 'NONE',  ( 1.293263310107313400, 4.209999999999999100, -2.296863517929738800 ) ) ;
#6696 = ORIENTED_EDGE ( 'NONE', *, *, #4977, .T. ) ;
#6697 = CARTESIAN_POINT ( 'NONE',  ( 0.2112898671753979700, 4.210000000000000000, -2.252771243517949400 ) ) ;
#6698 = CARTESIAN_POINT ( 'NONE',  ( -2.309251128937042100, 4.199999999999997500, -1.090183252505475800 ) ) ;
#6699 = ADVANCED_FACE ( 'NONE', ( #3013 ), #6297, .T. ) ;
#6700 = CARTESIAN_POINT ( 'NONE',  ( 2.435179839680474700, 4.199999999999995700, -1.486503449675667900 ) ) ;
#6701 = LINE ( 'NONE', #3932, #1905 ) ;
#6702 = LINE ( 'NONE', #6805, #5252 ) ;
#6703 = CARTESIAN_POINT ( 'NONE',  ( 1.731877477423876300, 4.209999999999995500, -2.149083835677744900 ) ) ;
#6704 = CARTESIAN_POINT ( 'NONE',  ( 5.510910596163089600E-016, -0.2999999999999999900, -1.300000000000000300 ) ) ;
#6705 = CARTESIAN_POINT ( 'NONE',  ( 0.1937586722407250700, 4.199999999999997500, -2.828608813603745700 ) ) ;
#6706 = CARTESIAN_POINT ( 'NONE',  ( 0.9387253741741523600, 4.200000000000000200, -2.151790034044419800 ) ) ;
#6707 = FACE_OUTER_BOUND ( 'NONE', #7937, .T. ) ;
#6708 = DIRECTION ( 'NONE',  ( 0.0000000000000000000, 0.0000000000000000000, 1.000000000000000000 ) ) ;
#6709 = CARTESIAN_POINT ( 'NONE',  ( 1.951830993233425900, 4.209999999999994600, -2.317375539337066300 ) ) ;
#6710 = CIRCLE ( 'NONE', #380, 4.500000000000000000 ) ;
#6711 = CARTESIAN_POINT ( 'NONE',  ( -2.499435228408376700, 4.199999999999998400, -1.363592244753603700 ) ) ;
#6712 = PLANE ( 'NONE',  #95 ) ;
#6713 = CARTESIAN_POINT ( 'NONE',  ( 2.058052030321063400, 4.199999999999994800, -2.317055068221501600 ) ) ;
#6715 = VERTEX_POINT ( 'NONE', #667 ) ;
#6714 = CARTESIAN_POINT ( 'NONE',  ( 0.6061670438622910300, 4.209999999999998200, -2.572924011302303500 ) ) ;
#6716 = CARTESIAN_POINT ( 'NONE',  ( 0.3344991161668205400, 4.199999999999998400, -2.626347018976710000 ) ) ;
#6717 = LINE ( 'NONE', #6210, #1924 ) ;
#6718 = CARTESIAN_POINT ( 'NONE',  ( 0.5330021683716847900, 4.199999999999996600, -3.025837936763669000 ) ) ;
#6719 = ORIENTED_EDGE ( 'NONE', *, *, #2453, .T. ) ;
#6720 = CARTESIAN_POINT ( 'NONE',  ( 1.078444418677756600, 4.210000000000000000, -2.066418071571967100 ) ) ;
#6721 = CARTESIAN_POINT ( 'NONE',  ( 0.05313334704515868700, 4.210000000000000000, -2.458832802031341900 ) ) ;
#6722 = CARTESIAN_POINT ( 'NONE',  ( -2.555167439537342900, 4.199999999999996600, -1.518045786537753900 ) ) ;
#6723 = EDGE_CURVE ( 'NONE', #2083, #433, #7981, .T. ) ;
#6724 = CARTESIAN_POINT ( 'NONE',  ( -0.5964461884915704900, 4.199999999999995700, -2.899641047461738900 ) ) ;
#6725 = VECTOR ( 'NONE', #2029, 1000.000000000000100 ) ;
#6726 = CARTESIAN_POINT ( 'NONE',  ( 1.457219924866750100, 4.199999999999999300, -1.999583385300077500 ) ) ;
#6727 = CARTESIAN_POINT ( 'NONE',  ( 0.1583084046212128200, 4.199999999999998400, -2.429916737064032900 ) ) ;
#6728 = CARTESIAN_POINT ( 'NONE',  ( 0.2335230577624412000, 4.199999999999998400, -2.679316829487405900 ) ) ;
#6729 = CARTESIAN_POINT ( 'NONE',  ( 1.071473526460497100, 4.199999999999998400, -2.169155298896285900 ) ) ;
#6730 = CARTESIAN_POINT ( 'NONE',  ( 0.2381896675325275700, 4.209999999999994600, -2.938774208318554800 ) ) ;
#6731 = CARTESIAN_POINT ( 'NONE',  ( -1.835296547209666100, 4.200000000000001100, -1.287424305658856600 ) ) ;
#6732 = ADVANCED_FACE ( 'NONE', ( #1323 ), #4448, .T. ) ;
#6733 = EDGE_CURVE ( 'NONE', #1490, #2202, #3822, .T. ) ;
#6734 = CARTESIAN_POINT ( 'NONE',  ( 1.492592078644308100, 4.200000000000000200, -1.804344594242983200 ) ) ;
#6735 = CARTESIAN_POINT ( 'NONE',  ( 0.5484455638031187100, 4.200000000000005500, -2.399132963418937300 ) ) ;
#6736 = CARTESIAN_POINT ( 'NONE',  ( 0.4308187712791190500, 4.209999999999996400, -2.640871327723069300 ) ) ;
#6737 = CARTESIAN_POINT ( 'NONE',  ( 0.1921316299714601600, 4.209999999999995500, -2.772475890288654400 ) ) ;
#6738 = CARTESIAN_POINT ( 'NONE',  ( 0.6287342270439412200, 4.199999999999997500, -2.752265827234176200 ) ) ;
#6739 = CARTESIAN_POINT ( 'NONE',  ( 1.893215133445159000, 4.199999999999996600, -2.356332490680313800 ) ) ;
#6740 = CARTESIAN_POINT ( 'NONE',  ( 0.09562184269871375200, 4.210000000000000000, 2.457585878761416000 ) ) ;
#6741 = AXIS2_PLACEMENT_3D ( 'NONE', #6996, #1379, #5776 ) ;
#6742 = CARTESIAN_POINT ( 'NONE',  ( 0.3162612532427920300, 4.209999999999999100, -2.325260634373380200 ) ) ;
#6743 = CARTESIAN_POINT ( 'NONE',  ( -0.5965391638508773500, 4.209999999999995500, -2.649620272126540900 ) ) ;
#6744 = CARTESIAN_POINT ( 'NONE',  ( -0.5002488079853658600, 4.199999999999995700, -2.998116188008409300 ) ) ;
#6745 = CARTESIAN_POINT ( 'NONE',  ( 1.481462540939305000, 4.200000000000000200, -1.814299703106200000 ) ) ;
#6746 = ORIENTED_EDGE ( 'NONE', *, *, #7100, .T. ) ;
#6747 = CARTESIAN_POINT ( 'NONE',  ( 0.2225802914035031600, 4.210000000000000000, -2.340737071744956900 ) ) ;
#6748 = CARTESIAN_POINT ( 'NONE',  ( -3.588523373199622200, 0.2999999999999999900, 1.250000000000003600 ) ) ;
#6749 = CARTESIAN_POINT ( 'NONE',  ( -0.3665141925078401800, 4.210000000000000000, -2.319365659977033400 ) ) ;
#6750 = ORIENTED_EDGE ( 'NONE', *, *, #6347, .F. ) ;
#6751 = CARTESIAN_POINT ( 'NONE',  ( 2.466583601941012100, 4.209999999999996400, -1.595721295518772300 ) ) ;
#6752 = DIRECTION ( 'NONE',  ( -0.0000000000000000000, -1.000000000000000000, -0.0000000000000000000 ) ) ;
#6753 = VERTEX_POINT ( 'NONE', #1365 ) ;
#6754 = CARTESIAN_POINT ( 'NONE',  ( -1.860788085236049900, 4.210000000000000000, -1.249385015998748100 ) ) ;
#6755 = ORIENTED_EDGE ( 'NONE', *, *, #817, .F. ) ;
#6756 = CARTESIAN_POINT ( 'NONE',  ( 1.959231978191368700, 4.200000000000000200, -2.137853399825620800 ) ) ;
#6757 = CARTESIAN_POINT ( 'NONE',  ( 1.520907793545339400, 4.200000000000000200, -1.783781043477738100 ) ) ;
#6758 = EDGE_LOOP ( 'NONE', ( #5421, #890, #2370, #1263, #3170, #1466, #7666, #7858, #5629, #3751, #6202, #5036 ) ) ;
#6759 = CARTESIAN_POINT ( 'NONE',  ( 0.4431055265671121100, 4.210000000000000900, -2.280267778218965500 ) ) ;
#6761 = CARTESIAN_POINT ( 'NONE',  ( 1.936636379427676900, 4.199999999999994000, -2.432803884635524200 ) ) ;
#6760 = CARTESIAN_POINT ( 'NONE',  ( 0.5010457706575975900, 4.199999999999996600, -2.713663088063575900 ) ) ;
#6762 = VECTOR ( 'NONE', #2153, 1000.000000000000000 ) ;
#6763 = ORIENTED_EDGE ( 'NONE', *, *, #1738, .F. ) ;
#6764 = CARTESIAN_POINT ( 'NONE',  ( 0.1532459390948860700, 4.209999999999999100, -2.461099828080239000 ) ) ;
#6765 = EDGE_CURVE ( 'NONE', #2092, #2619, #6131, .T. ) ;
#6766 = CARTESIAN_POINT ( 'NONE',  ( 1.798274515366409300, 4.209999999999994600, -2.355898972734468400 ) ) ;
#6767 = EDGE_CURVE ( 'NONE', #5856, #7960, #1131, .T. ) ;
#6768 = EDGE_LOOP ( 'NONE', ( #1307, #4419, #2189, #4275 ) ) ;
#6769 = DIRECTION ( 'NONE',  ( 0.0000000000000000000, 0.0000000000000000000, -1.000000000000000000 ) ) ;
#6770 = CARTESIAN_POINT ( 'NONE',  ( 0.4241952710351655200, 4.200000000000000200, -2.385865826048846600 ) ) ;
#6771 = LINE ( 'NONE', #2008, #5127 ) ;
#6772 = CARTESIAN_POINT ( 'NONE',  ( 0.8486627678717656400, 4.209999999999996400, -2.643278161964031500 ) ) ;
#6773 = CARTESIAN_POINT ( 'NONE',  ( -2.549727038864564800, 4.199999999999993100, -1.786265840868942200 ) ) ;
#6774 = VERTEX_POINT ( 'NONE', #3222 ) ;
#6775 = ADVANCED_FACE ( 'NONE', ( #2615 ), #7638, .T. ) ;
#6776 = CARTESIAN_POINT ( 'NONE',  ( 1.822926711129128100, 4.200000000000001100, -1.754154402352990700 ) ) ;
#6777 = ORIENTED_EDGE ( 'NONE', *, *, #7999, .F. ) ;
#6778 = CARTESIAN_POINT ( 'NONE',  ( 0.2881491565464405800, 4.209999999999998200, -2.540963396893321800 ) ) ;
#6779 = CARTESIAN_POINT ( 'NONE',  ( 0.5041805444622952100, 4.199999999999996600, -2.613688723761304900 ) ) ;
#6780 = ORIENTED_EDGE ( 'NONE', *, *, #7003, .T. ) ;
#6781 = FACE_OUTER_BOUND ( 'NONE', #5330, .T. ) ;
#6782 = CARTESIAN_POINT ( 'NONE',  ( 1.962142285229546300, 4.199999999999997500, -2.141448988102146300 ) ) ;
#6783 = CARTESIAN_POINT ( 'NONE',  ( -0.2848207149926967900, 4.199999999999997500, -2.371661458764433100 ) ) ;
#6784 = EDGE_CURVE ( 'NONE', #4947, #5139, #5763, .T. ) ;
#6785 = CARTESIAN_POINT ( 'NONE',  ( 2.034071007617574100, 4.209999999999998200, -1.500450681788766400 ) ) ;
#6786 = EDGE_LOOP ( 'NONE', ( #207, #4658, #1283, #2779, #7007, #3166, #2463, #5165, #6871, #7895, #3058, #3849, #6950, #3254, #2800 ) ) ;
#6787 = CARTESIAN_POINT ( 'NONE',  ( -1.250000000000025100, -0.0000000000000000000, -3.588523373199614200 ) ) ;
#6788 = B_SPLINE_CURVE_WITH_KNOTS ( 'NONE', 3,
 ( #6427, #2693, #7054, #3321, #7687, #3938, #191, #4579, #816, #5209, #1442, #5839, #2088, #6451, #2724, #7083, #3341, #7712, #3971, #217, #4604, #847, #5239, #1463, #5863, #2118, #6480 ),
 .UNSPECIFIED., .F., .F.,
 ( 4, 1, 1, 1, 1, 1, 1, 1, 1, 1, 1, 1, 1, 1, 1, 1, 1, 1, 1, 1, 1, 1, 1, 1, 4 ),
 ( 0.0000000000000000000, 0.06272759149621377800, 0.1225453566919819100, 0.1791031457429747600, 0.2330955444949627500, 0.2837474367562940500, 0.3319908623763714300, 0.3772617988179323100, 0.4201858599960460200, 0.4610492436928377300, 0.5004966391926397600, 0.5386574316515699800, 0.5756370165372377600, 0.6112409315985335400, 0.6464728662112539900, 0.6811543454719513100, 0.7150471040341475100, 0.7488886766446677400, 0.7826777031828176000, 0.8167706238453112900, 0.8512980598439243700, 0.8865742495210561200, 0.9230915419389565900, 0.9608171627558128600, 1.000000000000000000 ),
 .UNSPECIFIED. ) ;
#6789 = CARTESIAN_POINT ( 'NONE',  ( -1.987964307539555000, 4.200000000000002000, -1.130131549104410200 ) ) ;
#6790 = FACE_BOUND ( 'NONE', #5207, .T. ) ;
#6791 = CARTESIAN_POINT ( 'NONE',  ( 0.9035111960402730800, 4.209999999999998200, -2.171224213151349900 ) ) ;
#6792 = CARTESIAN_POINT ( 'NONE',  ( 0.5231200652442107300, 4.199999999999996600, -2.870555712060845400 ) ) ;
#6793 = CARTESIAN_POINT ( 'NONE',  ( 1.636040674697764900, 4.209999999999999100, -1.764077991596761700 ) ) ;
#6795 = DIRECTION ( 'NONE',  ( -0.0000000000000000000, -1.000000000000000000, -0.0000000000000000000 ) ) ;
#6794 = CARTESIAN_POINT ( 'NONE',  ( -2.095575389629934700, 4.200000000000000200, -2.322850321391662000 ) ) ;
#6796 = LINE ( 'NONE', #4564, #5144 ) ;
#6797 = EDGE_LOOP ( 'NONE', ( #5010, #4644, #2110, #5412 ) ) ;
#6798 = AXIS2_PLACEMENT_3D ( 'NONE', #617, #5007, #1248 ) ;
#6799 = CARTESIAN_POINT ( 'NONE',  ( 3.588523373199627600, 0.2999999999999999900, 1.249999999999987600 ) ) ;
#6800 = CARTESIAN_POINT ( 'NONE',  ( 1.727190893775862400, 4.199999999999996600, -2.311849191220454600 ) ) ;
#6801 = LINE ( 'NONE', #1414, #5150 ) ;
#6802 = VECTOR ( 'NONE', #2975, 1000.000000000000000 ) ;
#6803 = CARTESIAN_POINT ( 'NONE',  ( 0.5033573204194952100, 4.209999999999996400, -2.568814011709267500 ) ) ;
#6804 = CARTESIAN_POINT ( 'NONE',  ( 0.9427068896358051800, 4.199999999999996600, -2.787352390266447400 ) ) ;
#6805 = CARTESIAN_POINT ( 'NONE',  ( -1.250000000000000000, 0.2999999999999999900, 5.000000000000000000 ) ) ;
#6806 = VERTEX_POINT ( 'NONE', #5167 ) ;
#6807 = CARTESIAN_POINT ( 'NONE',  ( 0.09093212589731045100, 4.209999999999996400, -2.733849075702857500 ) ) ;
#6808 = CARTESIAN_POINT ( 'NONE',  ( -0.1457050968406316800, 4.209999999999998200, -2.634003111724383000 ) ) ;
#6809 = FACE_OUTER_BOUND ( 'NONE', #7513, .T. ) ;
#6810 = CARTESIAN_POINT ( 'NONE',  ( 1.992484222218170700, 4.209999999999993700, -2.221098511963151000 ) ) ;
#6811 = CARTESIAN_POINT ( 'NONE',  ( -0.2452894895878495700, 4.209999999999998200, -2.552443857421314200 ) ) ;
#6812 = DIRECTION ( 'NONE',  ( 0.0000000000000000000, -0.0000000000000000000, -1.000000000000000000 ) ) ;
#6813 = ORIENTED_EDGE ( 'NONE', *, *, #7304, .T. ) ;
#6814 = CARTESIAN_POINT ( 'NONE',  ( 2.545041292225849600, 4.209999999999995500, -1.622435481315568600 ) ) ;
#6815 = LINE ( 'NONE', #3633, #3502 ) ;
#6816 = DIRECTION ( 'NONE',  ( 0.0000000000000000000, 0.0000000000000000000, -1.000000000000000000 ) ) ;
#6817 = CARTESIAN_POINT ( 'NONE',  ( 0.4633527629853357900, 4.209999999999994600, -2.973464422322784200 ) ) ;
#6818 = CARTESIAN_POINT ( 'NONE',  ( 1.726277093041748100, 4.200000000000000200, -1.810458756334774500 ) ) ;
#6820 = CARTESIAN_POINT ( 'NONE',  ( 0.7511960680446784200, 4.209999999999998200, -2.266645781359088600 ) ) ;
#6819 = CARTESIAN_POINT ( 'NONE',  ( -0.3982115210258983000, 4.199999999999996600, -2.987916647524831300 ) ) ;
#6821 = CARTESIAN_POINT ( 'NONE',  ( 1.981507637401173500, 4.199999999999995700, -2.171318443887884500 ) ) ;
#6822 = CARTESIAN_POINT ( 'NONE',  ( 2.034071007617574100, 4.209999999999998200, -1.500450681788766400 ) ) ;
#6823 = DIRECTION ( 'NONE',  ( 0.0000000000000000000, 0.0000000000000000000, 1.000000000000000000 ) ) ;
#6824 = CARTESIAN_POINT ( 'NONE',  ( 1.064010095175904200, 4.209999999999994600, -2.874167209396813100 ) ) ;
#6825 = CARTESIAN_POINT ( 'NONE',  ( 1.416443635152626800, 4.210000000000000900, -1.757956016043545000 ) ) ;
#6826 = CARTESIAN_POINT ( 'NONE',  ( -2.631219143501299900, 4.209999999999993700, -1.375755327688039700 ) ) ;
#6827 = CARTESIAN_POINT ( 'NONE',  ( -0.1468727407804002700, 4.199999999999999300, -2.462066550044860000 ) ) ;
#6828 = CARTESIAN_POINT ( 'NONE',  ( 1.969713777221000700, 4.199999999999998400, -2.295712419869995200 ) ) ;
#6829 = CARTESIAN_POINT ( 'NONE',  ( 1.201907380711760200, 4.209999999999993700, -2.788428010894557400 ) ) ;
#6830 = CARTESIAN_POINT ( 'NONE',  ( -0.5623015609063303200, 4.209999999999999100, -2.290093725874605500 ) ) ;
#6831 = EDGE_CURVE ( 'NONE', #4477, #3536, #7596, .T. ) ;
#6832 = CARTESIAN_POINT ( 'NONE',  ( 1.706718004239859800, 4.200000000000000200, -1.542322083864804800 ) ) ;
#6833 = CARTESIAN_POINT ( 'NONE',  ( 0.3910792990359905900, 4.199999999999995700, -3.004194789431663200 ) ) ;
#6834 = DIRECTION ( 'NONE',  ( -0.0000000000000000000, -1.000000000000000000, -0.0000000000000000000 ) ) ;
#6836 = CARTESIAN_POINT ( 'NONE',  ( 0.7972292403303536900, 4.199999999999997500, -2.527864254417896600 ) ) ;
#6835 = CARTESIAN_POINT ( 'NONE',  ( 1.207297651319037200, 4.209999999999994600, -2.786312424895355900 ) ) ;
#6837 = ORIENTED_EDGE ( 'NONE', *, *, #5340, .T. ) ;
#6838 = CARTESIAN_POINT ( 'NONE',  ( 1.944625422650890800, 4.199999999999995700, -2.323861730202098700 ) ) ;
#6839 = CARTESIAN_POINT ( 'NONE',  ( 0.3103496854278150500, 4.199999999999994800, -3.091122559785607100 ) ) ;
#6840 = VERTEX_POINT ( 'NONE', #1422 ) ;
#6841 = AXIS2_PLACEMENT_3D ( 'NONE', #5536, #1768, #6160 ) ;
#6842 = CARTESIAN_POINT ( 'NONE',  ( 1.180697017213250300, 4.199999999999994000, -2.883969037635047500 ) ) ;
#6843 = CARTESIAN_POINT ( 'NONE',  ( 1.344119715977943200, 4.200000000000002000, -1.886066005499868800 ) ) ;
#6844 = VERTEX_POINT ( 'NONE', #6433 ) ;
#6845 = CARTESIAN_POINT ( 'NONE',  ( -2.655522286674553400, 4.199999999999995700, -1.536055766124620600 ) ) ;
#6846 = DIRECTION ( 'NONE',  ( 0.0000000000000000000, -0.0000000000000000000, 1.000000000000000000 ) ) ;
#6847 = CARTESIAN_POINT ( 'NONE',  ( 1.755659656604422900, 4.209999999999995500, -2.333947142109048700 ) ) ;
#6848 = DIRECTION ( 'NONE',  ( -0.0000000000000000000, -1.000000000000000000, -0.0000000000000000000 ) ) ;
#6849 = CARTESIAN_POINT ( 'NONE',  ( -0.2022717192432701100, 4.210000000000000000, -2.322820787656378400 ) ) ;
#6850 = EDGE_LOOP ( 'NONE', ( #3810, #2782, #706, #6750 ) ) ;
#6851 = CARTESIAN_POINT ( 'NONE',  ( 0.2578462108074344700, 4.209999999999997300, -2.656834115681600200 ) ) ;
#6852 = ORIENTED_EDGE ( 'NONE', *, *, #7036, .F. ) ;
#6853 = CARTESIAN_POINT ( 'NONE',  ( 0.9494185116784300500, 4.209999999999999100, -2.147496488452659500 ) ) ;
#6854 = LINE ( 'NONE', #4070, #3355 ) ;
#6855 = VERTEX_POINT ( 'NONE', #2065 ) ;
#6856 = CARTESIAN_POINT ( 'NONE',  ( -2.292892148657759600, 4.199999999999994800, -1.204826611100043400 ) ) ;
#6857 = PLANE ( 'NONE',  #1772 ) ;
#6858 = CARTESIAN_POINT ( 'NONE',  ( 0.2036590096192735500, 4.200000000000000200, -2.571321518247776000 ) ) ;
#6860 = CARTESIAN_POINT ( 'NONE',  ( 0.3933127120807379300, 4.199999999999999300, -2.356783568085015500 ) ) ;
#6859 = CARTESIAN_POINT ( 'NONE',  ( 1.142377156333918900, 4.199999999999999300, -2.798405227442574400 ) ) ;
#6861 = ORIENTED_EDGE ( 'NONE', *, *, #1116, .F. ) ;
#6862 = ORIENTED_EDGE ( 'NONE', *, *, #693, .F. ) ;
#6863 = FACE_OUTER_BOUND ( 'NONE', #6662, .T. ) ;
#6864 = EDGE_CURVE ( 'NONE', #1922, #611, #4268, .T. ) ;
#6865 = CARTESIAN_POINT ( 'NONE',  ( 0.2335230577624412000, 4.199999999999998400, -2.679316829487405900 ) ) ;
#6866 = CARTESIAN_POINT ( 'NONE',  ( -2.218437519415432700, 4.209999999999995500, -1.803029701500002300 ) ) ;
#6867 = B_SPLINE_SURFACE_WITH_KNOTS ( 'NONE', 3, 1, ( 
 ( #5476, #4161 ),
 ( #1717, #6104 ),
 ( #2366, #6724 ),
 ( #3000, #7351 ),
 ( #3609, #7985 ),
 ( #4236, #486 ),
 ( #4892, #1117 ),
 ( #5502, #1744 ),
 ( #6134, #2394 ),
 ( #6743, #3029 ),
 ( #7381, #3635 ) ),
 .UNSPECIFIED., .F., .F., .F.,
 ( 4, 1, 1, 1, 1, 1, 1, 1, 4 ),
 ( 2, 2 ),
 ( 0.0000000000000000000, 0.08430334251478616100, 0.1787736854926635400, 0.2836599446201992200, 0.4008730728870026300, 0.5310815389956976600, 0.6736526273526976000, 0.8300560812298969400, 1.000000000000000000 ),
 ( 0.0000000000000000000, 1.000000000000000000 ),
 .UNSPECIFIED. ) ;
#6868 = EDGE_CURVE ( 'NONE', #7063, #3492, #5739, .T. ) ;
#6869 = EDGE_LOOP ( 'NONE', ( #1584, #2363, #7314, #3656 ) ) ;
#6870 = CARTESIAN_POINT ( 'NONE',  ( -0.5863252192061057000, 4.209999999999994600, -2.923403361784502300 ) ) ;
#6871 = ORIENTED_EDGE ( 'NONE', *, *, #3689, .T. ) ;
#6872 = CARTESIAN_POINT ( 'NONE',  ( 2.506238103404140100, 4.199999999999995700, -1.608141320819907300 ) ) ;
#6873 = CARTESIAN_POINT ( 'NONE',  ( 1.822926711129128100, 4.200000000000001100, -1.754154402352990700 ) ) ;
#6874 = CARTESIAN_POINT ( 'NONE',  ( 1.362819382082355100, 4.210000000000000000, -2.050489904568479500 ) ) ;
#6875 = VECTOR ( 'NONE', #3292, 1000.000000000000000 ) ;
#6876 = CARTESIAN_POINT ( 'NONE',  ( -2.591703917168878000, 4.209999999999993700, -1.724314453044524700 ) ) ;
#6877 = CARTESIAN_POINT ( 'NONE',  ( 0.4864639101491886600, 4.199999999999997500, -2.950259952295060600 ) ) ;
#6878 = CALENDAR_DATE ( 2016, 28, 11 ) ;
#6879 = B_SPLINE_CURVE_WITH_KNOTS ( 'NONE', 3,
 ( #2271, #7760, #7898, #4153, #399, #4797, #1030, #5415, #1648, #6039, #2307 ),
 .UNSPECIFIED., .F., .F.,
 ( 4, 1, 1, 1, 1, 1, 1, 1, 4 ),
 ( 0.0000000000000000000, 0.09586905370760416500, 0.1982071900027475600, 0.3080811444956044800, 0.4262725125268255800, 0.5536505723538200900, 0.6918439247637575600, 0.8404832487805107300, 1.000000000000000000 ),
 .UNSPECIFIED. ) ;
#6880 = DIRECTION ( 'NONE',  ( 0.0000000000000000000, -1.000000000000000000, 0.0000000000000000000 ) ) ;
#6881 = CARTESIAN_POINT ( 'NONE',  ( -0.4563432408061183800, 4.199999999999998400, -2.331897801319301700 ) ) ;
#6882 = CARTESIAN_POINT ( 'NONE',  ( -0.2955634737965242600, 4.200000000000001100, -2.250752975573569300 ) ) ;
#6883 = ORIENTED_EDGE ( 'NONE', *, *, #1686, .F. ) ;
#6884 = DIRECTION ( 'NONE',  ( 0.0000000000000000000, 0.0000000000000000000, -1.000000000000000000 ) ) ;
#6885 = CARTESIAN_POINT ( 'NONE',  ( 0.9970925096047336100, 4.209999999999994600, -2.691241470516450500 ) ) ;
#6886 = EDGE_CURVE ( 'NONE', #1215, #547, #941, .T. ) ;
#6887 = FACE_OUTER_BOUND ( 'NONE', #1291, .T. ) ;
#6888 = DIRECTION ( 'NONE',  ( 0.0000000000000000000, 0.0000000000000000000, -1.000000000000000000 ) ) ;
#6889 = CARTESIAN_POINT ( 'NONE',  ( 1.185458161800011300, 4.209999999999996400, -2.318131600110253200 ) ) ;
#6890 = FACE_OUTER_BOUND ( 'NONE', #5332, .T. ) ;
#6891 = CARTESIAN_POINT ( 'NONE',  ( -2.143698184196942700, 4.209999999999999100, -1.181640334731093800 ) ) ;
#6892 = CARTESIAN_POINT ( 'NONE',  ( 0.3413341530851289300, 4.199999999999996600, -3.003541528381503700 ) ) ;
#6893 = CARTESIAN_POINT ( 'NONE',  ( 0.09750509756463939000, 4.209999999999999100, -2.708353473454059700 ) ) ;
#6894 = LINE ( 'NONE', #2568, #1912 ) ;
#6896 = CARTESIAN_POINT ( 'NONE',  ( -1.145789686303881900, 4.200000000000000200, -2.393031312121586900 ) ) ;
#6895 = PLANE ( 'NONE',  #4584 ) ;
#6897 = CARTESIAN_POINT ( 'NONE',  ( 1.849072139871380100, 4.199999999999996600, -2.010842473076878800 ) ) ;
#6898 = LINE ( 'NONE', #2265, #1917 ) ;
#6899 = AXIS2_PLACEMENT_3D ( 'NONE', #2064, #6431, #2699 ) ;
#6900 = CARTESIAN_POINT ( 'NONE',  ( 0.3287682247581223400, 4.209999999999997300, -2.627284384649794200 ) ) ;
#6901 = CARTESIAN_POINT ( 'NONE',  ( -2.365735711819970400, 4.199999999999995700, -1.806798525478311900 ) ) ;
#6902 = VERTEX_POINT ( 'NONE', #3948 ) ;
#6903 = PLANE ( 'NONE',  #263 ) ;
#6904 = CARTESIAN_POINT ( 'NONE',  ( 1.769275736731351400, 4.209999999999997300, -1.989606402136042500 ) ) ;
#6905 = CARTESIAN_POINT ( 'NONE',  ( 1.893215133445159000, 4.199999999999996600, -2.356332490680313800 ) ) ;
#6906 = FACE_BOUND ( 'NONE', #2606, .T. ) ;
#6907 = CARTESIAN_POINT ( 'NONE',  ( 1.725962199835914900, 4.200000000000000200, -2.155301679598681000 ) ) ;
#6908 = CARTESIAN_POINT ( 'NONE',  ( 1.769729126411316400, 4.210000000000000000, -1.442441349587346000 ) ) ;
#6909 = CARTESIAN_POINT ( 'NONE',  ( -0.3586526035282788800, 4.200000000000001100, -2.233981759504906100 ) ) ;
#6910 = DIRECTION ( 'NONE',  ( -0.5964097545692538200, 0.0000000000000000000, 0.8026801384453476900 ) ) ;
#6911 = AXIS2_PLACEMENT_3D ( 'NONE', #6535, #7154, #3420 ) ;
#6912 = CARTESIAN_POINT ( 'NONE',  ( 0.6128217153236065200, 4.199999999999998400, -2.609548280020703700 ) ) ;
#6913 = ORIENTED_EDGE ( 'NONE', *, *, #3595, .T. ) ;
#6914 = CARTESIAN_POINT ( 'NONE',  ( 1.436359753967463700, 4.200000000000000200, -1.740016643991944400 ) ) ;
#6915 = CARTESIAN_POINT ( 'NONE',  ( 0.7563041846757374600, 4.199999999999998400, -2.384989800682172100 ) ) ;
#6916 = CARTESIAN_POINT ( 'NONE',  ( 1.497173117415370200, 4.199999999999999300, -1.800533468862443500 ) ) ;
#6917 = DIRECTION ( 'NONE',  ( -0.0000000000000000000, 1.000000000000000000, -0.0000000000000000000 ) ) ;
#6918 = B_SPLINE_SURFACE_WITH_KNOTS ( 'NONE', 3, 1, ( 
 ( #3867, #7006 ),
 ( #5783, #2037 ),
 ( #6402, #2666 ),
 ( #7031, #3300 ),
 ( #7665, #3915 ),
 ( #169, #4553 ),
 ( #795, #5190 ) ),
 .UNSPECIFIED., .F., .F., .F.,
 ( 4, 1, 1, 1, 4 ),
 ( 2, 2 ),
 ( 0.0000000000000000000, 0.2107201837555495700, 0.4472338814846622500, 0.7106940756460489200, 1.000000000000000000 ),
 ( 0.0000000000000000000, 1.000000000000000000 ),
 .UNSPECIFIED. ) ;
#6919 = CARTESIAN_POINT ( 'NONE',  ( 2.385206361932793700, 4.199999999999996600, -1.575281954645913600 ) ) ;
#6920 = EDGE_CURVE ( 'NONE', #2906, #196, #7197, .T. ) ;
#6921 = CARTESIAN_POINT ( 'NONE',  ( 0.2381896675325275700, 4.209999999999994600, -2.938774208318554800 ) ) ;
#6922 = CARTESIAN_POINT ( 'NONE',  ( 0.08910157167960332200, 4.199999999999996600, -2.846865742869600700 ) ) ;
#6924 = CARTESIAN_POINT ( 'NONE',  ( 1.289936100827265000, 4.209999999999995500, -2.597328148062117300 ) ) ;
#6923 = DIRECTION ( 'NONE',  ( 0.0000000000000000000, -1.000000000000000000, 0.0000000000000000000 ) ) ;
#6925 = EDGE_CURVE ( 'NONE', #750, #7960, #5162, .T. ) ;
#6926 = AXIS2_PLACEMENT_3D ( 'NONE', #5947, #2210, #6561 ) ;
#6927 = CARTESIAN_POINT ( 'NONE',  ( 0.5602068275814121600, 4.209999999999996400, -2.422677421420460900 ) ) ;
#6928 = CARTESIAN_POINT ( 'NONE',  ( -5.000000000000013300, 0.2999999999999999900, -1.249999999999947600 ) ) ;
#6929 = CARTESIAN_POINT ( 'NONE',  ( -2.495222136314718200, 4.209999999999994600, -1.697905130528073700 ) ) ;
#6930 = B_SPLINE_CURVE_WITH_KNOTS ( 'NONE', 3,
 ( #684, #4441, #64, #1312, #5701, #1947, #6324, #2587, #6944, #3220, #7588 ),
 .UNSPECIFIED., .F., .F.,
 ( 4, 1, 1, 1, 1, 1, 1, 1, 4 ),
 ( 0.0000000000000000000, 0.1358395671154532200, 0.2712207147222754900, 0.4075051560328681900, 0.5458979967042719700, 0.6791184859411039100, 0.7981951993579961000, 0.9049495800865128300, 1.000000000000000000 ),
 .UNSPECIFIED. ) ;
#6931 = CARTESIAN_POINT ( 'NONE',  ( -0.2604746350388773000, 4.209999999999997300, -2.686669724441917800 ) ) ;
#6932 = DIRECTION ( 'NONE',  ( 1.000000000000000000, 0.0000000000000000000, 0.0000000000000000000 ) ) ;
#6933 = CARTESIAN_POINT ( 'NONE',  ( 1.727190893775862400, 4.200000000000001100, -2.311849191220454600 ) ) ;
#6934 = CARTESIAN_POINT ( 'NONE',  ( 1.341156346457069300, 4.199999999999996600, -2.792521126694457400 ) ) ;
#6935 = EDGE_CURVE ( 'NONE', #2530, #3645, #7790, .T. ) ;
#6936 = CARTESIAN_POINT ( 'NONE',  ( 1.260250580688668600, 4.199999999999995700, -2.489850495725279600 ) ) ;
#6937 = CARTESIAN_POINT ( 'NONE',  ( -0.4950337568247608100, 4.200000000000002800, -2.246209999632277700 ) ) ;
#6938 = CARTESIAN_POINT ( 'NONE',  ( 0.4607631816064062200, 4.200000000000000200, -2.292504588672048100 ) ) ;
#6939 = EDGE_CURVE ( 'NONE', #9, #1244, #4194, .T. ) ;
#6940 = CARTESIAN_POINT ( 'NONE',  ( 1.353122448669503900, 4.199999999999999300, -2.028023683400922200 ) ) ;
#6941 = CARTESIAN_POINT ( 'NONE',  ( -0.4319868029730490300, 4.199999999999998400, -3.090282095136664100 ) ) ;
#6942 = CARTESIAN_POINT ( 'NONE',  ( 1.668840675806820400, 4.200000000000000200, -1.773160012865372200 ) ) ;
#6943 = CARTESIAN_POINT ( 'NONE',  ( -2.572490531222783300, 4.199999999999997500, -1.275704819139787100 ) ) ;
#6944 = CARTESIAN_POINT ( 'NONE',  ( -1.864687335240271500, 4.209999999999999100, -1.552244700004747900 ) ) ;
#6945 = VERTEX_POINT ( 'NONE', #3411 ) ;
#6946 = B_SPLINE_CURVE_WITH_KNOTS ( 'NONE', 3,
 ( #6873, #7574, #5090, #1329, #5720, #1959, #6337, #2605, #6962, #3230, #7602, #3852, #97, #4485, #726, #5117, #1350, #5746, #1995 ),
 .UNSPECIFIED., .F., .F.,
 ( 4, 1, 1, 1, 1, 1, 1, 1, 1, 1, 1, 1, 1, 1, 1, 1, 4 ),
 ( 0.0000000000000000000, 0.06261473031370688700, 0.1234066654956809400, 0.1828605320948041000, 0.2418352788410302000, 0.3004676726804845200, 0.3603799654363207300, 0.4214983436961742300, 0.4844312975944883900, 0.5477680666004093300, 0.6105377764351633800, 0.6724785394574249700, 0.7352631072006649000, 0.7984708868714096600, 0.8634970943317722400, 0.9304178023984567300, 1.000000000000000000 ),
 .UNSPECIFIED. ) ;
#6947 = EDGE_CURVE ( 'NONE', #4928, #2672, #927, .T. ) ;
#6948 = CARTESIAN_POINT ( 'NONE',  ( 0.1948756548163540500, 4.199999999999997500, -2.835815962751543100 ) ) ;
#6949 = DIRECTION ( 'NONE',  ( 0.0000000000000000000, 0.0000000000000000000, -1.000000000000000000 ) ) ;
#6950 = ORIENTED_EDGE ( 'NONE', *, *, #6526, .T. ) ;
#6952 = CARTESIAN_POINT ( 'NONE',  ( 1.271361668789378700, 4.199999999999994000, -2.729477526478977500 ) ) ;
#6951 = CARTESIAN_POINT ( 'NONE',  ( 0.3344991161668204900, 4.200000000000000200, -2.626347018976710000 ) ) ;
#6953 = CARTESIAN_POINT ( 'NONE',  ( 0.3449436911865271200, 4.210000000000000900, -2.242929659575104000 ) ) ;
#6954 = ORIENTED_EDGE ( 'NONE', *, *, #5677, .F. ) ;
#6955 = CARTESIAN_POINT ( 'NONE',  ( 0.2716425764013020200, 4.200000000000001100, -2.326757410454952900 ) ) ;
#6956 = DIRECTION ( 'NONE',  ( 0.0000000000000000000, -1.000000000000000000, 0.0000000000000000000 ) ) ;
#6957 = B_SPLINE_SURFACE_WITH_KNOTS ( 'NONE', 3, 1, ( 
 ( #6931, #3206 ),
 ( #4457, #697 ),
 ( #5088, #1327 ),
 ( #5717, #1957 ),
 ( #6336, #2603 ),
 ( #6959, #3228 ),
 ( #7600, #3850 ),
 ( #96, #4484 ),
 ( #725, #5115 ),
 ( #1349, #5745 ),
 ( #1993, #6357 ),
 ( #2632, #6990 ),
 ( #3252, #7624 ),
 ( #3881, #123 ),
 ( #4507, #757 ),
 ( #5146, #1372 ),
 ( #5771, #2023 ),
 ( #6386, #2651 ),
 ( #7018, #3284 ) ),
 .UNSPECIFIED., .F., .F., .F.,
 ( 4, 1, 1, 1, 1, 1, 1, 1, 1, 1, 1, 1, 1, 1, 1, 1, 4 ),
 ( 2, 2 ),
 ( 0.0000000000000000000, 0.1163844169727271000, 0.2223030357200271300, 0.3187015967560423200, 0.4050102787680989700, 0.4823014382115977100, 0.5505487937101617400, 0.6100731057114372500, 0.6623381064770179600, 0.7098213308536530700, 0.7545097319062732400, 0.7974456606741057200, 0.8383730222789930200, 0.8784551137408073100, 0.9182960576080450000, 0.9586100816119879100, 0.9999999999999998900 ),
 ( 0.0000000000000000000, 1.000000000000000000 ),
 .UNSPECIFIED. ) ;
#6958 = EDGE_LOOP ( 'NONE', ( #4145, #3299, #5303, #5901 ) ) ;
#6959 = CARTESIAN_POINT ( 'NONE',  ( -0.2991042509657865800, 4.209999999999995500, -2.855086602468126100 ) ) ;
#6960 = CARTESIAN_POINT ( 'NONE',  ( -0.1550901739091391200, 4.209999999999997300, -2.703615097949041400 ) ) ;
#6961 = VECTOR ( 'NONE', #771, 1000.000000000000000 ) ;
#6962 = CARTESIAN_POINT ( 'NONE',  ( 1.667028782908281500, 4.200000000000000200, -1.667261830691615800 ) ) ;
#6963 = ORIENTED_EDGE ( 'NONE', *, *, #5447, .T. ) ;
#6964 = CARTESIAN_POINT ( 'NONE',  ( 1.354715970694489600, 4.199999999999997500, -2.440307352251380700 ) ) ;
#6965 = CARTESIAN_POINT ( 'NONE',  ( 1.223254946707049900, 4.199999999999994800, -2.778804703082507400 ) ) ;
#6966 = ORIENTED_EDGE ( 'NONE', *, *, #7688, .T. ) ;
#6967 = CARTESIAN_POINT ( 'NONE',  ( 0.08910157167960332200, 4.209999999999996400, -2.846865742869600700 ) ) ;
#6968 = CARTESIAN_POINT ( 'NONE',  ( 2.126537274160847300, 4.200000000000000200, -0.8777655746379442500 ) ) ;
#6969 = CARTESIAN_POINT ( 'NONE',  ( -2.499435228408376700, 4.199999999999997500, -1.363592244753603700 ) ) ;
#6970 = ORIENTED_EDGE ( 'NONE', *, *, #5688, .F. ) ;
#6971 = CARTESIAN_POINT ( 'NONE',  ( 1.822926711129128100, 4.199999999999998400, -1.754154402352990700 ) ) ;
#6972 = FACE_OUTER_BOUND ( 'NONE', #2333, .T. ) ;
#6973 = CARTESIAN_POINT ( 'NONE',  ( -0.2568375147821643200, 4.209999999999992900, -2.988928688100343400 ) ) ;
#6974 = CARTESIAN_POINT ( 'NONE',  ( 1.994693006324582000, 4.209999999999993700, -2.392777882021430300 ) ) ;
#6975 = CARTESIAN_POINT ( 'NONE',  ( 0.5106413617645558800, 4.209999999999997300, -2.620851900221099900 ) ) ;
#6976 = ORIENTED_EDGE ( 'NONE', *, *, #6886, .T. ) ;
#6977 = CARTESIAN_POINT ( 'NONE',  ( -2.639325295441662600, 4.199999999999995700, -1.617497866857141100 ) ) ;
#6978 = ORIENTED_EDGE ( 'NONE', *, *, #3288, .T. ) ;
#6979 = ORIENTED_EDGE ( 'NONE', *, *, #4867, .F. ) ;
#6980 = VECTOR ( 'NONE', #136, 1000.000000000000000 ) ;
#6981 = CARTESIAN_POINT ( 'NONE',  ( -2.248703621736432000, 4.209999999999999100, -1.190028287887013900 ) ) ;
#6982 = CARTESIAN_POINT ( 'NONE',  ( 0.4922539572794318300, 4.199999999999997500, -2.697910858414956700 ) ) ;
#6983 = CARTESIAN_POINT ( 'NONE',  ( -0.6391631161590233300, 4.209999999999995500, -3.013066007302076500 ) ) ;
#6984 = ORIENTED_EDGE ( 'NONE', *, *, #4913, .T. ) ;
#6985 = CARTESIAN_POINT ( 'NONE',  ( 1.762540344202734300, 4.209999999999997300, -2.123652227643540800 ) ) ;
#6986 = EDGE_CURVE ( 'NONE', #2194, #7446, #735, .T. ) ;
#6987 = FACE_BOUND ( 'NONE', #5265, .T. ) ;
#6988 = ADVANCED_FACE ( 'NONE', ( #5351 ), #1919, .T. ) ;
#6989 = VECTOR ( 'NONE', #722, 1000.000000000000200 ) ;
#6990 = CARTESIAN_POINT ( 'NONE',  ( -0.3823902468557914800, 4.199999999999998400, -2.978359964250340700 ) ) ;
#6991 = ORIENTED_EDGE ( 'NONE', *, *, #4182, .F. ) ;
#6992 = CARTESIAN_POINT ( 'NONE',  ( 0.4487772525223436800, 4.209999999999993700, -3.076159902982038100 ) ) ;
#6993 = VECTOR ( 'NONE', #1384, 1000.000000000000000 ) ;
#6994 = CARTESIAN_POINT ( 'NONE',  ( 1.849072139871380100, 4.199999999999996600, -2.010842473076878800 ) ) ;
#6995 = CARTESIAN_POINT ( 'NONE',  ( 0.1376250274281700400, 4.209999999999996400, -2.981665881246106300 ) ) ;
#6996 = CARTESIAN_POINT ( 'NONE',  ( 1.769729126411316400, 4.210000000000000000, -1.442441349587346000 ) ) ;
#6997 = CARTESIAN_POINT ( 'NONE',  ( 1.684118792276156700, 4.210000000000000000, -1.780276388945523800 ) ) ;
#6998 = CARTESIAN_POINT ( 'NONE',  ( 1.741348945348566400, 4.209999999999998200, -1.690043455319333100 ) ) ;
#6999 = VECTOR ( 'NONE', #4761, 1000.000000000000000 ) ;
#7000 = CARTESIAN_POINT ( 'NONE',  ( -0.1838623141889358400, 4.200000000000002000, -2.837120493274754000 ) ) ;
#7001 = CARTESIAN_POINT ( 'NONE',  ( 2.087905385434271300, 4.209999999999994600, -2.228095968196561300 ) ) ;
#7002 = CARTESIAN_POINT ( 'NONE',  ( -1.250000000000030000, 0.2999999999999999900, -4.322904116447635800 ) ) ;
#7003 = EDGE_CURVE ( 'NONE', #2959, #3069, #3676, .T. ) ;
#7004 = DIRECTION ( 'NONE',  ( -0.0000000000000000000, -1.000000000000000000, -0.0000000000000000000 ) ) ;
#7005 = ORIENTED_EDGE ( 'NONE', *, *, #7627, .T. ) ;
#7006 = CARTESIAN_POINT ( 'NONE',  ( 1.720592637596486800, 4.199999999999998400, -2.055295278884060400 ) ) ;
#7007 = ORIENTED_EDGE ( 'NONE', *, *, #3120, .T. ) ;
#7008 = FACE_OUTER_BOUND ( 'NONE', #7965, .T. ) ;
#7009 = CARTESIAN_POINT ( 'NONE',  ( -1.954799930790829900, 4.209999999999998200, -1.291355461288993700 ) ) ;
#7011 = CARTESIAN_POINT ( 'NONE',  ( 0.9105279611261807300, 4.209999999999996400, -2.747571537923311400 ) ) ;
#7010 = DIRECTION ( 'NONE',  ( 0.0000000000000000000, -1.000000000000000000, 0.0000000000000000000 ) ) ;
#7012 = ORIENTED_EDGE ( 'NONE', *, *, #2191, .F. ) ;
#7013 = CARTESIAN_POINT ( 'NONE',  ( 1.894748698573800900, 4.199999999999998400, -2.094143742300592400 ) ) ;
#7014 = VECTOR ( 'NONE', #7380, 1000.000000000000000 ) ;
#7015 = CARTESIAN_POINT ( 'NONE',  ( 1.341156346457069300, 4.209999999999995500, -2.792521126694457400 ) ) ;
#7016 = CARTESIAN_POINT ( 'NONE',  ( 0.2112898671753979700, 4.200000000000000200, -2.252771243517949400 ) ) ;
#7017 = B_SPLINE_SURFACE_WITH_KNOTS ( 'NONE', 3, 1, ( 
 ( #4875, #7399 ),
 ( #8019, #4287 ),
 ( #534, #4926 ),
 ( #1159, #5551 ),
 ( #1786, #6170 ),
 ( #2436, #6792 ),
 ( #3062, #7427 ),
 ( #3680, #8052 ),
 ( #4306, #560 ),
 ( #4957, #1182 ),
 ( #5576, #1813 ),
 ( #6191, #2458 ),
 ( #6817, #3089 ),
 ( #7448, #3707 ),
 ( #8073, #4332 ),
 ( #576, #4982 ),
 ( #1210, #5596 ),
 ( #1837, #6220 ),
 ( #2485, #6833 ) ),
 .UNSPECIFIED., .F., .F., .F.,
 ( 4, 1, 1, 1, 1, 1, 1, 1, 1, 1, 1, 1, 1, 1, 1, 1, 4 ),
 ( 2, 2 ),
 ( 0.0000000000000000000, 0.07707587082981219600, 0.1502465962790913700, 0.2199681699101984100, 0.2873276054858899800, 0.3523377901982364700, 0.4158297959538287400, 0.4786336549308901100, 0.5407240274088192000, 0.6022924732743288900, 0.6609104370797868100, 0.7177981258970627100, 0.7743625865935439600, 0.8295986343095004300, 0.8853534037885928400, 0.9417523048602370900, 1.000000000000000000 ),
 ( 0.0000000000000000000, 1.000000000000000000 ),
 .UNSPECIFIED. ) ;
#7018 = CARTESIAN_POINT ( 'NONE',  ( -0.4832444660801925600, 4.209999999999994600, -3.001256295087193900 ) ) ;
#7019 = CARTESIAN_POINT ( 'NONE',  ( -0.2967557258478594800, 4.199999999999999300, -2.357580405363251900 ) ) ;
#7020 = CARTESIAN_POINT ( 'NONE',  ( 0.5476052184370524500, 4.199999999999994800, -3.012019939502364800 ) ) ;
#7021 = VERTEX_POINT ( 'NONE', #6077 ) ;
#7022 = DIRECTION ( 'NONE',  ( 0.0000000000000000000, -0.0000000000000000000, -1.000000000000000000 ) ) ;
#7023 = CARTESIAN_POINT ( 'NONE',  ( 0.2606148768631720800, 4.199999999999994000, -3.078434786151583500 ) ) ;
#7024 = CARTESIAN_POINT ( 'NONE',  ( 0.3403242046181493300, 4.209999999999998200, -2.625680228136746800 ) ) ;
#7025 = CARTESIAN_POINT ( 'NONE',  ( 1.706718004239859800, 4.210000000000000000, -1.542322083864804800 ) ) ;
#7026 = CARTESIAN_POINT ( 'NONE',  ( 1.585888712861489400, 4.200000000000000200, -1.667461823711337000 ) ) ;
#7027 = DIRECTION ( 'NONE',  ( -0.0000000000000000000, 1.000000000000000000, -0.0000000000000000000 ) ) ;
#7028 = CARTESIAN_POINT ( 'NONE',  ( -0.4832444660801925600, 4.209999999999998200, -3.001256295087193900 ) ) ;
#7029 = CARTESIAN_POINT ( 'NONE',  ( -2.218115509163852000, 4.209999999999997300, -1.513695803261769300 ) ) ;
#7030 = CARTESIAN_POINT ( 'NONE',  ( 1.769275736731351400, 4.199999999999998400, -1.989606402136042500 ) ) ;
#7031 = CARTESIAN_POINT ( 'NONE',  ( 1.693416431372076500, 4.209999999999997300, -2.075187785887667100 ) ) ;
#7032 = EDGE_CURVE ( 'NONE', #2882, #519, #348, .T. ) ;
#7033 = CARTESIAN_POINT ( 'NONE',  ( -2.318400100455148700, 4.209999999999995500, -1.817302708965357900 ) ) ;
#7035 = CARTESIAN_POINT ( 'NONE',  ( 1.140690715418764200, 4.209999999999992000, -2.887831468756306500 ) ) ;
#7034 = CARTESIAN_POINT ( 'NONE',  ( -1.875607549702736700, 4.200000000000001100, -1.457888971400267900 ) ) ;
#7036 = EDGE_CURVE ( 'NONE', #7960, #1490, #664, .T. ) ;
#7037 = CARTESIAN_POINT ( 'NONE',  ( -4.322904116447659800, 0.2999999999999999900, -1.249999999999950700 ) ) ;
#7038 = CARTESIAN_POINT ( 'NONE',  ( -2.014316520873357300, 4.199999999999997500, -1.235568365047247300 ) ) ;
#7039 = CC_DESIGN_PERSON_AND_ORGANIZATION_ASSIGNMENT ( #1897, #884, ( #5792 ) ) ;
#7040 = B_SPLINE_CURVE_WITH_KNOTS ( 'NONE', 3,
 ( #2369, #1065, #6107, #6726, #3004, #7354, #3611, #7988, #4242, #488, #4895, #1123, #5504, #1746, #6138, #2398, #6745, #3034, #7385 ),
 .UNSPECIFIED., .F., .F.,
 ( 4, 1, 1, 1, 1, 1, 1, 1, 1, 1, 1, 1, 1, 1, 1, 1, 4 ),
 ( 0.0000000000000000000, 0.08471606897849109900, 0.1643892628761195700, 0.2396443151045830600, 0.3101111236317714600, 0.3767986680708709200, 0.4396554958561517100, 0.4989973792074509600, 0.5565512054175406600, 0.6117295952436384600, 0.6663849553525510400, 0.7204918181317638800, 0.7741887745315820800, 0.8285034984206247600, 0.8840967691998639100, 0.9411028553615228300, 1.000000000000000000 ),
 .UNSPECIFIED. ) ;
#7041 = CARTESIAN_POINT ( 'NONE',  ( 1.354715970694489600, 4.209999999999996400, -2.440307352251380700 ) ) ;
#7042 = CARTESIAN_POINT ( 'NONE',  ( 0.05313334704515868700, 4.200000000000000200, -2.458832802031341900 ) ) ;
#7043 = PLANE ( 'NONE',  #7069 ) ;
#7044 = CARTESIAN_POINT ( 'NONE',  ( 0.6175494164659602900, 4.209999999999995500, -2.886222551718240900 ) ) ;
#7045 = ORIENTED_EDGE ( 'NONE', *, *, #2721, .F. ) ;
#7046 = EDGE_CURVE ( 'NONE', #5139, #2022, #2019, .T. ) ;
#7047 = CARTESIAN_POINT ( 'NONE',  ( 0.5041805444622952100, 4.199999999999996600, -2.613688723761304900 ) ) ;
#7048 = CARTESIAN_POINT ( 'NONE',  ( 1.667644344692589500, 4.209999999999995500, -2.398627619164569700 ) ) ;
#7049 = CARTESIAN_POINT ( 'NONE',  ( 0.4707362876387090100, 4.209999999999997300, -2.670731353428293700 ) ) ;
#7050 = PLANE ( 'NONE',  #6080 ) ;
#7051 = CARTESIAN_POINT ( 'NONE',  ( 1.436359753967463700, 4.210000000000000000, -1.740016643991944400 ) ) ;
#7052 = ORIENTED_EDGE ( 'NONE', *, *, #2125, .F. ) ;
#7053 = CARTESIAN_POINT ( 'NONE',  ( 0.8682607867934143400, 4.199999999999997500, -2.411016750113876000 ) ) ;
#7054 = CARTESIAN_POINT ( 'NONE',  ( -0.1495467810483356000, 4.209999999999996400, -2.668325833298143200 ) ) ;
#7055 = DIRECTION ( 'NONE',  ( 0.0000000000000000000, -0.0000000000000000000, -1.000000000000000000 ) ) ;
#7056 = VERTEX_POINT ( 'NONE', #6142 ) ;
#7057 = DIRECTION ( 'NONE',  ( 0.6028149086084080300, -6.977501613675405500E-015, -0.7978810600330331600 ) ) ;
#7058 = CARTESIAN_POINT ( 'NONE',  ( -1.998271441623060000, 4.209999999999997300, -1.665437208856262600 ) ) ;
#7059 = EDGE_LOOP ( 'NONE', ( #2236, #5498, #3173, #4623, #6289, #6696, #214, #314 ) ) ;
#7060 = CARTESIAN_POINT ( 'NONE',  ( -0.3551619431426740700, 4.210000000000000000, -2.321588537975554500 ) ) ;
#7061 = CARTESIAN_POINT ( 'NONE',  ( 1.816886535476440100, 4.209999999999997300, -1.747451718264512400 ) ) ;
#7062 = CARTESIAN_POINT ( 'NONE',  ( 0.5187973447683024200, 4.209999999999995500, -2.888419828715338900 ) ) ;
#7063 = VERTEX_POINT ( 'NONE', #6748 ) ;
#7064 = CARTESIAN_POINT ( 'NONE',  ( 1.472430337812036500, 4.200000000000000200, -2.030538696993905700 ) ) ;
#7065 = VECTOR ( 'NONE', #3906, 1000.000000000000000 ) ;
#7066 = ORIENTED_EDGE ( 'NONE', *, *, #5102, .T. ) ;
#7067 = CARTESIAN_POINT ( 'NONE',  ( 5.510910596163089600E-016, 0.0000000000000000000, -1.700000000000000200 ) ) ;
#7068 = ORIENTED_EDGE ( 'NONE', *, *, #2967, .F. ) ;
#7069 = AXIS2_PLACEMENT_3D ( 'NONE', #806, #1434, #5829 ) ;
#7070 = CARTESIAN_POINT ( 'NONE',  ( 0.4510943451695783000, 4.209999999999999100, -2.425730231394227500 ) ) ;
#7071 = VERTEX_POINT ( 'NONE', #7962 ) ;
#7072 = CARTESIAN_POINT ( 'NONE',  ( 1.725962199835914900, 4.209999999999996400, -2.155301679598681000 ) ) ;
#7073 = CARTESIAN_POINT ( 'NONE',  ( 0.6269814576095470400, 4.199999999999996600, -2.719207976368075200 ) ) ;
#7074 = VECTOR ( 'NONE', #5294, 1000.000000000000000 ) ;
#7075 = CARTESIAN_POINT ( 'NONE',  ( 0.3270051792312703200, 4.209999999999999100, -2.536314697719578100 ) ) ;
#7076 = CARTESIAN_POINT ( 'NONE',  ( 1.809172183513438400, 4.209999999999993700, -2.458095780709626400 ) ) ;
#7077 = CARTESIAN_POINT ( 'NONE',  ( -2.020888361460619500, 4.209999999999997300, -1.811750061495379900 ) ) ;
#7078 = CARTESIAN_POINT ( 'NONE',  ( 1.465704079335196300, 4.209999999999998200, -2.018214064292528600 ) ) ;
#7079 = DIRECTION ( 'NONE',  ( 0.0000000000000000000, 0.0000000000000000000, -1.000000000000000000 ) ) ;
#7080 = CARTESIAN_POINT ( 'NONE',  ( 0.5231969994938883200, 4.209999999999996400, -2.790259080370737400 ) ) ;
#7081 = ORIENTED_EDGE ( 'NONE', *, *, #4364, .F. ) ;
#7082 = CARTESIAN_POINT ( 'NONE',  ( 0.8619340666461097200, 4.210000000000000000, -2.227024588883350200 ) ) ;
#7083 = CARTESIAN_POINT ( 'NONE',  ( -0.1908007102289488700, 4.209999999999999100, -2.339245391035412500 ) ) ;
#7084 = FACE_OUTER_BOUND ( 'NONE', #4056, .T. ) ;
#7085 = CARTESIAN_POINT ( 'NONE',  ( -0.5432752654758672400, 4.209999999999997300, -2.433930682993194600 ) ) ;
#7086 = CARTESIAN_POINT ( 'NONE',  ( -2.553682783544202200, 4.209999999999993700, -1.546078235436368000 ) ) ;
#7087 = DATE_AND_TIME ( #623, #2311 ) ;
#7088 = ORIENTED_EDGE ( 'NONE', *, *, #5284, .T. ) ;
#7089 = AXIS2_PLACEMENT_3D ( 'NONE', #3900, #145, #4525 ) ;
#7090 = CARTESIAN_POINT ( 'NONE',  ( 1.876721014467113100, 4.209999999999996400, -1.934051101654680600 ) ) ;
#7091 = CARTESIAN_POINT ( 'NONE',  ( -0.2482238024695674100, 4.209999999999996400, -2.593628961493194700 ) ) ;
#7092 = VECTOR ( 'NONE', #8088, 1000.000000000000100 ) ;
#7094 = CARTESIAN_POINT ( 'NONE',  ( 1.533510000264749900, 4.210000000000000000, -1.680817832581209100 ) ) ;
#7093 = DIRECTION ( 'NONE',  ( 0.0000000000000000000, 1.000000000000000000, 0.0000000000000000000 ) ) ;
#7095 = CARTESIAN_POINT ( 'NONE',  ( -0.2568375147821643200, 4.209999999999992900, -2.988928688100343400 ) ) ;
#7096 = CARTESIAN_POINT ( 'NONE',  ( 1.437833932273383700, 4.209999999999998200, -1.916381091490706700 ) ) ;
#7097 = LINE ( 'NONE', #3454, #3969 ) ;
#7098 = CARTESIAN_POINT ( 'NONE',  ( -2.534405372932892600, 4.209999999999998200, -1.230971928689889900 ) ) ;
#7099 = FACE_OUTER_BOUND ( 'NONE', #6666, .T. ) ;
#7100 = EDGE_CURVE ( 'NONE', #2906, #7063, #5156, .T. ) ;
#7101 = FACE_OUTER_BOUND ( 'NONE', #6076, .T. ) ;
#7102 = CARTESIAN_POINT ( 'NONE',  ( 0.8993953931495561900, 4.200000000000001100, -2.075994053156168000 ) ) ;
#7103 = CARTESIAN_POINT ( 'NONE',  ( 0.5086863173697235800, 4.199999999999997500, -2.603188601551983600 ) ) ;
#7104 = DIRECTION ( 'NONE',  ( 0.5876927385867692900, 7.034407914149032300E-015, 0.8090842014354149300 ) ) ;
#7105 = CARTESIAN_POINT ( 'NONE',  ( -0.7047306167565399200, 4.209999999999995500, -2.651704427378002400 ) ) ;
#7106 = CARTESIAN_POINT ( 'NONE',  ( 1.471644400962994800, 4.210000000000000000, -1.825210650753806000 ) ) ;
#7107 = ORIENTED_EDGE ( 'NONE', *, *, #3605, .T. ) ;
#7108 = CARTESIAN_POINT ( 'NONE',  ( 5.510910596163089600E-016, 0.2999999999999999900, -2.000000000000000000 ) ) ;
#7109 = ORIENTED_EDGE ( 'NONE', *, *, #2554, .T. ) ;
#7110 = CARTESIAN_POINT ( 'NONE',  ( 0.9280635949550879400, 4.199999999999997500, -2.156489875525150300 ) ) ;
#7111 = LINE ( 'NONE', #6672, #5459 ) ;
#7112 = EDGE_CURVE ( 'NONE', #7308, #7071, #1809, .T. ) ;
#7113 = B_SPLINE_SURFACE_WITH_KNOTS ( 'NONE', 3, 1, ( 
 ( #6419, #1455 ),
 ( #2143, #6506 ),
 ( #2771, #7129 ),
 ( #3394, #7763 ),
 ( #4013, #271 ),
 ( #4662, #892 ),
 ( #5288, #1521 ),
 ( #5909, #2166 ),
 ( #6533, #2803 ),
 ( #7152, #3418 ),
 ( #7792, #4045 ),
 ( #292, #4694 ),
 ( #929, #5310 ),
 ( #1548, #5938 ),
 ( #2199, #6554 ),
 ( #2835, #7182 ),
 ( #3444, #7816 ),
 ( #4075, #321 ),
 ( #4715, #957 ),
 ( #5342, #1570 ),
 ( #5965, #2227 ),
 ( #6585, #2854 ),
 ( #7214, #3476 ),
 ( #7837, #4101 ),
 ( #350, #4745 ),
 ( #976, #5371 ),
 ( #1606, #5985 ) ),
 .UNSPECIFIED., .F., .F., .F.,
 ( 4, 1, 1, 1, 1, 1, 1, 1, 1, 1, 1, 1, 1, 1, 1, 1, 1, 1, 1, 1, 1, 1, 1, 1, 4 ),
 ( 2, 2 ),
 ( 0.0000000000000000000, 0.06302348939383896300, 0.1230288543315139300, 0.1801870990929201100, 0.2341414186341859400, 0.2851273085867541700, 0.3333367095735016400, 0.3789605592056084500, 0.4218543473377284700, 0.4626889113222154600, 0.5021084857634916500, 0.5401787588385907900, 0.5769078981949198300, 0.6129027019602298900, 0.6479137983459096800, 0.6821587878498650600, 0.7162759002479964800, 0.7500936054178314300, 0.7837471086364916600, 0.8175340867263063400, 0.8520371715654695400, 0.8872553193264379700, 0.9234611115590802800, 0.9608812880573252000, 1.000000000000000000 ),
 ( 0.0000000000000000000, 1.000000000000000000 ),
 .UNSPECIFIED. ) ;
#7114 = B_SPLINE_CURVE_WITH_KNOTS ( 'NONE', 3,
 ( #2473, #2550, #7606, #3859, #102, #4491, #733, #5124, #1355, #5753, #2001, #6364, #2637, #6997, #3259, #7630, #3889, #131, #4514 ),
 .UNSPECIFIED., .F., .F.,
 ( 4, 1, 1, 1, 1, 1, 1, 1, 1, 1, 1, 1, 1, 1, 1, 1, 4 ),
 ( 0.0000000000000000000, 0.06497542322893538900, 0.1276511889293115700, 0.1894793835663158600, 0.2501516919801498000, 0.3105546049495692700, 0.3713122360612085600, 0.4332117631929879900, 0.4971693249820829900, 0.5610818726458688400, 0.6230774137124703800, 0.6844008290761213200, 0.7450984307931563000, 0.8068117001492367500, 0.8694262111773362100, 0.9335934213547151300, 1.000000000000000000 ),
 .UNSPECIFIED. ) ;
#7115 = ADVANCED_FACE ( 'NONE', ( #4969 ), #1944, .T. ) ;
#7116 = CARTESIAN_POINT ( 'NONE',  ( -2.520908810025362700, 4.199999999999997500, -1.395900633547488600 ) ) ;
#7117 = VERTEX_POINT ( 'NONE', #1776 ) ;
#7118 = PLANE ( 'NONE',  #7744 ) ;
#7119 = CARTESIAN_POINT ( 'NONE',  ( -0.6091518637681959700, 4.199999999999996600, -2.807203591507237700 ) ) ;
#7120 = CARTESIAN_POINT ( 'NONE',  ( 0.2790125612965559900, 4.199999999999996600, -2.976749349826985500 ) ) ;
#7121 = CARTESIAN_POINT ( 'NONE',  ( -0.1457050968406316800, 4.199999999999999300, -2.634003111724383000 ) ) ;
#7122 = DIRECTION ( 'NONE',  ( 0.0000000000000000000, 0.0000000000000000000, 1.000000000000000000 ) ) ;
#7123 = CARTESIAN_POINT ( 'NONE',  ( 1.463195248208586400, 4.199999999999999300, -1.836695967445476800 ) ) ;
#7124 = AXIS2_PLACEMENT_3D ( 'NONE', #7220, #2862, #5271 ) ;
#7125 = APPROVAL_STATUS ( 'not_yet_approved' ) ;
#7126 = CARTESIAN_POINT ( 'NONE',  ( -2.652063500668720800, 4.209999999999993700, -1.563321981098345900 ) ) ;
#7127 = CARTESIAN_POINT ( 'NONE',  ( -2.541686999534642900, 4.209999999999994600, -1.605292200549184100 ) ) ;
#7128 = CARTESIAN_POINT ( 'NONE',  ( 0.0000000000000000000, 3.200000000000000600, 0.0000000000000000000 ) ) ;
#7129 = CARTESIAN_POINT ( 'NONE',  ( -0.7047306167565399200, 4.199999999999999300, -2.651704427378002400 ) ) ;
#7130 = CARTESIAN_POINT ( 'NONE',  ( 0.5947358223775151000, 4.209999999999994600, -2.946409931954713000 ) ) ;
#7131 = CARTESIAN_POINT ( 'NONE',  ( 0.8078884504662121600, 4.210000000000000000, -2.138792947967746100 ) ) ;
#7132 = CARTESIAN_POINT ( 'NONE',  ( 1.680954519081338600, 4.199999999999996600, -2.408973720803548000 ) ) ;
#7133 = CARTESIAN_POINT ( 'NONE',  ( -1.759985185297356500, 4.200000000000000200, -1.638482258692559400 ) ) ;
#7134 = CARTESIAN_POINT ( 'NONE',  ( -0.6472351254995529800, 4.209999999999997300, -2.417949444091532100 ) ) ;
#7135 = CARTESIAN_POINT ( 'NONE',  ( -1.557516858156873000, 4.209999999999993700, -2.713564712176589600 ) ) ;
#7136 = CARTESIAN_POINT ( 'NONE',  ( -2.521488549700779300, 4.199999999999997500, -1.818761556958086200 ) ) ;
#7137 = CARTESIAN_POINT ( 'NONE',  ( 1.277924854190383600, 4.209999999999994600, -2.267998828636592600 ) ) ;
#7138 = ORIENTED_EDGE ( 'NONE', *, *, #3046, .F. ) ;
#7139 = EDGE_CURVE ( 'NONE', #1818, #1922, #3295, .T. ) ;
#7140 = DIRECTION ( 'NONE',  ( 0.6028149086084080300, -6.977501613675405500E-015, -0.7978810600330331600 ) ) ;
#7141 = CARTESIAN_POINT ( 'NONE',  ( -0.2022717192432701100, 4.200000000000000200, -2.322820787656378400 ) ) ;
#7142 = CARTESIAN_POINT ( 'NONE',  ( 0.1722177304072751200, 4.209999999999996400, -3.022534609037976800 ) ) ;
#7143 = CARTESIAN_POINT ( 'NONE',  ( 0.2492798570281571400, 4.200000000000002000, -2.244424823663325100 ) ) ;
#7144 = VERTEX_POINT ( 'NONE', #6238 ) ;
#7145 = ADVANCED_FACE ( 'NONE', ( #8071 ), #7499, .F. ) ;
#7146 = ORIENTED_EDGE ( 'NONE', *, *, #3946, .F. ) ;
#7147 = CARTESIAN_POINT ( 'NONE',  ( -0.4832444660801925600, 4.209999999999998200, -3.001256295087193900 ) ) ;
#7148 = CARTESIAN_POINT ( 'NONE',  ( -2.342690841851883900, 4.209999999999994600, -1.920660476298821300 ) ) ;
#7149 = ORIENTED_EDGE ( 'NONE', *, *, #599, .F. ) ;
#7150 = CARTESIAN_POINT ( 'NONE',  ( -1.919821543715028300, 4.210000000000000000, -1.182868918999382200 ) ) ;
#7151 = EDGE_CURVE ( 'NONE', #6096, #1013, #3484, .T. ) ;
#7152 = CARTESIAN_POINT ( 'NONE',  ( -0.7074808695959353700, 4.209999999999996400, -2.858888147057066000 ) ) ;
#7153 = CARTESIAN_POINT ( 'NONE',  ( 2.038249839498368600, 4.209999999999995500, -2.066658426804816300 ) ) ;
#7154 = DIRECTION ( 'NONE',  ( 0.5874461803322261800, 0.0000000000000000000, 0.8092632360444145200 ) ) ;
#7155 = ORIENTED_EDGE ( 'NONE', *, *, #2283, .T. ) ;
#7156 = CARTESIAN_POINT ( 'NONE',  ( 1.831089906984737700, 4.209999999999995500, -2.459031957349378400 ) ) ;
#7157 = LINE ( 'NONE', #4357, #4035 ) ;
#7158 = CARTESIAN_POINT ( 'NONE',  ( -1.783332442291067200, 4.200000000000001100, -1.397666761205070800 ) ) ;
#7159 = EDGE_LOOP ( 'NONE', ( #7948, #5210, #5269, #1890 ) ) ;
#7160 = CARTESIAN_POINT ( 'NONE',  ( 2.446002903781375500, 4.199999999999996600, -1.500873261733912000 ) ) ;
#7161 = CARTESIAN_POINT ( 'NONE',  ( 1.916308319419175000, 4.199999999999994800, -2.442169997875879500 ) ) ;
#7162 = ORIENTED_EDGE ( 'NONE', *, *, #2028, .F. ) ;
#7163 = CARTESIAN_POINT ( 'NONE',  ( -2.376279380424847400, 4.209999999999995500, -1.912955305600681600 ) ) ;
#7164 = B_SPLINE_CURVE_WITH_KNOTS ( 'NONE', 3,
 ( #3065, #7430, #3683, #8054, #4308, #562, #4959, #1185, #5578, #1816, #6193, #2460, #6819, #3091, #7451, #3709, #8076, #4333, #578 ),
 .UNSPECIFIED., .F., .F.,
 ( 4, 1, 1, 1, 1, 1, 1, 1, 1, 1, 1, 1, 1, 1, 1, 1, 4 ),
 ( 0.0000000000000000000, 0.1163844169727271000, 0.2223030357200271300, 0.3187015967560423200, 0.4050102787680989700, 0.4823014382115977100, 0.5505487937101617400, 0.6100731057114372500, 0.6623381064770179600, 0.7098213308536530700, 0.7545097319062732400, 0.7974456606741057200, 0.8383730222789930200, 0.8784551137408073100, 0.9182960576080450000, 0.9586100816119879100, 0.9999999999999998900 ),
 .UNSPECIFIED. ) ;
#7165 = EDGE_LOOP ( 'NONE', ( #7510, #1389 ) ) ;
#7166 = CARTESIAN_POINT ( 'NONE',  ( 1.183425225173317700, 4.200000000000000200, -2.136050350517096700 ) ) ;
#7167 = VECTOR ( 'NONE', #1284, 1000.000000000000000 ) ;
#7168 = CARTESIAN_POINT ( 'NONE',  ( 1.865230541143152700, 4.209999999999995500, -2.090491896733215800 ) ) ;
#7169 = ORIENTED_EDGE ( 'NONE', *, *, #2441, .F. ) ;
#7170 = CARTESIAN_POINT ( 'NONE',  ( 1.166806692656987100, 4.200000000000000200, -2.120523112561541400 ) ) ;
#7171 = DIRECTION ( 'NONE',  ( 0.3775363261712572600, 0.0000000000000000000, 0.9259947745106934500 ) ) ;
#7172 = CARTESIAN_POINT ( 'NONE',  ( 5.510910596163089600E-016, -4.799999999999999800, -2.000000000000000000 ) ) ;
#7173 = ORIENTED_EDGE ( 'NONE', *, *, #1164, .F. ) ;
#7174 = CARTESIAN_POINT ( 'NONE',  ( 0.1196060917286018800, 4.210000000000000900, -2.304845443661000200 ) ) ;
#7175 = EDGE_LOOP ( 'NONE', ( #2400, #6520, #1659, #4144 ) ) ;
#7176 = DIRECTION ( 'NONE',  ( 1.000000000000000000, 0.0000000000000000000, -0.0000000000000000000 ) ) ;
#7177 = LINE ( 'NONE', #6214, #3854 ) ;
#7178 = CARTESIAN_POINT ( 'NONE',  ( 0.2036590096192735500, 4.200000000000000200, -2.571321518247776000 ) ) ;
#7179 = ORIENTED_EDGE ( 'NONE', *, *, #1133, .T. ) ;
#7180 = CARTESIAN_POINT ( 'NONE',  ( -2.253985344054321200, 4.209999999999997300, -1.076907053850495500 ) ) ;
#7181 = LINE ( 'NONE', #2258, #7383 ) ;
#7182 = CARTESIAN_POINT ( 'NONE',  ( -0.6630918271092655100, 4.199999999999999300, -2.981431209960240000 ) ) ;
#7183 = CARTESIAN_POINT ( 'NONE',  ( 0.8682607867934143400, 4.209999999999999100, -2.411016750113876000 ) ) ;
#7184 = CARTESIAN_POINT ( 'NONE',  ( 0.5450776125554845900, 4.210000000000000000, 2.907041648618186700 ) ) ;
#7185 = CYLINDRICAL_SURFACE ( 'NONE', #6353, 4.500000000000000000 ) ;
#7186 = B_SPLINE_CURVE_WITH_KNOTS ( 'NONE', 3,
 ( #717, #4474, #1343, #5734, #1980, #6348, #2623, #6981, #3241, #7617, #3871, #111, #4500, #744, #5136, #1364, #5764, #2012, #6375, #2644, #7009, #3274, #7637 ),
 .UNSPECIFIED., .F., .F.,
 ( 4, 1, 1, 1, 1, 1, 1, 1, 1, 1, 1, 1, 1, 1, 1, 1, 1, 1, 1, 1, 4 ),
 ( 0.0000000000000000000, 0.05309206303346548200, 0.1041945477645521400, 0.1533749893891694400, 0.2003482751694642100, 0.2459481267179567900, 0.2898889822006430200, 0.3323685284246244400, 0.3737751178979944500, 0.4141558033459351000, 0.4538912753188657500, 0.4928927548750266000, 0.5312188330609320900, 0.5696216262467298500, 0.6080104826535590600, 0.6466147937347543900, 0.6860365952864272400, 0.7648944498707165300, 0.8426066816970312300, 0.9206651884665016900, 1.000000000000000000 ),
 .UNSPECIFIED. ) ;
#7187 = CARTESIAN_POINT ( 'NONE',  ( -4.322904116447659800, 0.0000000000000000000, -1.249999999999950700 ) ) ;
#7188 = ORIENTED_EDGE ( 'NONE', *, *, #4660, .F. ) ;
#7189 = CARTESIAN_POINT ( 'NONE',  ( -0.7074808695959353700, 4.199999999999997500, -2.858888147057066000 ) ) ;
#7190 = EDGE_CURVE ( 'NONE', #5533, #33, #6410, .T. ) ;
#7191 = CARTESIAN_POINT ( 'NONE',  ( 2.540955346252969300, 4.209999999999995500, -1.617847677446124100 ) ) ;
#7192 = ADVANCED_FACE ( 'NONE', ( #1412 ), #3128, .F. ) ;
#7193 = PLANE ( 'NONE',  #7778 ) ;
#7194 = VECTOR ( 'NONE', #1423, 1000.000000000000000 ) ;
#7195 = CARTESIAN_POINT ( 'NONE',  ( -2.214757204271135200, 4.199999999999997500, -1.912025380602749200 ) ) ;
#7196 = EDGE_CURVE ( 'NONE', #4823, #586, #8089, .T. ) ;
#7197 = LINE ( 'NONE', #6457, #5547 ) ;
#7198 = CARTESIAN_POINT ( 'NONE',  ( 1.059842586244447200, 4.210000000000000900, -2.060026588729596800 ) ) ;
#7199 = CARTESIAN_POINT ( 'NONE',  ( -2.135578763054032200, 4.209999999999997300, -1.458885405592517100 ) ) ;
#7200 = CARTESIAN_POINT ( 'NONE',  ( 0.9200306778828664100, 4.200000000000000200, -2.067452234247249400 ) ) ;
#7201 = CARTESIAN_POINT ( 'NONE',  ( -0.5859828288389791200, 4.209999999999998200, -2.585371508629816400 ) ) ;
#7202 = ORIENTED_EDGE ( 'NONE', *, *, #1691, .T. ) ;
#7203 = CARTESIAN_POINT ( 'NONE',  ( 3.588523373199619600, 0.2999999999999999900, -1.250000000000012200 ) ) ;
#7204 = CARTESIAN_POINT ( 'NONE',  ( 0.05946056672724207200, 4.200000000000002800, -2.413305486737028700 ) ) ;
#7205 = ADVANCED_FACE ( 'NONE', ( #2226 ), #7365, .T. ) ;
#7206 = CARTESIAN_POINT ( 'NONE',  ( -2.188863606865383700, 4.199999999999996600, -1.903593634284759000 ) ) ;
#7207 = FACE_OUTER_BOUND ( 'NONE', #7466, .T. ) ;
#7208 = CARTESIAN_POINT ( 'NONE',  ( 1.158587205576721900, 4.199999999999996600, -2.798433772152946200 ) ) ;
#7209 = EDGE_CURVE ( 'NONE', #7752, #3645, #4563, .T. ) ;
#7210 = CARTESIAN_POINT ( 'NONE',  ( 1.872341719511554400, 4.199999999999998400, -1.950453669961628400 ) ) ;
#7212 = ORIENTED_EDGE ( 'NONE', *, *, #2179, .T. ) ;
#7211 = CARTESIAN_POINT ( 'NONE',  ( 0.08910157167960332200, 4.200000000000000200, -2.846865742869600700 ) ) ;
#7213 = LINE ( 'NONE', #6247, #2629 ) ;
#7214 = CARTESIAN_POINT ( 'NONE',  ( -0.5583413949559324900, 4.209999999999993700, -3.069292128646831300 ) ) ;
#7215 = CARTESIAN_POINT ( 'NONE',  ( -1.930943557959538000, 4.200000000000000200, -1.324836926556301600 ) ) ;
#7216 = CARTESIAN_POINT ( 'NONE',  ( -0.3586526035282788800, 4.200000000000000200, -2.233981759504906100 ) ) ;
#7217 = CARTESIAN_POINT ( 'NONE',  ( -0.5583413949559324900, 4.199999999999994800, -3.069292128646831300 ) ) ;
#7218 = DIRECTION ( 'NONE',  ( 0.0000000000000000000, 0.0000000000000000000, -1.000000000000000000 ) ) ;
#7219 = CARTESIAN_POINT ( 'NONE',  ( 1.345834247004607600, 4.210000000000000000, -2.005116725775812500 ) ) ;
#7220 = CARTESIAN_POINT ( 'NONE',  ( 0.0000000000000000000, 0.2999999999999999900, 0.0000000000000000000 ) ) ;
#7221 = CARTESIAN_POINT ( 'NONE',  ( 0.9408456985820598000, 4.200000000000000200, -2.060956839865940400 ) ) ;
#7222 = CARTESIAN_POINT ( 'NONE',  ( 1.872341719511554400, 4.199999999999999300, -1.950453669961628400 ) ) ;
#7223 = CARTESIAN_POINT ( 'NONE',  ( 0.9361261991616453000, 4.199999999999999300, -2.581293790894029400 ) ) ;
#7224 = CARTESIAN_POINT ( 'NONE',  ( -0.5171962875526359100, 4.200000000000000200, -2.385121643358629300 ) ) ;
#7225 = CARTESIAN_POINT ( 'NONE',  ( -0.1977546319268887200, 4.199999999999998400, -2.879011957080757100 ) ) ;
#7226 = DIRECTION ( 'NONE',  ( 0.8360169679580020700, 0.0000000000000000000, 0.5487035896422666200 ) ) ;
#7227 = AXIS2_PLACEMENT_3D ( 'NONE', #4543, #3856, #784 ) ;
#7228 = CARTESIAN_POINT ( 'NONE',  ( 0.09562184269871375200, 4.210000000000000000, 3.099665549985374000 ) ) ;
#7229 = CARTESIAN_POINT ( 'NONE',  ( 2.545041292225849600, 4.199999999999996600, -1.622435481315568600 ) ) ;
#7230 = ADVANCED_FACE ( 'NONE', ( #7881 ), #1970, .T. ) ;
#7231 = CARTESIAN_POINT ( 'NONE',  ( 0.8473486846334245000, 4.200000000000000200, -2.287951455266920200 ) ) ;
#7232 = CARTESIAN_POINT ( 'NONE',  ( 1.870587509748850900, 4.209999999999998200, -1.833418706861714900 ) ) ;
#7233 = CARTESIAN_POINT ( 'NONE',  ( 1.321379711724609100, 4.199999999999994800, -2.814291371988345800 ) ) ;
#7234 = CARTESIAN_POINT ( 'NONE',  ( 0.7778918037719453300, 4.210000000000000000, -2.181939798478299300 ) ) ;
#7235 = CARTESIAN_POINT ( 'NONE',  ( -1.896465491276258900, 4.200000000000000200, -1.388351237793507700 ) ) ;
#7236 = CARTESIAN_POINT ( 'NONE',  ( 1.017834422254338100, 4.210000000000000000, -2.146148837073387700 ) ) ;
#7237 = ADVANCED_FACE ( 'NONE', ( #1614 ), #6024, .T. ) ;
#7238 = AXIS2_PLACEMENT_3D ( 'NONE', #5930, #2825, #7176 ) ;
#7239 = DIRECTION ( 'NONE',  ( -0.3774485607782725500, -8.337819944835652900E-015, -0.9260305523936079900 ) ) ;
#7240 = CARTESIAN_POINT ( 'NONE',  ( 1.976037535285252200, 4.209999999999996400, -2.019132559854564900 ) ) ;
#7241 = CARTESIAN_POINT ( 'NONE',  ( -0.09700205866847379200, 4.210000000000000000, 2.457585878761416000 ) ) ;
#7242 = DIRECTION ( 'NONE',  ( -0.0000000000000000000, -1.000000000000000000, -0.0000000000000000000 ) ) ;
#7243 = EDGE_LOOP ( 'NONE', ( #5400, #2173 ) ) ;
#7244 = CARTESIAN_POINT ( 'NONE',  ( 1.822926711129128100, 4.200000000000001100, -1.754154402352990700 ) ) ;
#7245 = CARTESIAN_POINT ( 'NONE',  ( 1.758305590354104900, 4.199999999999999300, -1.851405174885989000 ) ) ;
#7246 = CARTESIAN_POINT ( 'NONE',  ( -0.4068318657696880500, 4.210000000000000900, -2.316807934096518600 ) ) ;
#7247 = VERTEX_POINT ( 'NONE', #5266 ) ;
#7248 = DIRECTION ( 'NONE',  ( 1.000000000000000000, 0.0000000000000000000, -0.0000000000000000000 ) ) ;
#7249 = CARTESIAN_POINT ( 'NONE',  ( 1.250344489107790800, 4.209999999999992900, -2.757423558741219200 ) ) ;
#7250 = VERTEX_POINT ( 'NONE', #1497 ) ;
#7251 = DIRECTION ( 'NONE',  ( 0.0000000000000000000, 0.0000000000000000000, -1.000000000000000000 ) ) ;
#7252 = B_SPLINE_SURFACE_WITH_KNOTS ( 'NONE', 3, 1, ( 
 ( #2465, #1246 ),
 ( #6866, #3142 ),
 ( #7516, #3763 ),
 ( #12, #4391 ),
 ( #643, #5035 ),
 ( #1267, #5662 ),
 ( #1904, #6272 ),
 ( #2543, #6901 ),
 ( #3172, #7537 ),
 ( #3797, #45 ),
 ( #4418, #671 ),
 ( #5064, #1297 ),
 ( #5682, #1934 ),
 ( #6304, #2565 ),
 ( #6929, #3203 ) ),
 .UNSPECIFIED., .F., .F., .F.,
 ( 4, 1, 1, 1, 1, 1, 1, 1, 1, 1, 1, 1, 4 ),
 ( 2, 2 ),
 ( 0.0000000000000000000, 0.09674948167655551800, 0.1849961713115606300, 0.2650197107398816200, 0.3380918329824246800, 0.4085559377788826100, 0.4817160241356217000, 0.5590893534814407300, 0.6418384655410334100, 0.7278312400414430600, 0.8156858759225368300, 0.9059792740162885300, 1.000000000000000000 ),
 ( 0.0000000000000000000, 1.000000000000000000 ),
 .UNSPECIFIED. ) ;
#7253 = DIRECTION ( 'NONE',  ( -0.9260305523936079900, 0.0000000000000000000, 0.3774485607782726600 ) ) ;
#7254 = CARTESIAN_POINT ( 'NONE',  ( 1.822926711129128100, 4.199999999999998400, -1.754154402352990700 ) ) ;
#7255 = ORIENTED_EDGE ( 'NONE', *, *, #2663, .T. ) ;
#7256 = CARTESIAN_POINT ( 'NONE',  ( 1.391359210719896000, 4.209999999999997300, -2.621264809645383200 ) ) ;
#7257 = CARTESIAN_POINT ( 'NONE',  ( -2.143175550350918900, 4.210000000000000000, -1.072937998704909900 ) ) ;
#7258 = FACE_OUTER_BOUND ( 'NONE', #1391, .T. ) ;
#7259 = ORIENTED_EDGE ( 'NONE', *, *, #3841, .F. ) ;
#7260 = EDGE_CURVE ( 'NONE', #525, #7572, #7685, .T. ) ;
#7261 = CARTESIAN_POINT ( 'NONE',  ( 0.9333450869807556900, 4.209999999999999100, -2.153950345585571300 ) ) ;
#7262 = CARTESIAN_POINT ( 'NONE',  ( -1.867230042759281800, 4.209999999999999100, -1.578496286359052400 ) ) ;
#7263 = EDGE_LOOP ( 'NONE', ( #2996, #7748, #2385, #2345 ) ) ;
#7264 = ORIENTED_EDGE ( 'NONE', *, *, #4479, .F. ) ;
#7265 = CARTESIAN_POINT ( 'NONE',  ( 1.127275183506374800, 4.200000000000000200, -2.223312056140240900 ) ) ;
#7266 = DIRECTION ( 'NONE',  ( -1.000000000000000000, 0.0000000000000000000, 0.0000000000000000000 ) ) ;
#7267 = CARTESIAN_POINT ( 'NONE',  ( -0.3684733405661210800, 4.210000000000000000, -2.232619270698332300 ) ) ;
#7268 = VECTOR ( 'NONE', #5968, 1000.000000000000100 ) ;
#7269 = CARTESIAN_POINT ( 'NONE',  ( 1.706718004239859800, 4.200000000000000200, -1.542322083864804800 ) ) ;
#7270 = B_SPLINE_SURFACE_WITH_KNOTS ( 'NONE', 3, 1, ( 
 ( #392, #6083 ),
 ( #2356, #6711 ),
 ( #2981, #7334 ),
 ( #3598, #7967 ),
 ( #4217, #473 ),
 ( #4873, #1100 ),
 ( #5485, #1729 ) ),
 .UNSPECIFIED., .F., .F., .F.,
 ( 4, 1, 1, 1, 4 ),
 ( 2, 2 ),
 ( 0.0000000000000000000, 0.2436620190534817800, 0.4898538969535227200, 0.7414742433608526600, 1.000000000000000000 ),
 ( 0.0000000000000000000, 1.000000000000000000 ),
 .UNSPECIFIED. ) ;
#7271 = ADVANCED_FACE ( 'NONE', ( #2915 ), #7396, .T. ) ;
#7272 = CARTESIAN_POINT ( 'NONE',  ( 0.8486627678717656400, 4.199999999999997500, -2.643278161964031500 ) ) ;
#7273 = ORIENTED_EDGE ( 'NONE', *, *, #639, .T. ) ;
#7274 = CARTESIAN_POINT ( 'NONE',  ( -0.4889791214507681100, 4.199999999999995700, -3.000197304858465100 ) ) ;
#7275 = AXIS2_PLACEMENT_3D ( 'NONE', #1638, #6021, #2281 ) ;
#7276 = CARTESIAN_POINT ( 'NONE',  ( 0.3449436911865271200, 4.200000000000005500, -2.242929659575104000 ) ) ;
#7277 = CARTESIAN_POINT ( 'NONE',  ( -2.450484130226588500, 4.199999999999998400, -1.160397941992405100 ) ) ;
#7278 = LINE ( 'NONE', #7579, #2308 ) ;
#7279 = CARTESIAN_POINT ( 'NONE',  ( 1.777971853834438000, 4.209999999999998200, -1.959060758317723100 ) ) ;
#7280 = CARTESIAN_POINT ( 'NONE',  ( 0.0000000000000000000, 0.0000000000000000000, 0.0000000000000000000 ) ) ;
#7281 = APPROVAL_DATE_TIME ( #821, #4109 ) ;
#7282 = EDGE_LOOP ( 'NONE', ( #2, #803, #6913, #5507 ) ) ;
#7283 = CARTESIAN_POINT ( 'NONE',  ( 1.727190893775862400, 4.209999999999995500, -2.311849191220454600 ) ) ;
#7284 = CARTESIAN_POINT ( 'NONE',  ( -2.184670029142026200, 4.199999999999998400, -1.180317683959238200 ) ) ;
#7285 = FACE_OUTER_BOUND ( 'NONE', #5903, .T. ) ;
#7286 = CARTESIAN_POINT ( 'NONE',  ( -0.3516753660364305100, 4.209999999999994600, -2.952554160469909500 ) ) ;
#7287 = DIRECTION ( 'NONE',  ( -0.3135051369038299200, 0.0000000000000000000, 0.9495865042927426100 ) ) ;
#7288 = CARTESIAN_POINT ( 'NONE',  ( 1.362974432360542200, 4.199999999999996600, -2.464701755533978700 ) ) ;
#7289 = CARTESIAN_POINT ( 'NONE',  ( -2.309251128937042100, 4.199999999999998400, -1.090183252505475800 ) ) ;
#7290 = LINE ( 'NONE', #7410, #2708 ) ;
#7291 = B_SPLINE_CURVE_WITH_KNOTS ( 'NONE', 3,
 ( #6975, #2617, #3864, #106, #4495, #738, #5129, #1359, #5760, #2006, #6369 ),
 .UNSPECIFIED., .F., .F.,
 ( 4, 1, 1, 1, 1, 1, 1, 1, 4 ),
 ( 0.0000000000000000000, 0.1210361031366553600, 0.2422968937564218000, 0.3648867866571352000, 0.4911084250457063400, 0.6187410767108642000, 0.7447852278079991600, 0.8711216964940932100, 0.9999999999999998900 ),
 .UNSPECIFIED. ) ;
#7292 = DIRECTION ( 'NONE',  ( 0.5877032942368581900, 0.0000000000000000000, 0.8090765340455405900 ) ) ;
#7293 = DIRECTION ( 'NONE',  ( 0.0000000000000000000, 0.0000000000000000000, -1.000000000000000000 ) ) ;
#7294 = CARTESIAN_POINT ( 'NONE',  ( 2.058052030321063400, 4.209999999999993700, -2.317055068221501600 ) ) ;
#7295 = LINE ( 'NONE', #7299, #2325 ) ;
#7296 = CARTESIAN_POINT ( 'NONE',  ( -0.3684733405661210800, 4.200000000000000200, -2.232619270698332300 ) ) ;
#7297 = CARTESIAN_POINT ( 'NONE',  ( 1.976037535285252200, 4.209999999999996400, -2.019132559854564900 ) ) ;
#7298 = VECTOR ( 'NONE', #4685, 1000.000000000000000 ) ;
#7299 = CARTESIAN_POINT ( 'NONE',  ( -0.09700205866847379200, 4.210000000000000000, 3.099665549985374000 ) ) ;
#7300 = EDGE_CURVE ( 'NONE', #689, #5019, #1029, .T. ) ;
#7301 = CARTESIAN_POINT ( 'NONE',  ( -2.012530775269971300, 4.200000000000000200, -1.115637644150285300 ) ) ;
#7302 = B_SPLINE_SURFACE_WITH_KNOTS ( 'NONE', 3, 1, ( 
 ( #6005, #4900 ),
 ( #6145, #2406 ),
 ( #6754, #3040 ),
 ( #7395, #3646 ),
 ( #8018, #4283 ),
 ( #531, #4923 ),
 ( #1156, #5548 ),
 ( #1782, #6166 ),
 ( #2433, #6789 ),
 ( #3059, #7424 ),
 ( #3677, #8048 ),
 ( #4305, #556 ),
 ( #4954, #1180 ),
 ( #6637, #2914 ),
 ( #7257, #3521 ),
 ( #7896, #4151 ),
 ( #397, #4796 ),
 ( #1028, #5414 ),
 ( #1647, #6038 ),
 ( #2305, #6657 ),
 ( #2941, #7289 ),
 ( #3548, #7918 ),
 ( #4180, #426 ),
 ( #4817, #1057 ),
 ( #5444, #1674 ),
 ( #6064, #2334 ),
 ( #6686, #2958 ) ),
 .UNSPECIFIED., .F., .F., .F.,
 ( 4, 1, 1, 1, 1, 1, 1, 1, 1, 1, 1, 1, 1, 1, 1, 1, 1, 1, 1, 1, 1, 1, 1, 1, 4 ),
 ( 2, 2 ),
 ( 0.0000000000000000000, 0.04467344343234886500, 0.08829871406053121900, 0.1313324521489537800, 0.1738168373691169100, 0.2155824130621693300, 0.2573399324772299200, 0.2987148198572143800, 0.3404085665934371600, 0.3815722333397181800, 0.4218875380149034200, 0.4618370251780474200, 0.5014010828438868500, 0.5408722633731315500, 0.5804479153552868400, 0.6205913962365445800, 0.6614073440141252600, 0.7023392772471367400, 0.7434322958524459700, 0.7848426512282682400, 0.8265378650984615000, 0.8686861544102125700, 0.9116138619775203700, 0.9552615620522373300, 1.000000000000000000 ),
 ( 0.0000000000000000000, 1.000000000000000000 ),
 .UNSPECIFIED. ) ;
#7303 = CARTESIAN_POINT ( 'NONE',  ( 1.064010095175904200, 4.199999999999995700, -2.874167209396813100 ) ) ;
#7304 = EDGE_CURVE ( 'NONE', #580, #5941, #6641, .T. ) ;
#7305 = VERTEX_POINT ( 'NONE', #7187 ) ;
#7306 = CARTESIAN_POINT ( 'NONE',  ( -0.5781956464681749000, 4.209999999999994600, -2.939130205676086000 ) ) ;
#7307 = CARTESIAN_POINT ( 'NONE',  ( 4.322904116447650000, 0.0000000000000000000, 1.249999999999985300 ) ) ;
#7308 = VERTEX_POINT ( 'NONE', #7819 ) ;
#7309 = FACE_OUTER_BOUND ( 'NONE', #1632, .T. ) ;
#7310 = CARTESIAN_POINT ( 'NONE',  ( -2.589761074979686200, 4.209999999999995500, -1.299567793750051200 ) ) ;
#7311 = CARTESIAN_POINT ( 'NONE',  ( 1.733372655596557200, 4.199999999999997500, -2.043627226691764800 ) ) ;
#7312 = ORIENTED_EDGE ( 'NONE', *, *, #6060, .F. ) ;
#7313 = CARTESIAN_POINT ( 'NONE',  ( 1.985990749504155300, 4.209999999999998200, -2.183354800025993900 ) ) ;
#7314 = ORIENTED_EDGE ( 'NONE', *, *, #4380, .T. ) ;
#7315 = ADVANCED_FACE ( 'NONE', ( #7488 ), #7416, .T. ) ;
#7316 = EDGE_CURVE ( 'NONE', #2727, #1197, #2509, .T. ) ;
#7317 = DIRECTION ( 'NONE',  ( 0.8327825195092669600, 0.0000000000000000000, 0.5536002846818248700 ) ) ;
#7318 = PLANE ( 'NONE',  #3205 ) ;
#7319 = EDGE_CURVE ( 'NONE', #7934, #5907, #4166, .T. ) ;
#7320 = CARTESIAN_POINT ( 'NONE',  ( 1.716526510855722600, 4.209999999999997300, -2.058513822507682900 ) ) ;
#7321 = DIRECTION ( 'NONE',  ( -0.0000000000000000000, -1.000000000000000000, -0.0000000000000000000 ) ) ;
#7322 = CARTESIAN_POINT ( 'NONE',  ( 0.3907178456745743500, 4.200000000000000200, -3.090427229038879500 ) ) ;
#7323 = CARTESIAN_POINT ( 'NONE',  ( 2.079814099826117400, 4.199999999999996600, -2.140357244532619300 ) ) ;
#7324 = CARTESIAN_POINT ( 'NONE',  ( 1.262772001340324500, 4.209999999999997300, -2.240953939897996100 ) ) ;
#7325 = CARTESIAN_POINT ( 'NONE',  ( 0.1704806111814186100, 4.210000000000000000, -2.268785271756915000 ) ) ;
#7326 = CARTESIAN_POINT ( 'NONE',  ( 0.0000000000000000000, 4.200000000000000200, 0.0000000000000000000 ) ) ;
#7327 = CARTESIAN_POINT ( 'NONE',  ( -2.363331986059633600, 4.199999999999998400, -1.110712777017516500 ) ) ;
#7328 = CARTESIAN_POINT ( 'NONE',  ( 2.429634714529429900, 4.200000000000000200, -1.479141171718417500 ) ) ;
#7329 = CARTESIAN_POINT ( 'NONE',  ( 1.735865040427619200, 4.209999999999996400, -2.145278907479333700 ) ) ;
#7330 = CARTESIAN_POINT ( 'NONE',  ( 1.250000000000000000, 0.0000000000000000000, 4.322904116447645600 ) ) ;
#7331 = CARTESIAN_POINT ( 'NONE',  ( 0.1929693183537817800, 4.199999999999996600, -2.822110729252379300 ) ) ;
#7332 = CARTESIAN_POINT ( 'NONE',  ( 2.385206361932793700, 4.209999999999995500, -1.575281954645913600 ) ) ;
#7333 = CARTESIAN_POINT ( 'NONE',  ( 1.940945139533726900, 4.209999999999994600, -2.327174586340534600 ) ) ;
#7334 = CARTESIAN_POINT ( 'NONE',  ( -2.482878620409001900, 4.199999999999998400, -1.340527698748420700 ) ) ;
#7335 = ORIENTED_EDGE ( 'NONE', *, *, #1547, .T. ) ;
#7336 = CARTESIAN_POINT ( 'NONE',  ( 2.082271379832647500, 4.199999999999994800, -2.258237630827755600 ) ) ;
#7337 = CARTESIAN_POINT ( 'NONE',  ( 0.5983311005661222600, 4.209999999999997300, -2.538573399191970600 ) ) ;
#7338 = CARTESIAN_POINT ( 'NONE',  ( 0.3403242046181493300, 4.199999999999998400, -2.625680228136746800 ) ) ;
#7339 = ORIENTED_EDGE ( 'NONE', *, *, #1702, .T. ) ;
#7340 = B_SPLINE_SURFACE_WITH_KNOTS ( 'NONE', 3, 1, ( 
 ( #4960, #2539 ),
 ( #3791, #41 ),
 ( #4414, #668 ),
 ( #5060, #1290 ),
 ( #5676, #1930 ),
 ( #6298, #2560 ),
 ( #6924, #3199 ),
 ( #7561, #3815 ),
 ( #68, #4449 ),
 ( #690, #5083 ),
 ( #1319, #5707 ),
 ( #1952, #6329 ),
 ( #2595, #6952 ),
 ( #3223, #7594 ),
 ( #3839, #91 ),
 ( #4476, #719 ),
 ( #5106, #1345 ),
 ( #5737, #1982 ),
 ( #6350, #2625 ) ),
 .UNSPECIFIED., .F., .F., .F.,
 ( 4, 1, 1, 1, 1, 1, 1, 1, 1, 1, 1, 1, 1, 1, 1, 1, 4 ),
 ( 2, 2 ),
 ( 0.0000000000000000000, 0.1161363313236059400, 0.2224215065764197600, 0.3186531391321679700, 0.4052226381238202600, 0.4825149440343192200, 0.5504965434031846600, 0.6103695441033137900, 0.6624372807551224300, 0.7099182572338728100, 0.7547965107703664700, 0.7974314443519727700, 0.8385271629721015000, 0.8786977790559136200, 0.9182043395105055100, 0.9585084131582549700, 1.000000000000000000 ),
 ( 0.0000000000000000000, 1.000000000000000000 ),
 .UNSPECIFIED. ) ;
#7341 = CARTESIAN_POINT ( 'NONE',  ( 0.5611422487769850400, 4.199999999999996600, -2.997167066783656100 ) ) ;
#7342 = EDGE_CURVE ( 'NONE', #6387, #4090, #5198, .T. ) ;
#7343 = CARTESIAN_POINT ( 'NONE',  ( 1.940945139533726900, 4.199999999999995700, -2.327174586340534600 ) ) ;
#7344 = ORIENTED_EDGE ( 'NONE', *, *, #3129, .F. ) ;
#7345 = EDGE_CURVE ( 'NONE', #2306, #7998, #3732, .T. ) ;
#7346 = CARTESIAN_POINT ( 'NONE',  ( 1.040742587349507300, 4.210000000000000900, -2.055703200358915500 ) ) ;
#7347 = AXIS2_PLACEMENT_3D ( 'NONE', #487, #4894, #1119 ) ;
#7348 = ORIENTED_EDGE ( 'NONE', *, *, #4883, .T. ) ;
#7349 = CARTESIAN_POINT ( 'NONE',  ( 0.05313446967642478100, 4.209999999999998200, -2.482887202093008400 ) ) ;
#7350 = CARTESIAN_POINT ( 'NONE',  ( -2.548443360543786200, 4.199999999999997500, -1.465664338811108600 ) ) ;
#7351 = CARTESIAN_POINT ( 'NONE',  ( -0.6027089326604729800, 4.199999999999997500, -2.872437057387712900 ) ) ;
#7352 = ADVANCED_FACE ( 'NONE', ( #5635 ), #1764, .T. ) ;
#7353 = ORIENTED_EDGE ( 'NONE', *, *, #31, .T. ) ;
#7354 = CARTESIAN_POINT ( 'NONE',  ( 1.444712019654241800, 4.200000000000000200, -1.964366554590186300 ) ) ;
#7355 = CARTESIAN_POINT ( 'NONE',  ( 0.1618368536628754800, 4.200000000000000200, -2.415858456852260100 ) ) ;
#7356 = LINE ( 'NONE', #3113, #5506 ) ;
#7357 = ORIENTED_EDGE ( 'NONE', *, *, #5704, .T. ) ;
#7358 = CARTESIAN_POINT ( 'NONE',  ( 0.2578462108074344700, 4.199999999999998400, -2.656834115681600200 ) ) ;
#7359 = CARTESIAN_POINT ( 'NONE',  ( 1.108321824882085200, 4.200000000000000200, -2.200937095510159900 ) ) ;
#7360 = EDGE_CURVE ( 'NONE', #3157, #3761, #7290, .T. ) ;
#7361 = CARTESIAN_POINT ( 'NONE',  ( 0.2174831058238350400, 4.209999999999995500, -2.906961979629220300 ) ) ;
#7362 = VERTEX_POINT ( 'NONE', #3660 ) ;
#7363 = ORIENTED_EDGE ( 'NONE', *, *, #7776, .T. ) ;
#7364 = VECTOR ( 'NONE', #8095, 1000.000000000000000 ) ;
#7365 = B_SPLINE_SURFACE_WITH_KNOTS ( 'NONE', 3, 1, ( 
 ( #3152, #682 ),
 ( #1308, #5697 ),
 ( #1943, #6319 ),
 ( #2582, #6941 ),
 ( #3216, #7583 ),
 ( #3830, #84 ),
 ( #4469, #708 ),
 ( #5097, #1338 ),
 ( #5728, #1969 ),
 ( #6342, #2616 ),
 ( #6973, #3236 ),
 ( #7610, #3862 ),
 ( #104, #4493 ),
 ( #736, #5128 ),
 ( #1357, #5757 ),
 ( #2004, #6367 ),
 ( #2639, #7000 ),
 ( #3263, #7632 ),
 ( #3894, #134 ),
 ( #4517, #764 ),
 ( #5157, #1383 ),
 ( #5779, #2033 ),
 ( #6397, #2662 ) ),
 .UNSPECIFIED., .F., .F., .F.,
 ( 4, 1, 1, 1, 1, 1, 1, 1, 1, 1, 1, 1, 1, 1, 1, 1, 1, 1, 1, 1, 4 ),
 ( 2, 2 ),
 ( 0.0000000000000000000, 0.05693751319199837800, 0.1109356873876957800, 0.1629470182161035000, 0.2135750950779067300, 0.2634554870488303700, 0.3133080682265153600, 0.3639370010948259600, 0.4159483319232332200, 0.4701867483292980200, 0.5274907205729094700, 0.5881161035238918800, 0.6522405194185525400, 0.6864730833420771300, 0.7235791304483799600, 0.7627399543894247700, 0.8048908518991968500, 0.8494867703897157600, 0.8971501235910613900, 0.9469957496459506800, 1.000000000000000000 ),
 ( 0.0000000000000000000, 1.000000000000000000 ),
 .UNSPECIFIED. ) ;
#7366 = VERTEX_POINT ( 'NONE', #8030 ) ;
#7367 = CARTESIAN_POINT ( 'NONE',  ( 1.790303301302595100, 4.199999999999997500, -2.108555771154074800 ) ) ;
#7368 = CARTESIAN_POINT ( 'NONE',  ( 0.5360400538153617900, 4.200000000000002800, -2.377327568421859100 ) ) ;
#7369 = CARTESIAN_POINT ( 'NONE',  ( 0.4448941227278817000, 4.209999999999998200, -2.649236468458749700 ) ) ;
#7370 = ORIENTED_EDGE ( 'NONE', *, *, #3808, .F. ) ;
#7371 = EDGE_LOOP ( 'NONE', ( #4132, #3279, #1573, #2886 ) ) ;
#7372 = CARTESIAN_POINT ( 'NONE',  ( 0.1951595189178025000, 4.209999999999997300, -2.755084254739881700 ) ) ;
#7373 = EDGE_CURVE ( 'NONE', #1429, #7767, #2294, .T. ) ;
#7374 = CYLINDRICAL_SURFACE ( 'NONE', #4089, 3.799999999999999800 ) ;
#7375 = CARTESIAN_POINT ( 'NONE',  ( 0.6235551245481258900, 4.199999999999999300, -2.684064439909329200 ) ) ;
#7376 = CARTESIAN_POINT ( 'NONE',  ( 1.880400744820696700, 4.199999999999996600, -2.360269755643398700 ) ) ;
#7377 = CARTESIAN_POINT ( 'NONE',  ( -0.4162913616399799300, 4.200000000000001100, -2.229655832004598700 ) ) ;
#7378 = ORIENTED_EDGE ( 'NONE', *, *, #1238, .T. ) ;
#7379 = CARTESIAN_POINT ( 'NONE',  ( 0.3373402305253597700, 4.210000000000000900, -2.329248034698497600 ) ) ;
#7380 = DIRECTION ( 'NONE',  ( -1.000000000000000000, 0.0000000000000000000, 3.533413092881963100E-015 ) ) ;
#7381 = CARTESIAN_POINT ( 'NONE',  ( -0.5940300266086063800, 4.209999999999997300, -2.633152358252708300 ) ) ;
#7382 = CARTESIAN_POINT ( 'NONE',  ( -0.5309681032693368600, 4.199999999999995700, -2.985182326427233200 ) ) ;
#7383 = VECTOR ( 'NONE', #6625, 1000.000000000000000 ) ;
#7384 = CIRCLE ( 'NONE', #4267, 0.7000000000000000700 ) ;
#7385 = CARTESIAN_POINT ( 'NONE',  ( 1.492592078644308100, 4.200000000000001100, -1.804344594242983200 ) ) ;
#7386 = AXIS2_PLACEMENT_3D ( 'NONE', #451, #1074, #5465 ) ;
#7387 = CARTESIAN_POINT ( 'NONE',  ( 0.2459842415030653000, 4.209999999999999100, -2.331371961051933500 ) ) ;
#7388 = ORIENTED_EDGE ( 'NONE', *, *, #4913, .F. ) ;
#7389 = B_SPLINE_SURFACE_WITH_KNOTS ( 'NONE', 3, 1, ( 
 ( #2069, #3309 ),
 ( #2707, #7064 ),
 ( #3329, #7699 ),
 ( #3953, #202 ),
 ( #4590, #830 ),
 ( #5224, #1449 ),
 ( #5850, #2103 ),
 ( #6462, #2738 ),
 ( #7096, #3354 ),
 ( #7723, #3982 ),
 ( #233, #4616 ),
 ( #858, #5251 ),
 ( #1476, #5872 ),
 ( #2132, #6494 ),
 ( #2758, #7123 ),
 ( #3384, #7750 ),
 ( #4006, #262 ),
 ( #4649, #882 ),
 ( #5280, #1511 ) ),
 .UNSPECIFIED., .F., .F., .F.,
 ( 4, 1, 1, 1, 1, 1, 1, 1, 1, 1, 1, 1, 1, 1, 1, 1, 4 ),
 ( 2, 2 ),
 ( 0.0000000000000000000, 0.08471606897849109900, 0.1643892628761195700, 0.2396443151045830600, 0.3101111236317714600, 0.3767986680708709200, 0.4396554958561517100, 0.4989973792074509600, 0.5565512054175406600, 0.6117295952436384600, 0.6663849553525510400, 0.7204918181317638800, 0.7741887745315820800, 0.8285034984206247600, 0.8840967691998639100, 0.9411028553615228300, 1.000000000000000000 ),
 ( 0.0000000000000000000, 1.000000000000000000 ),
 .UNSPECIFIED. ) ;
#7390 = CARTESIAN_POINT ( 'NONE',  ( -0.3551619431426740700, 4.210000000000000000, -2.321588537975554500 ) ) ;
#7391 = FACE_OUTER_BOUND ( 'NONE', #5541, .T. ) ;
#7392 = CARTESIAN_POINT ( 'NONE',  ( 2.398934904461640800, 4.209999999999995500, -1.578322171175226400 ) ) ;
#7393 = DIRECTION ( 'NONE',  ( 0.0000000000000000000, 0.0000000000000000000, -1.000000000000000000 ) ) ;
#7394 = VECTOR ( 'NONE', #5821, 1000.000000000000200 ) ;
#7395 = CARTESIAN_POINT ( 'NONE',  ( -1.879374466598022800, 4.210000000000000900, -1.225628115345183300 ) ) ;
#7396 = B_SPLINE_SURFACE_WITH_KNOTS ( 'NONE', 3, 1, ( 
 ( #249, #7133 ),
 ( #7769, #4018 ),
 ( #276, #4667 ),
 ( #898, #5291 ),
 ( #1526, #5914 ),
 ( #2171, #6537 ),
 ( #2808, #7158 ),
 ( #3421, #7796 ),
 ( #4050, #296 ),
 ( #4696, #934 ),
 ( #5314, #1551 ) ),
 .UNSPECIFIED., .F., .F., .F.,
 ( 4, 1, 1, 1, 1, 1, 1, 1, 4 ),
 ( 2, 2 ),
 ( 0.0000000000000000000, 0.1357972978382951700, 0.2669378522902048400, 0.3940039505581440800, 0.5180457016495676500, 0.6397203803436556400, 0.7599497871323064300, 0.8796891059801712500, 1.000000000000000000 ),
 ( 0.0000000000000000000, 1.000000000000000000 ),
 .UNSPECIFIED. ) ;
#7397 = VERTEX_POINT ( 'NONE', #5319 ) ;
#7398 = ADVANCED_FACE ( 'NONE', ( #5837 ), #1554, .T. ) ;
#7399 = CARTESIAN_POINT ( 'NONE',  ( 0.5231969994938883200, 4.199999999999997500, -2.790259080370737400 ) ) ;
#7400 = CARTESIAN_POINT ( 'NONE',  ( 1.535982665675050800, 4.200000000000000200, -1.775970964522766400 ) ) ;
#7402 = ORIENTED_EDGE ( 'NONE', *, *, #2544, .F. ) ;
#7401 = CARTESIAN_POINT ( 'NONE',  ( 0.4247162520794471900, 4.210000000000000900, -2.269529278324566400 ) ) ;
#7404 = CARTESIAN_POINT ( 'NONE',  ( 1.956551717935305800, 4.199999999999994800, -2.421538591384277500 ) ) ;
#7403 = CARTESIAN_POINT ( 'NONE',  ( 0.5086563611817143100, 4.199999999999996600, -2.730772877619206200 ) ) ;
#7405 = VECTOR ( 'NONE', #2201, 1000.000000000000000 ) ;
#7406 = B_SPLINE_SURFACE_WITH_KNOTS ( 'NONE', 3, 1, ( 
 ( #2792, #4562 ),
 ( #6437, #7143 ),
 ( #3414, #7783 ),
 ( #4033, #287 ),
 ( #4683, #917 ),
 ( #5302, #1542 ),
 ( #5927, #2187 ),
 ( #6548, #2823 ),
 ( #7174, #3435 ),
 ( #7808, #4064 ),
 ( #311, #4707 ),
 ( #948, #5331 ),
 ( #1561, #5958 ),
 ( #2217, #6571 ),
 ( #2847, #7204 ),
 ( #3465, #7830 ),
 ( #4095, #338 ),
 ( #4733, #967 ),
 ( #5359, #1595 ) ),
 .UNSPECIFIED., .F., .F., .F.,
 ( 4, 1, 1, 1, 1, 1, 1, 1, 1, 1, 1, 1, 1, 1, 1, 1, 4 ),
 ( 2, 2 ),
 ( 0.0000000000000000000, 0.06900190557697416500, 0.1353901803741401600, 0.1990763325822255700, 0.2604687213329854900, 0.3207506857716184700, 0.3802267984512318100, 0.4391696627835219900, 0.4979505958638846300, 0.5571194194312872900, 0.6165053180176609500, 0.6757003131283846300, 0.7363664626164160300, 0.7986700447063674900, 0.8631075722089837100, 0.9301281475716090000, 1.000000000000000000 ),
 ( 0.0000000000000000000, 1.000000000000000000 ),
 .UNSPECIFIED. ) ;
#7407 = CARTESIAN_POINT ( 'NONE',  ( 0.1583084046212128200, 4.209999999999997300, -2.429916737064032900 ) ) ;
#7408 = CARTESIAN_POINT ( 'NONE',  ( 1.784194049938866000, 4.209999999999994600, -2.350000209239476500 ) ) ;
#7409 = ORIENTED_EDGE ( 'NONE', *, *, #6470, .F. ) ;
#7410 = CARTESIAN_POINT ( 'NONE',  ( 0.0000000000000000000, 0.0000000000000000000, -4.500000000000000000 ) ) ;
#7411 = CARTESIAN_POINT ( 'NONE',  ( 0.4379475917260602400, 4.200000000000002800, -2.404332993193623900 ) ) ;
#7412 = CARTESIAN_POINT ( 'NONE',  ( 0.8638071256996938700, 4.209999999999996400, -2.672488415553931200 ) ) ;
#7413 = EDGE_CURVE ( 'NONE', #2083, #6679, #822, .T. ) ;
#7414 = ORIENTED_EDGE ( 'NONE', *, *, #5340, .F. ) ;
#7415 = CARTESIAN_POINT ( 'NONE',  ( -2.491376048490874200, 4.199999999999993100, -1.847397235182750600 ) ) ;
#7416 = B_SPLINE_SURFACE_WITH_KNOTS ( 'NONE', 3, 1, ( 
 ( #2856, #7841 ),
 ( #4103, #354 ),
 ( #4748, #978 ),
 ( #5373, #1608 ),
 ( #5989, #2253 ),
 ( #6614, #2891 ),
 ( #7236, #3506 ),
 ( #7871, #4128 ),
 ( #379, #4779 ),
 ( #1005, #5392 ),
 ( #1634, #6016 ),
 ( #2276, #6642 ),
 ( #2921, #7265 ),
 ( #3524, #7902 ),
 ( #4158, #404 ),
 ( #4799, #1035 ),
 ( #5422, #1653 ),
 ( #6045, #2312 ),
 ( #6663, #2945 ) ),
 .UNSPECIFIED., .F., .F., .F.,
 ( 4, 1, 1, 1, 1, 1, 1, 1, 1, 1, 1, 1, 1, 1, 1, 1, 4 ),
 ( 2, 2 ),
 ( 0.0000000000000000000, 0.04062594505535559900, 0.08074268177567574300, 0.1202493485955121700, 0.1601418845816096300, 0.2012495002726210300, 0.2438365504311357800, 0.2890769514741533500, 0.3368151668676508900, 0.3893970494154957400, 0.4495714949813352000, 0.5177713207267771200, 0.5950508774840316300, 0.6818532553673900500, 0.7778619156903522300, 0.8839043124221609400, 1.000000000000000000 ),
 ( 0.0000000000000000000, 1.000000000000000000 ),
 .UNSPECIFIED. ) ;
#7417 = LINE ( 'NONE', #6799, #1149 ) ;
#7418 = CARTESIAN_POINT ( 'NONE',  ( 0.2715936612929004100, 4.209999999999998200, -2.543696002785966700 ) ) ;
#7419 = CARTESIAN_POINT ( 'NONE',  ( 1.725962199835914900, 4.209999999999996400, -2.155301679598681000 ) ) ;
#7420 = CARTESIAN_POINT ( 'NONE',  ( 1.967882192991852900, 4.199999999999998400, -2.148540454668303100 ) ) ;
#7421 = CARTESIAN_POINT ( 'NONE',  ( -0.2739111124488474200, 4.199999999999998400, -2.387758221143189400 ) ) ;
#7422 = PLANE ( 'NONE',  #150 ) ;
#7423 = CARTESIAN_POINT ( 'NONE',  ( 2.462159187884391800, 4.209999999999995500, -1.521634558441018500 ) ) ;
#7424 = CARTESIAN_POINT ( 'NONE',  ( -2.012530775269971300, 4.200000000000000200, -1.115637644150285300 ) ) ;
#7425 = EDGE_CURVE ( 'NONE', #7568, #1490, #7097, .T. ) ;
#7426 = CARTESIAN_POINT ( 'NONE',  ( 0.9280635949550879400, 4.209999999999999100, -2.156489875525150300 ) ) ;
#7427 = CARTESIAN_POINT ( 'NONE',  ( 0.5187973447683024200, 4.199999999999996600, -2.888419828715338900 ) ) ;
#7428 = CARTESIAN_POINT ( 'NONE',  ( 1.652803242712205500, 4.209999999999998200, -1.767833469511150600 ) ) ;
#7429 = EDGE_CURVE ( 'NONE', #4079, #2983, #2320, .T. ) ;
#7430 = CARTESIAN_POINT ( 'NONE',  ( -0.2632585174752081200, 4.199999999999998400, -2.703124474039411100 ) ) ;
#7431 = B_SPLINE_SURFACE_WITH_KNOTS ( 'NONE', 3, 1, ( 
 ( #6967, #1964 ),
 ( #3857, #100 ),
 ( #4489, #731 ),
 ( #5122, #1353 ),
 ( #5751, #1999 ),
 ( #6362, #2636 ),
 ( #6995, #3257 ),
 ( #7628, #3888 ),
 ( #129, #4512 ),
 ( #760, #5152 ),
 ( #1378, #5775 ),
 ( #2030, #6392 ),
 ( #2657, #7023 ),
 ( #3291, #7653 ),
 ( #3910, #161 ),
 ( #4544, #785 ),
 ( #5181, #1408 ),
 ( #5803, #2054 ),
 ( #6420, #2686 ) ),
 .UNSPECIFIED., .F., .F., .F.,
 ( 4, 1, 1, 1, 1, 1, 1, 1, 1, 1, 1, 1, 1, 1, 1, 1, 4 ),
 ( 2, 2 ),
 ( 0.0000000000000000000, 0.07183333040159194100, 0.1403548503741583700, 0.2060808093494390400, 0.2698930596352272500, 0.3324484479574265600, 0.3935294913853005200, 0.4548722591383548800, 0.5167809832062212300, 0.5781487378310863300, 0.6379616650425963300, 0.6968563554205804400, 0.7554182125934735300, 0.8144377185619488000, 0.8743837797544137300, 0.9362057708529472100, 1.000000000000000000 ),
 ( 0.0000000000000000000, 1.000000000000000000 ),
 .UNSPECIFIED. ) ;
#7432 = CARTESIAN_POINT ( 'NONE',  ( -2.442060331937774300, 4.209999999999997300, -1.154635558515877800 ) ) ;
#7433 = AXIS2_PLACEMENT_3D ( 'NONE', #1385, #5781, #2035 ) ;
#7434 = CARTESIAN_POINT ( 'NONE',  ( 0.5066932206918158800, 4.209999999999997300, -2.589821401949825100 ) ) ;
#7435 = CARTESIAN_POINT ( 'NONE',  ( 0.9590224457919872500, 4.199999999999997500, -2.804523216977127500 ) ) ;
#7436 = ADVANCED_FACE ( 'NONE', ( #441 ), #7193, .T. ) ;
#7437 = B_SPLINE_CURVE_WITH_KNOTS ( 'NONE', 3,
 ( #5580, #3688, #6198, #2464, #6821, #3094, #7454, #3712, #8080, #4338, #581, #4985, #1217, #5602, #1841, #6225, #2491, #6838, #3117 ),
 .UNSPECIFIED., .F., .F.,
 ( 4, 1, 1, 1, 1, 1, 1, 1, 1, 1, 1, 1, 1, 1, 1, 1, 4 ),
 ( 0.0000000000000000000, 0.06502878505460510400, 0.1282542436972556300, 0.1890916120526820500, 0.2489151292941125200, 0.3085306012157372800, 0.3681353845721654400, 0.4281503035309139300, 0.4902368379143696700, 0.5525436197393768200, 0.6132919027925199900, 0.6748373115935560900, 0.7360245179337260300, 0.7994662701968359200, 0.8637213155096618000, 0.9303949442984033000, 1.000000000000000000 ),
 .UNSPECIFIED. ) ;
#7438 = CARTESIAN_POINT ( 'NONE',  ( 0.08477364732199355000, 4.209999999999996400, -2.788311712438162900 ) ) ;
#7439 = CARTESIAN_POINT ( 'NONE',  ( 1.728078362250164800, 4.209999999999996400, -2.153077275518315400 ) ) ;
#7440 = CARTESIAN_POINT ( 'NONE',  ( -0.1427843243809575100, 4.209999999999996400, -2.601286597199829100 ) ) ;
#7441 = EDGE_LOOP ( 'NONE', ( #2715, #2388, #6813, #5110 ) ) ;
#7442 = CARTESIAN_POINT ( 'NONE',  ( 1.992009957852893100, 4.209999999999996400, -2.234227038269928300 ) ) ;
#7443 = CARTESIAN_POINT ( 'NONE',  ( -0.2482238024695674100, 4.209999999999996400, -2.593628961493194700 ) ) ;
#7444 = CARTESIAN_POINT ( 'NONE',  ( 0.5083637379351044800, 4.209999999999997300, -2.600341263087320200 ) ) ;
#7445 = CARTESIAN_POINT ( 'NONE',  ( 2.532122059738926900, 4.199999999999996600, -1.617676347124372500 ) ) ;
#7446 = VERTEX_POINT ( 'NONE', #384 ) ;
#7447 = CARTESIAN_POINT ( 'NONE',  ( -1.378930517360572800, 4.200000000000000200, -1.806518127862378800 ) ) ;
#7448 = CARTESIAN_POINT ( 'NONE',  ( 0.4504452757454178200, 4.209999999999994600, -2.982654337980969600 ) ) ;
#7449 = CARTESIAN_POINT ( 'NONE',  ( 1.734230941236550400, 4.199999999999999300, -1.819414894004042000 ) ) ;
#7450 = ORIENTED_EDGE ( 'NONE', *, *, #599, .T. ) ;
#7452 = CARTESIAN_POINT ( 'NONE',  ( 0.7490848037528805600, 4.209999999999998200, -2.303488567046228400 ) ) ;
#7451 = CARTESIAN_POINT ( 'NONE',  ( -0.4311747980709432800, 4.199999999999995700, -3.000037908853487000 ) ) ;
#7453 = VERTEX_POINT ( 'NONE', #2896 ) ;
#7454 = CARTESIAN_POINT ( 'NONE',  ( 1.989523303738274000, 4.199999999999994000, -2.195597970629282500 ) ) ;
#7455 = EDGE_CURVE ( 'NONE', #992, #2092, #632, .T. ) ;
#7456 = CARTESIAN_POINT ( 'NONE',  ( 0.1016933436184559300, 4.199999999999997500, -2.906179450254194200 ) ) ;
#7457 = EDGE_CURVE ( 'NONE', #586, #7563, #7495, .T. ) ;
#7458 = ORIENTED_EDGE ( 'NONE', *, *, #4642, .F. ) ;
#7459 = CC_DESIGN_PERSON_AND_ORGANIZATION_ASSIGNMENT ( #238, #5281, ( #5792 ) ) ;
#7460 = PLANE ( 'NONE',  #6798 ) ;
#7461 = FACE_OUTER_BOUND ( 'NONE', #2219, .T. ) ;
#7462 = CARTESIAN_POINT ( 'NONE',  ( 1.082788941626448500, 4.209999999999995500, -2.880061387666420300 ) ) ;
#7463 = ORIENTED_EDGE ( 'NONE', *, *, #6321, .F. ) ;
#7464 = CARTESIAN_POINT ( 'NONE',  ( 1.398893427477958300, 4.210000000000000000, -1.777419930524752700 ) ) ;
#7465 = CARTESIAN_POINT ( 'NONE',  ( -2.640959259883963700, 4.209999999999996400, -1.401864198464332100 ) ) ;
#7466 = EDGE_LOOP ( 'NONE', ( #2586, #7344, #6374, #6300 ) ) ;
#7467 = CARTESIAN_POINT ( 'NONE',  ( 1.905632910533489500, 4.209999999999994600, -2.350924308036748600 ) ) ;
#7468 = VERTEX_POINT ( 'NONE', #2969 ) ;
#7469 = CARTESIAN_POINT ( 'NONE',  ( -0.1514472676996570200, 4.200000000000000200, -2.438741230074618300 ) ) ;
#7470 = B_SPLINE_SURFACE_WITH_KNOTS ( 'NONE', 3, 1, ( 
 ( #2286, #4787 ),
 ( #2930, #7274 ),
 ( #3532, #7907 ),
 ( #4167, #411 ),
 ( #4807, #1043 ),
 ( #5430, #1658 ),
 ( #6053, #2321 ),
 ( #6671, #2951 ),
 ( #7306, #3561 ),
 ( #7929, #4191 ),
 ( #442, #4831 ) ),
 .UNSPECIFIED., .F., .F., .F.,
 ( 4, 1, 1, 1, 1, 1, 1, 1, 4 ),
 ( 2, 2 ),
 ( 0.0000000000000000000, 0.1297135968236771400, 0.2549118440453550000, 0.3761464763140289800, 0.4951384784998824600, 0.6158378850883005100, 0.7392614576808846900, 0.8667122898488374100, 1.000000000000000000 ),
 ( 0.0000000000000000000, 1.000000000000000000 ),
 .UNSPECIFIED. ) ;
#7471 = CIRCLE ( 'NONE', #1823, 4.500000000000000000 ) ;
#7472 = CARTESIAN_POINT ( 'NONE',  ( 1.961411532224362800, 4.199999999999997500, -2.306775558986417600 ) ) ;
#7473 = CARTESIAN_POINT ( 'NONE',  ( 1.207297651319037200, 4.209999999999996400, -2.786312424895355900 ) ) ;
#7474 = EDGE_CURVE ( 'NONE', #3645, #6483, #6043, .T. ) ;
#7475 = VERTEX_POINT ( 'NONE', #6645 ) ;
#7476 = LINE ( 'NONE', #7548, #5826 ) ;
#7477 = DIRECTION ( 'NONE',  ( 0.0000000000000000000, -1.000000000000000000, 0.0000000000000000000 ) ) ;
#7478 = DIRECTION ( 'NONE',  ( -0.0000000000000000000, -1.000000000000000000, -0.0000000000000000000 ) ) ;
#7479 = CARTESIAN_POINT ( 'NONE',  ( 0.2965739208513714100, 4.209999999999999100, -2.539572827766199300 ) ) ;
#7481 = CARTESIAN_POINT ( 'NONE',  ( 0.8115374790748499700, 4.199999999999999300, -2.561824974208463300 ) ) ;
#7480 = DIRECTION ( 'NONE',  ( -1.000000000000000000, -0.0000000000000000000, 3.471962430397089600E-014 ) ) ;
#7482 = APPROVAL_PERSON_ORGANIZATION ( #1020, #4109, #3386 ) ;
#7483 = VERTEX_POINT ( 'NONE', #3001 ) ;
#7484 = B_SPLINE_SURFACE_WITH_KNOTS ( 'NONE', 3, 1, ( 
 ( #6073, #6646 ),
 ( #3512, #2349 ),
 ( #6703, #2972 ),
 ( #7329, #3589 ),
 ( #7957, #4210 ) ),
 .UNSPECIFIED., .F., .F., .F.,
 ( 4, 1, 4 ),
 ( 2, 2 ),
 ( 0.0000000000000000000, 0.5570145461482607400, 1.000000000000000000 ),
 ( 0.0000000000000000000, 1.000000000000000000 ),
 .UNSPECIFIED. ) ;
#7485 = CARTESIAN_POINT ( 'NONE',  ( 1.769729126411316400, 4.210000000000000000, -1.442441349587346000 ) ) ;
#7486 = CARTESIAN_POINT ( 'NONE',  ( 0.3634308325258258600, 4.199999999999994000, -3.093650808694523100 ) ) ;
#7487 = FACE_OUTER_BOUND ( 'NONE', #2290, .T. ) ;
#7488 = FACE_OUTER_BOUND ( 'NONE', #6586, .T. ) ;
#7489 = CARTESIAN_POINT ( 'NONE',  ( 0.09562184269871348800, 4.200000000000000200, 3.549121319842145200 ) ) ;
#7490 = CARTESIAN_POINT ( 'NONE',  ( 1.201179830625926900, 4.199999999999994000, -2.879405257175930100 ) ) ;
#7491 = CARTESIAN_POINT ( 'NONE',  ( 1.339824476218010700, 4.200000000000000200, -1.909975364466975500 ) ) ;
#7492 = LINE ( 'NONE', #1051, #5841 ) ;
#7493 = CARTESIAN_POINT ( 'NONE',  ( -2.652063500668720800, 4.199999999999994800, -1.563321981098345900 ) ) ;
#7494 = CARTESIAN_POINT ( 'NONE',  ( 0.5240989807234184300, 4.199999999999996600, -2.797429554000944400 ) ) ;
#7495 = B_SPLINE_CURVE_WITH_KNOTS ( 'NONE', 3,
 ( #1011, #4784, #2928, #7272, #3529, #7906, #4163, #409, #4805, #1041, #5428, #1657, #6051, #2318, #6669, #2949, #7303, #3559, #7928, #4190, #438, #4829, #1064, #5456, #1690, #6072, #2347 ),
 .UNSPECIFIED., .F., .F.,
 ( 4, 1, 1, 1, 1, 1, 1, 1, 1, 1, 1, 1, 1, 1, 1, 1, 1, 1, 1, 1, 1, 1, 1, 1, 4 ),
 ( 0.0000000000000000000, 0.06312121626318729900, 0.1232218411014442800, 0.1801877388904585300, 0.2342650096820278200, 0.2853347919833242300, 0.3334718717297967000, 0.3790055450136901600, 0.4220802962257853000, 0.4628966662304246900, 0.5021682488009580100, 0.5403319073795354000, 0.5769959865955812700, 0.6128412110071829200, 0.6478845264167398800, 0.6824455857405854500, 0.7163919452961174900, 0.7501231628561229000, 0.7837961729222674400, 0.8177129831763427800, 0.8519572525038725500, 0.8872348993328499400, 0.9233527241420364000, 0.9610393541587630700, 1.000000000000000000 ),
 .UNSPECIFIED. ) ;
#7496 = CARTESIAN_POINT ( 'NONE',  ( 1.731953855974032200, 4.209999999999995500, -2.315858492942458800 ) ) ;
#7497 = CARTESIAN_POINT ( 'NONE',  ( -0.2146882308037241800, 4.209999999999999100, -2.307438722222033600 ) ) ;
#7498 = LINE ( 'NONE', #5900, #5843 ) ;
#7499 = PLANE ( 'NONE',  #1900 ) ;
#7500 = CARTESIAN_POINT ( 'NONE',  ( 1.078761923710187100, 4.209999999999994600, -2.776383909970204600 ) ) ;
#7501 = CARTESIAN_POINT ( 'NONE',  ( 0.2858612049991552900, 4.209999999999997300, -2.640147174140648400 ) ) ;
#7502 = ORIENTED_EDGE ( 'NONE', *, *, #5120, .F. ) ;
#7503 = CARTESIAN_POINT ( 'NONE',  ( 0.9832331607811668500, 4.210000000000000900, -2.142172534853542800 ) ) ;
#7504 = VECTOR ( 'NONE', #4099, 1000.000000000000000 ) ;
#7505 = CARTESIAN_POINT ( 'NONE',  ( -2.270662012518196000, 4.199999999999996600, -1.196609107534056800 ) ) ;
#7506 = DIRECTION ( 'NONE',  ( -0.6028149086084080300, 0.0000000000000000000, 0.7978810600330331600 ) ) ;
#7507 = CARTESIAN_POINT ( 'NONE',  ( 0.1839788579632599400, 4.199999999999997500, -2.585258023278301600 ) ) ;
#7509 = CARTESIAN_POINT ( 'NONE',  ( 0.4241952710351655200, 4.199999999999998400, -2.385865826048846600 ) ) ;
#7508 = CARTESIAN_POINT ( 'NONE',  ( 1.126225076529447900, 4.199999999999997500, -2.795894830616883400 ) ) ;
#7510 = ORIENTED_EDGE ( 'NONE', *, *, #7151, .T. ) ;
#7511 = AXIS2_PLACEMENT_3D ( 'NONE', #2734, #7093, #3349 ) ;
#7512 = DIRECTION ( 'NONE',  ( 0.0000000000000000000, -1.000000000000000000, 0.0000000000000000000 ) ) ;
#7513 = EDGE_LOOP ( 'NONE', ( #4451, #7554, #6278, #658 ) ) ;
#7514 = B_SPLINE_CURVE_WITH_KNOTS ( 'NONE', 3,
 ( #6502, #7759, #2195, #6552, #2828, #7178, #3441, #7814, #4071, #317, #4713, #953, #5337, #1567, #5963, #2225, #6580, #2852, #7211 ),
 .UNSPECIFIED., .F., .F.,
 ( 4, 1, 1, 1, 1, 1, 1, 1, 1, 1, 1, 1, 1, 1, 1, 1, 4 ),
 ( 0.0000000000000000000, 0.06168161246580999800, 0.1212104701624424500, 0.1800481171731447800, 0.2378669408911875700, 0.2956377030086456100, 0.3539926892929226000, 0.4138810282916968700, 0.4759218590439695500, 0.5386320203745023100, 0.6005818831132019300, 0.6627325123343432700, 0.7260969653921507400, 0.7905871957084469300, 0.8575377940488762000, 0.9274093633917608300, 1.000000000000000000 ),
 .UNSPECIFIED. ) ;
#7515 = CARTESIAN_POINT ( 'NONE',  ( 0.2452528332428030000, 4.199999999999999300, -2.667384554961790500 ) ) ;
#7516 = CARTESIAN_POINT ( 'NONE',  ( -2.238140041234804000, 4.209999999999995500, -1.808692459799608600 ) ) ;
#7517 = CARTESIAN_POINT ( 'NONE',  ( -0.5895684956970883600, 4.209999999999993700, -2.915788700259440300 ) ) ;
#7518 = CARTESIAN_POINT ( 'NONE',  ( 1.738276070434710400, 4.209999999999998200, -1.823969762679101600 ) ) ;
#7519 = CARTESIAN_POINT ( 'NONE',  ( 0.1052389303636840100, 4.210000000000000000, -2.320505584062974200 ) ) ;
#7520 = CARTESIAN_POINT ( 'NONE',  ( 1.374692936324456900, 4.209999999999997300, -2.072648298322780300 ) ) ;
#7521 = CARTESIAN_POINT ( 'NONE',  ( -2.580640234351045100, 4.209999999999993700, -1.741468339376027100 ) ) ;
#7522 = CARTESIAN_POINT ( 'NONE',  ( 0.4633527629853357900, 4.199999999999995700, -2.973464422322784200 ) ) ;
#7523 = CARTESIAN_POINT ( 'NONE',  ( -0.2604746350388773000, 4.200000000000002800, -2.686669724441917800 ) ) ;
#7524 = CARTESIAN_POINT ( 'NONE',  ( -0.4237519128475037400, 4.199999999999999300, -2.319364657588614400 ) ) ;
#7525 = CARTESIAN_POINT ( 'NONE',  ( -0.3155419829163184600, 4.200000000000000200, -2.243855908561630300 ) ) ;
#7526 = CARTESIAN_POINT ( 'NONE',  ( 0.9770079263719087000, 4.209999999999997300, -2.658881501895157500 ) ) ;
#7527 = CARTESIAN_POINT ( 'NONE',  ( -0.5873019970581451200, 4.210000000000000000, -2.315042083438457500 ) ) ;
#7528 = CARTESIAN_POINT ( 'NONE',  ( 1.218374260780163800, 4.209999999999997300, -2.387708381918651800 ) ) ;
#7529 = EDGE_CURVE ( 'NONE', #1013, #6096, #2116, .T. ) ;
#7530 = CARTESIAN_POINT ( 'NONE',  ( -2.123874737298384400, 4.209999999999999100, -1.185010285485403200 ) ) ;
#7531 = CARTESIAN_POINT ( 'NONE',  ( 0.3253305105843878900, 4.199999999999996600, -2.999452600254090700 ) ) ;
#7532 = CARTESIAN_POINT ( 'NONE',  ( 0.09093212589731045100, 4.209999999999996400, -2.733849075702857500 ) ) ;
#7533 = DIRECTION ( 'NONE',  ( 0.0000000000000000000, -1.000000000000000000, 0.0000000000000000000 ) ) ;
#7534 = CARTESIAN_POINT ( 'NONE',  ( 1.839252504709287400, 4.199999999999997500, -2.013358490310634100 ) ) ;
#7535 = VERTEX_POINT ( 'NONE', #7986 ) ;
#7536 = CARTESIAN_POINT ( 'NONE',  ( 0.3344991161668204900, 4.209999999999997300, -2.626347018976710000 ) ) ;
#7537 = CARTESIAN_POINT ( 'NONE',  ( -2.389541937831865900, 4.199999999999994800, -1.796603510637217600 ) ) ;
#7538 = DIRECTION ( 'NONE',  ( -0.5341282171938834800, 0.0000000000000000000, -0.8454034821298547200 ) ) ;
#7539 = B_SPLINE_CURVE_WITH_KNOTS ( 'NONE', 3,
 ( #4914, #518, #6773, #3052, #7415, #5812, #7810, #4067, #313, #4708, #950, #5333, #1562, #5959, #2221, #6574, #2849, #7206, #3468 ),
 .UNSPECIFIED., .F., .F.,
 ( 4, 1, 1, 1, 1, 1, 1, 1, 1, 1, 1, 1, 1, 1, 1, 1, 4 ),
 ( 0.0000000000000000000, 0.09568540698673762300, 0.1877839358068813500, 0.2764190188752765900, 0.3625983164093154500, 0.4045652530541014600, 0.4453724796559169800, 0.4848900224346198700, 0.5235945459873191400, 0.5612674148071582500, 0.5984988589817978900, 0.6350198624567731100, 0.6714330127941243700, 0.7456789357917291700, 0.8249145092954272000, 0.9089753627987340300, 1.000000000000000000 ),
 .UNSPECIFIED. ) ;
#7540 = ORIENTED_EDGE ( 'NONE', *, *, #6168, .F. ) ;
#7541 = AXIS2_PLACEMENT_3D ( 'NONE', #4135, #385, #4785 ) ;
#7542 = DIRECTION ( 'NONE',  ( -0.8330462953678307000, 0.0000000000000000000, -0.5532032806970083000 ) ) ;
#7543 = CARTESIAN_POINT ( 'NONE',  ( 1.754492221579219600, 4.209999999999996400, -2.017808203212123600 ) ) ;
#7544 = CARTESIAN_POINT ( 'NONE',  ( 1.867319729617661100, 4.199999999999994800, -2.362841552190960500 ) ) ;
#7545 = VERTEX_POINT ( 'NONE', #3587 ) ;
#7546 = DIRECTION ( 'NONE',  ( 0.0000000000000000000, -1.000000000000000000, 0.0000000000000000000 ) ) ;
#7547 = CARTESIAN_POINT ( 'NONE',  ( -0.3684733405661210800, 4.210000000000000000, -2.232619270698332300 ) ) ;
#7548 = CARTESIAN_POINT ( 'NONE',  ( 0.09562184269871375200, 4.210000000000000000, 2.457585878761416000 ) ) ;
#7549 = CARTESIAN_POINT ( 'NONE',  ( 0.5983311005661222600, 4.199999999999998400, -2.538573399191970600 ) ) ;
#7550 = CARTESIAN_POINT ( 'NONE',  ( 1.398893427477958300, 4.200000000000000200, -1.777419930524752700 ) ) ;
#7551 = EDGE_LOOP ( 'NONE', ( #1668, #7674, #7646, #8050 ) ) ;
#7552 = CARTESIAN_POINT ( 'NONE',  ( 0.7797289950885016900, 4.200000000000000200, -2.477438924375130500 ) ) ;
#7553 = CARTESIAN_POINT ( 'NONE',  ( 5.510910596163089600E-016, -0.2999999999999999900, 2.000000000000000000 ) ) ;
#7554 = ORIENTED_EDGE ( 'NONE', *, *, #3691, .F. ) ;
#7555 = DIRECTION ( 'NONE',  ( 1.415605001776727500E-013, 1.000000000000000000, -3.165432106697630500E-014 ) ) ;
#7556 = FACE_OUTER_BOUND ( 'NONE', #7651, .T. ) ;
#7557 = ORIENTED_EDGE ( 'NONE', *, *, #3703, .T. ) ;
#7558 = CARTESIAN_POINT ( 'NONE',  ( 0.2268589757531660800, 4.209999999999995500, -2.923672219165010400 ) ) ;
#7559 = CARTESIAN_POINT ( 'NONE',  ( 0.8993953931495561900, 4.210000000000000000, -2.075994053156168000 ) ) ;
#7561 = CARTESIAN_POINT ( 'NONE',  ( 1.293679965146641700, 4.209999999999995500, -2.626432820777131900 ) ) ;
#7560 = DIRECTION ( 'NONE',  ( -0.5336263558811844600, 0.0000000000000000000, -0.8457203511261671700 ) ) ;
#7562 = ORIENTED_EDGE ( 'NONE', *, *, #400, .F. ) ;
#7563 = VERTEX_POINT ( 'NONE', #4239 ) ;
#7564 = CARTESIAN_POINT ( 'NONE',  ( 0.5360400538153617900, 4.209999999999998200, -2.377327568421859100 ) ) ;
#7565 = B_SPLINE_SURFACE_WITH_KNOTS ( 'NONE', 3, 1, ( 
 ( #7500, #3749 ),
 ( #4379, #628 ),
 ( #5017, #1256 ),
 ( #5647, #1885 ),
 ( #6259, #2533 ),
 ( #6885, #3153 ),
 ( #7526, #3780 ),
 ( #30, #4403 ),
 ( #660, #5052 ),
 ( #1280, #5670 ),
 ( #1920, #6288 ) ),
 .UNSPECIFIED., .F., .F., .F.,
 ( 4, 1, 1, 1, 1, 1, 1, 1, 4 ),
 ( 2, 2 ),
 ( 0.0000000000000000000, 0.08437013078946852000, 0.1785553661703812900, 0.2838476293863111400, 0.4009533469081068600, 0.5308301436973389400, 0.6736898291548725200, 0.8300581566958548100, 1.000000000000000000 ),
 ( 0.0000000000000000000, 1.000000000000000000 ),
 .UNSPECIFIED. ) ;
#7566 = LINE ( 'NONE', #1130, #2581 ) ;
#7567 = EDGE_CURVE ( 'NONE', #5019, #2791, #4594, .T. ) ;
#7568 = VERTEX_POINT ( 'NONE', #1745 ) ;
#7569 = CARTESIAN_POINT ( 'NONE',  ( 0.1552090306687686200, 4.200000000000000200, -2.444940817754241500 ) ) ;
#7570 = ORIENTED_EDGE ( 'NONE', *, *, #3238, .F. ) ;
#7571 = DIRECTION ( 'NONE',  ( -0.0000000000000000000, 1.000000000000000000, -0.0000000000000000000 ) ) ;
#7572 = VERTEX_POINT ( 'NONE', #6022 ) ;
#7573 = CARTESIAN_POINT ( 'NONE',  ( 2.532122059738926900, 4.199999999999996600, -1.617676347124372500 ) ) ;
#7574 = CARTESIAN_POINT ( 'NONE',  ( 1.816886535476440100, 4.199999999999998400, -1.747451718264512400 ) ) ;
#7575 = CARTESIAN_POINT ( 'NONE',  ( 1.370697141302648700, 4.199999999999995700, -2.742816001486212900 ) ) ;
#7576 = FACE_OUTER_BOUND ( 'NONE', #727, .T. ) ;
#7577 = CARTESIAN_POINT ( 'NONE',  ( 1.282890414001667900, 4.199999999999996600, -2.564949980094142700 ) ) ;
#7578 = CARTESIAN_POINT ( 'NONE',  ( -0.5188265279740969000, 4.200000000000001100, -2.257906132778587000 ) ) ;
#7579 = CARTESIAN_POINT ( 'NONE',  ( -2.135578763054032200, 4.209999999999997300, -1.458885405592517100 ) ) ;
#7580 = CARTESIAN_POINT ( 'NONE',  ( 0.4247162520794471900, 4.200000000000001100, -2.269529278324566400 ) ) ;
#7581 = CARTESIAN_POINT ( 'NONE',  ( 1.374692936324456900, 4.199999999999998400, -2.072648298322780300 ) ) ;
#7582 = VERTEX_POINT ( 'NONE', #6161 ) ;
#7583 = CARTESIAN_POINT ( 'NONE',  ( -0.4019837913365279500, 4.200000000000000200, -3.086251109386751500 ) ) ;
#7584 = CARTESIAN_POINT ( 'NONE',  ( 1.698954572812348500, 4.200000000000002000, -1.788555629962682100 ) ) ;
#7585 = EDGE_CURVE ( 'NONE', #4971, #3546, #3575, .T. ) ;
#7586 = FACE_OUTER_BOUND ( 'NONE', #6850, .T. ) ;
#7587 = CARTESIAN_POINT ( 'NONE',  ( -2.605429291118283300, 4.199999999999996600, -1.324387981980306400 ) ) ;
#7588 = CARTESIAN_POINT ( 'NONE',  ( -1.867230042759281800, 4.209999999999999100, -1.578496286359052400 ) ) ;
#7589 = VECTOR ( 'NONE', #2916, 1000.000000000000000 ) ;
#7590 = VERTEX_POINT ( 'NONE', #6776 ) ;
#7591 = CARTESIAN_POINT ( 'NONE',  ( 0.1937586722407250700, 4.199999999999997500, -2.828608813603745700 ) ) ;
#7592 = CARTESIAN_POINT ( 'NONE',  ( 0.8973174201687469400, 4.199999999999998400, -2.492686316244220100 ) ) ;
#7593 = CIRCLE ( 'NONE', #2462, 3.799999999999999400 ) ;
#7594 = CARTESIAN_POINT ( 'NONE',  ( 1.261606130011495800, 4.199999999999995700, -2.744286043443577000 ) ) ;
#7595 = CARTESIAN_POINT ( 'NONE',  ( 0.3019239391457745900, 4.210000000000000000, -2.239559977149358200 ) ) ;
#7596 = LINE ( 'NONE', #5787, #7394 ) ;
#7597 = AXIS2_PLACEMENT_3D ( 'NONE', #212, #4600, #841 ) ;
#7598 = CARTESIAN_POINT ( 'NONE',  ( 1.822926711129128100, 4.209999999999998200, -1.754154402352990700 ) ) ;
#7599 = ORIENTED_EDGE ( 'NONE', *, *, #118, .F. ) ;
#7600 = CARTESIAN_POINT ( 'NONE',  ( -0.3111373992773836000, 4.209999999999994600, -2.886100196733467600 ) ) ;
#7601 = CARTESIAN_POINT ( 'NONE',  ( -0.1532133554838054100, 4.199999999999998400, -2.691667263152486700 ) ) ;
#7602 = CARTESIAN_POINT ( 'NONE',  ( 1.612866926461451900, 4.200000000000000200, -1.664763241612583300 ) ) ;
#7603 = LINE ( 'NONE', #894, #5944 ) ;
#7604 = CARTESIAN_POINT ( 'NONE',  ( 1.334359476637978000, 4.199999999999996600, -2.387877240951263000 ) ) ;
#7605 = CARTESIAN_POINT ( 'NONE',  ( 1.207297651319037400, 4.199999999999996600, -2.786312424895356400 ) ) ;
#7606 = CARTESIAN_POINT ( 'NONE',  ( 1.506173059494961800, 4.209999999999998200, -1.793046104228119600 ) ) ;
#7607 = EDGE_LOOP ( 'NONE', ( #2185, #2089, #1125, #3842 ) ) ;
#7608 = CARTESIAN_POINT ( 'NONE',  ( 1.822926711129128100, 4.209999999999998200, -1.754154402352990700 ) ) ;
#7609 = VERTEX_POINT ( 'NONE', #2396 ) ;
#7610 = CARTESIAN_POINT ( 'NONE',  ( -0.2380245597512424300, 4.209999999999994600, -2.961533382086347600 ) ) ;
#7611 = CARTESIAN_POINT ( 'NONE',  ( -2.507670778965174700, 4.200000000000002000, -1.375064959134618900 ) ) ;
#7612 = LINE ( 'NONE', #4183, #4284 ) ;
#7613 = CARTESIAN_POINT ( 'NONE',  ( -2.619208801010836800, 4.199999999999994000, -1.671193310937402200 ) ) ;
#7614 = DIRECTION ( 'NONE',  ( -0.0000000000000000000, -1.000000000000000000, -0.0000000000000000000 ) ) ;
#7615 = ADVANCED_FACE ( 'NONE', ( #6890 ), #4943, .T. ) ;
#7616 = EDGE_CURVE ( 'NONE', #6370, #2906, #6702, .T. ) ;
#7617 = CARTESIAN_POINT ( 'NONE',  ( -2.205721033979192400, 4.209999999999998200, -1.181868311860895200 ) ) ;
#7619 = CARTESIAN_POINT ( 'NONE',  ( 0.09562184269871375200, 4.210000000000000000, 3.549121319842145200 ) ) ;
#7618 = CARTESIAN_POINT ( 'NONE',  ( 0.5086563611817143100, 4.199999999999997500, -2.730772877619206200 ) ) ;
#7620 = EDGE_CURVE ( 'NONE', #740, #519, #248, .T. ) ;
#7621 = CARTESIAN_POINT ( 'NONE',  ( -0.6105564458609116200, 4.209999999999993700, -3.039786153915769800 ) ) ;
#7622 = AXIS2_PLACEMENT_3D ( 'NONE', #44, #4417, #2359 ) ;
#7623 = CARTESIAN_POINT ( 'NONE',  ( 1.790303301302595100, 4.209999999999996400, -2.108555771154074800 ) ) ;
#7624 = CARTESIAN_POINT ( 'NONE',  ( -0.3982115210258983000, 4.199999999999999300, -2.987916647524831300 ) ) ;
#7625 = PLANE ( 'NONE',  #6236 ) ;
#7626 = CARTESIAN_POINT ( 'NONE',  ( 0.4669161170310681100, 4.209999999999993700, -3.068689744896184700 ) ) ;
#7627 = EDGE_CURVE ( 'NONE', #3546, #4971, #5056, .T. ) ;
#7628 = CARTESIAN_POINT ( 'NONE',  ( 0.1537185260269838500, 4.209999999999993700, -3.003183682371437100 ) ) ;
#7629 = PLANE ( 'NONE',  #6741 ) ;
#7630 = CARTESIAN_POINT ( 'NONE',  ( 1.712785887870324600, 4.209999999999997300, -1.798945005545551100 ) ) ;
#7631 = CARTESIAN_POINT ( 'NONE',  ( 1.717894191136535300, 4.210000000000000000, -1.679790356539260200 ) ) ;
#7632 = CARTESIAN_POINT ( 'NONE',  ( -0.1774302901260538000, 4.200000000000000200, -2.813710961465807300 ) ) ;
#7633 = CARTESIAN_POINT ( 'NONE',  ( 2.086470506652944800, 4.209999999999994600, -2.168716256509953600 ) ) ;
#7634 = CARTESIAN_POINT ( 'NONE',  ( -0.6994144877383444700, 4.199999999999998400, -2.616206984745584200 ) ) ;
#7635 = AXIS2_PLACEMENT_3D ( 'NONE', #6249, #1936, #6308 ) ;
#7636 = ORIENTED_EDGE ( 'NONE', *, *, #1068, .F. ) ;
#7637 = CARTESIAN_POINT ( 'NONE',  ( -1.930943557959538000, 4.209999999999999100, -1.324836926556301600 ) ) ;
#7639 = CARTESIAN_POINT ( 'NONE',  ( 0.9427068896358051800, 4.209999999999996400, -2.787352390266447400 ) ) ;
#7638 = PLANE ( 'NONE',  #7089 ) ;
#7640 = CARTESIAN_POINT ( 'NONE',  ( 1.908711392143421600, 4.200000000000000200, -2.099089687471863600 ) ) ;
#7641 = B_SPLINE_CURVE_WITH_KNOTS ( 'NONE', 3,
 ( #6282, #810, #3365, #7731, #3992, #244, #4629, #866, #5262, #1492, #5879, #2144, #6507, #2772, #7130, #3395, #7764, #4014, #272, #4663, #893, #5289, #1522, #5910, #2167, #6534, #2804 ),
 .UNSPECIFIED., .F., .F.,
 ( 4, 1, 1, 1, 1, 1, 1, 1, 1, 1, 1, 1, 1, 1, 1, 1, 1, 1, 1, 1, 1, 1, 1, 1, 4 ),
 ( 0.0000000000000000000, 0.03603840928290494300, 0.07137022724816198500, 0.1061623581883906500, 0.1409256453628491600, 0.1755798967340765300, 0.2101748886402475300, 0.2453424288340128000, 0.2808814129387692800, 0.3164306595283213300, 0.3521947380527800100, 0.3877119045316682100, 0.4236261086232409000, 0.4599367761271676600, 0.4968650332150764700, 0.5347429332724923400, 0.5736376153592132000, 0.6146948646795756800, 0.6586691976842121700, 0.7063258350578347500, 0.7572641007573430700, 0.8121989822690838200, 0.8710078634540126000, 0.9333653670573907000, 1.000000000000000000 ),
 .UNSPECIFIED. ) ;
#7642 = ORIENTED_EDGE ( 'NONE', *, *, #6097, .F. ) ;
#7643 = CARTESIAN_POINT ( 'NONE',  ( 1.370697141302648700, 4.209999999999994600, -2.742816001486212900 ) ) ;
#7644 = CARTESIAN_POINT ( 'NONE',  ( 0.1704806111814186100, 4.200000000000000200, -2.268785271756915000 ) ) ;
#7645 = ORIENTED_EDGE ( 'NONE', *, *, #7360, .T. ) ;
#7646 = ORIENTED_EDGE ( 'NONE', *, *, #3855, .T. ) ;
#7647 = ADVANCED_FACE ( 'NONE', ( #48 ), #4727, .T. ) ;
#7648 = DIRECTION ( 'NONE',  ( -0.3135051369038299200, 0.0000000000000000000, 0.9495865042927426100 ) ) ;
#7649 = VECTOR ( 'NONE', #7546, 1000.000000000000000 ) ;
#7650 = CARTESIAN_POINT ( 'NONE',  ( -0.2739111124488474200, 4.200000000000000200, -2.387758221143189400 ) ) ;
#7651 = EDGE_LOOP ( 'NONE', ( #4933, #949, #5230, #1563 ) ) ;
#7652 = CARTESIAN_POINT ( 'NONE',  ( 0.5611422487769850400, 4.199999999999996600, -2.997167066783656100 ) ) ;
#7653 = CARTESIAN_POINT ( 'NONE',  ( 0.2850266182780488200, 4.199999999999994800, -3.086235081186398800 ) ) ;
#7654 = CARTESIAN_POINT ( 'NONE',  ( -1.998271441623060500, 4.200000000000000200, -1.665437208856262100 ) ) ;
#7655 = CARTESIAN_POINT ( 'NONE',  ( 0.2965739208513713500, 4.200000000000001100, -2.539572827766198900 ) ) ;
#7656 = ORIENTED_EDGE ( 'NONE', *, *, #1468, .F. ) ;
#7657 = CARTESIAN_POINT ( 'NONE',  ( 1.559355588334844200, 4.199999999999999300, -1.672669998090477100 ) ) ;
#7658 = VECTOR ( 'NONE', #7542, 1000.000000000000000 ) ;
#7659 = CARTESIAN_POINT ( 'NONE',  ( 0.9163623707734742700, 4.209999999999998200, -2.537058378317630100 ) ) ;
#7660 = CARTESIAN_POINT ( 'NONE',  ( 2.653002718507156300, 4.209999999999993700, -1.616756965436710700 ) ) ;
#7661 = DIRECTION ( 'NONE',  ( -0.0000000000000000000, 1.000000000000000000, -0.0000000000000000000 ) ) ;
#7662 = VERTEX_POINT ( 'NONE', #5666 ) ;
#7663 = CARTESIAN_POINT ( 'NONE',  ( 1.754492221579219600, 4.199999999999997500, -2.017808203212123600 ) ) ;
#7664 = VERTEX_POINT ( 'NONE', #1910 ) ;
#7665 = CARTESIAN_POINT ( 'NONE',  ( 1.676514626310547900, 4.209999999999996400, -2.084781136130351400 ) ) ;
#7666 = ORIENTED_EDGE ( 'NONE', *, *, #3837, .T. ) ;
#7667 = AXIS2_PLACEMENT_3D ( 'NONE', #6633, #2908, #7251 ) ;
#7668 = VECTOR ( 'NONE', #1177, 1000.000000000000100 ) ;
#7669 = CARTESIAN_POINT ( 'NONE',  ( -2.365735711819970400, 4.209999999999995500, -1.806798525478311900 ) ) ;
#7671 = CARTESIAN_POINT ( 'NONE',  ( 1.180697017213250300, 4.209999999999993700, -2.883969037635047500 ) ) ;
#7670 = CARTESIAN_POINT ( 'NONE',  ( -1.865969175642557400, 4.200000000000000200, -1.523720952614585600 ) ) ;
#7672 = DIRECTION ( 'NONE',  ( 0.0000000000000000000, -1.000000000000000000, 0.0000000000000000000 ) ) ;
#7673 = CARTESIAN_POINT ( 'NONE',  ( -1.982994179254161000, 4.199999999999996600, -1.261686830048822900 ) ) ;
#7674 = ORIENTED_EDGE ( 'NONE', *, *, #7300, .F. ) ;
#7675 = CARTESIAN_POINT ( 'NONE',  ( 1.334359476637978000, 4.209999999999995500, -2.387877240951263000 ) ) ;
#7676 = CARTESIAN_POINT ( 'NONE',  ( 0.05313446967642478100, 4.199999999999999300, -2.482887202093008400 ) ) ;
#7677 = FACE_OUTER_BOUND ( 'NONE', #6001, .T. ) ;
#7678 = CARTESIAN_POINT ( 'NONE',  ( 0.2792683664727948500, 4.209999999999999100, -2.325956144733836200 ) ) ;
#7679 = VERTEX_POINT ( 'NONE', #569 ) ;
#7680 = CARTESIAN_POINT ( 'NONE',  ( 0.6226678177025888300, 4.209999999999997300, -2.863481289413532000 ) ) ;
#7681 = LINE ( 'NONE', #405, #3483 ) ;
#7682 = CARTESIAN_POINT ( 'NONE',  ( 0.4912469162067820700, 4.199999999999998400, -2.599349073354040800 ) ) ;
#7683 = CARTESIAN_POINT ( 'NONE',  ( 0.4922539572794318300, 4.209999999999996400, -2.697910858414956700 ) ) ;
#7684 = CARTESIAN_POINT ( 'NONE',  ( 0.09562184269871375200, 4.210000000000000000, 2.907041648618186700 ) ) ;
#7685 = LINE ( 'NONE', #5882, #6219 ) ;
#7686 = CARTESIAN_POINT ( 'NONE',  ( 0.8585989529946241900, 4.199999999999996600, -2.375209253512043700 ) ) ;
#7687 = CARTESIAN_POINT ( 'NONE',  ( -0.1427843243809575100, 4.209999999999996400, -2.601286597199829100 ) ) ;
#7688 = EDGE_CURVE ( 'NONE', #4022, #7704, #4863, .T. ) ;
#7689 = CARTESIAN_POINT ( 'NONE',  ( -0.5940300266086063800, 4.209999999999997300, -2.633152358252708300 ) ) ;
#7690 = VECTOR ( 'NONE', #2316, 1000.000000000000000 ) ;
#7691 = CARTESIAN_POINT ( 'NONE',  ( -2.575031150993469800, 4.199999999999995700, -1.750165043712550200 ) ) ;
#7692 = VERTEX_POINT ( 'NONE', #6907 ) ;
#7693 = VECTOR ( 'NONE', #3955, 1000.000000000000000 ) ;
#7694 = CARTESIAN_POINT ( 'NONE',  ( -0.3237421833826456500, 4.210000000000000000, -2.335398121775528000 ) ) ;
#7695 = CARTESIAN_POINT ( 'NONE',  ( 1.804982021433628500, 4.209999999999997300, -1.734241473820658400 ) ) ;
#7696 = CARTESIAN_POINT ( 'NONE',  ( 0.5056455769902479200, 4.209999999999994600, -2.921491002137280200 ) ) ;
#7697 = ORIENTED_EDGE ( 'NONE', *, *, #7825, .F. ) ;
#7698 = CARTESIAN_POINT ( 'NONE',  ( -0.4847381912827583000, 4.209999999999993700, -3.087655490735025800 ) ) ;
#7699 = CARTESIAN_POINT ( 'NONE',  ( 1.465704079335196300, 4.199999999999999300, -2.018214064292528600 ) ) ;
#7700 = ORIENTED_EDGE ( 'NONE', *, *, #3634, .F. ) ;
#7701 = FACE_OUTER_BOUND ( 'NONE', #415, .T. ) ;
#7702 = DIRECTION ( 'NONE',  ( 0.9495865042927427200, 0.0000000000000000000, 0.3135051369038299200 ) ) ;
#7703 = CARTESIAN_POINT ( 'NONE',  ( 0.4757471392446286900, 4.209999999999997300, -2.477970038984441000 ) ) ;
#7704 = VERTEX_POINT ( 'NONE', #52 ) ;
#7705 = CARTESIAN_POINT ( 'NONE',  ( 0.6235551245481258900, 4.199999999999999300, -2.684064439909329200 ) ) ;
#7706 = CARTESIAN_POINT ( 'NONE',  ( 0.3067848025404645900, 4.209999999999998200, -2.538479597245842700 ) ) ;
#7707 = CARTESIAN_POINT ( 'NONE',  ( 1.852922199400895100, 4.209999999999994600, -2.457840688474018700 ) ) ;
#7708 = DIRECTION ( 'NONE',  ( -1.000000000000000000, 0.0000000000000000000, 0.0000000000000000000 ) ) ;
#7709 = CARTESIAN_POINT ( 'NONE',  ( 1.449955800662056500, 4.209999999999999100, -1.981743049981696600 ) ) ;
#7710 = DIRECTION ( 'NONE',  ( -0.0000000000000000000, 1.000000000000000000, -0.0000000000000000000 ) ) ;
#7711 = CARTESIAN_POINT ( 'NONE',  ( 0.8699290488456600200, 4.209999999999998200, -2.210502240884753900 ) ) ;
#7712 = CARTESIAN_POINT ( 'NONE',  ( -0.2146882308037241800, 4.209999999999999100, -2.307438722222033600 ) ) ;
#7713 = CARTESIAN_POINT ( 'NONE',  ( -0.5171962875526359100, 4.209999999999999100, -2.385121643358629300 ) ) ;
#7714 = CARTESIAN_POINT ( 'NONE',  ( -2.555167439537342900, 4.209999999999995500, -1.518045786537753900 ) ) ;
#7715 = CARTESIAN_POINT ( 'NONE',  ( 1.880720758290479000, 4.209999999999997300, -1.900610199351749900 ) ) ;
#7716 = EDGE_CURVE ( 'NONE', #519, #3339, #1512, .T. ) ;
#7717 = CARTESIAN_POINT ( 'NONE',  ( -0.2580035316488272200, 4.209999999999997300, -2.670253019638740600 ) ) ;
#7719 = CARTESIAN_POINT ( 'NONE',  ( 1.483513695602602500, 4.210000000000000000, -1.705127366988446600 ) ) ;
#7718 = CARTESIAN_POINT ( 'NONE',  ( 0.3910792990359905900, 4.200000000000000200, -3.004194789431663200 ) ) ;
#7720 = EDGE_CURVE ( 'NONE', #7563, #9, #3137, .T. ) ;
#7721 = CARTESIAN_POINT ( 'NONE',  ( 1.388905598425181900, 4.199999999999999300, -2.093984938400433600 ) ) ;
#7722 = CARTESIAN_POINT ( 'NONE',  ( -0.2210013080862998900, 4.209999999999996400, -2.930801062301212800 ) ) ;
#7723 = CARTESIAN_POINT ( 'NONE',  ( 1.438817766923019100, 4.209999999999999100, -1.901680509977638200 ) ) ;
#7724 =( NAMED_UNIT ( * ) SI_UNIT ( $, .STERADIAN. ) SOLID_ANGLE_UNIT ( ) );
#7725 = CARTESIAN_POINT ( 'NONE',  ( -2.572490531222783300, 4.209999999999996400, -1.275704819139787100 ) ) ;
#7726 = ADVANCED_FACE ( 'NONE', ( #1708 ), #4758, .T. ) ;
#7727 = CARTESIAN_POINT ( 'NONE',  ( 0.8904252839196810100, 4.200000000000000200, -2.080191666990260500 ) ) ;
#7728 = ORIENTED_EDGE ( 'NONE', *, *, #2011, .T. ) ;
#7729 = EDGE_CURVE ( 'NONE', #8055, #6483, #4666, .T. ) ;
#7730 = CARTESIAN_POINT ( 'NONE',  ( 0.5094606869571480800, 4.199999999999996600, -2.610023793369908900 ) ) ;
#7731 = CARTESIAN_POINT ( 'NONE',  ( 0.4299668905322612300, 4.209999999999993700, -3.082087218065616700 ) ) ;
#7732 = CARTESIAN_POINT ( 'NONE',  ( -0.7117016224159487000, 4.209999999999996400, -2.719117268608434800 ) ) ;
#7733 = CARTESIAN_POINT ( 'NONE',  ( 1.488842098186164300, 4.209999999999999100, -1.807698863277803300 ) ) ;
#7734 = DIRECTION ( 'NONE',  ( 0.0000000000000000000, 0.0000000000000000000, -1.000000000000000000 ) ) ;
#7735 = ORIENTED_EDGE ( 'NONE', *, *, #1116, .T. ) ;
#7736 = CARTESIAN_POINT ( 'NONE',  ( 0.9333450869807556900, 4.199999999999997500, -2.153950345585571300 ) ) ;
#7737 = CARTESIAN_POINT ( 'NONE',  ( -0.5623015609063304300, 4.200000000000000200, -2.290093725874605900 ) ) ;
#7738 = EDGE_LOOP ( 'NONE', ( #4944, #3242, #5215, #3861 ) ) ;
#7739 = DIRECTION ( 'NONE',  ( -1.000000000000000000, 0.0000000000000000000, 6.913199529551666400E-015 ) ) ;
#7740 = ORIENTED_EDGE ( 'NONE', *, *, #7190, .F. ) ;
#7741 = CARTESIAN_POINT ( 'NONE',  ( -2.512076736030880700, 4.199999999999997500, -1.381999607231510600 ) ) ;
#7742 = DIRECTION ( 'NONE',  ( -3.533413092881963100E-015, 0.0000000000000000000, -1.000000000000000000 ) ) ;
#7743 = VERTEX_POINT ( 'NONE', #2744 ) ;
#7744 = AXIS2_PLACEMENT_3D ( 'NONE', #5214, #7742, #4002 ) ;
#7745 = CARTESIAN_POINT ( 'NONE',  ( -0.6062207696767254500, 4.199999999999997500, -2.726962939173305700 ) ) ;
#7746 = CARTESIAN_POINT ( 'NONE',  ( 0.2505137644825423100, 4.199999999999995700, -2.953007571018079900 ) ) ;
#7747 = CARTESIAN_POINT ( 'NONE',  ( -0.1410635253242502900, 4.200000000000000200, -2.570247993211090000 ) ) ;
#7748 = ORIENTED_EDGE ( 'NONE', *, *, #3580, .F. ) ;
#7749 = CARTESIAN_POINT ( 'NONE',  ( 1.660827768944995500, 4.200000000000000200, -2.393329042041942400 ) ) ;
#7750 = CARTESIAN_POINT ( 'NONE',  ( 1.471644400962994800, 4.200000000000000200, -1.825210650753806000 ) ) ;
#7751 = VECTOR ( 'NONE', #1838, 1000.000000000000000 ) ;
#7752 = VERTEX_POINT ( 'NONE', #6469 ) ;
#7753 = PERSON_AND_ORGANIZATION_ROLE ( 'creator' ) ;
#7754 = CARTESIAN_POINT ( 'NONE',  ( -2.639325295441662600, 4.209999999999994600, -1.617497866857141100 ) ) ;
#7755 = ORIENTED_EDGE ( 'NONE', *, *, #7945, .F. ) ;
#7756 = AXIS2_PLACEMENT_3D ( 'NONE', #7184, #3446, #7818 ) ;
#7757 = CARTESIAN_POINT ( 'NONE',  ( -2.553682783544202200, 4.209999999999993700, -1.546078235436368000 ) ) ;
#7758 = ORIENTED_EDGE ( 'NONE', *, *, #7585, .F. ) ;
#7759 = CARTESIAN_POINT ( 'NONE',  ( 0.2881491565464405800, 4.199999999999999300, -2.540963396893321800 ) ) ;
#7760 = CARTESIAN_POINT ( 'NONE',  ( -0.5704517199464211900, 4.200000000000000200, -2.298226907259910400 ) ) ;
#7761 = VECTOR ( 'NONE', #4215, 1000.000000000000000 ) ;
#7762 = ORIENTED_EDGE ( 'NONE', *, *, #482, .F. ) ;
#7763 = CARTESIAN_POINT ( 'NONE',  ( -0.7090286906875775700, 4.200000000000000200, -2.686208980420695900 ) ) ;
#7764 = CARTESIAN_POINT ( 'NONE',  ( 0.6111319640341894600, 4.209999999999996400, -2.907445005759787400 ) ) ;
#7765 = CARTESIAN_POINT ( 'NONE',  ( 0.7778918037719453300, 4.210000000000000000, -2.181939798478299300 ) ) ;
#7766 = CARTESIAN_POINT ( 'NONE',  ( 1.701910532524554000, 4.199999999999997500, -2.422376913210638100 ) ) ;
#7767 = VERTEX_POINT ( 'NONE', #2111 ) ;
#7768 = ORIENTED_EDGE ( 'NONE', *, *, #743, .F. ) ;
#7769 = CARTESIAN_POINT ( 'NONE',  ( -1.758785007142764400, 4.209999999999999100, -1.621281553475314900 ) ) ;
#7770 = CARTESIAN_POINT ( 'NONE',  ( -0.6632348920777930700, 4.209999999999998200, -2.461155652706956700 ) ) ;
#7771 = FACE_OUTER_BOUND ( 'NONE', #6381, .T. ) ;
#7772 = EDGE_CURVE ( 'NONE', #1244, #4823, #1666, .T. ) ;
#7773 = DIRECTION ( 'NONE',  ( -0.5879499232729780100, 0.0000000000000000000, -0.8088973282953153500 ) ) ;
#7774 = ADVANCED_FACE ( 'NONE', ( #3003 ), #6122, .F. ) ;
#7775 = CARTESIAN_POINT ( 'NONE',  ( -2.491376048490874200, 4.199999999999994000, -1.847397235182750600 ) ) ;
#7776 = EDGE_CURVE ( 'NONE', #7936, #232, #6306, .T. ) ;
#7777 = ORIENTED_EDGE ( 'NONE', *, *, #7455, .T. ) ;
#7778 = AXIS2_PLACEMENT_3D ( 'NONE', #7241, #3511, #7876 ) ;
#7779 = CARTESIAN_POINT ( 'NONE',  ( 1.262772001340324500, 4.209999999999997300, -2.240953939897996100 ) ) ;
#7780 = VECTOR ( 'NONE', #3328, 1000.000000000000000 ) ;
#7781 = CARTESIAN_POINT ( 'NONE',  ( -0.2284324865629155700, 4.200000000000000200, -2.293470562722537600 ) ) ;
#7782 = CARTESIAN_POINT ( 'NONE',  ( 0.2142540966870909700, 4.209999999999996400, -3.055317012983958900 ) ) ;
#7783 = CARTESIAN_POINT ( 'NONE',  ( 0.2337505983556690800, 4.200000000000001100, -2.247030551940692800 ) ) ;
#7784 = FACE_OUTER_BOUND ( 'NONE', #7987, .T. ) ;
#7785 = ORIENTED_EDGE ( 'NONE', *, *, #5220, .F. ) ;
#7786 = EDGE_CURVE ( 'NONE', #2194, #2566, #223, .T. ) ;
#7787 = VECTOR ( 'NONE', #5861, 1000.000000000000000 ) ;
#7788 = CARTESIAN_POINT ( 'NONE',  ( -0.5002488079853658600, 4.209999999999994600, -2.998116188008409300 ) ) ;
#7789 = CARTESIAN_POINT ( 'NONE',  ( -2.290352365542626300, 4.209999999999994600, -1.923791415737055500 ) ) ;
#7790 = LINE ( 'NONE', #4613, #3876 ) ;
#7791 = CARTESIAN_POINT ( 'NONE',  ( -1.964199997034461700, 4.209999999999999100, -1.146163310356158800 ) ) ;
#7792 = CARTESIAN_POINT ( 'NONE',  ( -0.7028684703315160000, 4.209999999999995500, -2.882204337656113500 ) ) ;
#7793 = CARTESIAN_POINT ( 'NONE',  ( 1.249999999999969600, 0.0000000000000000000, -4.322904116447654500 ) ) ;
#7794 = ORIENTED_EDGE ( 'NONE', *, *, #1068, .T. ) ;
#7795 = B_SPLINE_CURVE_WITH_KNOTS ( 'NONE', 3,
 ( #7147, #3415, #7788, #4040, #288, #4687, #923, #5307, #1544, #5933, #2193 ),
 .UNSPECIFIED., .F., .F.,
 ( 4, 1, 1, 1, 1, 1, 1, 1, 4 ),
 ( 0.0000000000000000000, 0.1297135968236771400, 0.2549118440453550000, 0.3761464763140289800, 0.4951384784998824600, 0.6158378850883005100, 0.7392614576808846900, 0.8667122898488374100, 1.000000000000000000 ),
 .UNSPECIFIED. ) ;
#7796 = CARTESIAN_POINT ( 'NONE',  ( -1.799482608807299900, 4.200000000000000200, -1.354657628323910200 ) ) ;
#7797 = CARTESIAN_POINT ( 'NONE',  ( -6.145066248490243500E-015, 0.0000000000000000000, -1.249999999999972000 ) ) ;
#7798 = VECTOR ( 'NONE', #3318, 1000.000000000000000 ) ;
#7799 = EDGE_CURVE ( 'NONE', #2395, #7609, #4455, .T. ) ;
#7800 = CARTESIAN_POINT ( 'NONE',  ( 2.462159187884391800, 4.199999999999996600, -1.521634558441018500 ) ) ;
#7801 = CARTESIAN_POINT ( 'NONE',  ( 1.956551717935305800, 4.199999999999994800, -2.421538591384277500 ) ) ;
#7802 = CARTESIAN_POINT ( 'NONE',  ( -2.359485884357631400, 4.209999999999993700, -1.917268118465488500 ) ) ;
#7803 = ORIENTED_EDGE ( 'NONE', *, *, #2752, .F. ) ;
#7804 = CARTESIAN_POINT ( 'NONE',  ( 1.166806692656987100, 4.199999999999999300, -2.120523112561541400 ) ) ;
#7805 = CIRCLE ( 'NONE', #369, 3.800000000000000300 ) ;
#7806 = CARTESIAN_POINT ( 'NONE',  ( 1.894748698573800900, 4.209999999999995500, -2.094143742300592400 ) ) ;
#7807 = CARTESIAN_POINT ( 'NONE',  ( 1.132503530778125300, 4.200000000000000200, -2.094079581337680500 ) ) ;
#7808 = CARTESIAN_POINT ( 'NONE',  ( 0.1054351343686549400, 4.210000000000000000, -2.319786749323303500 ) ) ;
#7809 = AXIS2_PLACEMENT_3D ( 'NONE', #1732, #6118, #2378 ) ;
#7810 = CARTESIAN_POINT ( 'NONE',  ( -2.442731809024704800, 4.199999999999994000, -1.882517547855643700 ) ) ;
#7811 = CARTESIAN_POINT ( 'NONE',  ( 1.201907380711760200, 4.199999999999994800, -2.788428010894557400 ) ) ;
#7812 = ADVANCED_FACE ( 'NONE', ( #7784 ), #2046, .T. ) ;
#7813 = CARTESIAN_POINT ( 'NONE',  ( 0.05313446967642478100, 4.209999999999998200, -2.482887202093008400 ) ) ;
#7814 = CARTESIAN_POINT ( 'NONE',  ( 0.1652930117583982000, 4.199999999999998400, -2.600917463651638800 ) ) ;
#7815 = CARTESIAN_POINT ( 'NONE',  ( -2.309251128937042100, 4.209999999999996400, -1.090183252505475800 ) ) ;
#7816 = CARTESIAN_POINT ( 'NONE',  ( -0.6516981147434135500, 4.199999999999998400, -2.997824805633553200 ) ) ;
#7817 = CARTESIAN_POINT ( 'NONE',  ( 0.8516085807177703500, 4.209999999999998200, -2.342820014586050300 ) ) ;
#7818 = DIRECTION ( 'NONE',  ( 0.0000000000000000000, 0.0000000000000000000, -1.000000000000000000 ) ) ;
#7819 = CARTESIAN_POINT ( 'NONE',  ( -0.09700205866847379200, 4.210000000000000000, 3.099665549985374000 ) ) ;
#7820 = CARTESIAN_POINT ( 'NONE',  ( -0.6973356854180504700, 4.199999999999996600, -2.904365762217376600 ) ) ;
#7821 = CARTESIAN_POINT ( 'NONE',  ( 2.545041292225849600, 4.209999999999995500, -1.622435481315568600 ) ) ;
#7822 = CARTESIAN_POINT ( 'NONE',  ( 1.416443635152626800, 4.210000000000000900, -1.757956016043545000 ) ) ;
#7823 = CARTESIAN_POINT ( 'NONE',  ( -2.188863606865383700, 4.199999999999997500, -1.903593634284759000 ) ) ;
#7824 = CARTESIAN_POINT ( 'NONE',  ( 1.040742587349507300, 4.210000000000000900, -2.055703200358915500 ) ) ;
#7825 = EDGE_CURVE ( 'NONE', #3271, #5754, #4258, .T. ) ;
#7826 = DIRECTION ( 'NONE',  ( -0.5532032806970083000, 0.0000000000000000000, 0.8330462953678307000 ) ) ;
#7827 = CARTESIAN_POINT ( 'NONE',  ( 0.8993953931495561900, 4.200000000000001100, -2.075994053156168000 ) ) ;
#7828 = CARTESIAN_POINT ( 'NONE',  ( -0.5765103626379302100, 4.209999999999996400, -2.540709196770830400 ) ) ;
#7829 = CARTESIAN_POINT ( 'NONE',  ( -0.4319868029730490300, 4.199999999999994000, -3.090282095136664100 ) ) ;
#7830 = CARTESIAN_POINT ( 'NONE',  ( 0.05552981322672142400, 4.200000000000000200, -2.435510111948444100 ) ) ;
#7831 = CARTESIAN_POINT ( 'NONE',  ( 1.126225076529447900, 4.199999999999995700, -2.795894830616883400 ) ) ;
#7832 = CARTESIAN_POINT ( 'NONE',  ( 1.876721014467113100, 4.199999999999996600, -1.934051101654680600 ) ) ;
#7833 = CARTESIAN_POINT ( 'NONE',  ( 1.242459085142817700, 4.209999999999993700, -2.864466976540323000 ) ) ;
#7834 = ORIENTED_EDGE ( 'NONE', *, *, #5385, .F. ) ;
#7835 = CARTESIAN_POINT ( 'NONE',  ( 0.8904252839196810100, 4.200000000000000200, -2.080191666990260500 ) ) ;
#7836 = EDGE_CURVE ( 'NONE', #7998, #2783, #6879, .T. ) ;
#7837 = CARTESIAN_POINT ( 'NONE',  ( -0.5386301317528361400, 4.209999999999993700, -3.076596641505634700 ) ) ;
#7838 = CARTESIAN_POINT ( 'NONE',  ( -0.5464578285252446000, 4.210000000000000000, 3.099665549985374000 ) ) ;
#7839 = VERTEX_POINT ( 'NONE', #1627 ) ;
#7840 = FACE_OUTER_BOUND ( 'NONE', #6797, .T. ) ;
#7841 = CARTESIAN_POINT ( 'NONE',  ( 0.9333450869807556900, 4.200000000000001100, -2.153950345585571300 ) ) ;
#7842 = CARTESIAN_POINT ( 'NONE',  ( -0.5175713466417442000, 4.199999999999995700, -3.082169668903883800 ) ) ;
#7843 = ORIENTED_EDGE ( 'NONE', *, *, #328, .F. ) ;
#7844 = CARTESIAN_POINT ( 'NONE',  ( -1.843448621417450800, 4.200000000000001100, -1.274499461255108200 ) ) ;
#7845 = ADVANCED_FACE ( 'NONE', ( #2602 ), #1906, .T. ) ;
#7846 = CARTESIAN_POINT ( 'NONE',  ( 1.362819382082355100, 4.210000000000000000, -2.050489904568479500 ) ) ;
#7847 = CARTESIAN_POINT ( 'NONE',  ( 4.322904116447650000, 0.0000000000000000000, 1.249999999999985300 ) ) ;
#7848 = VERTEX_POINT ( 'NONE', #3522 ) ;
#7849 = CARTESIAN_POINT ( 'NONE',  ( 0.9200306778828664100, 4.200000000000000200, -2.067452234247249400 ) ) ;
#7850 = LINE ( 'NONE', #2521, #7658 ) ;
#7851 = CARTESIAN_POINT ( 'NONE',  ( 1.879685658775066800, 4.199999999999997500, -1.917427505287861800 ) ) ;
#7852 = ORIENTED_EDGE ( 'NONE', *, *, #2817, .T. ) ;
#7853 = CARTESIAN_POINT ( 'NONE',  ( 0.9163623707734742700, 4.200000000000000200, -2.537058378317630100 ) ) ;
#7854 = CARTESIAN_POINT ( 'NONE',  ( -0.5026833486633537400, 4.200000000000000200, -2.367298605083917100 ) ) ;
#7855 = CARTESIAN_POINT ( 'NONE',  ( -0.1838623141889358400, 4.199999999999998400, -2.837120493274754000 ) ) ;
#7856 = EDGE_LOOP ( 'NONE', ( #2690, #1404 ) ) ;
#7857 = DIRECTION ( 'NONE',  ( 0.0000000000000000000, 0.0000000000000000000, 1.000000000000000000 ) ) ;
#7858 = ORIENTED_EDGE ( 'NONE', *, *, #4964, .F. ) ;
#7859 = ADVANCED_FACE ( 'NONE', ( #5928 ), #4819, .T. ) ;
#7860 = CARTESIAN_POINT ( 'NONE',  ( 1.260250580688668600, 4.209999999999994600, -2.489850495725279600 ) ) ;
#7861 = CARTESIAN_POINT ( 'NONE',  ( -0.5464578285252446000, 4.210000000000000000, 2.907041648618186700 ) ) ;
#7862 = LINE ( 'NONE', #6217, #7668 ) ;
#7863 = CARTESIAN_POINT ( 'NONE',  ( 0.8556268053534775700, 4.199999999999999300, -2.245249876385955600 ) ) ;
#7864 = CARTESIAN_POINT ( 'NONE',  ( 1.863879928793032800, 4.209999999999996400, -1.817164801019570700 ) ) ;
#7865 = CARTESIAN_POINT ( 'NONE',  ( 1.341156346457069300, 4.199999999999995700, -2.792521126694457400 ) ) ;
#7866 = VERTEX_POINT ( 'NONE', #6065 ) ;
#7867 = CARTESIAN_POINT ( 'NONE',  ( 0.7666511823671248200, 4.210000000000000000, -2.206238405580898600 ) ) ;
#7868 = CIRCLE ( 'NONE', #2997, 4.500000000000000000 ) ;
#7869 = CARTESIAN_POINT ( 'NONE',  ( -2.293581953012662700, 4.199999999999996600, -1.817421154222031800 ) ) ;
#7870 = CARTESIAN_POINT ( 'NONE',  ( -1.884321723951908100, 4.199999999999999300, -1.422710517929377700 ) ) ;
#7871 = CARTESIAN_POINT ( 'NONE',  ( 1.035443060815155700, 4.209999999999998200, -2.151607135327951300 ) ) ;
#7872 = ORIENTED_EDGE ( 'NONE', *, *, #4527, .F. ) ;
#7873 = CARTESIAN_POINT ( 'NONE',  ( 1.839252504709287400, 4.209999999999996400, -2.013358490310634100 ) ) ;
#7874 = EDGE_CURVE ( 'NONE', #5533, #4022, #7384, .T. ) ;
#7875 = CARTESIAN_POINT ( 'NONE',  ( 1.924742226289856600, 4.209999999999996400, -2.004570890131209800 ) ) ;
#7876 = DIRECTION ( 'NONE',  ( -1.000000000000000000, 0.0000000000000000000, -0.0000000000000000000 ) ) ;
#7877 = VECTOR ( 'NONE', #7266, 1000.000000000000000 ) ;
#7878 = CARTESIAN_POINT ( 'NONE',  ( 0.8814799554792400700, 4.199999999999997500, -2.450091449402837600 ) ) ;
#7879 = EDGE_CURVE ( 'NONE', #5929, #1295, #5732, .T. ) ;
#7880 = SECURITY_CLASSIFICATION ( '', '', #1514 ) ;
#7881 = FACE_OUTER_BOUND ( 'NONE', #789, .T. ) ;
#7882 = CARTESIAN_POINT ( 'NONE',  ( -1.813715250942901100, 4.199999999999995700, -2.405091899273423800 ) ) ;
#7883 = CARTESIAN_POINT ( 'NONE',  ( -0.3722306006873094000, 4.200000000000002000, -2.318246333087360600 ) ) ;
#7884 = CARTESIAN_POINT ( 'NONE',  ( 1.766187716281847100, 4.199999999999997500, -1.865702218079544400 ) ) ;
#7885 = CARTESIAN_POINT ( 'NONE',  ( -0.3895346148937997000, 4.209999999999999100, -2.315889133525459900 ) ) ;
#7886 = ORIENTED_EDGE ( 'NONE', *, *, #7616, .T. ) ;
#7887 = ORIENTED_EDGE ( 'NONE', *, *, #6584, .T. ) ;
#7888 = CARTESIAN_POINT ( 'NONE',  ( 1.223254946707049900, 4.209999999999993700, -2.778804703082507400 ) ) ;
#7889 = VECTOR ( 'NONE', #180, 1000.000000000000000 ) ;
#7890 = ADVANCED_FACE ( 'NONE', ( #933 ), #7185, .T. ) ;
#7891 = EDGE_CURVE ( 'NONE', #4971, #7247, #724, .T. ) ;
#7892 = CARTESIAN_POINT ( 'NONE',  ( -0.2632585174752081200, 4.209999999999997300, -2.703124474039411100 ) ) ;
#7893 = CARTESIAN_POINT ( 'NONE',  ( 6.368163355566237400E-016, 0.2999999999999999900, 1.300000000000000300 ) ) ;
#7895 = ORIENTED_EDGE ( 'NONE', *, *, #4804, .T. ) ;
#7894 = CARTESIAN_POINT ( 'NONE',  ( 1.389742935909342900, 4.209999999999994600, -2.586286592214662100 ) ) ;
#7896 = CARTESIAN_POINT ( 'NONE',  ( -2.170467431516231600, 4.209999999999998200, -1.070826028774367600 ) ) ;
#7897 = B_SPLINE_CURVE_WITH_KNOTS ( 'NONE', 3,
 ( #5859, #1457, #7105, #3366, #7732, #3993, #245, #4630, #867, #5263, #1493, #4063, #947, #5738, #1984, #6352, #2626, #6983, #3245, #7621, #3874, #113, #4503, #749, #5138, #1367, #5767 ),
 .UNSPECIFIED., .F., .F.,
 ( 4, 1, 1, 1, 1, 1, 1, 1, 1, 1, 1, 1, 1, 1, 1, 1, 1, 1, 1, 1, 1, 1, 1, 1, 4 ),
 ( 0.0000000000000000000, 0.06302348939383896300, 0.1230288543315139300, 0.1801870990929201100, 0.2341414186341859400, 0.2851273085867541700, 0.3333367095735016400, 0.3789605592056084500, 0.4218543473377284700, 0.4626889113222154600, 0.5021084857634916500, 0.5401787588385907900, 0.5769078981949198300, 0.6129027019602298900, 0.6479137983459096800, 0.6821587878498650600, 0.7162759002479964800, 0.7500936054178314300, 0.7837471086364916600, 0.8175340867263063400, 0.8520371715654695400, 0.8872553193264379700, 0.9234611115590802800, 0.9608812880573252000, 1.000000000000000000 ),
 .UNSPECIFIED. ) ;
#7898 = CARTESIAN_POINT ( 'NONE',  ( -0.5873019970581451200, 4.200000000000000200, -2.315042083438457500 ) ) ;
#7899 = ORIENTED_EDGE ( 'NONE', *, *, #6263, .F. ) ;
#7900 = FACE_OUTER_BOUND ( 'NONE', #4952, .T. ) ;
#7901 = CARTESIAN_POINT ( 'NONE',  ( 1.994693006324582000, 4.209999999999993700, -2.392777882021430300 ) ) ;
#7902 = CARTESIAN_POINT ( 'NONE',  ( 1.146327282168051700, 4.200000000000001100, -2.250416517757378700 ) ) ;
#7903 = ADVANCED_FACE ( 'NONE', ( #4065 ), #2059, .T. ) ;
#7904 = AXIS2_PLACEMENT_3D ( 'NONE', #1619, #6002, #2263 ) ;
#7905 = CARTESIAN_POINT ( 'NONE',  ( -0.4162913616399799300, 4.210000000000000900, -2.229655832004598700 ) ) ;
#7906 = CARTESIAN_POINT ( 'NONE',  ( 0.8793716672481033400, 4.199999999999997500, -2.699494745598201900 ) ) ;
#7907 = CARTESIAN_POINT ( 'NONE',  ( -0.5002488079853658600, 4.199999999999995700, -2.998116188008409300 ) ) ;
#7908 = CARTESIAN_POINT ( 'NONE',  ( 0.3236491832073192800, 4.200000000000004600, -2.240519981439387900 ) ) ;
#7909 = CARTESIAN_POINT ( 'NONE',  ( -2.467172802723470500, 4.199999999999998400, -1.171813995338424800 ) ) ;
#7910 = CARTESIAN_POINT ( 'NONE',  ( 1.774465798027450300, 4.209999999999996400, -1.974667639021487500 ) ) ;
#7911 = DIRECTION ( 'NONE',  ( 0.0000000000000000000, 0.0000000000000000000, -1.000000000000000000 ) ) ;
#7912 = AXIS2_PLACEMENT_3D ( 'NONE', #4596, #1453, #5855 ) ;
#7913 = DIRECTION ( 'NONE',  ( -0.8092632360444145200, 0.0000000000000000000, 0.5874461803322260600 ) ) ;
#7914 = CARTESIAN_POINT ( 'NONE',  ( -2.143698184196942700, 4.200000000000000200, -1.181640334731093800 ) ) ;
#7915 = CARTESIAN_POINT ( 'NONE',  ( -0.3823902468557914800, 4.209999999999994600, -2.978359964250340700 ) ) ;
#7916 = DIRECTION ( 'NONE',  ( 0.0000000000000000000, -1.000000000000000000, 0.0000000000000000000 ) ) ;
#7917 = CARTESIAN_POINT ( 'NONE',  ( 1.354715970694489600, 4.199999999999996600, -2.440307352251380700 ) ) ;
#7918 = CARTESIAN_POINT ( 'NONE',  ( -2.336454013749908100, 4.200000000000000200, -1.099529030014009500 ) ) ;
#7919 = CARTESIAN_POINT ( 'NONE',  ( -1.813715250942901100, 4.209999999999994600, -2.405091899273423800 ) ) ;
#7920 = CARTESIAN_POINT ( 'NONE',  ( 5.510910596163089600E-016, 0.0000000000000000000, 2.299999999999999800 ) ) ;
#7921 = CARTESIAN_POINT ( 'NONE',  ( 2.071935764523532800, 4.209999999999994600, -2.288013603122824400 ) ) ;
#7922 = AXIS2_PLACEMENT_3D ( 'NONE', #527, #4919, #1153 ) ;
#7923 = CARTESIAN_POINT ( 'NONE',  ( 1.951204987605413600, 4.209999999999996400, -2.010006622612325900 ) ) ;
#7924 = ORIENTED_EDGE ( 'NONE', *, *, #7529, .F. ) ;
#7925 = CARTESIAN_POINT ( 'NONE',  ( 0.2337505983556690800, 4.209999999999999100, -2.247030551940692800 ) ) ;
#7926 = CARTESIAN_POINT ( 'NONE',  ( -2.063545356668664300, 4.200000000000000200, -1.092205119348345300 ) ) ;
#7927 = ADVANCED_FACE ( 'NONE', ( #1121 ), #538, .T. ) ;
#7928 = CARTESIAN_POINT ( 'NONE',  ( 1.101765224455008500, 4.199999999999993100, -2.884557010327066400 ) ) ;
#7929 = CARTESIAN_POINT ( 'NONE',  ( -0.5835752193572305600, 4.209999999999994600, -2.928723299217788100 ) ) ;
#7930 = EDGE_LOOP ( 'NONE', ( #460, #5601, #1603, #4731 ) ) ;
#7931 = DIRECTION ( 'NONE',  ( 0.0000000000000000000, -1.000000000000000000, 0.0000000000000000000 ) ) ;
#7932 = CARTESIAN_POINT ( 'NONE',  ( 1.724911513700068600, 4.199999999999997500, -2.051352180228927800 ) ) ;
#7933 = CARTESIAN_POINT ( 'NONE',  ( 6.368163355566237400E-016, -0.2999999999999999900, 1.300000000000000300 ) ) ;
#7934 = VERTEX_POINT ( 'NONE', #1296 ) ;
#7935 = CARTESIAN_POINT ( 'NONE',  ( 1.991776683368603300, 4.209999999999995500, -2.208174623134987200 ) ) ;
#7936 = VERTEX_POINT ( 'NONE', #5681 ) ;
#7937 = EDGE_LOOP ( 'NONE', ( #1003, #656, #2475, #6596 ) ) ;
#7938 = CARTESIAN_POINT ( 'NONE',  ( -2.218115509163852000, 4.209999999999997300, -1.513695803261769300 ) ) ;
#7939 = ORIENTED_EDGE ( 'NONE', *, *, #3438, .T. ) ;
#7940 = CARTESIAN_POINT ( 'NONE',  ( 0.6166404537526509700, 4.209999999999997300, -2.634720325901212900 ) ) ;
#7941 = PLANE ( 'NONE',  #3324 ) ;
#7942 = DIRECTION ( 'NONE',  ( 0.0000000000000000000, -1.000000000000000000, 0.0000000000000000000 ) ) ;
#7943 = VECTOR ( 'NONE', #6085, 1000.000000000000000 ) ;
#7944 = ORIENTED_EDGE ( 'NONE', *, *, #6012, .F. ) ;
#7945 = EDGE_CURVE ( 'NONE', #3536, #305, #5451, .T. ) ;
#7946 = CARTESIAN_POINT ( 'NONE',  ( 2.069524473575530700, 4.199999999999998400, -2.113652383843863400 ) ) ;
#7947 = ORIENTED_EDGE ( 'NONE', *, *, #4642, .T. ) ;
#7948 = ORIENTED_EDGE ( 'NONE', *, *, #6199, .F. ) ;
#7949 = CARTESIAN_POINT ( 'NONE',  ( 1.231480830196368700, 4.209999999999998200, -2.193161145574153500 ) ) ;
#7950 = CARTESIAN_POINT ( 'NONE',  ( 0.1351574808624722800, 4.209999999999999100, -2.291268362653698700 ) ) ;
#7951 = CIRCLE ( 'NONE', #1247, 0.2999999999999999300 ) ;
#7952 = DIRECTION ( 'NONE',  ( 0.0000000000000000000, 0.0000000000000000000, 1.000000000000000000 ) ) ;
#7953 = CARTESIAN_POINT ( 'NONE',  ( -2.416424289829526300, 4.199999999999999300, -1.137999044871052200 ) ) ;
#7954 = EDGE_LOOP ( 'NONE', ( #4747, #2228, #7339, #7947 ) ) ;
#7955 = CARTESIAN_POINT ( 'NONE',  ( 2.446002903781375500, 4.199999999999996600, -1.500873261733912000 ) ) ;
#7956 = ORIENTED_EDGE ( 'NONE', *, *, #5789, .F. ) ;
#7957 = CARTESIAN_POINT ( 'NONE',  ( 1.737631472834594500, 4.209999999999997300, -2.143593379634487500 ) ) ;
#7958 = AXIS2_PLACEMENT_3D ( 'NONE', #5258, #1484, #5875 ) ;
#7959 = CARTESIAN_POINT ( 'NONE',  ( 0.1524248239939171300, 4.209999999999998200, -2.477962266183080700 ) ) ;
#7960 = VERTEX_POINT ( 'NONE', #3226 ) ;
#7961 = LINE ( 'NONE', #3306, #1695 ) ;
#7962 = CARTESIAN_POINT ( 'NONE',  ( -0.09700205866847340400, 4.200000000000000200, 3.099665549985374000 ) ) ;
#7963 = CARTESIAN_POINT ( 'NONE',  ( 0.3743620947948352900, 4.209999999999995500, -3.006076700402514000 ) ) ;
#7964 = CALENDAR_DATE ( 2016, 28, 11 ) ;
#7965 = EDGE_LOOP ( 'NONE', ( #1097, #2431, #4027, #1692 ) ) ;
#7966 = CARTESIAN_POINT ( 'NONE',  ( -1.930943557959538000, 4.209999999999999100, -1.324836926556301600 ) ) ;
#7967 = CARTESIAN_POINT ( 'NONE',  ( -2.453481925212976900, 4.199999999999997500, -1.309087395044322900 ) ) ;
#7968 = ADVANCED_FACE ( 'NONE', ( #3868 ), #3847, .F. ) ;
#7969 = FACE_OUTER_BOUND ( 'NONE', #6579, .T. ) ;
#7970 = DIRECTION ( 'NONE',  ( 0.0000000000000000000, 0.0000000000000000000, -1.000000000000000000 ) ) ;
#7971 = CARTESIAN_POINT ( 'NONE',  ( 2.089519394293826200, 4.199999999999996600, -2.198164154506651700 ) ) ;
#7972 = CARTESIAN_POINT ( 'NONE',  ( 0.5899334743507370600, 4.209999999999998200, -2.506370985828553900 ) ) ;
#7973 = CARTESIAN_POINT ( 'NONE',  ( 0.3517321901830046100, 4.199999999999999300, -2.624374369806761600 ) ) ;
#7974 = VECTOR ( 'NONE', #675, 1000.000000000000000 ) ;
#7975 = CARTESIAN_POINT ( 'NONE',  ( 5.449678256205721800E-016, 4.150000000000001200, 4.450000000000000200 ) ) ;
#7976 = VERTEX_POINT ( 'NONE', #1933 ) ;
#7977 = CARTESIAN_POINT ( 'NONE',  ( 0.5846081808134436800, 4.199999999999995700, -2.964278335945614600 ) ) ;
#7978 = CARTESIAN_POINT ( 'NONE',  ( 1.937148780104587000, 4.209999999999994600, -2.330287392165993200 ) ) ;
#7979 = LINE ( 'NONE', #6477, #4462 ) ;
#7980 = CARTESIAN_POINT ( 'NONE',  ( 1.001589371575747100, 4.210000000000000000, -2.052428818682629200 ) ) ;
#7981 = LINE ( 'NONE', #3814, #4468 ) ;
#7982 = DIRECTION ( 'NONE',  ( 0.0000000000000000000, -1.000000000000000000, 0.0000000000000000000 ) ) ;
#7983 = CARTESIAN_POINT ( 'NONE',  ( -2.531969052099958300, 4.199999999999996600, -1.418095579996192500 ) ) ;
#7984 = EDGE_CURVE ( 'NONE', #3339, #6403, #2415, .T. ) ;
#7985 = CARTESIAN_POINT ( 'NONE',  ( -0.6072077127879550500, 4.199999999999996600, -2.841724736938419300 ) ) ;
#7986 = CARTESIAN_POINT ( 'NONE',  ( 1.839252504709287400, 4.200000000000000200, -2.013358490310634100 ) ) ;
#7987 = EDGE_LOOP ( 'NONE', ( #4440, #4213, #5033, #6503 ) ) ;
#7988 = CARTESIAN_POINT ( 'NONE',  ( 1.438657195676179100, 4.200000000000000200, -1.931726026944915900 ) ) ;
#7989 = CARTESIAN_POINT ( 'NONE',  ( 0.1663895880889361400, 4.200000000000000200, -2.402873719487864400 ) ) ;
#7990 = VECTOR ( 'NONE', #5777, 1000.000000000000000 ) ;
#7991 = CARTESIAN_POINT ( 'NONE',  ( 0.2858612049991552900, 4.199999999999998400, -2.640147174140648400 ) ) ;
#7992 = CARTESIAN_POINT ( 'NONE',  ( 1.146327282168051700, 4.200000000000000200, -2.250416517757378700 ) ) ;
#7993 = CARTESIAN_POINT ( 'NONE',  ( 0.2026151413843951800, 4.209999999999996400, -2.870083178581642100 ) ) ;
#7994 = ORIENTED_EDGE ( 'NONE', *, *, #3503, .T. ) ;
#7995 = DIRECTION ( 'NONE',  ( 0.0000000000000000000, -1.000000000000000000, 0.0000000000000000000 ) ) ;
#7996 = DIRECTION ( 'NONE',  ( -0.0000000000000000000, 1.000000000000000000, -0.0000000000000000000 ) ) ;
#7997 = FACE_OUTER_BOUND ( 'NONE', #4942, .T. ) ;
#7998 = VERTEX_POINT ( 'NONE', #5741 ) ;
#7999 = EDGE_CURVE ( 'NONE', #783, #2727, #2218, .T. ) ;
#8000 = CARTESIAN_POINT ( 'NONE',  ( 1.844823290688418100, 4.199999999999998400, -2.092301857624852000 ) ) ;
#8001 = DIRECTION ( 'NONE',  ( 0.0000000000000000000, -1.000000000000000000, 0.0000000000000000000 ) ) ;
#8002 = CARTESIAN_POINT ( 'NONE',  ( 0.5225636320923773300, 4.200000000000004600, -2.357303546924830200 ) ) ;
#8004 = CARTESIAN_POINT ( 'NONE',  ( 1.852922199400895100, 4.209999999999994600, -2.457840688474018700 ) ) ;
#8003 = CARTESIAN_POINT ( 'NONE',  ( 0.4584134125800684000, 4.209999999999997300, -2.659094962955010000 ) ) ;
#8005 = CARTESIAN_POINT ( 'NONE',  ( 0.1996732876713106500, 4.209999999999996400, -2.738369942887148400 ) ) ;
#8006 = CARTESIAN_POINT ( 'NONE',  ( 0.6185989390978344800, 4.200000000000002800, -2.647630108511695100 ) ) ;
#8007 = CARTESIAN_POINT ( 'NONE',  ( 1.867319729617661100, 4.199999999999994800, -2.362841552190960500 ) ) ;
#8008 = CARTESIAN_POINT ( 'NONE',  ( -0.4699853261978427200, 4.200000000000000200, -2.237652659270867900 ) ) ;
#8009 = AXIS2_PLACEMENT_3D ( 'NONE', #2646, #5790, #2043 ) ;
#8010 = CARTESIAN_POINT ( 'NONE',  ( 0.3572644272508498900, 4.209999999999999100, -2.336150500104302800 ) ) ;
#8011 = CARTESIAN_POINT ( 'NONE',  ( 0.8189439072916924200, 4.199999999999997500, -2.579404191176580600 ) ) ;
#8012 = ADVANCED_FACE ( 'NONE', ( #339 ), #2630, .T. ) ;
#8013 = CARTESIAN_POINT ( 'NONE',  ( -0.5568983166936829500, 4.199999999999995700, -2.965569256448210600 ) ) ;
#8014 = CARTESIAN_POINT ( 'NONE',  ( 0.2629055644662009500, 4.209999999999998200, -2.328328727681921800 ) ) ;
#8015 = CARTESIAN_POINT ( 'NONE',  ( -0.3389749313870515900, 4.210000000000000000, -2.327568148631316400 ) ) ;
#8016 = CARTESIAN_POINT ( 'NONE',  ( 0.05313446967642478100, 4.209999999999998200, -2.482887202093008400 ) ) ;
#8017 = CARTESIAN_POINT ( 'NONE',  ( 5.510910596163089600E-016, 0.0000000000000000000, 2.000000000000000000 ) ) ;
#8018 = CARTESIAN_POINT ( 'NONE',  ( -1.899177390217265500, 4.210000000000000000, -1.203557174963745500 ) ) ;
#8019 = CARTESIAN_POINT ( 'NONE',  ( 0.5240989807234184300, 4.209999999999995500, -2.797429554000944400 ) ) ;
#8020 = CARTESIAN_POINT ( 'NONE',  ( 1.551557448176037200, 4.199999999999999300, -1.769667052218663900 ) ) ;
#8021 = CARTESIAN_POINT ( 'NONE',  ( 0.4056469215454345200, 4.209999999999998200, -2.260299079195719600 ) ) ;
#8023 = CARTESIAN_POINT ( 'NONE',  ( 1.976113820105298600, 4.199999999999994800, -2.408247351968822800 ) ) ;
#8022 = CARTESIAN_POINT ( 'NONE',  ( 0.5146614762265447900, 4.199999999999997500, -2.749415655266312300 ) ) ;
#8024 = EDGE_LOOP ( 'NONE', ( #3555, #5784, #2135, #3840, #4979, #4922, #916, #5689 ) ) ;
#8025 = CARTESIAN_POINT ( 'NONE',  ( 0.1663895880889361400, 4.210000000000000000, -2.402873719487864400 ) ) ;
#8026 = EDGE_CURVE ( 'NONE', #3139, #6387, #3987, .T. ) ;
#8027 = CARTESIAN_POINT ( 'NONE',  ( 1.770009389822323300, 4.209999999999995500, -2.342621539852099800 ) ) ;
#8028 = VERTEX_POINT ( 'NONE', #3249 ) ;
#8029 = EDGE_CURVE ( 'NONE', #2788, #2983, #6796, .T. ) ;
#8030 = CARTESIAN_POINT ( 'NONE',  ( 0.1524248239939171300, 4.209999999999998200, -2.477962266183080700 ) ) ;
#8031 = AXIS2_PLACEMENT_3D ( 'NONE', #6928, #93, #4482 ) ;
#8032 = ORIENTED_EDGE ( 'NONE', *, *, #6765, .T. ) ;
#8033 = CARTESIAN_POINT ( 'NONE',  ( 0.4510943451695783000, 4.200000000000002000, -2.425730231394227500 ) ) ;
#8034 = CARTESIAN_POINT ( 'NONE',  ( 0.8793716672481033400, 4.209999999999996400, -2.699494745598201900 ) ) ;
#8035 = DIRECTION ( 'NONE',  ( -0.0000000000000000000, -1.000000000000000000, -0.0000000000000000000 ) ) ;
#8036 = VERTEX_POINT ( 'NONE', #5196 ) ;
#8037 = B_SPLINE_CURVE_WITH_KNOTS ( 'NONE', 3,
 ( #5973, #5354, #963, #6599, #2866, #7222, #3486, #7851, #4111, #364, #4759, #987, #5380, #1615, #5997, #2260, #6627, #2900, #7244 ),
 .UNSPECIFIED., .F., .F.,
 ( 4, 1, 1, 1, 1, 1, 1, 1, 1, 1, 1, 1, 1, 1, 1, 1, 4 ),
 ( 0.0000000000000000000, 0.06625841458841866300, 0.1301800247094941100, 0.1917407653182312300, 0.2521538410766107100, 0.3118895344165513700, 0.3714341797924691800, 0.4307444863841941000, 0.4901918563912959200, 0.5505060587975221200, 0.6107032015052669100, 0.6712209664201034300, 0.7331244869134023700, 0.7967568446639076200, 0.8619919442625712000, 0.9296120864588668400, 1.000000000000000000 ),
 .UNSPECIFIED. ) ;
#8038 = CARTESIAN_POINT ( 'NONE',  ( 0.2251273313110485300, 4.209999999999996400, -2.560182105968769500 ) ) ;
#8039 = CARTESIAN_POINT ( 'NONE',  ( 0.4683106844550486400, 4.199999999999999300, -2.581347969123664000 ) ) ;
#8040 = LINE ( 'NONE', #5401, #4735 ) ;
#8041 = ORIENTED_EDGE ( 'NONE', *, *, #4009, .F. ) ;
#8042 = CARTESIAN_POINT ( 'NONE',  ( 1.975347133776193900, 4.199999999999998400, -2.159748481919882700 ) ) ;
#8043 = CARTESIAN_POINT ( 'NONE',  ( -0.2639083416997568500, 4.199999999999997500, -2.406040021911491700 ) ) ;
#8044 = EDGE_CURVE ( 'NONE', #2829, #7453, #2009, .T. ) ;
#8045 = DIRECTION ( 'NONE',  ( 1.000000000000000000, 0.0000000000000000000, 0.0000000000000000000 ) ) ;
#8046 = ORIENTED_EDGE ( 'NONE', *, *, #693, .T. ) ;
#8047 = CARTESIAN_POINT ( 'NONE',  ( 2.492323008757928000, 4.209999999999995500, -1.559850698494045900 ) ) ;
#8048 = CARTESIAN_POINT ( 'NONE',  ( -2.037724143634718700, 4.200000000000000200, -1.102762840607252900 ) ) ;
#8049 = LINE ( 'NONE', #2257, #4532 ) ;
#8050 = ORIENTED_EDGE ( 'NONE', *, *, #5107, .T. ) ;
#8051 = ADVANCED_FACE ( 'NONE', ( #5538 ), #3330, .T. ) ;
#8052 = CARTESIAN_POINT ( 'NONE',  ( 0.5132389638016901000, 4.199999999999996600, -2.905501529955619500 ) ) ;
#8053 = CARTESIAN_POINT ( 'NONE',  ( 1.668840675806820400, 4.209999999999999100, -1.773160012865372200 ) ) ;
#8054 = CARTESIAN_POINT ( 'NONE',  ( -0.2780249460438681300, 4.199999999999996600, -2.779281490132214900 ) ) ;
#8055 = VERTEX_POINT ( 'NONE', #4592 ) ;
#8056 = ORIENTED_EDGE ( 'NONE', *, *, #559, .T. ) ;
#8057 = LINE ( 'NONE', #1155, #4751 ) ;
#8058 = CARTESIAN_POINT ( 'NONE',  ( -1.867230042759281800, 4.209999999999999100, -1.578496286359052400 ) ) ;
#8059 = EDGE_LOOP ( 'NONE', ( #2181, #1495, #2963, #228, #5050 ) ) ;
#8060 = CARTESIAN_POINT ( 'NONE',  ( 0.5083637379351044800, 4.209999999999997300, -2.600341263087320200 ) ) ;
#8061 = CARTESIAN_POINT ( 'NONE',  ( 0.9756688664547047400, 4.199999999999993100, -2.820016210077667600 ) ) ;
#8062 = LINE ( 'NONE', #5479, #4956 ) ;
#8063 = CARTESIAN_POINT ( 'NONE',  ( 0.08790299828308312200, 4.209999999999996400, -2.836891995631814800 ) ) ;
#8064 = CARTESIAN_POINT ( 'NONE',  ( 1.735865040427619200, 4.209999999999996400, -2.145278907479333700 ) ) ;
#8065 = CARTESIAN_POINT ( 'NONE',  ( -0.1410635253242502900, 4.209999999999999100, -2.570247993211090000 ) ) ;
#8066 = ORIENTED_EDGE ( 'NONE', *, *, #1342, .T. ) ;
#8067 = CARTESIAN_POINT ( 'NONE',  ( 1.990048006598502000, 4.209999999999992900, -2.247261612062713400 ) ) ;
#8068 = CARTESIAN_POINT ( 'NONE',  ( -0.2532788697130452000, 4.209999999999996400, -2.638864862993071100 ) ) ;
#8069 = LINE ( 'NONE', #7873, #6405 ) ;
#8070 = CARTESIAN_POINT ( 'NONE',  ( 2.506238103404140100, 4.199999999999995700, -1.608141320819907300 ) ) ;
#8071 = FACE_OUTER_BOUND ( 'NONE', #6044, .T. ) ;
#8072 = CARTESIAN_POINT ( 'NONE',  ( 1.660827768944995100, 4.209999999999995500, -2.393329042041942900 ) ) ;
#8073 = CARTESIAN_POINT ( 'NONE',  ( 0.4368086997883392500, 4.209999999999995500, -2.990513286378844200 ) ) ;
#8074 = CARTESIAN_POINT ( 'NONE',  ( 1.738276070434710400, 4.199999999999999300, -1.823969762679101600 ) ) ;
#8075 = ORIENTED_EDGE ( 'NONE', *, *, #7429, .T. ) ;
#8077 = CARTESIAN_POINT ( 'NONE',  ( 0.7504405338427517800, 4.210000000000000000, -2.342892106079992800 ) ) ;
#8076 = CARTESIAN_POINT ( 'NONE',  ( -0.4657083275811282300, 4.199999999999996600, -3.003366334634384400 ) ) ;
#8078 = AXIS2_PLACEMENT_3D ( 'NONE', #7861, #371, #4767 ) ;
#8079 = LINE ( 'NONE', #5714, #6417 ) ;
#8080 = CARTESIAN_POINT ( 'NONE',  ( 1.992484222218170700, 4.199999999999994800, -2.221098511963151000 ) ) ;
#8081 = CARTESIAN_POINT ( 'NONE',  ( 0.1235312700418419600, 4.199999999999995700, -2.958380942453322100 ) ) ;
#8082 = VERTEX_POINT ( 'NONE', #1450 ) ;
#8083 = CARTESIAN_POINT ( 'NONE',  ( -1.759985185297356500, 4.209999999999999100, -1.638482258692559400 ) ) ;
#8084 = CARTESIAN_POINT ( 'NONE',  ( 1.101765224455008500, 4.209999999999992000, -2.884557010327066400 ) ) ;
#8085 = LINE ( 'NONE', #2633, #4790 ) ;
#8086 = CARTESIAN_POINT ( 'NONE',  ( 1.383264429011068900, 4.210000000000000000, -1.797445114994545200 ) ) ;
#8087 = CARTESIAN_POINT ( 'NONE',  ( -2.648225550698934900, 4.209999999999992900, -1.428250854585507000 ) ) ;
#8088 = DIRECTION ( 'NONE',  ( 0.5336263558811845700, 0.0000000000000000000, 0.8457203511261670600 ) ) ;
#8089 = B_SPLINE_CURVE_WITH_KNOTS ( 'NONE', 3,
 ( #5051, #659, #1918, #6287, #2552, #6915, #3186, #7552, #3806, #60, #4436 ),
 .UNSPECIFIED., .F., .F.,
 ( 4, 1, 1, 1, 1, 1, 1, 1, 4 ),
 ( 0.0000000000000000000, 0.09623784800558320100, 0.1982602785055436700, 0.3077773621164623900, 0.4259105345860532100, 0.5534942023379076900, 0.6915994535651970300, 0.8403614483939875200, 1.000000000000000000 ),
 .UNSPECIFIED. ) ;
#8090 = CARTESIAN_POINT ( 'NONE',  ( 1.880400744820696700, 4.209999999999995500, -2.360269755643398700 ) ) ;
#8091 = CARTESIAN_POINT ( 'NONE',  ( -0.1570811512874617500, 4.200000000000000200, -2.416597590053182600 ) ) ;
#8092 = CARTESIAN_POINT ( 'NONE',  ( 1.951830993233425900, 4.199999999999997500, -2.317375539337066300 ) ) ;
#8093 = CARTESIAN_POINT ( 'NONE',  ( 1.191282548134748900, 4.209999999999994600, -2.792598070003174700 ) ) ;
#8094 = CARTESIAN_POINT ( 'NONE',  ( 0.1910927074563150400, 4.209999999999997300, -2.790583771317711700 ) ) ;
#8095 = DIRECTION ( 'NONE',  ( 0.0000000000000000000, -1.000000000000000000, 0.0000000000000000000 ) ) ;
#8096 = EDGE_CURVE ( 'NONE', #5029, #2426, #3477, .T. ) ;
#8097 = CARTESIAN_POINT ( 'NONE',  ( -2.376519114442630500, 4.209999999999998200, -1.249301497183610900 ) ) ;
#8098 = CARTESIAN_POINT ( 'NONE',  ( -0.09700205866847379200, 4.210000000000000000, 2.907041648618186700 ) ) ;
#8099 = CARTESIAN_POINT ( 'NONE',  ( 0.2881491565464405800, 4.209999999999998200, -2.540963396893321800 ) ) ;
#8101 = CARTESIAN_POINT ( 'NONE',  ( 0.8189439072916925300, 4.199999999999999300, -2.579404191176581000 ) ) ;
#8100 = CARTESIAN_POINT ( 'NONE',  ( 1.201907380711760200, 4.209999999999993700, -2.788428010894557400 ) ) ;
#8102 = CARTESIAN_POINT ( 'NONE',  ( 5.510910596163089600E-016, -4.799999999999999800, 2.000000000000000000 ) ) ;
#8103 = CARTESIAN_POINT ( 'NONE',  ( 0.3907178456745743500, 4.200000000000000200, -3.090427229038879500 ) ) ;
#8104 = CARTESIAN_POINT ( 'NONE',  ( -3.588523373199638700, 0.2999999999999999900, -1.249999999999952700 ) ) ;
#8105 = CARTESIAN_POINT ( 'NONE',  ( 1.221882174738482300, 4.199999999999993100, -2.872873682434756900 ) ) ;
#8106 = CARTESIAN_POINT ( 'NONE',  ( 1.338084349431994300, 4.200000000000000200, -1.934149505201041600 ) ) ;
#8107 = CARTESIAN_POINT ( 'NONE',  ( -2.646421648279662500, 4.199999999999994800, -1.590444364483975600 ) ) ;
#8108 = CARTESIAN_POINT ( 'NONE',  ( 6.368163355566237400E-016, -0.2999999999999999900, 1.300000000000000300 ) ) ;
#8109 = CARTESIAN_POINT ( 'NONE',  ( 5.000000000000005300, 0.2999999999999999900, 1.249999999999982900 ) ) ;
#8110 = CARTESIAN_POINT ( 'NONE',  ( -0.5765103626379302100, 4.199999999999997500, -2.540709196770830400 ) ) ;
#8111 = CARTESIAN_POINT ( 'NONE',  ( -0.2284324865629155700, 4.209999999999999100, -2.293470562722537600 ) ) ;
#8112 = DIRECTION ( 'NONE',  ( 0.0000000000000000000, -1.000000000000000000, 0.0000000000000000000 ) ) ;
#8113 = PLANE ( 'NONE',  #6598 ) ;
#8114 = CARTESIAN_POINT ( 'NONE',  ( 0.3174855027292320400, 4.209999999999999100, -2.629129828154934200 ) ) ;
ENDSEC;
END-ISO-10303-21;
