ISO-10303-21;
HEADER;
FILE_DESCRIPTION (( 'STEP AP203' ),
    '1' );
FILE_NAME ('Same_Sky_SJ1-3515N.step',
    '2025-09-11T19:12:47',
    ( '' ),
    ( '' ),
    'SwSTEP 2.0',
    'SolidWorks 2025',
    '' );
FILE_SCHEMA (( 'CONFIG_CONTROL_DESIGN' ));
ENDSEC;

DATA;
#1 = DIRECTION ( 'NONE',  ( 0.000000000000000000, 1.000000000000000000, 0.000000000000000000 ) ) ;
#2 = CARTESIAN_POINT ( 'NONE',  ( -2.200000000000000178, 0.5000000000000000000, 6.949999999999999289 ) ) ;
#3 = VERTEX_POINT ( 'NONE', #5675 ) ;
#4 = PERSON_AND_ORGANIZATION ( #3699, #5709 ) ;
#5 = VERTEX_POINT ( 'NONE', #3902 ) ;
#6 = ORIENTED_EDGE ( 'NONE', *, *, #3406, .T. ) ;
#7 = EDGE_CURVE ( 'NONE', #429, #1037, #7333, .T. ) ;
#8 = ADVANCED_FACE ( 'NONE', ( #1642 ), #3307, .F. ) ;
#9 = EDGE_LOOP ( 'NONE', ( #3505, #533, #1481, #3745, #5706 ) ) ;
#10 = CYLINDRICAL_SURFACE ( 'NONE', #4356, 3.000000000000000000 ) ;
#11 = CARTESIAN_POINT ( 'NONE',  ( 2.299999999999999822, -1.699999999999999956, 5.799999999999999822 ) ) ;
#12 = DIRECTION ( 'NONE',  ( 0.000000000000000000, 0.000000000000000000, 1.000000000000000000 ) ) ;
#13 = LINE ( 'NONE', #2303, #6512 ) ;
#14 = VECTOR ( 'NONE', #3714, 1000.000000000000000 ) ;
#15 = AXIS2_PLACEMENT_3D ( 'NONE', #295, #2591, #4883 ) ;
#16 = CARTESIAN_POINT ( 'NONE',  ( 0.2000000000000000111, 0.5000000000000000000, 5.802185478309000111 ) ) ;
#17 = VERTEX_POINT ( 'NONE', #4472 ) ;
#18 = ORIENTED_EDGE ( 'NONE', *, *, #7089, .F. ) ;
#19 = DIRECTION ( 'NONE',  ( 0.000000000000000000, 1.000000000000000000, 0.000000000000000000 ) ) ;
#20 = AXIS2_PLACEMENT_3D ( 'NONE', #5462, #312, #285 ) ;
#21 = AXIS2_PLACEMENT_3D ( 'NONE', #6529, #1185, #3452 ) ;
#22 = DIRECTION ( 'NONE',  ( 1.000000000000000000, 0.000000000000000000, 0.000000000000000000 ) ) ;
#23 = DIRECTION ( 'NONE',  ( 1.000000000000000000, 0.000000000000000000, 0.000000000000000000 ) ) ;
#24 = CARTESIAN_POINT ( 'NONE',  ( 0.8000000000000000444, -3.414370335791999889, 5.397161038502000352 ) ) ;
#25 = AXIS2_PLACEMENT_3D ( 'NONE', #3208, #4442, #2690 ) ;
#26 = VECTOR ( 'NONE', #6083, 1000.000000000000000 ) ;
#27 = AXIS2_PLACEMENT_3D ( 'NONE', #4996, #901, #3790 ) ;
#28 = VERTEX_POINT ( 'NONE', #5147 ) ;
#29 = LINE ( 'NONE', #5776, #7118 ) ;
#30 = DIRECTION ( 'NONE',  ( -0.000000000000000000, 1.000000000000000000, 0.000000000000000000 ) ) ;
#31 = VECTOR ( 'NONE', #6528, 1000.000000000000000 ) ;
#32 = VECTOR ( 'NONE', #2311, 1000.000000000000000 ) ;
#33 = VECTOR ( 'NONE', #673, 1000.000000000000000 ) ;
#34 = EDGE_CURVE ( 'NONE', #4470, #6248, #536, .T. ) ;
#35 = CARTESIAN_POINT ( 'NONE',  ( 0.005362112447553000344, -2.299999999999999822, -4.003969365357999521 ) ) ;
#36 = DIRECTION ( 'NONE',  ( 1.000000000000000000, 0.000000000000000000, 1.391479524196999852E-13 ) ) ;
#37 = LINE ( 'NONE', #6354, #5595 ) ;
#38 = ORIENTED_EDGE ( 'NONE', *, *, #2336, .F. ) ;
#39 = AXIS2_PLACEMENT_3D ( 'NONE', #4933, #4976, #7244 ) ;
#40 = CARTESIAN_POINT ( 'NONE',  ( -4.299999999999999822, 3.500000000000000000, 4.700000000000000178 ) ) ;
#41 = CIRCLE ( 'NONE', #4241, 2.100000000000000089 ) ;
#42 = ORIENTED_EDGE ( 'NONE', *, *, #6677, .F. ) ;
#43 = CARTESIAN_POINT ( 'NONE',  ( -1.699999999999999956, -2.000000000000000000, 5.799999999999999822 ) ) ;
#44 = EDGE_CURVE ( 'NONE', #5383, #7360, #6281, .T. ) ;
#45 = DIRECTION ( 'NONE',  ( 0.000000000000000000, 1.000000000000000000, 0.000000000000000000 ) ) ;
#46 = CIRCLE ( 'NONE', #4245, 0.2999999999999999889 ) ;
#47 = CARTESIAN_POINT ( 'NONE',  ( 0.2000000000000000111, -2.100000000000000089, 4.649999999999999467 ) ) ;
#48 = CARTESIAN_POINT ( 'NONE',  ( 3.974999999999999201, 3.100000000000000089, 5.549999999999999822 ) ) ;
#49 = VERTEX_POINT ( 'NONE', #2215 ) ;
#50 = ORIENTED_EDGE ( 'NONE', *, *, #314, .T. ) ;
#51 = ORIENTED_EDGE ( 'NONE', *, *, #4722, .T. ) ;
#52 = AXIS2_PLACEMENT_3D ( 'NONE', #5504, #2651, #3293 ) ;
#53 = ORIENTED_EDGE ( 'NONE', *, *, #6903, .T. ) ;
#54 = CARTESIAN_POINT ( 'NONE',  ( -2.799999999999999822, 0.5000000000000003331, 6.959999999999999964 ) ) ;
#55 = EDGE_CURVE ( 'NONE', #5695, #6509, #6772, .T. ) ;
#56 = CARTESIAN_POINT ( 'NONE',  ( 2.428268721647000028, 1.649999999999999911, 6.450000000000000178 ) ) ;
#57 = DIRECTION ( 'NONE',  ( 0.000000000000000000, 0.000000000000000000, 1.000000000000000000 ) ) ;
#58 = ADVANCED_FACE ( 'NONE', ( #1125 ), #3422, .T. ) ;
#59 = EDGE_CURVE ( 'NONE', #5209, #5158, #3382, .T. ) ;
#60 = CARTESIAN_POINT ( 'NONE',  ( -2.125000000000000000, -1.699999999999999956, -0.6499999999997999600 ) ) ;
#61 = ORIENTED_EDGE ( 'NONE', *, *, #5745, .F. ) ;
#62 = EDGE_LOOP ( 'NONE', ( #6713, #1358, #4396, #4723, #3246, #452 ) ) ;
#63 = DIRECTION ( 'NONE',  ( 0.000000000000000000, -1.000000000000000000, 0.000000000000000000 ) ) ;
#64 = CYLINDRICAL_SURFACE ( 'NONE', #6152, 2.000000000000000000 ) ;
#65 = LINE ( 'NONE', #2350, #6020 ) ;
#66 = CLOSED_SHELL ( 'NONE', ( #3347, #2152, #3894, #2606, #6899 ) ) ;
#67 = LINE ( 'NONE', #4721, #3454 ) ;
#68 = ORIENTED_EDGE ( 'NONE', *, *, #2573, .T. ) ;
#69 = LINE ( 'NONE', #3592, #7002 ) ;
#70 = DIRECTION ( 'NONE',  ( 0.000000000000000000, 1.000000000000000000, 0.000000000000000000 ) ) ;
#71 = DIRECTION ( 'NONE',  ( 0.7071067811865475727, 0.7071067811865475727, 0.000000000000000000 ) ) ;
#72 = DIRECTION ( 'NONE',  ( 0.000000000000000000, 1.000000000000000000, 0.000000000000000000 ) ) ;
#73 = ORIENTED_EDGE ( 'NONE', *, *, #5564, .F. ) ;
#74 = CARTESIAN_POINT ( 'NONE',  ( -4.349999999999999645, -1.699999999999999956, -4.000000000000000000 ) ) ;
#75 = ORIENTED_EDGE ( 'NONE', *, *, #131, .F. ) ;
#76 = CARTESIAN_POINT ( 'NONE',  ( -4.675000000000000711, -4.850000000000000533, -3.449999999999999734 ) ) ;
#77 = ORIENTED_EDGE ( 'NONE', *, *, #1970, .F. ) ;
#78 = DIRECTION ( 'NONE',  ( 1.000000000000000000, 0.000000000000000000, 0.000000000000000000 ) ) ;
#79 = DIRECTION ( 'NONE',  ( -0.5547001962240989403, 0.8320502943385971184, 0.000000000000000000 ) ) ;
#80 = AXIS2_PLACEMENT_3D ( 'NONE', #4656, #6959, #2472 ) ;
#81 = CARTESIAN_POINT ( 'NONE',  ( 0.4500000000000999867, 2.200000000000000178, -6.125000000000000000 ) ) ;
#82 = VERTEX_POINT ( 'NONE', #2785 ) ;
#83 = ORIENTED_EDGE ( 'NONE', *, *, #6953, .F. ) ;
#84 = ORIENTED_EDGE ( 'NONE', *, *, #3408, .T. ) ;
#85 = EDGE_CURVE ( 'NONE', #940, #5996, #5075, .T. ) ;
#86 = ORIENTED_EDGE ( 'NONE', *, *, #5102, .T. ) ;
#87 = AXIS2_PLACEMENT_3D ( 'NONE', #1146, #1818, #3590 ) ;
#88 = PLANE ( 'NONE',  #4607 ) ;
#89 = LINE ( 'NONE', #4670, #3992 ) ;
#90 = CARTESIAN_POINT ( 'NONE',  ( 5.200000000000000178, 2.500000000000000000, -6.125000000000000000 ) ) ;
#91 = AXIS2_PLACEMENT_3D ( 'NONE', #3625, #3735, #2613 ) ;
#92 = LINE ( 'NONE', #1851, #1049 ) ;
#93 = ORIENTED_EDGE ( 'NONE', *, *, #2297, .T. ) ;
#94 = ORIENTED_EDGE ( 'NONE', *, *, #1654, .T. ) ;
#95 = EDGE_CURVE ( 'NONE', #6628, #5685, #7418, .T. ) ;
#96 = EDGE_CURVE ( 'NONE', #337, #5946, #3666, .T. ) ;
#97 = EDGE_CURVE ( 'NONE', #2631, #6442, #6318, .T. ) ;
#98 = EDGE_CURVE ( 'NONE', #1167, #5095, #4581, .T. ) ;
#99 = DIRECTION ( 'NONE',  ( -1.000000000000000000, 0.000000000000000000, 0.000000000000000000 ) ) ;
#100 = VECTOR ( 'NONE', #6634, 1000.000000000000000 ) ;
#101 = EDGE_CURVE ( 'NONE', #3022, #1021, #1157, .T. ) ;
#102 = DIRECTION ( 'NONE',  ( -0.000000000000000000, 0.7071067811865475727, 0.7071067811865475727 ) ) ;
#103 = DIRECTION ( 'NONE',  ( 0.000000000000000000, -1.000000000000000000, 0.000000000000000000 ) ) ;
#104 = FACE_BOUND ( 'NONE', #2052, .T. ) ;
#105 = ORIENTED_EDGE ( 'NONE', *, *, #5878, .T. ) ;
#106 = ADVANCED_FACE ( 'NONE', ( #4994 ), #6500, .T. ) ;
#107 = LINE ( 'NONE', #6956, #1225 ) ;
#108 = FACE_OUTER_BOUND ( 'NONE', #2683, .T. ) ;
#109 = DIRECTION ( 'NONE',  ( -1.000000000000000000, 0.000000000000000000, 0.000000000000000000 ) ) ;
#110 = CARTESIAN_POINT ( 'NONE',  ( -1.050000000000000044, -2.000000000000000000, 5.649999999999999467 ) ) ;
#111 = DIRECTION ( 'NONE',  ( 1.000000000000000000, 0.000000000000000000, 0.000000000000000000 ) ) ;
#112 = ORIENTED_EDGE ( 'NONE', *, *, #2583, .F. ) ;
#113 = CIRCLE ( 'NONE', #4309, 0.2000000000000000944 ) ;
#114 = CARTESIAN_POINT ( 'NONE',  ( 4.500000000000000000, 3.299999999999999822, 5.549999999999999822 ) ) ;
#115 = DIRECTION ( 'NONE',  ( 0.000000000000000000, 0.000000000000000000, -1.000000000000000000 ) ) ;
#116 = PLANE ( 'NONE',  #4232 ) ;
#117 = CARTESIAN_POINT ( 'NONE',  ( 4.500000000000000000, 3.100000000000000089, 5.549999999999999822 ) ) ;
#118 = ORIENTED_EDGE ( 'NONE', *, *, #6350, .F. ) ;
#119 = EDGE_LOOP ( 'NONE', ( #6053, #3694 ) ) ;
#120 = VERTEX_POINT ( 'NONE', #3640 ) ;
#121 = ORIENTED_EDGE ( 'NONE', *, *, #5875, .T. ) ;
#122 = CARTESIAN_POINT ( 'NONE',  ( -4.349999999999999645, -1.699999999999999956, -2.500000000000000000 ) ) ;
#123 = CARTESIAN_POINT ( 'NONE',  ( -4.299999999999999822, 3.077185478309000022, 6.400000000000000355 ) ) ;
#124 = CARTESIAN_POINT ( 'NONE',  ( -2.125000000000000000, -2.500000000000000000, -2.050000000000000266 ) ) ;
#125 = LINE ( 'NONE', #2305, #7427 ) ;
#126 = ORIENTED_EDGE ( 'NONE', *, *, #4127, .T. ) ;
#127 = ORIENTED_EDGE ( 'NONE', *, *, #493, .T. ) ;
#128 = CARTESIAN_POINT ( 'NONE',  ( -2.599999999999991207, -1.775000000000009015, -1.320495392440820259 ) ) ;
#129 = CARTESIAN_POINT ( 'NONE',  ( 4.549999999999999822, -2.500000000000000000, 2.299999999999999822 ) ) ;
#130 = AXIS2_PLACEMENT_3D ( 'NONE', #3678, #4249, #7075 ) ;
#131 = EDGE_CURVE ( 'NONE', #1997, #4714, #6467, .T. ) ;
#132 = DIRECTION ( 'NONE',  ( 0.000000000000000000, 1.000000000000000000, 0.000000000000000000 ) ) ;
#133 = CARTESIAN_POINT ( 'NONE',  ( 4.549999999999999822, -1.899999999999999911, 1.000000000000000000 ) ) ;
#134 = VERTEX_POINT ( 'NONE', #7070 ) ;
#135 = AXIS2_PLACEMENT_3D ( 'NONE', #881, #3732, #6071 ) ;
#136 = DIRECTION ( 'NONE',  ( 0.000000000000000000, 0.000000000000000000, -1.000000000000000000 ) ) ;
#137 = FACE_OUTER_BOUND ( 'NONE', #6168, .T. ) ;
#138 = EDGE_CURVE ( 'NONE', #6040, #3432, #2765, .T. ) ;
#139 = CIRCLE ( 'NONE', #7234, 0.3000000000000000444 ) ;
#140 = VECTOR ( 'NONE', #1517, 1000.000000000000000 ) ;
#141 = FACE_OUTER_BOUND ( 'NONE', #2674, .T. ) ;
#142 = AXIS2_PLACEMENT_3D ( 'NONE', #4397, #6774, #1525 ) ;
#143 = EDGE_CURVE ( 'NONE', #1575, #709, #4730, .T. ) ;
#144 = DIRECTION ( 'NONE',  ( 0.000000000000000000, 0.000000000000000000, 1.000000000000000000 ) ) ;
#145 = EDGE_CURVE ( 'NONE', #2391, #418, #3345, .T. ) ;
#146 = DIRECTION ( 'NONE',  ( 0.000000000000000000, -1.000000000000000000, 0.000000000000000000 ) ) ;
#147 = ORIENTED_EDGE ( 'NONE', *, *, #2526, .F. ) ;
#148 = DIRECTION ( 'NONE',  ( 0.000000000000000000, 0.000000000000000000, 1.000000000000000000 ) ) ;
#149 = VECTOR ( 'NONE', #1624, 1000.000000000000000 ) ;
#150 = VECTOR ( 'NONE', #5718, 1000.000000000000000 ) ;
#151 = VERTEX_POINT ( 'NONE', #1791 ) ;
#152 = DIRECTION ( 'NONE',  ( 1.000000000000000000, 0.000000000000000000, 0.000000000000000000 ) ) ;
#153 = DIRECTION ( 'NONE',  ( 0.000000000000000000, 0.000000000000000000, 1.000000000000000000 ) ) ;
#154 = AXIS2_PLACEMENT_3D ( 'NONE', #3358, #5125, #6822 ) ;
#155 = DIRECTION ( 'NONE',  ( 0.000000000000000000, 1.000000000000000000, 0.000000000000000000 ) ) ;
#156 = VECTOR ( 'NONE', #3469, 1000.000000000000000 ) ;
#157 = ORIENTED_EDGE ( 'NONE', *, *, #1538, .F. ) ;
#158 = EDGE_LOOP ( 'NONE', ( #604, #1858, #2692, #4367 ) ) ;
#159 = VERTEX_POINT ( 'NONE', #1831 ) ;
#160 = ORIENTED_EDGE ( 'NONE', *, *, #6302, .F. ) ;
#161 = CARTESIAN_POINT ( 'NONE',  ( 5.200000000000000178, 2.350000000000000089, -5.625000000000000000 ) ) ;
#162 = AXIS2_PLACEMENT_3D ( 'NONE', #5854, #4160, #5357 ) ;
#163 = CARTESIAN_POINT ( 'NONE',  ( -4.299999999999999822, 2.575000000050999827, 6.149999999949000262 ) ) ;
#164 = CYLINDRICAL_SURFACE ( 'NONE', #7003, 0.2000000000000000944 ) ;
#165 = LINE ( 'NONE', #1423, #6825 ) ;
#166 = ORIENTED_EDGE ( 'NONE', *, *, #2446, .F. ) ;
#167 = VECTOR ( 'NONE', #5211, 1000.000000000000000 ) ;
#168 = ORIENTED_EDGE ( 'NONE', *, *, #2105, .F. ) ;
#169 = DIRECTION ( 'NONE',  ( 0.000000000000000000, -1.000000000000000000, 0.000000000000000000 ) ) ;
#170 = LINE ( 'NONE', #2463, #5540 ) ;
#171 = DIRECTION ( 'NONE',  ( -1.000000000000000000, 0.000000000000000000, 0.000000000000000000 ) ) ;
#172 = CARTESIAN_POINT ( 'NONE',  ( -2.649999999999999911, 2.299999999999999822, 5.474999999999999645 ) ) ;
#173 = DIRECTION ( 'NONE',  ( -0.000000000000000000, 1.000000000000000000, 0.000000000000000000 ) ) ;
#174 = ORIENTED_EDGE ( 'NONE', *, *, #450, .T. ) ;
#175 = EDGE_CURVE ( 'NONE', #1104, #2969, #5221, .T. ) ;
#176 = CARTESIAN_POINT ( 'NONE',  ( 4.500000000000000000, 3.078237858560999740, 5.549999999999999822 ) ) ;
#177 = CARTESIAN_POINT ( 'NONE',  ( 2.200000000000000178, 2.500000000000000000, 4.750000000000000000 ) ) ;
#178 = FACE_BOUND ( 'NONE', #5257, .T. ) ;
#179 = CARTESIAN_POINT ( 'NONE',  ( -0.07660168297601999132, -2.299999999999999822, -4.261350971460999837 ) ) ;
#180 = ORIENTED_EDGE ( 'NONE', *, *, #3263, .F. ) ;
#181 = FACE_OUTER_BOUND ( 'NONE', #2699, .T. ) ;
#182 = EDGE_LOOP ( 'NONE', ( #2151, #420 ) ) ;
#183 = EDGE_CURVE ( 'NONE', #5684, #2539, #6961, .T. ) ;
#184 = DIRECTION ( 'NONE',  ( 0.000000000000000000, 0.000000000000000000, -1.000000000000000000 ) ) ;
#185 = EDGE_CURVE ( 'NONE', #2646, #5959, #1191, .T. ) ;
#186 = ADVANCED_FACE ( 'NONE', ( #181 ), #2396, .T. ) ;
#187 = DIRECTION ( 'NONE',  ( 0.000000000000000000, 0.000000000000000000, 1.000000000000000000 ) ) ;
#188 = CARTESIAN_POINT ( 'NONE',  ( -2.299999999999999822, -2.200000000000000178, -0.8499999999999999778 ) ) ;
#189 = DIRECTION ( 'NONE',  ( 0.000000000000000000, 0.000000000000000000, -1.000000000000000000 ) ) ;
#190 = ORIENTED_EDGE ( 'NONE', *, *, #7372, .F. ) ;
#191 = ORIENTED_EDGE ( 'NONE', *, *, #2251, .F. ) ;
#192 = ORIENTED_EDGE ( 'NONE', *, *, #4044, .T. ) ;
#193 = EDGE_LOOP ( 'NONE', ( #3467, #4479, #83, #561 ) ) ;
#194 = CARTESIAN_POINT ( 'NONE',  ( -5.200000000000000178, 3.078237858560999740, 5.549999999999999822 ) ) ;
#195 = FACE_OUTER_BOUND ( 'NONE', #158, .T. ) ;
#196 = CARTESIAN_POINT ( 'NONE',  ( 4.850000000000000533, -1.899999999999999911, 1.000000000000000000 ) ) ;
#197 = CARTESIAN_POINT ( 'NONE',  ( 0.2000000000000000111, 0.5000000000000000000, 10.55000000000000071 ) ) ;
#198 = VERTEX_POINT ( 'NONE', #1298 ) ;
#199 = EDGE_LOOP ( 'NONE', ( #6570, #1532, #5761, #366 ) ) ;
#200 = AXIS2_PLACEMENT_3D ( 'NONE', #2943, #4204, #1345 ) ;
#201 = CARTESIAN_POINT ( 'NONE',  ( -2.100000000000000089, 0.3020000000000000462, -1.456350832690000097 ) ) ;
#202 = DIRECTION ( 'NONE',  ( 0.000000000000000000, 0.000000000000000000, 1.000000000000000000 ) ) ;
#203 = CARTESIAN_POINT ( 'NONE',  ( -4.649999999999999467, -1.899999999999999911, -2.500000000000000000 ) ) ;
#204 = VECTOR ( 'NONE', #3781, 1000.000000000000000 ) ;
#205 = DIRECTION ( 'NONE',  ( 1.000000000000000000, 0.000000000000000000, 0.000000000000000000 ) ) ;
#206 = LINE ( 'NONE', #6491, #3330 ) ;
#207 = ORIENTED_EDGE ( 'NONE', *, *, #2855, .T. ) ;
#208 = ORIENTED_EDGE ( 'NONE', *, *, #4968, .T. ) ;
#209 = VECTOR ( 'NONE', #2500, 1000.000000000000000 ) ;
#210 = CARTESIAN_POINT ( 'NONE',  ( 2.500000000000000000, -1.699999999999999956, 5.500000000000000000 ) ) ;
#211 = DIRECTION ( 'NONE',  ( -0.7071067811864419905, 8.659560562353641098E-17, 0.7071067811866530439 ) ) ;
#212 = CARTESIAN_POINT ( 'NONE',  ( -3.200000000000000178, 2.200000000000000178, 5.500000000000000000 ) ) ;
#213 = CARTESIAN_POINT ( 'NONE',  ( 4.850000000000000533, -1.899999999999999911, 2.299999999999999822 ) ) ;
#214 = ORIENTED_EDGE ( 'NONE', *, *, #2806, .F. ) ;
#215 = DIRECTION ( 'NONE',  ( -0.000000000000000000, 1.000000000000000000, 0.000000000000000000 ) ) ;
#216 = VERTEX_POINT ( 'NONE', #2894 ) ;
#217 = FACE_BOUND ( 'NONE', #2343, .T. ) ;
#218 = DIRECTION ( 'NONE',  ( 0.000000000000000000, 0.000000000000000000, -1.000000000000000000 ) ) ;
#219 = CARTESIAN_POINT ( 'NONE',  ( 5.049999999999999822, 2.200000000000000178, -5.774999999999999467 ) ) ;
#220 = EDGE_CURVE ( 'NONE', #1368, #6142, #5256, .T. ) ;
#221 = EDGE_CURVE ( 'NONE', #3326, #2333, #4429, .T. ) ;
#222 = APPLICATION_CONTEXT ( 'configuration controlled 3d designs of mechanical parts and assemblies' ) ;
#223 = CARTESIAN_POINT ( 'NONE',  ( 4.850000000000000533, -2.200000000000000178, 1.649999999999999911 ) ) ;
#224 = VERTEX_POINT ( 'NONE', #669 ) ;
#225 = EDGE_CURVE ( 'NONE', #979, #2132, #6394, .T. ) ;
#226 = ORIENTED_EDGE ( 'NONE', *, *, #6243, .F. ) ;
#227 = EDGE_LOOP ( 'NONE', ( #5249, #5942, #93, #5464 ) ) ;
#228 = EDGE_LOOP ( 'NONE', ( #579, #5721, #6475, #307 ) ) ;
#229 = DIRECTION ( 'NONE',  ( 1.000000000000000000, 0.000000000000000000, 0.000000000000000000 ) ) ;
#230 = DIRECTION ( 'NONE',  ( -0.2425356250357920407, 0.000000000000000000, 0.9701425001454671015 ) ) ;
#231 = DIRECTION ( 'NONE',  ( 0.000000000000000000, 1.000000000000000000, 0.000000000000000000 ) ) ;
#232 = EDGE_CURVE ( 'NONE', #821, #4381, #2360, .T. ) ;
#233 = EDGE_CURVE ( 'NONE', #6898, #4480, #4658, .T. ) ;
#234 = CARTESIAN_POINT ( 'NONE',  ( 3.750000000000000000, -2.200000000000000178, -5.950000000000000178 ) ) ;
#235 = EDGE_CURVE ( 'NONE', #237, #1946, #3597, .T. ) ;
#236 = EDGE_LOOP ( 'NONE', ( #1588, #863 ) ) ;
#237 = VERTEX_POINT ( 'NONE', #740 ) ;
#238 = DIRECTION ( 'NONE',  ( 1.000000000000000000, 0.000000000000000000, 0.000000000000000000 ) ) ;
#239 = DIRECTION ( 'NONE',  ( 0.000000000000000000, 0.000000000000000000, -1.000000000000000000 ) ) ;
#240 = DIRECTION ( 'NONE',  ( -0.000000000000000000, 1.000000000000000000, 0.000000000000000000 ) ) ;
#241 = DIRECTION ( 'NONE',  ( 0.000000000000000000, 1.000000000000000000, 0.000000000000000000 ) ) ;
#242 = CARTESIAN_POINT ( 'NONE',  ( -4.675000000000000711, -5.500000000000000000, -3.149999999999999911 ) ) ;
#243 = EDGE_LOOP ( 'NONE', ( #1684, #341, #7442, #4905 ) ) ;
#244 = EDGE_LOOP ( 'NONE', ( #4675, #1688 ) ) ;
#245 = CARTESIAN_POINT ( 'NONE',  ( -0.4000000000000000222, -4.899999999999999467, 5.000000000000000000 ) ) ;
#246 = VECTOR ( 'NONE', #405, 1000.000000000000000 ) ;
#247 = CARTESIAN_POINT ( 'NONE',  ( 3.475549786411999964, -1.329668090586000107, 5.799999999999999822 ) ) ;
#248 = CARTESIAN_POINT ( 'NONE',  ( -2.475000000000000089, -2.500000000000000000, -2.050000000000000266 ) ) ;
#249 = LINE ( 'NONE', #3672, #3921 ) ;
#250 = VECTOR ( 'NONE', #6362, 1000.000000000000000 ) ;
#251 = AXIS2_PLACEMENT_3D ( 'NONE', #5495, #4441, #6741 ) ;
#252 = ORIENTED_EDGE ( 'NONE', *, *, #6990, .T. ) ;
#253 = DIRECTION ( 'NONE',  ( -0.000000000000000000, 1.000000000000000000, 0.000000000000000000 ) ) ;
#254 = VERTEX_POINT ( 'NONE', #4199 ) ;
#255 = AXIS2_PLACEMENT_3D ( 'NONE', #5100, #2203, #5622 ) ;
#256 = VECTOR ( 'NONE', #2915, 1000.000000000000000 ) ;
#257 = DIRECTION ( 'NONE',  ( 0.000000000000000000, -1.000000000000000000, 0.000000000000000000 ) ) ;
#258 = DIRECTION ( 'NONE',  ( -1.000000000000000000, 0.000000000000000000, 0.000000000000000000 ) ) ;
#259 = FACE_BOUND ( 'NONE', #7198, .T. ) ;
#260 = EDGE_LOOP ( 'NONE', ( #7359, #2871, #6225, #4924 ) ) ;
#261 = EDGE_LOOP ( 'NONE', ( #4416, #4776, #1465, #898 ) ) ;
#262 = AXIS2_PLACEMENT_3D ( 'NONE', #5387, #6531, #6072 ) ;
#263 = CIRCLE ( 'NONE', #2055, 0.2999999999999999334 ) ;
#264 = CIRCLE ( 'NONE', #6400, 0.1499999999999999667 ) ;
#265 = VERTEX_POINT ( 'NONE', #40 ) ;
#266 = ORIENTED_EDGE ( 'NONE', *, *, #1364, .F. ) ;
#267 = EDGE_CURVE ( 'NONE', #5006, #254, #113, .T. ) ;
#268 = CARTESIAN_POINT ( 'NONE',  ( 0.000000000000000000, 3.500000000000000000, 0.000000000000000000 ) ) ;
#269 = DIRECTION ( 'NONE',  ( 1.000000000000000000, -4.329869796038000067E-14, -5.847174596358999587E-14 ) ) ;
#270 = VECTOR ( 'NONE', #4865, 1000.000000000000000 ) ;
#271 = VECTOR ( 'NONE', #136, 1000.000000000000000 ) ;
#272 = PLANE ( 'NONE',  #5543 ) ;
#273 = DIRECTION ( 'NONE',  ( 0.000000000000000000, 0.000000000000000000, -1.000000000000000000 ) ) ;
#274 = ORIENTED_EDGE ( 'NONE', *, *, #1001, .T. ) ;
#275 = EDGE_LOOP ( 'NONE', ( #2711, #3105, #7425, #2194 ) ) ;
#276 = VECTOR ( 'NONE', #903, 1000.000000000000000 ) ;
#277 = AXIS2_PLACEMENT_3D ( 'NONE', #4975, #6527, #2686 ) ;
#278 = EDGE_CURVE ( 'NONE', #4922, #1133, #4692, .T. ) ;
#279 = LINE ( 'NONE', #4863, #869 ) ;
#280 = CARTESIAN_POINT ( 'NONE',  ( -4.950000000000000178, -2.500000000000000000, -3.799999999999999822 ) ) ;
#281 = EDGE_CURVE ( 'NONE', #2852, #2298, #1376, .T. ) ;
#282 = ADVANCED_FACE ( 'NONE', ( #6544, #1942 ), #3673, .F. ) ;
#283 = PLANE ( 'NONE',  #1565 ) ;
#284 = VECTOR ( 'NONE', #1784, 1000.000000000000000 ) ;
#285 = DIRECTION ( 'NONE',  ( 0.000000000000000000, 1.000000000000000000, 0.000000000000000000 ) ) ;
#286 = CARTESIAN_POINT ( 'NONE',  ( 0.5000000000000000000, -4.850000000000000533, 5.299999999999999822 ) ) ;
#287 = VERTEX_POINT ( 'NONE', #4244 ) ;
#288 = VERTEX_POINT ( 'NONE', #4799 ) ;
#289 = CARTESIAN_POINT ( 'NONE',  ( 3.399999999999999911, 2.399999999999999911, 5.799999999999999822 ) ) ;
#290 = CARTESIAN_POINT ( 'NONE',  ( -2.475000000000000089, -1.899999999999999911, -0.8500000000000998979 ) ) ;
#291 = DIRECTION ( 'NONE',  ( 0.000000000000000000, -1.000000000000000000, 0.000000000000000000 ) ) ;
#292 = CARTESIAN_POINT ( 'NONE',  ( 3.600000000000000089, -0.5000000000000000000, 5.799999999999999822 ) ) ;
#293 = ORIENTED_EDGE ( 'NONE', *, *, #4642, .F. ) ;
#294 = CARTESIAN_POINT ( 'NONE',  ( -0.4500000000000000111, -2.299999999999999822, 5.237499999999999822 ) ) ;
#295 = CARTESIAN_POINT ( 'NONE',  ( 0.2000000000000000111, 0.5000000000000000000, 6.959999999999999964 ) ) ;
#296 = LINE ( 'NONE', #5401, #4094 ) ;
#297 = PLANE ( 'NONE',  #4400 ) ;
#298 = ORIENTED_EDGE ( 'NONE', *, *, #587, .F. ) ;
#299 = ORIENTED_EDGE ( 'NONE', *, *, #4006, .F. ) ;
#300 = EDGE_LOOP ( 'NONE', ( #4749, #4668, #3648, #1847 ) ) ;
#301 = DIRECTION ( 'NONE',  ( -2.812564995716999917E-14, 1.000000000000000000, 0.000000000000000000 ) ) ;
#302 = VERTEX_POINT ( 'NONE', #7107 ) ;
#303 = LINE ( 'NONE', #3094, #1830 ) ;
#304 = DIRECTION ( 'NONE',  ( 0.000000000000000000, 0.000000000000000000, -1.000000000000000000 ) ) ;
#305 = CARTESIAN_POINT ( 'NONE',  ( 5.049999999999999822, 2.200000000000000178, -6.125000000000000000 ) ) ;
#306 = ORIENTED_EDGE ( 'NONE', *, *, #1097, .F. ) ;
#307 = ORIENTED_EDGE ( 'NONE', *, *, #185, .F. ) ;
#308 = B_SPLINE_SURFACE_WITH_KNOTS ( 'NONE', 3, 1, ( 
 ( #496, #2803 ),
 ( #2839, #6857 ),
 ( #1692, #1135 ),
 ( #3434, #5726 ) ),
 .UNSPECIFIED., .F., .F., .F.,
 ( 4, 4 ),
 ( 2, 2 ),
 ( 0.1095949475875662021, 0.9656163533129110688 ),
 ( 0.000000000000000000, 1.000000000000000000 ),
 .UNSPECIFIED. ) ;
#309 = DIRECTION ( 'NONE',  ( 0.000000000000000000, 1.000000000000000000, 0.000000000000000000 ) ) ;
#310 = LINE ( 'NONE', #2533, #868 ) ;
#311 = DIRECTION ( 'NONE',  ( 0.000000000000000000, 0.000000000000000000, 1.000000000000000000 ) ) ;
#312 = DIRECTION ( 'NONE',  ( 1.000000000000000000, 0.000000000000000000, 0.000000000000000000 ) ) ;
#313 = VECTOR ( 'NONE', #7041, 1000.000000000000000 ) ;
#314 = EDGE_CURVE ( 'NONE', #6373, #789, #6021, .T. ) ;
#315 = EDGE_CURVE ( 'NONE', #5684, #3122, #5662, .T. ) ;
#316 = CARTESIAN_POINT ( 'NONE',  ( 0.2000000000000000111, 3.078237858560999740, -4.450000000000000178 ) ) ;
#317 = EDGE_LOOP ( 'NONE', ( #4683, #3394, #7115, #6829 ) ) ;
#318 = ADVANCED_FACE ( 'NONE', ( #4583 ), #2866, .T. ) ;
#319 = ORIENTED_EDGE ( 'NONE', *, *, #4318, .T. ) ;
#320 = EDGE_CURVE ( 'NONE', #2132, #679, #6809, .T. ) ;
#321 = CARTESIAN_POINT ( 'NONE',  ( 4.575000000000000178, -1.800000000000000044, 1.050000000000000044 ) ) ;
#322 = CIRCLE ( 'NONE', #6692, 2.100000000000000089 ) ;
#323 = CARTESIAN_POINT ( 'NONE',  ( 0.2000000000000000111, 0.5000000000000000000, 5.000000000000000000 ) ) ;
#324 = FACE_OUTER_BOUND ( 'NONE', #1712, .T. ) ;
#325 = LINE ( 'NONE', #2013, #1276 ) ;
#326 = EDGE_CURVE ( 'NONE', #2363, #5630, #6873, .T. ) ;
#327 = EDGE_LOOP ( 'NONE', ( #5230, #5782, #3069, #6365 ) ) ;
#328 = DIRECTION ( 'NONE',  ( 0.000000000000000000, 0.000000000000000000, 1.000000000000000000 ) ) ;
#329 = CIRCLE ( 'NONE', #4534, 0.8999999999999998002 ) ;
#330 = CARTESIAN_POINT ( 'NONE',  ( -4.299999999999999822, 3.077185478309000022, 5.549999999999999822 ) ) ;
#331 = CARTESIAN_POINT ( 'NONE',  ( 5.025000000000000355, 3.121762141438999993, 5.549999999999999822 ) ) ;
#332 = DIRECTION ( 'NONE',  ( 0.000000000000000000, 0.000000000000000000, 1.000000000000000000 ) ) ;
#333 = ORIENTED_EDGE ( 'NONE', *, *, #1819, .F. ) ;
#334 = ORIENTED_EDGE ( 'NONE', *, *, #2114, .T. ) ;
#335 = ORIENTED_EDGE ( 'NONE', *, *, #6988, .F. ) ;
#336 = LINE ( 'NONE', #4475, #4827 ) ;
#337 = VERTEX_POINT ( 'NONE', #76 ) ;
#338 = DIRECTION ( 'NONE',  ( 7.401486830834000387E-14, 1.000000000000000000, 0.000000000000000000 ) ) ;
#339 = LINE ( 'NONE', #2635, #2063 ) ;
#340 = PERSON_AND_ORGANIZATION_ROLE ( 'design_owner' ) ;
#341 = ORIENTED_EDGE ( 'NONE', *, *, #1013, .T. ) ;
#342 = ORIENTED_EDGE ( 'NONE', *, *, #1699, .F. ) ;
#343 = DIRECTION ( 'NONE',  ( 0.000000000000000000, 0.000000000000000000, -1.000000000000000000 ) ) ;
#344 = DIRECTION ( 'NONE',  ( -1.000000000000000000, 0.000000000000000000, 5.238088402179756116E-10 ) ) ;
#345 = LINE ( 'NONE', #7314, #2050 ) ;
#346 = CARTESIAN_POINT ( 'NONE',  ( 0.8499999999999999778, -2.350000000000000089, -4.400000000000000355 ) ) ;
#347 = DIRECTION ( 'NONE',  ( -1.000000000000000000, 0.000000000000000000, 0.000000000000000000 ) ) ;
#348 = ORIENTED_EDGE ( 'NONE', *, *, #1188, .T. ) ;
#349 = EDGE_LOOP ( 'NONE', ( #3754, #1020, #6733, #3006 ) ) ;
#350 = ORIENTED_EDGE ( 'NONE', *, *, #1647, .T. ) ;
#351 = LINE ( 'NONE', #289, #3390 ) ;
#352 = ADVANCED_FACE ( 'NONE', ( #6927 ), #7336, .T. ) ;
#353 = CARTESIAN_POINT ( 'NONE',  ( -0.4239999999999999880, -2.621259328415999956, 5.450000000000000178 ) ) ;
#354 = FACE_OUTER_BOUND ( 'NONE', #1676, .T. ) ;
#355 = PLANE ( 'NONE',  #4286 ) ;
#356 = EDGE_LOOP ( 'NONE', ( #652, #1516, #6291, #5577 ) ) ;
#357 = LINE ( 'NONE', #4355, #140 ) ;
#358 = EDGE_CURVE ( 'NONE', #3122, #6247, #4660, .T. ) ;
#359 = FACE_OUTER_BOUND ( 'NONE', #5422, .T. ) ;
#360 = ADVANCED_FACE ( 'NONE', ( #1759 ), #5150, .F. ) ;
#361 = EDGE_CURVE ( 'NONE', #4187, #3796, #4676, .T. ) ;
#362 = VECTOR ( 'NONE', #3427, 1000.000000000000000 ) ;
#363 = CARTESIAN_POINT ( 'NONE',  ( 3.799999999999999822, -1.800000000000000044, -6.100000000000000533 ) ) ;
#364 = VECTOR ( 'NONE', #5567, 1000.000000000000114 ) ;
#365 = CARTESIAN_POINT ( 'NONE',  ( 4.700000000000000178, -3.350000000000000089, 2.250000000000000000 ) ) ;
#366 = ORIENTED_EDGE ( 'NONE', *, *, #5419, .F. ) ;
#367 = VERTEX_POINT ( 'NONE', #6284 ) ;
#368 = ORIENTED_EDGE ( 'NONE', *, *, #3721, .T. ) ;
#369 = DIRECTION ( 'NONE',  ( 1.000000000000000000, 0.000000000000000000, 0.000000000000000000 ) ) ;
#370 = AXIS2_PLACEMENT_3D ( 'NONE', #2859, #5711, #7330 ) ;
#371 = VECTOR ( 'NONE', #3998, 1000.000000000000000 ) ;
#372 = ORIENTED_EDGE ( 'NONE', *, *, #4082, .F. ) ;
#373 = DIRECTION ( 'NONE',  ( 1.000000000000000000, 0.000000000000000000, 0.000000000000000000 ) ) ;
#374 = DIRECTION ( 'NONE',  ( 0.000000000000000000, 0.000000000000000000, -1.000000000000000000 ) ) ;
#375 = AXIS2_PLACEMENT_3D ( 'NONE', #2272, #2959, #6983 ) ;
#376 = AXIS2_PLACEMENT_3D ( 'NONE', #6320, #7454, #6846 ) ;
#377 = VECTOR ( 'NONE', #1235, 1000.000000000000000 ) ;
#378 = VECTOR ( 'NONE', #57, 1000.000000000000000 ) ;
#379 = DIRECTION ( 'NONE',  ( 0.000000000000000000, 0.000000000000000000, -1.000000000000000000 ) ) ;
#380 = ORIENTED_EDGE ( 'NONE', *, *, #4651, .F. ) ;
#381 = ORIENTED_EDGE ( 'NONE', *, *, #6585, .T. ) ;
#382 = AXIS2_PLACEMENT_3D ( 'NONE', #4645, #720, #6949 ) ;
#383 = DIRECTION ( 'NONE',  ( 0.000000000000000000, -1.000000000000000000, 0.000000000000000000 ) ) ;
#384 = VECTOR ( 'NONE', #7029, 1000.000000000000000 ) ;
#385 = AXIS2_PLACEMENT_3D ( 'NONE', #974, #7160, #304 ) ;
#386 = CARTESIAN_POINT ( 'NONE',  ( 4.400000000000000355, -4.850000000000000533, -5.799999999999999822 ) ) ;
#387 = DIRECTION ( 'NONE',  ( 0.000000000000000000, 0.000000000000000000, -1.000000000000000000 ) ) ;
#388 = CARTESIAN_POINT ( 'NONE',  ( -0.8499999999999999778, -2.500000000000000000, -5.250000000000000000 ) ) ;
#389 = DIRECTION ( 'NONE',  ( 0.000000000000000000, 0.6317418381932994320, 0.7751788502507993561 ) ) ;
#390 = CIRCLE ( 'NONE', #2800, 0.8500000000000000888 ) ;
#391 = VERTEX_POINT ( 'NONE', #1645 ) ;
#392 = VECTOR ( 'NONE', #6782, 999.9999999999998863 ) ;
#393 = VERTEX_POINT ( 'NONE', #5752 ) ;
#394 = ORIENTED_EDGE ( 'NONE', *, *, #3853, .T. ) ;
#395 = DIRECTION ( 'NONE',  ( 1.000000000000000000, 0.000000000000000000, 0.000000000000000000 ) ) ;
#396 = DIRECTION ( 'NONE',  ( 1.000000000000000000, 0.000000000000000000, 0.000000000000000000 ) ) ;
#397 = VECTOR ( 'NONE', #3819, 1000.000000000000000 ) ;
#398 = FACE_OUTER_BOUND ( 'NONE', #573, .T. ) ;
#399 = DIRECTION ( 'NONE',  ( -1.000000000000000000, 0.000000000000000000, 0.000000000000000000 ) ) ;
#400 = EDGE_CURVE ( 'NONE', #2298, #3501, #4465, .T. ) ;
#401 = VECTOR ( 'NONE', #5470, 1000.000000000000000 ) ;
#402 = ORIENTED_EDGE ( 'NONE', *, *, #5885, .F. ) ;
#403 = LINE ( 'NONE', #5511, #6146 ) ;
#404 = CARTESIAN_POINT ( 'NONE',  ( -3.200000000000000178, -0.5000000000000000000, 5.500000000000000000 ) ) ;
#405 = DIRECTION ( 'NONE',  ( 0.000000000000000000, -4.329869796038000067E-14, 1.000000000000000000 ) ) ;
#406 = CARTESIAN_POINT ( 'NONE',  ( -1.899999999999999911, -1.699999999999999956, 5.799999999999999822 ) ) ;
#407 = DIRECTION ( 'NONE',  ( 1.000000000000000000, 0.000000000000000000, 0.000000000000000000 ) ) ;
#408 = ORIENTED_EDGE ( 'NONE', *, *, #5041, .F. ) ;
#409 = EDGE_CURVE ( 'NONE', #958, #3939, #6632, .T. ) ;
#410 = ORIENTED_EDGE ( 'NONE', *, *, #5802, .T. ) ;
#411 = EDGE_LOOP ( 'NONE', ( #1350, #7340, #7011, #625 ) ) ;
#412 = EDGE_CURVE ( 'NONE', #49, #3023, #4057, .T. ) ;
#413 = DIRECTION ( 'NONE',  ( -0.000000000000000000, 1.000000000000000000, 0.000000000000000000 ) ) ;
#414 = ORIENTED_EDGE ( 'NONE', *, *, #693, .F. ) ;
#415 = ADVANCED_FACE ( 'NONE', ( #4020 ), #3941, .F. ) ;
#416 = FACE_OUTER_BOUND ( 'NONE', #4332, .T. ) ;
#417 = DIRECTION ( 'NONE',  ( 0.000000000000000000, 0.000000000000000000, 1.000000000000000000 ) ) ;
#418 = VERTEX_POINT ( 'NONE', #2897 ) ;
#419 =( NAMED_UNIT ( * ) PLANE_ANGLE_UNIT ( ) SI_UNIT ( $, .RADIAN. ) );
#420 = ORIENTED_EDGE ( 'NONE', *, *, #2703, .F. ) ;
#421 = ORIENTED_EDGE ( 'NONE', *, *, #3893, .T. ) ;
#422 = DIRECTION ( 'NONE',  ( 0.000000000000000000, 0.000000000000000000, 1.000000000000000000 ) ) ;
#423 = CARTESIAN_POINT ( 'NONE',  ( -5.200000000000000178, 3.100000000000000089, 5.549999999999999822 ) ) ;
#424 = CARTESIAN_POINT ( 'NONE',  ( 4.999999999999999112, 2.500000000000000000, 5.549999999999999822 ) ) ;
#425 = CYLINDRICAL_SURFACE ( 'NONE', #25, 0.8999999999999998002 ) ;
#426 = DIRECTION ( 'NONE',  ( 0.000000000000000000, 0.000000000000000000, -1.000000000000000000 ) ) ;
#427 = ORIENTED_EDGE ( 'NONE', *, *, #4644, .T. ) ;
#428 = ORIENTED_EDGE ( 'NONE', *, *, #4644, .F. ) ;
#429 = VERTEX_POINT ( 'NONE', #1159 ) ;
#430 = CARTESIAN_POINT ( 'NONE',  ( 3.761803398874989934, -1.699999999999999956, -5.788488864481999840 ) ) ;
#431 = DIRECTION ( 'NONE',  ( 2.954901280924999877E-14, 1.000000000000000000, 0.000000000000000000 ) ) ;
#432 = CARTESIAN_POINT ( 'NONE',  ( -2.475000000000000089, -1.699999999999999956, -0.8499999999999999778 ) ) ;
#433 = DIRECTION ( 'NONE',  ( 0.000000000000000000, 0.000000000000000000, 1.000000000000000000 ) ) ;
#434 = VERTEX_POINT ( 'NONE', #2217 ) ;
#435 = AXIS2_PLACEMENT_3D ( 'NONE', #3303, #5593, #559 ) ;
#436 = LINE ( 'NONE', #2700, #853 ) ;
#437 = LINE ( 'NONE', #5410, #6892 ) ;
#438 = EDGE_CURVE ( 'NONE', #2064, #5037, #4511, .T. ) ;
#439 = DIRECTION ( 'NONE',  ( 0.7276068751091748776, 0.4850712500723838860, -0.4850712500726839238 ) ) ;
#440 = CARTESIAN_POINT ( 'NONE',  ( -3.324999999999999734, 2.399999999999999911, 5.649999999999999467 ) ) ;
#441 = AXIS2_PLACEMENT_3D ( 'NONE', #5703, #1595, #550 ) ;
#442 = DIRECTION ( 'NONE',  ( -3.730349362741000050E-13, -1.998401444324999992E-14, -1.000000000000000000 ) ) ;
#443 = ORIENTED_EDGE ( 'NONE', *, *, #5009, .T. ) ;
#444 = DIRECTION ( 'NONE',  ( 0.000000000000000000, 0.000000000000000000, 1.000000000000000000 ) ) ;
#445 = VERTEX_POINT ( 'NONE', #43 ) ;
#446 = DIRECTION ( 'NONE',  ( 0.000000000000000000, 0.000000000000000000, -1.000000000000000000 ) ) ;
#447 = CIRCLE ( 'NONE', #91, 2.140000000000000124 ) ;
#448 = EDGE_CURVE ( 'NONE', #6726, #1997, #2830, .T. ) ;
#449 = LINE ( 'NONE', #4550, #4929 ) ;
#450 = EDGE_CURVE ( 'NONE', #3432, #1838, #3491, .T. ) ;
#451 = DIRECTION ( 'NONE',  ( -1.000000000000000000, 0.000000000000000000, 0.000000000000000000 ) ) ;
#452 = ORIENTED_EDGE ( 'NONE', *, *, #5589, .T. ) ;
#453 = DIRECTION ( 'NONE',  ( 0.000000000000000000, 1.000000000000000000, 0.000000000000000000 ) ) ;
#454 = ORIENTED_EDGE ( 'NONE', *, *, #7131, .F. ) ;
#455 = ORIENTED_EDGE ( 'NONE', *, *, #630, .F. ) ;
#456 = ORIENTED_EDGE ( 'NONE', *, *, #7213, .T. ) ;
#457 = DIRECTION ( 'NONE',  ( -1.000000000000000000, 0.000000000000000000, 0.000000000000000000 ) ) ;
#458 = EDGE_CURVE ( 'NONE', #1306, #1614, #2938, .T. ) ;
#459 = DIRECTION ( 'NONE',  ( 1.000000000000000000, 0.000000000000000000, 0.000000000000000000 ) ) ;
#460 = DIRECTION ( 'NONE',  ( 0.000000000000000000, -1.000000000000000000, 0.000000000000000000 ) ) ;
#461 = PLANE ( 'NONE',  #5904 ) ;
#462 = ADVANCED_FACE ( 'NONE', ( #217, #5365 ), #3113, .T. ) ;
#463 = EDGE_CURVE ( 'NONE', #1822, #7173, #5332, .T. ) ;
#464 = CARTESIAN_POINT ( 'NONE',  ( 3.750000000000000000, -1.899999999999999911, -5.774999999999999467 ) ) ;
#465 = DIRECTION ( 'NONE',  ( 0.000000000000000000, 0.000000000000000000, 1.000000000000000000 ) ) ;
#466 = VERTEX_POINT ( 'NONE', #4846 ) ;
#467 = EDGE_LOOP ( 'NONE', ( #2518, #3649, #6682, #4435, #760, #1990 ) ) ;
#468 = ORIENTED_EDGE ( 'NONE', *, *, #4680, .T. ) ;
#469 = LINE ( 'NONE', #6792, #5433 ) ;
#470 = CARTESIAN_POINT ( 'NONE',  ( -1.350000000000000089, -0.05000000000000000278, -1.550000000000000044 ) ) ;
#471 = CARTESIAN_POINT ( 'NONE',  ( -5.349999999999999645, -1.699999999999999956, -6.125000000000000000 ) ) ;
#472 = DIRECTION ( 'NONE',  ( 0.000000000000000000, 1.000000000000000000, 0.000000000000000000 ) ) ;
#473 = VERTEX_POINT ( 'NONE', #1944 ) ;
#474 = CARTESIAN_POINT ( 'NONE',  ( 0.2000000000000000111, -4.850000000000000533, 4.986854749822000166 ) ) ;
#475 = FACE_OUTER_BOUND ( 'NONE', #3196, .T. ) ;
#476 = LINE ( 'NONE', #2093, #3139 ) ;
#477 = DIRECTION ( 'NONE',  ( 0.000000000000000000, 0.000000000000000000, -1.000000000000000000 ) ) ;
#478 = FACE_OUTER_BOUND ( 'NONE', #2596, .T. ) ;
#479 = ORIENTED_EDGE ( 'NONE', *, *, #5592, .T. ) ;
#480 = CARTESIAN_POINT ( 'NONE',  ( -2.350000000000000089, 2.399999999999999911, 5.649999999999999467 ) ) ;
#481 = VERTEX_POINT ( 'NONE', #4133 ) ;
#482 = DIRECTION ( 'NONE',  ( 1.000000000000000000, 0.000000000000000000, 0.000000000000000000 ) ) ;
#483 = VECTOR ( 'NONE', #6173, 1000.000000000000000 ) ;
#484 = DIRECTION ( 'NONE',  ( 1.000000000000000000, 0.000000000000000000, 0.000000000000000000 ) ) ;
#485 = PLANE ( 'NONE',  #1341 ) ;
#486 = EDGE_CURVE ( 'NONE', #4398, #7013, #1902, .T. ) ;
#487 = ORIENTED_EDGE ( 'NONE', *, *, #1730, .T. ) ;
#488 = CARTESIAN_POINT ( 'NONE',  ( 0.000000000000000000, 0.000000000000000000, 0.000000000000000000 ) ) ;
#489 = ORIENTED_EDGE ( 'NONE', *, *, #4770, .F. ) ;
#490 = VECTOR ( 'NONE', #36, 1000.000000000000000 ) ;
#491 = CIRCLE ( 'NONE', #3611, 0.1499999999999999667 ) ;
#492 = EDGE_LOOP ( 'NONE', ( #5319, #948, #299, #6215 ) ) ;
#493 = EDGE_CURVE ( 'NONE', #5946, #337, #263, .T. ) ;
#494 = ORIENTED_EDGE ( 'NONE', *, *, #5683, .T. ) ;
#495 = DIRECTION ( 'NONE',  ( 0.000000000000000000, 0.000000000000000000, 1.000000000000000000 ) ) ;
#496 = CARTESIAN_POINT ( 'NONE',  ( 0.005362112447577910106, -2.200000000000000178, -4.003969365358120314 ) ) ;
#497 = AXIS2_PLACEMENT_3D ( 'NONE', #3847, #2850, #2816 ) ;
#498 = VECTOR ( 'NONE', #5442, 1000.000000000000000 ) ;
#499 = CARTESIAN_POINT ( 'NONE',  ( 2.550000000000000266, 2.500000000000000000, 6.949999999999999289 ) ) ;
#500 = CARTESIAN_POINT ( 'NONE',  ( 0.2000000000000000111, 0.5000000000000000000, 10.34999999999999964 ) ) ;
#501 = CIRCLE ( 'NONE', #4458, 1.949999999999999956 ) ;
#502 = DIRECTION ( 'NONE',  ( 0.000000000000000000, 0.000000000000000000, -1.000000000000000000 ) ) ;
#503 = ORIENTED_EDGE ( 'NONE', *, *, #3944, .T. ) ;
#504 = VERTEX_POINT ( 'NONE', #3080 ) ;
#505 = EDGE_CURVE ( 'NONE', #2407, #1251, #1865, .T. ) ;
#506 = VECTOR ( 'NONE', #5167, 1000.000000000000000 ) ;
#507 = ORIENTED_EDGE ( 'NONE', *, *, #4914, .T. ) ;
#508 = VECTOR ( 'NONE', #374, 1000.000000000000000 ) ;
#509 = ADVANCED_FACE ( 'NONE', ( #6469 ), #6022, .F. ) ;
#510 = ADVANCED_FACE ( 'NONE', ( #4201 ), #6433, .T. ) ;
#511 = CARTESIAN_POINT ( 'NONE',  ( 4.100000000000000533, -1.699999999999999956, -5.525000000000000355 ) ) ;
#512 = AXIS2_PLACEMENT_3D ( 'NONE', #6974, #5343, #2912 ) ;
#513 = AXIS2_PLACEMENT_3D ( 'NONE', #2186, #3283, #5572 ) ;
#514 = LINE ( 'NONE', #471, #4702 ) ;
#515 = CARTESIAN_POINT ( 'NONE',  ( 3.824999999999999734, -1.800000000000000044, -5.675000000000000711 ) ) ;
#516 = ORIENTED_EDGE ( 'NONE', *, *, #1011, .F. ) ;
#517 = AXIS2_PLACEMENT_3D ( 'NONE', #4970, #230, #7269 ) ;
#518 = CARTESIAN_POINT ( 'NONE',  ( -4.299999999999999822, 3.500000000000000000, 5.549999999999999822 ) ) ;
#519 = CONICAL_SURFACE ( 'NONE', #4719, 2.000000000005000000, 0.7853981633901446768 ) ;
#520 = CARTESIAN_POINT ( 'NONE',  ( 0.1499999999995000055, 2.500000000000000000, -6.424999999999999822 ) ) ;
#521 = CARTESIAN_POINT ( 'NONE',  ( 0.2000000000000000111, -1.850000000000000089, 5.825000000000000178 ) ) ;
#522 = LINE ( 'NONE', #2245, #4811 ) ;
#523 = DIRECTION ( 'NONE',  ( 1.000000000000000000, 0.000000000000000000, 0.000000000000000000 ) ) ;
#524 = AXIS2_PLACEMENT_3D ( 'NONE', #5349, #3659, #5314 ) ;
#525 = ORIENTED_EDGE ( 'NONE', *, *, #7400, .T. ) ;
#526 = CARTESIAN_POINT ( 'NONE',  ( -4.675000000000000711, -1.800000000000000044, -3.899999999999999911 ) ) ;
#527 = EDGE_LOOP ( 'NONE', ( #4176, #5362, #208, #5811, #1662 ) ) ;
#528 = CARTESIAN_POINT ( 'NONE',  ( -4.675000000000000711, -4.899999999999999467, -3.750000000000000000 ) ) ;
#529 = LINE ( 'NONE', #2831, #364 ) ;
#530 = CARTESIAN_POINT ( 'NONE',  ( 3.750000000000000000, -1.899999999999999911, -6.125000000000000000 ) ) ;
#531 = ORIENTED_EDGE ( 'NONE', *, *, #4127, .F. ) ;
#532 = ORIENTED_EDGE ( 'NONE', *, *, #6346, .F. ) ;
#533 = ORIENTED_EDGE ( 'NONE', *, *, #3999, .T. ) ;
#534 = EDGE_LOOP ( 'NONE', ( #2060, #1045 ) ) ;
#535 = FACE_OUTER_BOUND ( 'NONE', #199, .T. ) ;
#536 = CIRCLE ( 'NONE', #4740, 0.1499999999999999667 ) ;
#537 = DIRECTION ( 'NONE',  ( 2.368475785867000094E-14, 0.000000000000000000, -1.000000000000000000 ) ) ;
#538 = CARTESIAN_POINT ( 'NONE',  ( 4.500000000000000000, 3.100000000000000089, 4.675000000000000711 ) ) ;
#539 = CARTESIAN_POINT ( 'NONE',  ( 0.8499999999999999778, -2.500000000000000000, 4.649999999999999467 ) ) ;
#540 = DIRECTION ( 'NONE',  ( 0.5773502691896257311, 0.5773502691896257311, -0.5773502691896257311 ) ) ;
#541 = ORIENTED_EDGE ( 'NONE', *, *, #4503, .F. ) ;
#542 = VERTEX_POINT ( 'NONE', #2444 ) ;
#543 = ORIENTED_EDGE ( 'NONE', *, *, #6436, .T. ) ;
#544 = CIRCLE ( 'NONE', #1736, 0.8999999999999998002 ) ;
#545 = LINE ( 'NONE', #5698, #149 ) ;
#546 = CARTESIAN_POINT ( 'NONE',  ( 4.575000000000000178, -4.899999999999999467, 2.250000000000000000 ) ) ;
#547 = EDGE_CURVE ( 'NONE', #2978, #1167, #5971, .T. ) ;
#548 = ADVANCED_FACE ( 'NONE', ( #1378 ), #5258, .T. ) ;
#549 = CARTESIAN_POINT ( 'NONE',  ( 0.8499999999999999778, -2.500000000000000000, 5.825000000000000178 ) ) ;
#550 = DIRECTION ( 'NONE',  ( 1.000000000000000000, 0.000000000000000000, 0.000000000000000000 ) ) ;
#551 = ADVANCED_FACE ( 'NONE', ( #3675 ), #7001, .T. ) ;
#552 = ADVANCED_FACE ( 'NONE', ( #3005 ), #1984, .F. ) ;
#553 = ORIENTED_EDGE ( 'NONE', *, *, #855, .F. ) ;
#554 = PLANE ( 'NONE',  #2663 ) ;
#555 = CARTESIAN_POINT ( 'NONE',  ( 4.100000000000000533, -1.699999999999999956, -5.575000000000000178 ) ) ;
#556 = CARTESIAN_POINT ( 'NONE',  ( 0.2000000000000000111, 0.5000000000000000000, 6.959999999999999964 ) ) ;
#557 = CARTESIAN_POINT ( 'NONE',  ( -2.100000000000000089, -1.699999999999999956, 5.799999999999999822 ) ) ;
#558 = ADVANCED_FACE ( 'NONE', ( #7037 ), #816, .F. ) ;
#559 = DIRECTION ( 'NONE',  ( 0.000000000000000000, -1.000000000000000000, 0.000000000000000000 ) ) ;
#560 = EDGE_CURVE ( 'NONE', #3035, #940, #3643, .T. ) ;
#561 = ORIENTED_EDGE ( 'NONE', *, *, #3762, .F. ) ;
#562 = VECTOR ( 'NONE', #442, 1000.000000000000000 ) ;
#563 = CARTESIAN_POINT ( 'NONE',  ( -4.950000000000000178, -2.500000000000000000, -3.799999999999999822 ) ) ;
#564 = VERTEX_POINT ( 'NONE', #5825 ) ;
#565 = CARTESIAN_POINT ( 'NONE',  ( 0.2000000000000000111, 0.5000000000000000000, 5.950000000000000178 ) ) ;
#566 = AXIS2_PLACEMENT_3D ( 'NONE', #7068, #4087, #6392 ) ;
#567 = DIRECTION ( 'NONE',  ( 0.000000000000000000, -1.000000000000000000, 0.000000000000000000 ) ) ;
#568 = CARTESIAN_POINT ( 'NONE',  ( -5.750000000000000000, 3.500000000000000000, -6.949999999999999289 ) ) ;
#569 = ORIENTED_EDGE ( 'NONE', *, *, #5453, .T. ) ;
#570 = EDGE_LOOP ( 'NONE', ( #468, #5346, #2809, #408 ) ) ;
#571 = VERTEX_POINT ( 'NONE', #671 ) ;
#572 = CIRCLE ( 'NONE', #4052, 3.101923076922998845 ) ;
#573 = EDGE_LOOP ( 'NONE', ( #6319, #2025, #7435, #6789 ) ) ;
#574 = DIRECTION ( 'NONE',  ( 0.000000000000000000, 0.000000000000000000, -1.000000000000000000 ) ) ;
#575 = DIRECTION ( 'NONE',  ( 0.000000000000000000, 0.000000000000000000, -1.000000000000000000 ) ) ;
#576 = DIRECTION ( 'NONE',  ( -1.000000000000000000, 0.000000000000000000, 0.000000000000000000 ) ) ;
#577 = CARTESIAN_POINT ( 'NONE',  ( 0.2000000000000000111, 0.5000000000000000000, 5.825000000000000178 ) ) ;
#578 = CARTESIAN_POINT ( 'NONE',  ( -0.4000000000000000222, -2.272428845803000197, 5.165716172814000196 ) ) ;
#579 = ORIENTED_EDGE ( 'NONE', *, *, #2988, .F. ) ;
#580 = ORIENTED_EDGE ( 'NONE', *, *, #5002, .T. ) ;
#581 = DIRECTION ( 'NONE',  ( 0.000000000000000000, -1.000000000000000000, 0.000000000000000000 ) ) ;
#582 = LINE ( 'NONE', #511, #1963 ) ;
#583 = LINE ( 'NONE', #6308, #1098 ) ;
#584 = CARTESIAN_POINT ( 'NONE',  ( 4.825000000000000178, -4.899999999999999467, 2.250000000000000000 ) ) ;
#585 = EDGE_CURVE ( 'NONE', #4582, #3354, #2914, .T. ) ;
#586 = ORIENTED_EDGE ( 'NONE', *, *, #7313, .T. ) ;
#587 = EDGE_CURVE ( 'NONE', #2382, #1822, #403, .T. ) ;
#588 = LINE ( 'NONE', #6348, #3026 ) ;
#589 = VECTOR ( 'NONE', #1900, 1000.000000000000000 ) ;
#590 = DIRECTION ( 'NONE',  ( -1.000000000000000000, 0.000000000000000000, 0.000000000000000000 ) ) ;
#591 = LINE ( 'NONE', #1891, #1558 ) ;
#592 = DIRECTION ( 'NONE',  ( 0.000000000000000000, 1.000000000000000000, 0.000000000000000000 ) ) ;
#593 = LINE ( 'NONE', #4427, #5963 ) ;
#594 = ORIENTED_EDGE ( 'NONE', *, *, #5103, .F. ) ;
#595 = DIRECTION ( 'NONE',  ( 0.7071067811865474617, 0.7071067811865474617, 0.000000000000000000 ) ) ;
#596 = ORIENTED_EDGE ( 'NONE', *, *, #3079, .F. ) ;
#597 = EDGE_CURVE ( 'NONE', #7189, #1802, #893, .T. ) ;
#598 = DIRECTION ( 'NONE',  ( 0.000000000000000000, 0.000000000000000000, 1.000000000000000000 ) ) ;
#599 = EDGE_CURVE ( 'NONE', #134, #6367, #6117, .T. ) ;
#600 = ADVANCED_FACE ( 'NONE', ( #3855 ), #5475, .F. ) ;
#601 = FACE_OUTER_BOUND ( 'NONE', #1933, .T. ) ;
#602 = CYLINDRICAL_SURFACE ( 'NONE', #3034, 0.4999999999999995559 ) ;
#603 = DIRECTION ( 'NONE',  ( 1.000000000000000000, 0.000000000000000000, 0.000000000000000000 ) ) ;
#604 = ORIENTED_EDGE ( 'NONE', *, *, #3542, .F. ) ;
#605 = ORIENTED_EDGE ( 'NONE', *, *, #651, .F. ) ;
#606 = VERTEX_POINT ( 'NONE', #851 ) ;
#607 = CIRCLE ( 'NONE', #844, 0.9000000000000001332 ) ;
#608 = ORIENTED_EDGE ( 'NONE', *, *, #5984, .T. ) ;
#609 = LINE ( 'NONE', #5342, #156 ) ;
#610 = DIRECTION ( 'NONE',  ( 0.000000000000000000, 1.000000000000000000, 0.000000000000000000 ) ) ;
#611 = CARTESIAN_POINT ( 'NONE',  ( 0.2000000000000000111, 0.5000000000000000000, 4.850000000000000533 ) ) ;
#612 = VECTOR ( 'NONE', #1414, 1000.000000000000114 ) ;
#613 = DIRECTION ( 'NONE',  ( 0.000000000000000000, 0.000000000000000000, 1.000000000000000000 ) ) ;
#614 = EDGE_LOOP ( 'NONE', ( #947, #1250, #3089, #6076, #2904 ) ) ;
#615 = EDGE_LOOP ( 'NONE', ( #4813, #3308, #6865, #3976 ) ) ;
#616 = CARTESIAN_POINT ( 'NONE',  ( -2.600000000000000089, -1.775000000000000355, -1.443649167309966286 ) ) ;
#617 = VECTOR ( 'NONE', #1216, 1000.000000000000000 ) ;
#618 = CIRCLE ( 'NONE', #135, 2.399999999999999023 ) ;
#619 = DIRECTION ( 'NONE',  ( 1.000000000000000000, 0.000000000000000000, 0.000000000000000000 ) ) ;
#620 = CARTESIAN_POINT ( 'NONE',  ( -1.925000000000000044, -1.699999999999999956, -2.250000000000000000 ) ) ;
#621 = FACE_BOUND ( 'NONE', #300, .T. ) ;
#622 = AXIS2_PLACEMENT_3D ( 'NONE', #4191, #6035, #6490 ) ;
#623 = VECTOR ( 'NONE', #6876, 1000.000000000000000 ) ;
#624 = VECTOR ( 'NONE', #2805, 1000.000000000000000 ) ;
#625 = ORIENTED_EDGE ( 'NONE', *, *, #1836, .T. ) ;
#626 = CARTESIAN_POINT ( 'NONE',  ( 0.2000000000000000111, -4.899999999999999467, 5.313145250177999657 ) ) ;
#627 = PLANE ( 'NONE',  #756 ) ;
#628 = AXIS2_PLACEMENT_3D ( 'NONE', #3321, #3880, #459 ) ;
#629 = DIRECTION ( 'NONE',  ( 0.000000000000000000, 0.000000000000000000, 1.000000000000000000 ) ) ;
#630 = EDGE_CURVE ( 'NONE', #5183, #6460, #1003, .T. ) ;
#631 = EDGE_CURVE ( 'NONE', #2086, #5207, #5549, .T. ) ;
#632 = CYLINDRICAL_SURFACE ( 'NONE', #1760, 0.2999999999999999334 ) ;
#633 = ORIENTED_EDGE ( 'NONE', *, *, #3258, .T. ) ;
#634 = AXIS2_PLACEMENT_3D ( 'NONE', #936, #3235, #2679 ) ;
#635 = CARTESIAN_POINT ( 'NONE',  ( -4.299999999999999822, 3.100000000000000089, 5.549999999999999822 ) ) ;
#636 = VECTOR ( 'NONE', #309, 1000.000000000000000 ) ;
#637 = ORIENTED_EDGE ( 'NONE', *, *, #7089, .T. ) ;
#638 = DIRECTION ( 'NONE',  ( 0.000000000000000000, 1.000000000000000000, 0.000000000000000000 ) ) ;
#639 = ORIENTED_EDGE ( 'NONE', *, *, #1102, .T. ) ;
#640 = PLANE ( 'NONE',  #3966 ) ;
#641 = VECTOR ( 'NONE', #1204, 1000.000000000000000 ) ;
#642 = DIRECTION ( 'NONE',  ( 0.000000000000000000, 1.000000000000000000, 0.000000000000000000 ) ) ;
#643 = EDGE_CURVE ( 'NONE', #28, #5630, #436, .T. ) ;
#644 = ADVANCED_FACE ( 'NONE', ( #4988 ), #7290, .T. ) ;
#645 = CARTESIAN_POINT ( 'NONE',  ( -4.799999999999999822, -1.800000000000000044, -3.899999999999999911 ) ) ;
#646 = EDGE_LOOP ( 'NONE', ( #4871, #1919, #3448, #3342 ) ) ;
#647 = EDGE_CURVE ( 'NONE', #1251, #2416, #2092, .T. ) ;
#648 = EDGE_CURVE ( 'NONE', #6326, #1887, #6721, .T. ) ;
#649 = ORIENTED_EDGE ( 'NONE', *, *, #2525, .F. ) ;
#650 = ORIENTED_EDGE ( 'NONE', *, *, #6385, .F. ) ;
#651 = EDGE_CURVE ( 'NONE', #3841, #473, #357, .T. ) ;
#652 = ORIENTED_EDGE ( 'NONE', *, *, #2345, .F. ) ;
#653 = CARTESIAN_POINT ( 'NONE',  ( 4.825000000000000178, -4.899999999999999467, 1.649999999999999911 ) ) ;
#654 = CARTESIAN_POINT ( 'NONE',  ( -4.299999999999999822, 3.100000000000000089, 6.400000000000000355 ) ) ;
#655 = LINE ( 'NONE', #2412, #1940 ) ;
#656 = CARTESIAN_POINT ( 'NONE',  ( -1.800000000000000044, 2.500000000000000000, 4.750000000000000000 ) ) ;
#657 = EDGE_CURVE ( 'NONE', #2085, #6962, #5903, .T. ) ;
#658 = VERTEX_POINT ( 'NONE', #7327 ) ;
#659 = VERTEX_POINT ( 'NONE', #4283 ) ;
#660 = CARTESIAN_POINT ( 'NONE',  ( 4.500000000000000000, 2.477185478309000377, 5.549999999999999822 ) ) ;
#661 = DIRECTION ( 'NONE',  ( 0.000000000000000000, 0.000000000000000000, -1.000000000000000000 ) ) ;
#662 = FACE_OUTER_BOUND ( 'NONE', #1766, .T. ) ;
#663 = LINE ( 'NONE', #5170, #4655 ) ;
#664 = VERTEX_POINT ( 'NONE', #4882 ) ;
#665 = LINE ( 'NONE', #4793, #271 ) ;
#666 = CARTESIAN_POINT ( 'NONE',  ( -5.450000000000000178, 2.500000000000000000, -1.300000000000000044 ) ) ;
#667 = CARTESIAN_POINT ( 'NONE',  ( 4.825000000000000178, -4.899999999999999467, 1.050000000000000044 ) ) ;
#668 = PLANE ( 'NONE',  #2364 ) ;
#669 = CARTESIAN_POINT ( 'NONE',  ( 0.2000000000000000111, 3.299999999999999822, -3.600000000000000089 ) ) ;
#670 = ORIENTED_EDGE ( 'NONE', *, *, #2847, .F. ) ;
#671 = CARTESIAN_POINT ( 'NONE',  ( -5.349999999999999645, 2.500000000000000000, -1.300000000000000044 ) ) ;
#672 = LINE ( 'NONE', #746, #2285 ) ;
#673 = DIRECTION ( 'NONE',  ( 1.000000000000000000, 0.000000000000000000, 0.000000000000000000 ) ) ;
#674 = AXIS2_PLACEMENT_3D ( 'NONE', #3191, #3786, #6086 ) ;
#675 = CARTESIAN_POINT ( 'NONE',  ( 5.000000000000099476, -1.699999999999999956, -5.799999999999999822 ) ) ;
#676 = ORIENTED_EDGE ( 'NONE', *, *, #7271, .T. ) ;
#677 = EDGE_LOOP ( 'NONE', ( #5732, #7342, #1918, #4056, #6143, #834, #6337, #4483 ) ) ;
#678 = ORIENTED_EDGE ( 'NONE', *, *, #5884, .F. ) ;
#679 = VERTEX_POINT ( 'NONE', #1410 ) ;
#680 = CIRCLE ( 'NONE', #1631, 2.350000000000000089 ) ;
#681 = EDGE_CURVE ( 'NONE', #6483, #2139, #6003, .T. ) ;
#682 = DIRECTION ( 'NONE',  ( 0.000000000000000000, 0.000000000000000000, 1.000000000000000000 ) ) ;
#683 = CARTESIAN_POINT ( 'NONE',  ( 0.2000000000000000111, -1.599999999999999867, 5.825000000000000178 ) ) ;
#684 = DIRECTION ( 'NONE',  ( 0.000000000000000000, -1.000000000000000000, 0.000000000000000000 ) ) ;
#685 = AXIS2_PLACEMENT_3D ( 'NONE', #2193, #4489, #4414 ) ;
#686 = FACE_OUTER_BOUND ( 'NONE', #5500, .T. ) ;
#687 = ORIENTED_EDGE ( 'NONE', *, *, #5280, .F. ) ;
#688 = ORIENTED_EDGE ( 'NONE', *, *, #2336, .T. ) ;
#689 = ADVANCED_FACE ( 'NONE', ( #3225 ), #3188, .T. ) ;
#690 = FACE_OUTER_BOUND ( 'NONE', #4298, .T. ) ;
#691 = VECTOR ( 'NONE', #3693, 1000.000000000000000 ) ;
#692 = DIRECTION ( 'NONE',  ( 1.000000000000000000, 0.000000000000000000, 0.000000000000000000 ) ) ;
#693 = EDGE_CURVE ( 'NONE', #1487, #7296, #7215, .T. ) ;
#694 = EDGE_CURVE ( 'NONE', #2775, #4739, #4343, .T. ) ;
#695 = CARTESIAN_POINT ( 'NONE',  ( 4.825000000000000178, -1.699999999999999956, 1.500000000000000000 ) ) ;
#696 = PLANE ( 'NONE',  #2240 ) ;
#697 = VERTEX_POINT ( 'NONE', #4954 ) ;
#698 = DIRECTION ( 'NONE',  ( 0.000000000000000000, -1.000000000000000000, 4.846603228487000003E-14 ) ) ;
#699 = DIRECTION ( 'NONE',  ( 1.000000000000000000, 0.000000000000000000, 0.000000000000000000 ) ) ;
#700 = CARTESIAN_POINT ( 'NONE',  ( 2.790000000000000036, -1.499998983692999888, -6.100000000000000533 ) ) ;
#701 = CYLINDRICAL_SURFACE ( 'NONE', #5360, 0.1499999999999999667 ) ;
#702 = DIRECTION ( 'NONE',  ( 1.000000000000000000, 0.000000000000000000, 0.000000000000000000 ) ) ;
#703 = EDGE_LOOP ( 'NONE', ( #7141, #5905, #710, #4630 ) ) ;
#704 = CARTESIAN_POINT ( 'NONE',  ( 5.200000000000000178, 2.500000000000000000, 0.000000000000000000 ) ) ;
#705 = CARTESIAN_POINT ( 'NONE',  ( -0.07499999999999999722, -1.699999999999999956, -0.6375000000000000666 ) ) ;
#706 = DIRECTION ( 'NONE',  ( 0.000000000000000000, 1.000000000000000000, 0.000000000000000000 ) ) ;
#707 = PLANE ( 'NONE',  #797 ) ;
#708 = ORIENTED_EDGE ( 'NONE', *, *, #2138, .T. ) ;
#709 = VERTEX_POINT ( 'NONE', #7259 ) ;
#710 = ORIENTED_EDGE ( 'NONE', *, *, #6026, .F. ) ;
#711 = ORIENTED_EDGE ( 'NONE', *, *, #4233, .T. ) ;
#712 = DIRECTION ( 'NONE',  ( 1.000000000000000000, 0.000000000000000000, 0.000000000000000000 ) ) ;
#713 = FACE_OUTER_BOUND ( 'NONE', #4791, .T. ) ;
#714 = CARTESIAN_POINT ( 'NONE',  ( 0.2443593274800999748, -2.200000000000000178, -4.717896939814000490 ) ) ;
#715 = ADVANCED_FACE ( 'NONE', ( #4390 ), #6689, .T. ) ;
#716 = CARTESIAN_POINT ( 'NONE',  ( -5.349999999999999645, -1.699999999999999956, 4.675000000000000711 ) ) ;
#717 = EDGE_LOOP ( 'NONE', ( #5353, #5637, #3965, #2118 ) ) ;
#718 = ORIENTED_EDGE ( 'NONE', *, *, #6798, .T. ) ;
#719 = CARTESIAN_POINT ( 'NONE',  ( -2.556458565330637533, -1.818541434669362467, -1.205295584578764290 ) ) ;
#720 = DIRECTION ( 'NONE',  ( 0.000000000000000000, 0.000000000000000000, 1.000000000000000000 ) ) ;
#721 = VECTOR ( 'NONE', #6287, 1000.000000000000000 ) ;
#722 = DIRECTION ( 'NONE',  ( 0.000000000000000000, 0.000000000000000000, -1.000000000000000000 ) ) ;
#723 = AXIS2_PLACEMENT_3D ( 'NONE', #4202, #218, #6084 ) ;
#724 = DIRECTION ( 'NONE',  ( 0.000000000000000000, -1.000000000000000000, 0.000000000000000000 ) ) ;
#725 = ADVANCED_FACE ( 'NONE', ( #5173 ), #2242, .F. ) ;
#726 = LINE ( 'NONE', #133, #6457 ) ;
#727 = EDGE_CURVE ( 'NONE', #7069, #481, #588, .T. ) ;
#728 = VECTOR ( 'NONE', #592, 1000.000000000000000 ) ;
#729 = ORIENTED_EDGE ( 'NONE', *, *, #4080, .T. ) ;
#730 = CIRCLE ( 'NONE', #1934, 0.4499999999995002997 ) ;
#731 = EDGE_CURVE ( 'NONE', #5409, #2631, #7408, .T. ) ;
#732 = FACE_OUTER_BOUND ( 'NONE', #2108, .T. ) ;
#733 = CARTESIAN_POINT ( 'NONE',  ( -2.937500000000000000, 0.1000000000000000056, 5.474999999999999645 ) ) ;
#734 = AXIS2_PLACEMENT_3D ( 'NONE', #4985, #1070, #3252 ) ;
#735 = VECTOR ( 'NONE', #7375, 1000.000000000000000 ) ;
#736 = PLANE ( 'NONE',  #5171 ) ;
#737 = AXIS2_PLACEMENT_3D ( 'NONE', #1490, #2712, #4432 ) ;
#738 = DIRECTION ( 'NONE',  ( 1.000000000000000000, 0.000000000000000000, 0.000000000000000000 ) ) ;
#739 = VERTEX_POINT ( 'NONE', #4614 ) ;
#740 = CARTESIAN_POINT ( 'NONE',  ( -0.2313370455056000252, -2.299999999999999822, -4.717896939814000490 ) ) ;
#741 = ORIENTED_EDGE ( 'NONE', *, *, #4603, .T. ) ;
#742 = AXIS2_PLACEMENT_3D ( 'NONE', #4075, #5275, #1319 ) ;
#743 = DIRECTION ( 'NONE',  ( 0.000000000000000000, 1.000000000000000000, 0.000000000000000000 ) ) ;
#744 = AXIS2_PLACEMENT_3D ( 'NONE', #2198, #1142, #6228 ) ;
#745 = VECTOR ( 'NONE', #7270, 1000.000000000000114 ) ;
#746 = CARTESIAN_POINT ( 'NONE',  ( -2.475000000000000089, -1.699999999999999956, -0.8499999999999999778 ) ) ;
#747 = DIRECTION ( 'NONE',  ( 1.000000000000000000, 0.000000000000000000, 0.000000000000000000 ) ) ;
#748 = AXIS2_PLACEMENT_3D ( 'NONE', #4225, #7166, #6136 ) ;
#749 = DIRECTION ( 'NONE',  ( 1.000000000000000000, 0.000000000000000000, 0.000000000000000000 ) ) ;
#750 = AXIS2_PLACEMENT_3D ( 'NONE', #2000, #4376, #4300 ) ;
#751 = ORIENTED_EDGE ( 'NONE', *, *, #3443, .T. ) ;
#752 = VERTEX_POINT ( 'NONE', #1150 ) ;
#753 = ORIENTED_EDGE ( 'NONE', *, *, #908, .F. ) ;
#754 = ORIENTED_EDGE ( 'NONE', *, *, #5233, .T. ) ;
#755 = DIRECTION ( 'NONE',  ( 0.000000000000000000, 0.000000000000000000, -1.000000000000000000 ) ) ;
#756 = AXIS2_PLACEMENT_3D ( 'NONE', #5667, #2778, #5626 ) ;
#757 = LINE ( 'NONE', #3059, #6644 ) ;
#758 = CARTESIAN_POINT ( 'NONE',  ( 0.005362112447554000412, -2.200000000000000178, -4.003969365357999521 ) ) ;
#759 = CARTESIAN_POINT ( 'NONE',  ( 0.2000000000000000111, 0.5000000000000000000, 4.743999999999999773 ) ) ;
#760 = ORIENTED_EDGE ( 'NONE', *, *, #3717, .F. ) ;
#761 = AXIS2_PLACEMENT_3D ( 'NONE', #6463, #2393, #5928 ) ;
#762 = ORIENTED_EDGE ( 'NONE', *, *, #1492, .T. ) ;
#763 = DIRECTION ( 'NONE',  ( 0.000000000000000000, -1.000000000000000000, 0.000000000000000000 ) ) ;
#764 = PLANE ( 'NONE',  #748 ) ;
#765 = CARTESIAN_POINT ( 'NONE',  ( 4.825000000000000178, -1.800000000000000044, 2.399999999999999911 ) ) ;
#766 = CARTESIAN_POINT ( 'NONE',  ( -5.750000000000000000, -2.500000000000000000, -6.949999999999999289 ) ) ;
#767 = DIRECTION ( 'NONE',  ( 0.000000000000000000, -1.000000000000000000, 0.000000000000000000 ) ) ;
#768 = ORIENTED_EDGE ( 'NONE', *, *, #4455, .T. ) ;
#769 = ORIENTED_EDGE ( 'NONE', *, *, #235, .T. ) ;
#770 = CARTESIAN_POINT ( 'NONE',  ( -4.658590997241000231, -4.850000000000000533, -3.149999999999999911 ) ) ;
#771 = EDGE_CURVE ( 'NONE', #6726, #2182, #29, .T. ) ;
#772 = CARTESIAN_POINT ( 'NONE',  ( 0.8000000000000000444, -2.000000000000000000, 5.794322077003999816 ) ) ;
#773 = EDGE_CURVE ( 'NONE', #5892, #4516, #5067, .T. ) ;
#774 = ADVANCED_FACE ( 'NONE', ( #2318 ), #6272, .T. ) ;
#775 = CARTESIAN_POINT ( 'NONE',  ( -4.800000000000000711, 2.477185478309000377, 5.549999999999999822 ) ) ;
#776 = CARTESIAN_POINT ( 'NONE',  ( 0.000000000000000000, 0.000000000000000000, 4.675000000000000711 ) ) ;
#777 = ORIENTED_EDGE ( 'NONE', *, *, #3457, .F. ) ;
#778 = CARTESIAN_POINT ( 'NONE',  ( 4.500000000000000000, 3.100000000000000089, 5.549999999999999822 ) ) ;
#779 = ORIENTED_EDGE ( 'NONE', *, *, #1056, .F. ) ;
#780 = DIRECTION ( 'NONE',  ( -1.000000000000000000, 0.000000000000000000, 0.000000000000000000 ) ) ;
#781 = ADVANCED_FACE ( 'NONE', ( #2886 ), #554, .F. ) ;
#782 = FACE_OUTER_BOUND ( 'NONE', #614, .T. ) ;
#783 = ADVANCED_FACE ( 'NONE', ( #1117 ), #1713, .T. ) ;
#784 = ADVANCED_FACE ( 'NONE', ( #1669 ), #5141, .T. ) ;
#785 = DIRECTION ( 'NONE',  ( 0.5773502691896257311, 0.5773502691896257311, 0.5773502691896257311 ) ) ;
#786 = CARTESIAN_POINT ( 'NONE',  ( -2.649999999999999911, 2.500000000000000000, 5.275000000000000355 ) ) ;
#787 = ORIENTED_EDGE ( 'NONE', *, *, #221, .T. ) ;
#788 = ORIENTED_EDGE ( 'NONE', *, *, #6333, .T. ) ;
#789 = VERTEX_POINT ( 'NONE', #6763 ) ;
#790 = ORIENTED_EDGE ( 'NONE', *, *, #657, .F. ) ;
#791 = DIRECTION ( 'NONE',  ( 0.000000000000000000, 0.000000000000000000, 1.000000000000000000 ) ) ;
#792 = FACE_OUTER_BOUND ( 'NONE', #4186, .T. ) ;
#793 = CARTESIAN_POINT ( 'NONE',  ( 0.2000000000000000111, 0.5000000000000000000, 4.924999999999999822 ) ) ;
#794 = DIRECTION ( 'NONE',  ( 0.000000000000000000, 1.000000000000000000, 0.000000000000000000 ) ) ;
#795 = ORIENTED_EDGE ( 'NONE', *, *, #7217, .F. ) ;
#796 = ORIENTED_EDGE ( 'NONE', *, *, #143, .F. ) ;
#797 = AXIS2_PLACEMENT_3D ( 'NONE', #4099, #2368, #6406 ) ;
#798 = CARTESIAN_POINT ( 'NONE',  ( 4.400000000000000355, -4.850000000000000533, -6.100000000000000533 ) ) ;
#799 = DIRECTION ( 'NONE',  ( 1.000000000000000000, 0.000000000000000000, 0.000000000000000000 ) ) ;
#800 = DIRECTION ( 'NONE',  ( -1.000000000000000000, 0.000000000000000000, 0.000000000000000000 ) ) ;
#801 = DIRECTION ( 'NONE',  ( 1.000000000000000000, 0.000000000000000000, 0.000000000000000000 ) ) ;
#802 = DIRECTION ( 'NONE',  ( -1.000000000000000000, 0.000000000000000000, 0.000000000000000000 ) ) ;
#803 = ORIENTED_EDGE ( 'NONE', *, *, #3030, .F. ) ;
#804 = EDGE_CURVE ( 'NONE', #2604, #4862, #4223, .T. ) ;
#805 = VERTEX_POINT ( 'NONE', #1597 ) ;
#806 = AXIS2_PLACEMENT_3D ( 'NONE', #1103, #426, #6709 ) ;
#807 = DIRECTION ( 'NONE',  ( 0.000000000000000000, 1.000000000000000000, 0.000000000000000000 ) ) ;
#808 = DIRECTION ( 'NONE',  ( 1.000000000000000000, 0.000000000000000000, 0.000000000000000000 ) ) ;
#809 = EDGE_CURVE ( 'NONE', #6015, #4809, #2162, .T. ) ;
#810 = DIRECTION ( 'NONE',  ( -0.000000000000000000, 0.7071067811874975906, 0.7071067811855975549 ) ) ;
#811 = MANIFOLD_SOLID_BREP ( 'NONE', #6552 ) ;
#812 = DIRECTION ( 'NONE',  ( 0.000000000000000000, 0.000000000000000000, -1.000000000000000000 ) ) ;
#813 = ADVANCED_FACE ( 'NONE', ( #3967 ), #3374, .T. ) ;
#814 = ADVANCED_FACE ( 'NONE', ( #2275 ), #5666, .F. ) ;
#815 = VERTEX_POINT ( 'NONE', #4573 ) ;
#816 = CYLINDRICAL_SURFACE ( 'NONE', #7351, 0.1499999999999999667 ) ;
#817 = EDGE_LOOP ( 'NONE', ( #605, #4291, #7392, #2334 ) ) ;
#818 = LINE ( 'NONE', #3155, #6617 ) ;
#819 = LINE ( 'NONE', #6691, #5773 ) ;
#820 = LINE ( 'NONE', #2059, #7417 ) ;
#821 = VERTEX_POINT ( 'NONE', #6311 ) ;
#822 = EDGE_CURVE ( 'NONE', #1181, #2064, #2672, .T. ) ;
#823 = ORIENTED_EDGE ( 'NONE', *, *, #6840, .F. ) ;
#824 = ORIENTED_EDGE ( 'NONE', *, *, #1590, .T. ) ;
#825 = EDGE_CURVE ( 'NONE', #5309, #7296, #1294, .T. ) ;
#826 = EDGE_CURVE ( 'NONE', #434, #5289, #665, .T. ) ;
#827 = ORIENTED_EDGE ( 'NONE', *, *, #5784, .F. ) ;
#828 = CARTESIAN_POINT ( 'NONE',  ( 0.2000000000000000111, -0.05192307692308000683, 5.500000000000000000 ) ) ;
#829 = AXIS2_PLACEMENT_3D ( 'NONE', #5288, #3046, #146 ) ;
#830 = LINE ( 'NONE', #2634, #5080 ) ;
#831 = DIRECTION ( 'NONE',  ( 0.000000000000000000, 0.7071067811883975374, -0.7071067811846976081 ) ) ;
#832 = CARTESIAN_POINT ( 'NONE',  ( -2.100000000000000089, -1.699999999999999956, -1.456350832690000097 ) ) ;
#833 = ORIENTED_EDGE ( 'NONE', *, *, #101, .F. ) ;
#834 = ORIENTED_EDGE ( 'NONE', *, *, #3907, .F. ) ;
#835 = DIRECTION ( 'NONE',  ( -1.000000000000000000, 0.000000000000000000, 0.000000000000000000 ) ) ;
#836 = DIRECTION ( 'NONE',  ( 0.7071067811865475727, 0.7071067811865475727, 0.000000000000000000 ) ) ;
#837 = DIRECTION ( 'NONE',  ( 1.000000000000000000, 0.000000000000000000, 0.000000000000000000 ) ) ;
#838 = LINE ( 'NONE', #1322, #4464 ) ;
#839 = CARTESIAN_POINT ( 'NONE',  ( -0.4000000000000000222, -2.504982500878000007, 5.355238724270999562 ) ) ;
#840 = ORIENTED_EDGE ( 'NONE', *, *, #4031, .T. ) ;
#841 = ORIENTED_EDGE ( 'NONE', *, *, #5055, .F. ) ;
#842 = DIRECTION ( 'NONE',  ( 0.000000000000000000, 0.000000000000000000, 1.000000000000000000 ) ) ;
#843 = AXIS2_PLACEMENT_3D ( 'NONE', #1793, #3425, #482 ) ;
#844 = AXIS2_PLACEMENT_3D ( 'NONE', #3533, #1867, #78 ) ;
#845 = CARTESIAN_POINT ( 'NONE',  ( 0.8000000000000000444, -1.928740671584000088, 5.349999999999999645 ) ) ;
#846 = LINE ( 'NONE', #3780, #1693 ) ;
#847 = PLANE ( 'NONE',  #4762 ) ;
#848 = VECTOR ( 'NONE', #4804, 1000.000000000000000 ) ;
#849 = CIRCLE ( 'NONE', #7228, 0.4999999999999995559 ) ;
#850 = ORIENTED_EDGE ( 'NONE', *, *, #3587, .F. ) ;
#851 = CARTESIAN_POINT ( 'NONE',  ( 1.494219133262000065, 2.926466139506999742, 4.750000000000000000 ) ) ;
#852 = AXIS2_PLACEMENT_3D ( 'NONE', #3477, #2925, #5213 ) ;
#853 = VECTOR ( 'NONE', #328, 1000.000000000000000 ) ;
#854 = VECTOR ( 'NONE', #6858, 1000.000000000000000 ) ;
#855 = EDGE_CURVE ( 'NONE', #918, #958, #2793, .T. ) ;
#856 = CARTESIAN_POINT ( 'NONE',  ( 3.537774893206000026, -0.9148340452930000533, 5.649999999999999467 ) ) ;
#857 = CYLINDRICAL_SURFACE ( 'NONE', #1089, 0.2000000000000000944 ) ;
#858 = CARTESIAN_POINT ( 'NONE',  ( 0.01034124158320000146, -2.250000000000000000, -3.850000000000000089 ) ) ;
#859 = ORIENTED_EDGE ( 'NONE', *, *, #1315, .F. ) ;
#860 = EDGE_LOOP ( 'NONE', ( #7388, #2443, #4088, #4536 ) ) ;
#861 = CIRCLE ( 'NONE', #6407, 0.8500000000000000888 ) ;
#862 = AXIS2_PLACEMENT_3D ( 'NONE', #4478, #6848, #2219 ) ;
#863 = ORIENTED_EDGE ( 'NONE', *, *, #6150, .F. ) ;
#864 = EDGE_LOOP ( 'NONE', ( #1668, #3949, #2684, #729 ) ) ;
#865 = ADVANCED_FACE ( 'NONE', ( #3557, #732 ), #2431, .F. ) ;
#866 = CYLINDRICAL_SURFACE ( 'NONE', #634, 0.8500000000000000888 ) ;
#867 = EDGE_CURVE ( 'NONE', #3468, #4854, #7100, .T. ) ;
#868 = VECTOR ( 'NONE', #2608, 1000.000000000000000 ) ;
#869 = VECTOR ( 'NONE', #1360, 1000.000000000000000 ) ;
#870 = FACE_OUTER_BOUND ( 'NONE', #5181, .T. ) ;
#871 = EDGE_CURVE ( 'NONE', #3090, #4582, #3665, .T. ) ;
#872 = EDGE_CURVE ( 'NONE', #3, #5383, #69, .T. ) ;
#873 = ADVANCED_FACE ( 'NONE', ( #1222 ), #6539, .F. ) ;
#874 = DIRECTION ( 'NONE',  ( 0.000000000000000000, 1.000000000000000000, 0.000000000000000000 ) ) ;
#875 = VERTEX_POINT ( 'NONE', #4079 ) ;
#876 = ORIENTED_EDGE ( 'NONE', *, *, #438, .F. ) ;
#877 = AXIS2_PLACEMENT_3D ( 'NONE', #7159, #6016, #1994 ) ;
#878 = VECTOR ( 'NONE', #2607, 1000.000000000000000 ) ;
#879 = CARTESIAN_POINT ( 'NONE',  ( -0.4000000000000000222, -2.277571154197000070, 5.634283827185999627 ) ) ;
#880 = DIRECTION ( 'NONE',  ( 0.000000000000000000, 1.000000000000000000, 0.000000000000000000 ) ) ;
#881 = CARTESIAN_POINT ( 'NONE',  ( 0.2000000000000000111, 0.5000000000000000000, 6.949999999999999289 ) ) ;
#882 = EDGE_CURVE ( 'NONE', #224, #1086, #861, .T. ) ;
#883 = VECTOR ( 'NONE', #1074, 1000.000000000000000 ) ;
#884 = FACE_BOUND ( 'NONE', #1379, .T. ) ;
#885 = DIRECTION ( 'NONE',  ( 0.000000000000000000, 0.000000000000000000, -1.000000000000000000 ) ) ;
#886 = ORIENTED_EDGE ( 'NONE', *, *, #6380, .F. ) ;
#887 = ORIENTED_EDGE ( 'NONE', *, *, #1412, .T. ) ;
#888 = LINE ( 'NONE', #3183, #2553 ) ;
#889 = DIRECTION ( 'NONE',  ( 0.000000000000000000, 1.000000000000000000, 0.000000000000000000 ) ) ;
#890 = DIRECTION ( 'NONE',  ( 0.000000000000000000, 0.000000000000000000, -1.000000000000000000 ) ) ;
#891 = CARTESIAN_POINT ( 'NONE',  ( -2.649999999999999911, -2.100000000000000089, 5.474999999999999645 ) ) ;
#892 = EDGE_LOOP ( 'NONE', ( #1008, #127, #639, #7157 ) ) ;
#893 = LINE ( 'NONE', #2590, #4104 ) ;
#894 = PLANE ( 'NONE',  #7221 ) ;
#895 = CARTESIAN_POINT ( 'NONE',  ( -4.649999999999999467, -1.899999999999999911, -3.799999999999999822 ) ) ;
#896 = CARTESIAN_POINT ( 'NONE',  ( 4.500000000000000000, 3.500000000000000000, 5.549999999999999822 ) ) ;
#897 = ORIENTED_EDGE ( 'NONE', *, *, #2238, .T. ) ;
#898 = ORIENTED_EDGE ( 'NONE', *, *, #4327, .F. ) ;
#899 = ORIENTED_EDGE ( 'NONE', *, *, #4083, .F. ) ;
#900 = AXIS2_PLACEMENT_3D ( 'NONE', #832, #7196, #6062 ) ;
#901 = DIRECTION ( 'NONE',  ( 1.000000000000000000, 0.000000000000000000, 0.000000000000000000 ) ) ;
#902 = ORIENTED_EDGE ( 'NONE', *, *, #648, .T. ) ;
#903 = DIRECTION ( 'NONE',  ( 0.000000000000000000, -1.000000000000000000, 0.000000000000000000 ) ) ;
#904 = CARTESIAN_POINT ( 'NONE',  ( 2.600000000000000089, 2.500000000000000000, 6.949999999999999289 ) ) ;
#905 = CARTESIAN_POINT ( 'NONE',  ( -5.750000000000000000, -2.500000000000000000, 6.949999999999999289 ) ) ;
#906 = ORIENTED_EDGE ( 'NONE', *, *, #5683, .F. ) ;
#907 = EDGE_LOOP ( 'NONE', ( #6468, #6091, #50, #5960 ) ) ;
#908 = EDGE_CURVE ( 'NONE', #697, #1037, #2427, .T. ) ;
#909 = DIRECTION ( 'NONE',  ( -0.000000000000000000, 1.000000000000000000, 0.000000000000000000 ) ) ;
#910 = DIRECTION ( 'NONE',  ( 1.000000000000000000, 0.000000000000000000, 0.000000000000000000 ) ) ;
#911 = CARTESIAN_POINT ( 'NONE',  ( 2.299999999999999822, -1.699999999999999956, 5.799999999999999822 ) ) ;
#912 = DIRECTION ( 'NONE',  ( 0.000000000000000000, 1.000000000000000000, 0.000000000000000000 ) ) ;
#913 = AXIS2_PLACEMENT_3D ( 'NONE', #2862, #6768, #5072 ) ;
#914 = FACE_OUTER_BOUND ( 'NONE', #7250, .T. ) ;
#915 = ORIENTED_EDGE ( 'NONE', *, *, #4143, .F. ) ;
#916 = ORIENTED_EDGE ( 'NONE', *, *, #4642, .T. ) ;
#917 = EDGE_CURVE ( 'NONE', #6336, #2184, #107, .T. ) ;
#918 = VERTEX_POINT ( 'NONE', #1783 ) ;
#919 = ADVANCED_FACE ( 'NONE', ( #2392 ), #5320, .F. ) ;
#920 = EDGE_CURVE ( 'NONE', #6336, #1526, #2469, .T. ) ;
#921 = CARTESIAN_POINT ( 'NONE',  ( 1.449999999999999956, -2.000000000000000000, 5.649999999999999467 ) ) ;
#922 = AXIS2_PLACEMENT_3D ( 'NONE', #5882, #173, #6345 ) ;
#923 = CARTESIAN_POINT ( 'NONE',  ( 0.8000000000000000444, -1.928740671584000088, 5.349999999999999645 ) ) ;
#924 = DIRECTION ( 'NONE',  ( -0.1483404529308020026, 0.9889363528682139082, 0.000000000000000000 ) ) ;
#925 = LINE ( 'NONE', #1981, #4650 ) ;
#926 = EDGE_LOOP ( 'NONE', ( #3062, #2907, #2693, #1541 ) ) ;
#927 = DIRECTION ( 'NONE',  ( 0.000000000000000000, 0.000000000000000000, -1.000000000000000000 ) ) ;
#928 = LINE ( 'NONE', #4915, #964 ) ;
#929 = FACE_OUTER_BOUND ( 'NONE', #2269, .T. ) ;
#930 = CARTESIAN_POINT ( 'NONE',  ( 3.050000000000000266, 2.500000000000000000, 5.275000000000000355 ) ) ;
#931 = ORIENTED_EDGE ( 'NONE', *, *, #1920, .F. ) ;
#932 = ORIENTED_EDGE ( 'NONE', *, *, #3217, .F. ) ;
#933 = ORIENTED_EDGE ( 'NONE', *, *, #5802, .F. ) ;
#934 = DIRECTION ( 'NONE',  ( 0.000000000000000000, 0.000000000000000000, -1.000000000000000000 ) ) ;
#935 = VERTEX_POINT ( 'NONE', #3072 ) ;
#936 = CARTESIAN_POINT ( 'NONE',  ( 0.2000000000000000111, 3.077185478309000022, -4.450000000000000178 ) ) ;
#937 = CARTESIAN_POINT ( 'NONE',  ( -5.750000000000000000, 3.500000000000000000, 6.949999999999999289 ) ) ;
#938 = DIRECTION ( 'NONE',  ( -1.643130076444999944E-13, 1.000000000000000000, 0.000000000000000000 ) ) ;
#939 = VERTEX_POINT ( 'NONE', #2962 ) ;
#940 = VERTEX_POINT ( 'NONE', #4684 ) ;
#941 = DIRECTION ( 'NONE',  ( 1.000000000000000000, 0.000000000000000000, 0.000000000000000000 ) ) ;
#942 = PLANE ( 'NONE',  #988 ) ;
#943 = DIRECTION ( 'NONE',  ( 1.000000000000000000, 0.000000000000000000, 0.000000000000000000 ) ) ;
#944 = ADVANCED_FACE ( 'NONE', ( #6987 ), #1824, .F. ) ;
#945 = CARTESIAN_POINT ( 'NONE',  ( 2.550000000000000266, 1.649999999999999911, 5.950000000000000178 ) ) ;
#946 = FACE_OUTER_BOUND ( 'NONE', #317, .T. ) ;
#947 = ORIENTED_EDGE ( 'NONE', *, *, #1778, .T. ) ;
#948 = ORIENTED_EDGE ( 'NONE', *, *, #4312, .F. ) ;
#949 = ORIENTED_EDGE ( 'NONE', *, *, #1913, .T. ) ;
#950 = LINE ( 'NONE', #2009, #2187 ) ;
#951 = DIRECTION ( 'NONE',  ( 1.000000000000000000, 0.000000000000000000, 0.000000000000000000 ) ) ;
#952 = EDGE_CURVE ( 'NONE', #5095, #4517, #1257, .T. ) ;
#953 = DIRECTION ( 'NONE',  ( 0.000000000000000000, 1.000000000000000000, 0.000000000000000000 ) ) ;
#954 = ORIENTED_CLOSED_SHELL ( 'NONE', *, #1749, .F. );
#955 = DIRECTION ( 'NONE',  ( 0.000000000000000000, 0.000000000000000000, -1.000000000000000000 ) ) ;
#956 = EDGE_CURVE ( 'NONE', #3514, #5979, #2999, .T. ) ;
#957 = EDGE_CURVE ( 'NONE', #542, #6395, #983, .T. ) ;
#958 = VERTEX_POINT ( 'NONE', #3146 ) ;
#959 = DIRECTION ( 'NONE',  ( 0.000000000000000000, -1.000000000000000000, 0.000000000000000000 ) ) ;
#960 = CARTESIAN_POINT ( 'NONE',  ( -2.125000000000000000, -1.899999999999999911, -0.8500000000000998979 ) ) ;
#961 = FACE_OUTER_BOUND ( 'NONE', #1701, .T. ) ;
#962 = VECTOR ( 'NONE', #6922, 1000.000000000000114 ) ;
#963 = DIRECTION ( 'NONE',  ( 0.000000000000000000, 1.000000000000000000, 0.000000000000000000 ) ) ;
#964 = VECTOR ( 'NONE', #4284, 1000.000000000000000 ) ;
#965 = DIRECTION ( 'NONE',  ( 0.000000000000000000, 0.000000000000000000, -1.000000000000000000 ) ) ;
#966 = ORIENTED_EDGE ( 'NONE', *, *, #993, .T. ) ;
#967 = ORIENTED_EDGE ( 'NONE', *, *, #315, .F. ) ;
#968 = ORIENTED_EDGE ( 'NONE', *, *, #7271, .F. ) ;
#969 = LINE ( 'NONE', #4923, #4345 ) ;
#970 = CIRCLE ( 'NONE', #5176, 0.8500000000000000888 ) ;
#971 = CIRCLE ( 'NONE', #2295, 0.2000000000000000944 ) ;
#972 = ORIENTED_EDGE ( 'NONE', *, *, #7312, .F. ) ;
#973 = CARTESIAN_POINT ( 'NONE',  ( 4.500000000000000000, 3.100000000000000089, 5.549999999999999822 ) ) ;
#974 = CARTESIAN_POINT ( 'NONE',  ( 4.500000000000000000, 3.500000000000000000, 5.549999999999999822 ) ) ;
#975 = VECTOR ( 'NONE', #5498, 1000.000000000000000 ) ;
#976 = AXIS2_PLACEMENT_3D ( 'NONE', #626, #5216, #1632 ) ;
#977 = AXIS2_PLACEMENT_3D ( 'NONE', #1354, #5910, #4671 ) ;
#978 = FACE_BOUND ( 'NONE', #2230, .T. ) ;
#979 = VERTEX_POINT ( 'NONE', #4307 ) ;
#980 = ORIENTED_EDGE ( 'NONE', *, *, #7140, .T. ) ;
#981 = AXIS2_PLACEMENT_3D ( 'NONE', #3668, #3108, #1295 ) ;
#982 = CARTESIAN_POINT ( 'NONE',  ( 0.8499999999999999778, -2.200000000000000178, -5.250000000000000000 ) ) ;
#983 = CIRCLE ( 'NONE', #5069, 0.8500000000000000888 ) ;
#984 = DIRECTION ( 'NONE',  ( 0.000000000000000000, 0.000000000000000000, -1.000000000000000000 ) ) ;
#985 = CARTESIAN_POINT ( 'NONE',  ( -2.799999999999999822, 0.5000000000000003331, 6.959999999999999964 ) ) ;
#986 = DIRECTION ( 'NONE',  ( 1.000000000000000000, 0.000000000000000000, 0.000000000000000000 ) ) ;
#987 = DIRECTION ( 'NONE',  ( 0.000000000000000000, 0.000000000000000000, -1.000000000000000000 ) ) ;
#988 = AXIS2_PLACEMENT_3D ( 'NONE', #4409, #4901, #6706 ) ;
#989 = EDGE_LOOP ( 'NONE', ( #4763, #2797, #4952, #6695 ) ) ;
#990 = VECTOR ( 'NONE', #4677, 1000.000000000000000 ) ;
#991 = ORIENTED_EDGE ( 'NONE', *, *, #694, .F. ) ;
#992 = VERTEX_POINT ( 'NONE', #3218 ) ;
#993 = EDGE_CURVE ( 'NONE', #17, #2361, #4590, .T. ) ;
#994 = CARTESIAN_POINT ( 'NONE',  ( 2.600000000000000089, 0.5000000000000000000, 5.825000000000000178 ) ) ;
#995 = DIRECTION ( 'NONE',  ( 1.000000000000000000, 0.000000000000000000, 0.000000000000000000 ) ) ;
#996 = VECTOR ( 'NONE', #1351, 1000.000000000000000 ) ;
#997 = DIRECTION ( 'NONE',  ( 1.000000000000000000, 0.000000000000000000, 0.000000000000000000 ) ) ;
#998 = LINE ( 'NONE', #5623, #5128 ) ;
#999 = VECTOR ( 'NONE', #7176, 1000.000000000000000 ) ;
#1000 = EDGE_LOOP ( 'NONE', ( #1876, #4837, #4364, #6513 ) ) ;
#1001 = EDGE_CURVE ( 'NONE', #1887, #434, #950, .T. ) ;
#1002 = ADVANCED_FACE ( 'NONE', ( #2648 ), #1477, .F. ) ;
#1003 = LINE ( 'NONE', #3257, #2789 ) ;
#1004 = DIRECTION ( 'NONE',  ( 0.000000000000000000, 0.000000000000000000, 1.000000000000000000 ) ) ;
#1005 = LINE ( 'NONE', #6119, #6504 ) ;
#1006 = DIRECTION ( 'NONE',  ( 0.000000000000000000, 0.000000000000000000, 1.000000000000000000 ) ) ;
#1007 = PLANE ( 'NONE',  #3086 ) ;
#1008 = ORIENTED_EDGE ( 'NONE', *, *, #1654, .F. ) ;
#1009 = ORIENTED_EDGE ( 'NONE', *, *, #5102, .F. ) ;
#1010 = ORIENTED_EDGE ( 'NONE', *, *, #2747, .F. ) ;
#1011 = EDGE_CURVE ( 'NONE', #3238, #2031, #7174, .T. ) ;
#1012 = DIRECTION ( 'NONE',  ( 0.3672549690623789220, 0.000000000000000000, -0.9301203081854469978 ) ) ;
#1013 = EDGE_CURVE ( 'NONE', #5799, #4594, #6110, .T. ) ;
#1014 = ADVANCED_FACE ( 'NONE', ( #4944 ), #4384, .F. ) ;
#1015 = LINE ( 'NONE', #1084, #1583 ) ;
#1016 = DIRECTION ( 'NONE',  ( 0.000000000000000000, 0.000000000000000000, 1.000000000000000000 ) ) ;
#1017 = ORIENTED_EDGE ( 'NONE', *, *, #3071, .T. ) ;
#1018 = LOCAL_TIME ( 19, 12, 47.00000000000000000, #1019 ) ;
#1019 = COORDINATED_UNIVERSAL_TIME_OFFSET ( 0, 0, .AHEAD. ) ;
#1020 = ORIENTED_EDGE ( 'NONE', *, *, #1094, .F. ) ;
#1021 = VERTEX_POINT ( 'NONE', #3843 ) ;
#1022 = ORIENTED_EDGE ( 'NONE', *, *, #5327, .F. ) ;
#1023 = CARTESIAN_POINT ( 'NONE',  ( -2.649999999999999911, -2.100000000000000089, 5.474999999999999645 ) ) ;
#1024 = LINE ( 'NONE', #2723, #3397 ) ;
#1025 = DIRECTION ( 'NONE',  ( 1.000000000000000000, 0.000000000000000000, 0.000000000000000000 ) ) ;
#1026 = LINE ( 'NONE', #539, #371 ) ;
#1027 = FACE_OUTER_BOUND ( 'NONE', #467, .T. ) ;
#1028 = CARTESIAN_POINT ( 'NONE',  ( 4.549999999999999822, -2.500000000000000000, 1.000000000000000000 ) ) ;
#1029 = ORIENTED_EDGE ( 'NONE', *, *, #694, .T. ) ;
#1030 = EDGE_LOOP ( 'NONE', ( #3677, #1613, #4305, #4066 ) ) ;
#1031 = ORIENTED_EDGE ( 'NONE', *, *, #6401, .T. ) ;
#1032 = DIRECTION ( 'NONE',  ( 0.7276068751091748776, -0.4850712500723838860, 0.4850712500726839238 ) ) ;
#1033 = CARTESIAN_POINT ( 'NONE',  ( -5.349999999999999645, 2.500000000000000000, 2.850000000000000089 ) ) ;
#1034 = AXIS2_PLACEMENT_3D ( 'NONE', #1987, #2628, #4252 ) ;
#1035 = FACE_OUTER_BOUND ( 'NONE', #7028, .T. ) ;
#1036 = DIRECTION ( 'NONE',  ( 1.000000000000000000, 0.000000000000000000, 0.000000000000000000 ) ) ;
#1037 = VERTEX_POINT ( 'NONE', #7252 ) ;
#1038 = CARTESIAN_POINT ( 'NONE',  ( 0.8000000000000000444, -1.928740671584000088, 5.349999999999999645 ) ) ;
#1039 = DIRECTION ( 'NONE',  ( 1.000000000000000000, 0.000000000000000000, 0.000000000000000000 ) ) ;
#1040 = CARTESIAN_POINT ( 'NONE',  ( -0.09999999999999996392, -4.850000000000000533, 5.000000000000000000 ) ) ;
#1041 = PLANE ( 'NONE',  #4570 ) ;
#1042 = CIRCLE ( 'NONE', #3567, 0.8999999999999998002 ) ;
#1043 = EDGE_CURVE ( 'NONE', #288, #6622, #1106, .T. ) ;
#1044 = LINE ( 'NONE', #5748, #562 ) ;
#1045 = ORIENTED_EDGE ( 'NONE', *, *, #6573, .F. ) ;
#1046 = DIRECTION ( 'NONE',  ( -0.000000000000000000, 1.000000000000000000, 0.000000000000000000 ) ) ;
#1047 = ORIENTED_EDGE ( 'NONE', *, *, #4968, .F. ) ;
#1048 = DIRECTION ( 'NONE',  ( 0.000000000000000000, 0.000000000000000000, 1.000000000000000000 ) ) ;
#1049 = VECTOR ( 'NONE', #4035, 1000.000000000000114 ) ;
#1050 = CARTESIAN_POINT ( 'NONE',  ( 0.1499999999995000055, 2.500000000000000000, -6.125000000000000000 ) ) ;
#1051 = CARTESIAN_POINT ( 'NONE',  ( 3.200000000000000178, 0.5000000000000000000, 10.55000000000000071 ) ) ;
#1052 = ADVANCED_FACE ( 'NONE', ( #6716 ), #6077, .T. ) ;
#1053 = VERTEX_POINT ( 'NONE', #5503 ) ;
#1054 = EDGE_CURVE ( 'NONE', #3372, #4608, #351, .T. ) ;
#1055 = CALENDAR_DATE ( 2025, 11, 9 ) ;
#1056 = EDGE_CURVE ( 'NONE', #7044, #4340, #3812, .T. ) ;
#1057 = EDGE_LOOP ( 'NONE', ( #306, #6621, #2283, #650, #6747 ) ) ;
#1058 = ORIENTED_EDGE ( 'NONE', *, *, #3210, .T. ) ;
#1059 = ORIENTED_EDGE ( 'NONE', *, *, #3481, .F. ) ;
#1060 = LINE ( 'NONE', #1577, #2802 ) ;
#1061 = CARTESIAN_POINT ( 'NONE',  ( 2.750000000000000000, 2.350000000000000089, -6.275000000000000355 ) ) ;
#1062 = CARTESIAN_POINT ( 'NONE',  ( 0.5875347804278000519, -2.299999999999999822, -4.950000000000000178 ) ) ;
#1063 = LINE ( 'NONE', #3919, #5300 ) ;
#1064 = CARTESIAN_POINT ( 'NONE',  ( 3.649999999999999911, -1.800000000000000044, -5.788488864481999840 ) ) ;
#1065 = VERTEX_POINT ( 'NONE', #994 ) ;
#1066 = ORIENTED_EDGE ( 'NONE', *, *, #3535, .F. ) ;
#1067 = EDGE_LOOP ( 'NONE', ( #2406, #525, #608, #6002 ) ) ;
#1068 = DIRECTION ( 'NONE',  ( 0.000000000000000000, 1.000000000000000000, 0.000000000000000000 ) ) ;
#1069 = CARTESIAN_POINT ( 'NONE',  ( -0.6999999999999999556, 3.299999999999999822, -4.450000000000000178 ) ) ;
#1070 = DIRECTION ( 'NONE',  ( 0.000000000000000000, -1.000000000000000000, 0.000000000000000000 ) ) ;
#1071 = DIRECTION ( 'NONE',  ( 1.000000000000000000, 0.000000000000000000, 0.000000000000000000 ) ) ;
#1072 = EDGE_LOOP ( 'NONE', ( #168, #319, #503, #1522, #2160 ) ) ;
#1073 = DIRECTION ( 'NONE',  ( 0.3296118453153108474, 0.9441165348768315591, 0.000000000000000000 ) ) ;
#1074 = DIRECTION ( 'NONE',  ( 1.000000000000000000, 0.000000000000000000, 0.000000000000000000 ) ) ;
#1075 = CARTESIAN_POINT ( 'NONE',  ( 5.299999999999999822, 2.500000000000000000, -1.550000000000000044 ) ) ;
#1076 = DIRECTION ( 'NONE',  ( 1.000000000000000000, 0.000000000000000000, 0.000000000000000000 ) ) ;
#1077 = DIRECTION ( 'NONE',  ( 0.000000000000000000, 0.000000000000000000, 1.000000000000000000 ) ) ;
#1078 = VERTEX_POINT ( 'NONE', #245 ) ;
#1079 = DIRECTION ( 'NONE',  ( 0.000000000000000000, 1.000000000000000000, 0.000000000000000000 ) ) ;
#1080 = ORIENTED_EDGE ( 'NONE', *, *, #1823, .F. ) ;
#1081 = CARTESIAN_POINT ( 'NONE',  ( -4.510653744329410131, 3.078237858560999740, 4.675000000000000711 ) ) ;
#1082 = AXIS2_PLACEMENT_3D ( 'NONE', #793, #3095, #5236 ) ;
#1083 = CIRCLE ( 'NONE', #5770, 0.5999999999999998668 ) ;
#1084 = CARTESIAN_POINT ( 'NONE',  ( 3.050000000000000266, -2.100000000000000089, 5.474999999999999645 ) ) ;
#1085 = CARTESIAN_POINT ( 'NONE',  ( -4.299999999999999822, 3.500000000000000000, 5.549999999999999822 ) ) ;
#1086 = VERTEX_POINT ( 'NONE', #2121 ) ;
#1087 = APPLICATION_PROTOCOL_DEFINITION ( 'international standard', 'config_control_design', 1994, #222 ) ;
#1088 = ORIENTED_EDGE ( 'NONE', *, *, #85, .T. ) ;
#1089 = AXIS2_PLACEMENT_3D ( 'NONE', #7187, #6587, #2627 ) ;
#1090 = VECTOR ( 'NONE', #7411, 1000.000000000000000 ) ;
#1091 = ORIENTED_EDGE ( 'NONE', *, *, #2205, .F. ) ;
#1092 = ORIENTED_EDGE ( 'NONE', *, *, #1147, .F. ) ;
#1093 = EDGE_CURVE ( 'NONE', #5409, #2258, #5997, .T. ) ;
#1094 = EDGE_CURVE ( 'NONE', #6534, #6097, #4838, .T. ) ;
#1095 = FACE_OUTER_BOUND ( 'NONE', #860, .T. ) ;
#1096 = CARTESIAN_POINT ( 'NONE',  ( -2.799999999999999822, 0.5000000000000003331, 10.55000000000000071 ) ) ;
#1097 = EDGE_CURVE ( 'NONE', #5, #1466, #2584, .T. ) ;
#1098 = VECTOR ( 'NONE', #2883, 1000.000000000000000 ) ;
#1099 = CARTESIAN_POINT ( 'NONE',  ( -2.200000000000000178, 2.500000000000000000, 6.949999999999999289 ) ) ;
#1100 = CARTESIAN_POINT ( 'NONE',  ( -2.149999999999999911, -2.500000000000000000, -0.8499999999999999778 ) ) ;
#1101 = CIRCLE ( 'NONE', #2790, 0.2999999999999999334 ) ;
#1102 = EDGE_CURVE ( 'NONE', #337, #288, #4907, .T. ) ;
#1103 = CARTESIAN_POINT ( 'NONE',  ( 0.2000000000000000111, 0.5000000000000000000, 6.959999999999999964 ) ) ;
#1104 = VERTEX_POINT ( 'NONE', #6607 ) ;
#1105 = ORIENTED_EDGE ( 'NONE', *, *, #6304, .F. ) ;
#1106 = CIRCLE ( 'NONE', #1578, 0.2999999999999999334 ) ;
#1107 = ORIENTED_EDGE ( 'NONE', *, *, #3119, .T. ) ;
#1108 = CARTESIAN_POINT ( 'NONE',  ( -2.200000000000000178, 0.5000000000000000000, 6.949999999999999289 ) ) ;
#1109 = CARTESIAN_POINT ( 'NONE',  ( 5.000000000000000000, -4.899999999999999467, -6.100000000000000533 ) ) ;
#1110 = EDGE_CURVE ( 'NONE', #5996, #4381, #888, .T. ) ;
#1111 = EDGE_CURVE ( 'NONE', #198, #5406, #4346, .T. ) ;
#1112 = VECTOR ( 'NONE', #7394, 1000.000000000000000 ) ;
#1113 = VECTOR ( 'NONE', #5348, 1000.000000000000000 ) ;
#1114 = DIRECTION ( 'NONE',  ( 0.000000000000000000, 1.000000000000000000, 0.000000000000000000 ) ) ;
#1115 = LINE ( 'NONE', #3414, #1999 ) ;
#1116 = ORIENTED_EDGE ( 'NONE', *, *, #4672, .F. ) ;
#1117 = FACE_OUTER_BOUND ( 'NONE', #3045, .T. ) ;
#1118 = CIRCLE ( 'NONE', #3752, 1.999999999999000133 ) ;
#1119 = CARTESIAN_POINT ( 'NONE',  ( -1.699999999999999956, -2.000000000000000000, 5.799999999999999822 ) ) ;
#1120 = DIRECTION ( 'NONE',  ( 0.000000000000000000, 1.154631945609999981E-14, -1.000000000000000000 ) ) ;
#1121 = CARTESIAN_POINT ( 'NONE',  ( 5.000000000000000000, -2.299999999999999822, -5.950000000000000178 ) ) ;
#1122 = CARTESIAN_POINT ( 'NONE',  ( -4.675000000000000711, -1.699999999999999956, -3.850000000000000089 ) ) ;
#1123 = CIRCLE ( 'NONE', #6517, 0.4499999999995002997 ) ;
#1124 = VERTEX_POINT ( 'NONE', #6339 ) ;
#1125 = FACE_OUTER_BOUND ( 'NONE', #356, .T. ) ;
#1126 = ORIENTED_EDGE ( 'NONE', *, *, #4086, .T. ) ;
#1127 = DIRECTION ( 'NONE',  ( -0.000000000000000000, 1.000000000000000000, 0.000000000000000000 ) ) ;
#1128 = DIRECTION ( 'NONE',  ( 1.000000000000000000, 0.000000000000000000, 0.000000000000000000 ) ) ;
#1129 = CARTESIAN_POINT ( 'NONE',  ( 2.299999999999999822, -1.699999999999999956, 5.500000000000000000 ) ) ;
#1130 = EDGE_LOOP ( 'NONE', ( #5032, #2369, #5865, #2589 ) ) ;
#1131 = ORIENTED_EDGE ( 'NONE', *, *, #1923, .T. ) ;
#1132 = ORIENTED_EDGE ( 'NONE', *, *, #6095, .T. ) ;
#1133 = VERTEX_POINT ( 'NONE', #2770 ) ;
#1134 = DIRECTION ( 'NONE',  ( 0.000000000000000000, -0.6317418381935782090, -0.7751788502505720935 ) ) ;
#1135 = CARTESIAN_POINT ( 'NONE',  ( 0.07736768238236708950, -2.299999999999999822, -4.249860751628204980 ) ) ;
#1136 = CARTESIAN_POINT ( 'NONE',  ( 0.1999999999999997058, 2.850000000000000089, 7.023500000000000298 ) ) ;
#1137 = DIRECTION ( 'NONE',  ( 0.000000000000000000, 1.000000000000000000, 0.000000000000000000 ) ) ;
#1138 = EDGE_CURVE ( 'NONE', #445, #4785, #545, .T. ) ;
#1139 = DIRECTION ( 'NONE',  ( -0.000000000000000000, 1.000000000000000000, 0.000000000000000000 ) ) ;
#1140 = ORIENTED_EDGE ( 'NONE', *, *, #4965, .T. ) ;
#1141 = ORIENTED_EDGE ( 'NONE', *, *, #3676, .T. ) ;
#1142 = DIRECTION ( 'NONE',  ( 0.000000000000000000, 0.000000000000000000, -1.000000000000000000 ) ) ;
#1143 = FACE_OUTER_BOUND ( 'NONE', #6977, .T. ) ;
#1144 = CARTESIAN_POINT ( 'NONE',  ( 0.2000000000000001221, 3.077185478309000022, -5.299999999999999822 ) ) ;
#1145 = EDGE_CURVE ( 'NONE', #418, #5894, #6752, .T. ) ;
#1146 = CARTESIAN_POINT ( 'NONE',  ( 0.2999999999999999889, 2.350000000000000089, -5.950000000000000178 ) ) ;
#1147 = EDGE_CURVE ( 'NONE', #4054, #6089, #3440, .T. ) ;
#1148 = EDGE_CURVE ( 'NONE', #5959, #367, #7364, .T. ) ;
#1149 = ORIENTED_EDGE ( 'NONE', *, *, #5232, .T. ) ;
#1150 = CARTESIAN_POINT ( 'NONE',  ( -1.899999999999999911, -1.800000000000000044, 5.500000000000000000 ) ) ;
#1151 = LINE ( 'NONE', #6349, #6770 ) ;
#1152 = CARTESIAN_POINT ( 'NONE',  ( -0.9948204461110998764, 2.974880900854000032, 4.750000000000000000 ) ) ;
#1153 = DIRECTION ( 'NONE',  ( 1.020479996801000008E-13, 1.036208156316999994E-14, 1.000000000000000000 ) ) ;
#1154 = DIRECTION ( 'NONE',  ( 1.000000000000000000, 0.000000000000000000, 0.000000000000000000 ) ) ;
#1155 = EDGE_LOOP ( 'NONE', ( #2371, #4449, #4967, #1203 ) ) ;
#1156 = AXIS2_PLACEMENT_3D ( 'NONE', #2280, #6883, #1154 ) ;
#1157 = LINE ( 'NONE', #5750, #6449 ) ;
#1158 = ORIENTED_EDGE ( 'NONE', *, *, #1316, .T. ) ;
#1159 = CARTESIAN_POINT ( 'NONE',  ( 3.277762515837999935, -1.500000000000000000, 5.500000000000000000 ) ) ;
#1160 = VECTOR ( 'NONE', #4279, 1000.000000000000000 ) ;
#1161 = LINE ( 'NONE', #1301, #1927 ) ;
#1162 = CARTESIAN_POINT ( 'NONE',  ( 4.100000000000000533, -1.899999999999999911, -5.774999999999999467 ) ) ;
#1163 = CARTESIAN_POINT ( 'NONE',  ( 0.2000000000000000111, -4.899999999999999467, 5.299999999999999822 ) ) ;
#1164 = EDGE_LOOP ( 'NONE', ( #3531, #4962, #1611, #6107 ) ) ;
#1165 = DATE_AND_TIME ( #2870, #1018 ) ;
#1166 = VERTEX_POINT ( 'NONE', #2233 ) ;
#1167 = VERTEX_POINT ( 'NONE', #1743 ) ;
#1168 = VECTOR ( 'NONE', #3512, 1000.000000000000000 ) ;
#1169 = ORIENTED_EDGE ( 'NONE', *, *, #7216, .T. ) ;
#1170 = CARTESIAN_POINT ( 'NONE',  ( 0.000000000000000000, 0.000000000000000000, -6.125000000000000000 ) ) ;
#1171 = DIRECTION ( 'NONE',  ( -3.469446951953615175E-16, 1.000000000000000000, 0.000000000000000000 ) ) ;
#1172 = CARTESIAN_POINT ( 'NONE',  ( 4.400000000000000355, -4.850000000000000533, -5.799999999999999822 ) ) ;
#1173 = DIRECTION ( 'NONE',  ( 1.702341971092000202E-14, -1.480297366167000132E-14, 1.000000000000000000 ) ) ;
#1174 = ORIENTED_EDGE ( 'NONE', *, *, #1183, .T. ) ;
#1175 = VERTEX_POINT ( 'NONE', #4450 ) ;
#1176 = CARTESIAN_POINT ( 'NONE',  ( 5.349999999999999645, 2.500000000000000000, -5.474999999999999645 ) ) ;
#1177 = EDGE_CURVE ( 'NONE', #2382, #4649, #3960, .T. ) ;
#1178 = CARTESIAN_POINT ( 'NONE',  ( 3.437500000000000000, 2.399999999999999911, 5.375000000000000000 ) ) ;
#1179 = CARTESIAN_POINT ( 'NONE',  ( 5.349999999999999645, 2.500000000000000000, -6.424999999999999822 ) ) ;
#1180 = FACE_OUTER_BOUND ( 'NONE', #4206, .T. ) ;
#1181 = VERTEX_POINT ( 'NONE', #4529 ) ;
#1182 = CARTESIAN_POINT ( 'NONE',  ( 0.000000000000000000, -2.350000000000000089, -5.250000000000000000 ) ) ;
#1183 = EDGE_CURVE ( 'NONE', #5273, #3650, #5133, .T. ) ;
#1184 = CARTESIAN_POINT ( 'NONE',  ( -4.299999999999999822, 3.100000000000000089, 5.549999999999999822 ) ) ;
#1185 = DIRECTION ( 'NONE',  ( 1.000000000000000000, 0.000000000000000000, 0.000000000000000000 ) ) ;
#1186 = ADVANCED_FACE ( 'NONE', ( #4566 ), #6263, .T. ) ;
#1187 = CARTESIAN_POINT ( 'NONE',  ( 4.401935507578557782, 2.357531251947364126, 4.675000000000000711 ) ) ;
#1188 = EDGE_CURVE ( 'NONE', #5563, #3304, #6830, .T. ) ;
#1189 = DIRECTION ( 'NONE',  ( 0.000000000000000000, -0.7751788502520129409, 0.6317418381918100678 ) ) ;
#1190 = ORIENTED_EDGE ( 'NONE', *, *, #5801, .T. ) ;
#1191 = LINE ( 'NONE', #5935, #5755 ) ;
#1192 = ORIENTED_EDGE ( 'NONE', *, *, #6573, .T. ) ;
#1193 = DIRECTION ( 'NONE',  ( -2.028361564358297984E-14, 1.000000000000000000, 0.000000000000000000 ) ) ;
#1194 = CARTESIAN_POINT ( 'NONE',  ( -5.349999999999999645, -1.699999999999999956, 4.675000000000000711 ) ) ;
#1195 = EDGE_CURVE ( 'NONE', #3939, #7044, #5305, .T. ) ;
#1196 = DIRECTION ( 'NONE',  ( -3.469446951953615175E-16, 1.000000000000000000, 0.000000000000000000 ) ) ;
#1197 = CARTESIAN_POINT ( 'NONE',  ( 5.049999999999999822, -1.699999999999999956, -5.774999999999999467 ) ) ;
#1198 = ORIENTED_EDGE ( 'NONE', *, *, #3040, .F. ) ;
#1199 = COORDINATED_UNIVERSAL_TIME_OFFSET ( 0, 0, .AHEAD. ) ;
#1200 = ORIENTED_EDGE ( 'NONE', *, *, #2238, .F. ) ;
#1201 = ORIENTED_EDGE ( 'NONE', *, *, #4874, .F. ) ;
#1202 = VECTOR ( 'NONE', #6731, 1000.000000000000000 ) ;
#1203 = ORIENTED_EDGE ( 'NONE', *, *, #3042, .T. ) ;
#1204 = DIRECTION ( 'NONE',  ( -1.000000000000000000, 0.000000000000000000, 0.000000000000000000 ) ) ;
#1205 = LINE ( 'NONE', #4068, #1576 ) ;
#1206 = CARTESIAN_POINT ( 'NONE',  ( 4.549999999999999822, -2.500000000000000000, 2.299999999999999822 ) ) ;
#1207 = AXIS2_PLACEMENT_3D ( 'NONE', #3085, #2556, #258 ) ;
#1208 = AXIS2_PLACEMENT_3D ( 'NONE', #1696, #2190, #4602 ) ;
#1209 = CYLINDRICAL_SURFACE ( 'NONE', #7064, 0.2999999999999999334 ) ;
#1210 = ORIENTED_EDGE ( 'NONE', *, *, #233, .F. ) ;
#1211 = ORIENTED_EDGE ( 'NONE', *, *, #2718, .F. ) ;
#1212 = LINE ( 'NONE', #1252, #3636 ) ;
#1213 = CIRCLE ( 'NONE', #2173, 4.000000000000001776 ) ;
#1214 = AXIS2_PLACEMENT_3D ( 'NONE', #6331, #5205, #7431 ) ;
#1215 = PLANE ( 'NONE',  #3268 ) ;
#1216 = DIRECTION ( 'NONE',  ( 0.000000000000000000, 1.000000000000000000, 0.000000000000000000 ) ) ;
#1217 = LINE ( 'NONE', #2884, #4530 ) ;
#1218 = AXIS2_PLACEMENT_3D ( 'NONE', #4754, #5351, #205 ) ;
#1219 = AXIS2_PLACEMENT_3D ( 'NONE', #4801, #2477, #4167 ) ;
#1220 = VECTOR ( 'NONE', #4172, 1000.000000000000000 ) ;
#1221 = VERTEX_POINT ( 'NONE', #1108 ) ;
#1222 = FACE_OUTER_BOUND ( 'NONE', #7042, .T. ) ;
#1223 = FACE_BOUND ( 'NONE', #4765, .T. ) ;
#1224 = CIRCLE ( 'NONE', #2924, 0.2999999999999999334 ) ;
#1225 = VECTOR ( 'NONE', #1935, 1000.000000000000000 ) ;
#1226 = FACE_OUTER_BOUND ( 'NONE', #3663, .T. ) ;
#1227 = CARTESIAN_POINT ( 'NONE',  ( 4.500000000000000000, 3.100000000000000089, 6.400000000000000355 ) ) ;
#1228 = ORIENTED_EDGE ( 'NONE', *, *, #1836, .F. ) ;
#1229 = EDGE_CURVE ( 'NONE', #6142, #5409, #2813, .T. ) ;
#1230 = EDGE_CURVE ( 'NONE', #2644, #5053, #4004, .T. ) ;
#1231 = AXIS2_PLACEMENT_3D ( 'NONE', #7194, #5412, #2600 ) ;
#1232 = DIRECTION ( 'NONE',  ( -0.3329829244524177834, 0.000000000000000000, -0.9429328565826494701 ) ) ;
#1233 = VECTOR ( 'NONE', #99, 1000.000000000000000 ) ;
#1234 = ORIENTED_EDGE ( 'NONE', *, *, #5885, .T. ) ;
#1235 = DIRECTION ( 'NONE',  ( -1.000000000000000000, 0.000000000000000000, 0.000000000000000000 ) ) ;
#1236 = FACE_OUTER_BOUND ( 'NONE', #3566, .T. ) ;
#1237 = CARTESIAN_POINT ( 'NONE',  ( -2.299999999999999822, -2.200000000000000178, -2.050000000000000266 ) ) ;
#1238 = CARTESIAN_POINT ( 'NONE',  ( 4.559442123160000193, -4.850000000000000533, 1.949999999999999956 ) ) ;
#1239 = ORIENTED_EDGE ( 'NONE', *, *, #2989, .F. ) ;
#1240 = ADVANCED_FACE ( 'NONE', ( #2156 ), #3329, .T. ) ;
#1241 = EDGE_LOOP ( 'NONE', ( #6421, #6177, #4527, #3474, #968 ) ) ;
#1242 = ORIENTED_EDGE ( 'NONE', *, *, #7453, .T. ) ;
#1243 = EDGE_CURVE ( 'NONE', #6579, #1419, #2881, .T. ) ;
#1244 = EDGE_CURVE ( 'NONE', #2978, #3035, #1804, .T. ) ;
#1245 = VERTEX_POINT ( 'NONE', #2731 ) ;
#1246 = DIRECTION ( 'NONE',  ( 0.000000000000000000, 0.000000000000000000, 1.000000000000000000 ) ) ;
#1247 = DIRECTION ( 'NONE',  ( -1.000000000000000000, 0.000000000000000000, 0.000000000000000000 ) ) ;
#1248 = DIRECTION ( 'NONE',  ( -1.000000000000000000, 0.000000000000000000, 0.000000000000000000 ) ) ;
#1249 = DIRECTION ( 'NONE',  ( 1.000000000000000000, 0.000000000000000000, 0.000000000000000000 ) ) ;
#1250 = ORIENTED_EDGE ( 'NONE', *, *, #2143, .T. ) ;
#1251 = VERTEX_POINT ( 'NONE', #5620 ) ;
#1252 = CARTESIAN_POINT ( 'NONE',  ( 2.790000000000000036, -1.699999999999999956, -5.799999999999999822 ) ) ;
#1253 = CARTESIAN_POINT ( 'NONE',  ( -4.649999999999999467, -1.899999999999999911, -2.500000000000000000 ) ) ;
#1254 = DIRECTION ( 'NONE',  ( 0.000000000000000000, 1.000000000000000000, 0.000000000000000000 ) ) ;
#1255 = CARTESIAN_POINT ( 'NONE',  ( -0.01761839278059124797, -2.299999999999999822, -4.085167163610375241 ) ) ;
#1256 = ORIENTED_EDGE ( 'NONE', *, *, #6436, .F. ) ;
#1257 = LINE ( 'NONE', #2503, #7367 ) ;
#1258 = PLANE ( 'NONE',  #1714 ) ;
#1259 = PLANE ( 'NONE',  #2780 ) ;
#1260 = DIRECTION ( 'NONE',  ( 0.000000000000000000, -1.000000000000000000, 0.000000000000000000 ) ) ;
#1261 = CARTESIAN_POINT ( 'NONE',  ( 2.550000000000000266, 2.075000000000000178, 6.450000000000000178 ) ) ;
#1262 = EDGE_LOOP ( 'NONE', ( #3538, #1800 ) ) ;
#1263 = EDGE_CURVE ( 'NONE', #3631, #1078, #469, .T. ) ;
#1264 = DIRECTION ( 'NONE',  ( 0.000000000000000000, 0.000000000000000000, 1.000000000000000000 ) ) ;
#1265 = ORIENTED_EDGE ( 'NONE', *, *, #5565, .T. ) ;
#1266 = VECTOR ( 'NONE', #6886, 1000.000000000000000 ) ;
#1267 = EDGE_CURVE ( 'NONE', #466, #2719, #5096, .T. ) ;
#1268 = CARTESIAN_POINT ( 'NONE',  ( 3.799999999999999822, -4.899999999999999467, -6.100000000000000533 ) ) ;
#1269 = DIRECTION ( 'NONE',  ( 0.000000000000000000, 0.000000000000000000, 1.000000000000000000 ) ) ;
#1270 = AXIS2_PLACEMENT_3D ( 'NONE', #896, #6121, #965 ) ;
#1271 = LINE ( 'NONE', #5295, #6328 ) ;
#1272 = EDGE_LOOP ( 'NONE', ( #3831, #6058, #4847, #3224 ) ) ;
#1273 = ORIENTED_EDGE ( 'NONE', *, *, #825, .T. ) ;
#1274 = ORIENTED_EDGE ( 'NONE', *, *, #1886, .F. ) ;
#1275 = ORIENTED_EDGE ( 'NONE', *, *, #6256, .F. ) ;
#1276 = VECTOR ( 'NONE', #1514, 1000.000000000000000 ) ;
#1277 = DIRECTION ( 'NONE',  ( -0.000000000000000000, 1.000000000000000000, 0.000000000000000000 ) ) ;
#1278 =( BOUNDED_CURVE ( )  B_SPLINE_CURVE ( 3, ( #616, #128, #719, #2346 ),
 .UNSPECIFIED., .F., .F. ) 
 B_SPLINE_CURVE_WITH_KNOTS ( ( 4, 4 ),
 ( 6.765421556309550193E-14, 0.7227342478134631820 ),
 .UNSPECIFIED. ) 
 CURVE ( )  GEOMETRIC_REPRESENTATION_ITEM ( )  RATIONAL_B_SPLINE_CURVE ( ( 1.000000000000000000, 0.9569428977956591087, 0.9569428977956591087, 1.000000000000000000 ) ) 
 REPRESENTATION_ITEM ( '' )  );
#1279 = EDGE_CURVE ( 'NONE', #5273, #3603, #5274, .T. ) ;
#1280 = DIRECTION ( 'NONE',  ( -3.730349362741000050E-13, 1.776356839400000238E-14, -1.000000000000000000 ) ) ;
#1281 = LINE ( 'NONE', #3579, #3985 ) ;
#1282 = ADVANCED_FACE ( 'NONE', ( #6947 ), #4786, .T. ) ;
#1283 = ADVANCED_FACE ( 'NONE', ( #690 ), #2418, .F. ) ;
#1284 = VECTOR ( 'NONE', #1620, 1000.000000000000000 ) ;
#1285 = LINE ( 'NONE', #6450, #1168 ) ;
#1286 = EDGE_LOOP ( 'NONE', ( #6978, #2261, #2786, #5364, #6971, #2637, #7121, #1888 ) ) ;
#1287 = ORIENTED_EDGE ( 'NONE', *, *, #908, .T. ) ;
#1288 = LINE ( 'NONE', #3584, #2195 ) ;
#1289 = VECTOR ( 'NONE', #3766, 1000.000000000000000 ) ;
#1290 = LINE ( 'NONE', #4787, #31 ) ;
#1291 = DIRECTION ( 'NONE',  ( 0.000000000000000000, -0.1583540631465048809, 0.9873823933436288725 ) ) ;
#1292 = PLANE ( 'NONE',  #4163 ) ;
#1293 = ORIENTED_EDGE ( 'NONE', *, *, #185, .T. ) ;
#1294 = LINE ( 'NONE', #3633, #384 ) ;
#1295 = DIRECTION ( 'NONE',  ( 1.000000000000000000, 0.000000000000000000, 0.000000000000000000 ) ) ;
#1296 = LINE ( 'NONE', #2322, #962 ) ;
#1297 = DIRECTION ( 'NONE',  ( 0.000000000000000000, 0.000000000000000000, -1.000000000000000000 ) ) ;
#1298 = CARTESIAN_POINT ( 'NONE',  ( -2.200000000000000178, 2.500000000000000000, 6.025000000000000355 ) ) ;
#1299 = EDGE_LOOP ( 'NONE', ( #1088, #637, #6553, #7225 ) ) ;
#1300 = CARTESIAN_POINT ( 'NONE',  ( 0.000000000000000000, 0.000000000000000000, -6.125000000000000000 ) ) ;
#1301 = CARTESIAN_POINT ( 'NONE',  ( 1.494219133262000065, 2.926466139506999742, 4.750000000000000000 ) ) ;
#1302 = CARTESIAN_POINT ( 'NONE',  ( -2.149999999999999911, -1.274998983693000021, -0.2000000000000000111 ) ) ;
#1303 = LINE ( 'NONE', #1842, #6201 ) ;
#1304 = EDGE_LOOP ( 'NONE', ( #6606, #6537, #3280, #6788, #2076 ) ) ;
#1305 = ORIENTED_EDGE ( 'NONE', *, *, #6988, .T. ) ;
#1306 = VERTEX_POINT ( 'NONE', #4073 ) ;
#1307 = ORIENTED_EDGE ( 'NONE', *, *, #4411, .F. ) ;
#1308 = DIRECTION ( 'NONE',  ( 0.000000000000000000, 0.000000000000000000, 1.000000000000000000 ) ) ;
#1309 = CARTESIAN_POINT ( 'NONE',  ( -4.924999999999999822, -1.800000000000000044, -3.899999999999999911 ) ) ;
#1310 = DIRECTION ( 'NONE',  ( 0.000000000000000000, 0.000000000000000000, -1.000000000000000000 ) ) ;
#1311 = FACE_OUTER_BOUND ( 'NONE', #6232, .T. ) ;
#1312 = ORIENTED_EDGE ( 'NONE', *, *, #6538, .T. ) ;
#1313 = EDGE_LOOP ( 'NONE', ( #1454, #5377, #2550, #1833 ) ) ;
#1314 = ADVANCED_FACE ( 'NONE', ( #6375 ), #3475, .T. ) ;
#1315 = EDGE_CURVE ( 'NONE', #4517, #1124, #1278, .T. ) ;
#1316 = EDGE_CURVE ( 'NONE', #2296, #7013, #5313, .T. ) ;
#1317 = DIRECTION ( 'NONE',  ( 0.000000000000000000, 0.000000000000000000, -1.000000000000000000 ) ) ;
#1318 = EDGE_CURVE ( 'NONE', #6460, #1731, #7093, .T. ) ;
#1319 = DIRECTION ( 'NONE',  ( 0.000000000000000000, -1.000000000000000000, 0.000000000000000000 ) ) ;
#1320 = VECTOR ( 'NONE', #2706, 1000.000000000000000 ) ;
#1321 = CARTESIAN_POINT ( 'NONE',  ( 4.100000000000000533, -1.699999999999999956, -5.774999999999999467 ) ) ;
#1322 = CARTESIAN_POINT ( 'NONE',  ( 3.799999999999999822, -4.899999999999999467, -6.100000000000000533 ) ) ;
#1323 = DIRECTION ( 'NONE',  ( 0.000000000000000000, 0.7071067811865975328, -0.7071067811864976127 ) ) ;
#1324 = AXIS2_PLACEMENT_3D ( 'NONE', #6802, #2278, #1672 ) ;
#1325 = EDGE_LOOP ( 'NONE', ( #7384, #6200 ) ) ;
#1326 = VECTOR ( 'NONE', #6566, 1000.000000000000000 ) ;
#1327 = EDGE_CURVE ( 'NONE', #6048, #1419, #1212, .T. ) ;
#1328 = ADVANCED_FACE ( 'NONE', ( #2495 ), #3517, .F. ) ;
#1329 = DIRECTION ( 'NONE',  ( 0.000000000000000000, -0.7751788502520129409, 0.6317418381918100678 ) ) ;
#1330 = FACE_BOUND ( 'NONE', #2220, .T. ) ;
#1331 = AXIS2_PLACEMENT_3D ( 'NONE', #1182, #2928, #3932 ) ;
#1332 = CARTESIAN_POINT ( 'NONE',  ( -3.137774893206000559, -0.9148340452930000533, 5.649999999999999467 ) ) ;
#1333 = AXIS2_PLACEMENT_3D ( 'NONE', #3954, #3359, #1025 ) ;
#1334 = CARTESIAN_POINT ( 'NONE',  ( 0.005362112447553000344, -2.299999999999999822, -4.003969365357999521 ) ) ;
#1335 = VERTEX_POINT ( 'NONE', #5846 ) ;
#1336 = CARTESIAN_POINT ( 'NONE',  ( -1.906537443294000100, 1.649999999999999911, 5.950000000000000178 ) ) ;
#1337 = ORIENTED_EDGE ( 'NONE', *, *, #6484, .F. ) ;
#1338 = AXIS2_PLACEMENT_3D ( 'NONE', #353, #2045, #4347 ) ;
#1339 = CARTESIAN_POINT ( 'NONE',  ( 3.050000000000000266, 0.2000000000000000111, 5.062499999996999733 ) ) ;
#1340 = AXIS2_PLACEMENT_3D ( 'NONE', #1038, #3336, #1329 ) ;
#1341 = AXIS2_PLACEMENT_3D ( 'NONE', #7423, #4551, #3463 ) ;
#1342 = CYLINDRICAL_SURFACE ( 'NONE', #6258, 0.8500000000000000888 ) ;
#1343 = LINE ( 'NONE', #7076, #2673 ) ;
#1344 = VECTOR ( 'NONE', #2376, 1000.000000000000000 ) ;
#1345 = DIRECTION ( 'NONE',  ( 1.000000000000000000, 0.000000000000000000, 0.000000000000000000 ) ) ;
#1346 = VECTOR ( 'NONE', #2639, 1000.000000000000000 ) ;
#1347 = ORIENTED_EDGE ( 'NONE', *, *, #5245, .F. ) ;
#1348 = VERTEX_POINT ( 'NONE', #1921 ) ;
#1349 = EDGE_LOOP ( 'NONE', ( #5017, #1972 ) ) ;
#1350 = ORIENTED_EDGE ( 'NONE', *, *, #1903, .F. ) ;
#1351 = DIRECTION ( 'NONE',  ( -3.469446951953615175E-16, 1.000000000000000000, 0.000000000000000000 ) ) ;
#1352 = VECTOR ( 'NONE', #4178, 1000.000000000000000 ) ;
#1353 = CARTESIAN_POINT ( 'NONE',  ( -3.775000000000000355, 3.121762141438999993, 5.549999999999999822 ) ) ;
#1354 = CARTESIAN_POINT ( 'NONE',  ( -4.799999999999999822, -1.199999999999999956, -2.550000000000000266 ) ) ;
#1355 = CARTESIAN_POINT ( 'NONE',  ( 2.500000000000000000, -1.500000000000000000, 5.799999999999999822 ) ) ;
#1356 = VERTEX_POINT ( 'NONE', #4222 ) ;
#1357 = VECTOR ( 'NONE', #6831, 1000.000000000000000 ) ;
#1358 = ORIENTED_EDGE ( 'NONE', *, *, #5468, .T. ) ;
#1359 = EDGE_CURVE ( 'NONE', #4613, #3022, #2384, .T. ) ;
#1360 = DIRECTION ( 'NONE',  ( -5.865999022095999129E-14, 1.376554437185000134E-11, -1.000000000000000000 ) ) ;
#1361 = CARTESIAN_POINT ( 'NONE',  ( 2.100000000000000089, 2.399999999999999911, 5.799999999999999822 ) ) ;
#1362 = DIRECTION ( 'NONE',  ( 1.000000000000000000, 0.000000000000000000, 0.000000000000000000 ) ) ;
#1363 = EDGE_CURVE ( 'NONE', #5113, #6590, #5437, .T. ) ;
#1364 = EDGE_CURVE ( 'NONE', #664, #3123, #2922, .T. ) ;
#1365 = DIRECTION ( 'NONE',  ( 0.000000000000000000, 1.000000000000000000, 0.000000000000000000 ) ) ;
#1366 = DIRECTION ( 'NONE',  ( 0.8777239347058632957, 0.4791666666666801744, 0.000000000000000000 ) ) ;
#1367 = ORIENTED_EDGE ( 'NONE', *, *, #7301, .T. ) ;
#1368 = VERTEX_POINT ( 'NONE', #6979 ) ;
#1369 = DIRECTION ( 'NONE',  ( -1.000000000000000000, 0.000000000000000000, 0.000000000000000000 ) ) ;
#1370 = CARTESIAN_POINT ( 'NONE',  ( 0.000000000000000000, 2.500000000000000000, 0.000000000000000000 ) ) ;
#1371 = EDGE_CURVE ( 'NONE', #2407, #571, #6422, .T. ) ;
#1372 = CARTESIAN_POINT ( 'NONE',  ( 0.8000000000000000444, -4.899999999999999467, 5.000000000000000000 ) ) ;
#1373 = EDGE_CURVE ( 'NONE', #2745, #5695, #1288, .T. ) ;
#1374 = FACE_OUTER_BOUND ( 'NONE', #6126, .T. ) ;
#1375 = ADVANCED_FACE ( 'NONE', ( #4751 ), #7057, .F. ) ;
#1376 = LINE ( 'NONE', #3077, #5063 ) ;
#1377 = ORIENTED_EDGE ( 'NONE', *, *, #183, .T. ) ;
#1378 = FACE_OUTER_BOUND ( 'NONE', #2133, .T. ) ;
#1379 = EDGE_LOOP ( 'NONE', ( #5618, #5624 ) ) ;
#1380 = DIRECTION ( 'NONE',  ( -1.000000000000000000, 0.000000000000000000, 0.000000000000000000 ) ) ;
#1381 = DIRECTION ( 'NONE',  ( 3.469446951953615175E-16, -1.000000000000000000, 0.000000000000000000 ) ) ;
#1382 = CARTESIAN_POINT ( 'NONE',  ( -0.4000000000000000222, -2.272428845803000197, 5.165716172814000196 ) ) ;
#1383 = ORIENTED_EDGE ( 'NONE', *, *, #5705, .T. ) ;
#1384 = ORIENTED_EDGE ( 'NONE', *, *, #6059, .F. ) ;
#1385 = ORIENTED_EDGE ( 'NONE', *, *, #1110, .T. ) ;
#1386 = VERTEX_POINT ( 'NONE', #3616 ) ;
#1387 = PLANE ( 'NONE',  #1957 ) ;
#1388 = AXIS2_PLACEMENT_3D ( 'NONE', #7447, #2357, #6496 ) ;
#1389 = DIRECTION ( 'NONE',  ( 0.000000000000000000, -1.000000000000000000, 0.000000000000000000 ) ) ;
#1390 = LINE ( 'NONE', #5568, #5307 ) ;
#1391 = DIRECTION ( 'NONE',  ( 1.000000000000000000, 0.000000000000000000, 0.000000000000000000 ) ) ;
#1392 = VERTEX_POINT ( 'NONE', #2033 ) ;
#1393 = VERTEX_POINT ( 'NONE', #5525 ) ;
#1394 = CIRCLE ( 'NONE', #1270, 0.8500000000000000888 ) ;
#1395 = FACE_BOUND ( 'NONE', #2372, .T. ) ;
#1396 = FACE_OUTER_BOUND ( 'NONE', #7004, .T. ) ;
#1397 = DIRECTION ( 'NONE',  ( -0.6952378264722788304, 0.7187797747864790310, 0.000000000000000000 ) ) ;
#1398 = DIRECTION ( 'NONE',  ( 1.000000000000000000, 0.000000000000000000, 0.000000000000000000 ) ) ;
#1399 = CARTESIAN_POINT ( 'NONE',  ( 3.050000000000000266, 2.500000000000000000, 5.275000000000000355 ) ) ;
#1400 = EDGE_LOOP ( 'NONE', ( #3162, #1265, #6175, #6547 ) ) ;
#1401 = ORIENTED_EDGE ( 'NONE', *, *, #5741, .F. ) ;
#1402 = EDGE_CURVE ( 'NONE', #5630, #2363, #2072, .T. ) ;
#1403 = CARTESIAN_POINT ( 'NONE',  ( 0.8499999999999999778, -2.299999999999999822, 5.237499999999999822 ) ) ;
#1404 = CARTESIAN_POINT ( 'NONE',  ( -5.250000000000000000, 2.500000000000000000, -6.125000000000000000 ) ) ;
#1405 = CARTESIAN_POINT ( 'NONE',  ( 4.575000000000000178, -1.699999999999999956, 2.288196601125009888 ) ) ;
#1406 = CARTESIAN_POINT ( 'NONE',  ( 4.549999999999999822, -2.200000000000000178, 1.649999999999999911 ) ) ;
#1407 = ORIENTED_EDGE ( 'NONE', *, *, #773, .T. ) ;
#1408 = EDGE_CURVE ( 'NONE', #1306, #5382, #6282, .T. ) ;
#1409 = EDGE_CURVE ( 'NONE', #7173, #5980, #4333, .T. ) ;
#1410 = CARTESIAN_POINT ( 'NONE',  ( -4.510653744329410131, 3.100000000000000089, 4.675000000000000711 ) ) ;
#1411 = ADVANCED_FACE ( 'NONE', ( #4899 ), #7133, .T. ) ;
#1412 = EDGE_CURVE ( 'NONE', #5851, #2539, #7276, .T. ) ;
#1413 = CARTESIAN_POINT ( 'NONE',  ( -4.924999999999999822, -1.800000000000000044, -3.750000000000000000 ) ) ;
#1414 = DIRECTION ( 'NONE',  ( 0.3548308721223911166, 0.000000000000000000, 0.9349305066093753780 ) ) ;
#1415 = DIRECTION ( 'NONE',  ( 0.000000000000000000, 1.000000000000000000, 0.000000000000000000 ) ) ;
#1416 = ORIENTED_EDGE ( 'NONE', *, *, #5878, .F. ) ;
#1417 = ORIENTED_EDGE ( 'NONE', *, *, #7450, .F. ) ;
#1418 = EDGE_LOOP ( 'NONE', ( #2493, #6156, #6124, #3885 ) ) ;
#1419 = VERTEX_POINT ( 'NONE', #5384 ) ;
#1420 = EDGE_CURVE ( 'NONE', #4064, #6373, #6066, .T. ) ;
#1421 = CARTESIAN_POINT ( 'NONE',  ( 3.750000000000000000, -1.899999999999999911, -5.774999999999999467 ) ) ;
#1422 = CARTESIAN_POINT ( 'NONE',  ( -1.899999999999999911, -1.750000000000000000, 5.649999999999999467 ) ) ;
#1423 = CARTESIAN_POINT ( 'NONE',  ( 5.049999999999999822, -1.699999999999999956, -5.950000000000000178 ) ) ;
#1424 = ORIENTED_EDGE ( 'NONE', *, *, #1315, .T. ) ;
#1425 = EDGE_LOOP ( 'NONE', ( #4001, #827, #2865, #5609, #6598 ) ) ;
#1426 = CARTESIAN_POINT ( 'NONE',  ( -2.877762515837999580, -1.300000000000000044, 5.799999999999999822 ) ) ;
#1427 = CARTESIAN_POINT ( 'NONE',  ( -5.450000000000000178, 2.500000000000000000, -1.300000000000000044 ) ) ;
#1428 = DIRECTION ( 'NONE',  ( 0.000000000000000000, -1.000000000000000000, 0.000000000000000000 ) ) ;
#1429 = FACE_OUTER_BOUND ( 'NONE', #2910, .T. ) ;
#1430 = DIRECTION ( 'NONE',  ( 0.000000000000000000, 0.000000000000000000, 1.000000000000000000 ) ) ;
#1431 = EDGE_LOOP ( 'NONE', ( #6419, #4920, #6964, #3555, #1017, #2511 ) ) ;
#1432 = ORIENTED_EDGE ( 'NONE', *, *, #5970, .T. ) ;
#1433 = DIRECTION ( 'NONE',  ( -1.000000000000000000, 0.000000000000000000, 0.000000000000000000 ) ) ;
#1434 = CIRCLE ( 'NONE', #4805, 0.2000000000000000944 ) ;
#1435 = CARTESIAN_POINT ( 'NONE',  ( -2.449999999999999734, -1.374998983692999888, -0.2000000000000000111 ) ) ;
#1436 = LINE ( 'NONE', #775, #5417 ) ;
#1437 = LINE ( 'NONE', #7180, #2359 ) ;
#1438 = VECTOR ( 'NONE', #5144, 1000.000000000000000 ) ;
#1439 = VECTOR ( 'NONE', #4226, 1000.000000000000000 ) ;
#1440 = EDGE_LOOP ( 'NONE', ( #1507, #1912, #6239, #4713, #3297, #6116, #5607 ) ) ;
#1441 = CARTESIAN_POINT ( 'NONE',  ( 3.849999999188000288, 2.199999999991999911, 4.649999999996999200 ) ) ;
#1442 = ADVANCED_FACE ( 'NONE', ( #6673, #1965 ), #6099, .T. ) ;
#1443 = VECTOR ( 'NONE', #1254, 1000.000000000000000 ) ;
#1444 = VECTOR ( 'NONE', #6581, 1000.000000000000000 ) ;
#1445 = VECTOR ( 'NONE', #4817, 1000.000000000000000 ) ;
#1446 = FACE_OUTER_BOUND ( 'NONE', #4898, .T. ) ;
#1447 = CARTESIAN_POINT ( 'NONE',  ( -0.4000000000000000222, -2.621259328415999956, 5.000000000000000000 ) ) ;
#1448 = EDGE_CURVE ( 'NONE', #2476, #2064, #279, .T. ) ;
#1449 = CARTESIAN_POINT ( 'NONE',  ( 0.2000000000000000111, 0.5000000000000000000, 10.14999999999999858 ) ) ;
#1450 = ORIENTED_EDGE ( 'NONE', *, *, #6536, .T. ) ;
#1451 = EDGE_LOOP ( 'NONE', ( #4028, #1383, #1488, #2645 ) ) ;
#1452 = VECTOR ( 'NONE', #63, 1000.000000000000000 ) ;
#1453 = CONICAL_SURFACE ( 'NONE', #1082, 2.024999999999999911, 0.7853981633972990650 ) ;
#1454 = ORIENTED_EDGE ( 'NONE', *, *, #3071, .F. ) ;
#1455 = DIRECTION ( 'NONE',  ( 0.000000000000000000, -1.000000000000000000, 0.000000000000000000 ) ) ;
#1456 = ORIENTED_EDGE ( 'NONE', *, *, #6676, .F. ) ;
#1457 = LINE ( 'NONE', #4294, #7374 ) ;
#1458 = CIRCLE ( 'NONE', #6405, 0.1499999999999999944 ) ;
#1459 = AXIS2_PLACEMENT_3D ( 'NONE', #5814, #4117, #5877 ) ;
#1460 = DIRECTION ( 'NONE',  ( 0.000000000000000000, 1.000000000000000000, 0.000000000000000000 ) ) ;
#1461 = EDGE_CURVE ( 'NONE', #1133, #6853, #3204, .T. ) ;
#1462 = ADVANCED_FACE ( 'NONE', ( #1395, #3239 ), #1468, .T. ) ;
#1463 = CARTESIAN_POINT ( 'NONE',  ( 5.000000000000000000, -4.899999999999999467, -5.799999999999999822 ) ) ;
#1464 = EDGE_CURVE ( 'NONE', #1356, #5209, #3159, .T. ) ;
#1465 = ORIENTED_EDGE ( 'NONE', *, *, #2512, .F. ) ;
#1466 = VERTEX_POINT ( 'NONE', #2078 ) ;
#1467 = VECTOR ( 'NONE', #211, 1000.000000000000000 ) ;
#1468 = PLANE ( 'NONE',  #750 ) ;
#1469 = LINE ( 'NONE', #4334, #2071 ) ;
#1470 = DIRECTION ( 'NONE',  ( 1.000000000000000000, 0.000000000000000000, 0.000000000000000000 ) ) ;
#1471 = AXIS2_PLACEMENT_3D ( 'NONE', #6574, #3525, #2544 ) ;
#1472 = LINE ( 'NONE', #5922, #4214 ) ;
#1473 = CARTESIAN_POINT ( 'NONE',  ( 4.850000000000000533, -1.899999999999999911, 1.000000000000000000 ) ) ;
#1474 = ORIENTED_EDGE ( 'NONE', *, *, #2756, .F. ) ;
#1475 = ORIENTED_EDGE ( 'NONE', *, *, #4314, .T. ) ;
#1476 = EDGE_LOOP ( 'NONE', ( #2501, #1586, #5482, #3575, #1630 ) ) ;
#1477 = PLANE ( 'NONE',  #6030 ) ;
#1478 = LINE ( 'NONE', #7253, #5191 ) ;
#1479 = DIRECTION ( 'NONE',  ( 0.000000000000000000, -1.000000000000000000, 0.000000000000000000 ) ) ;
#1480 = FACE_BOUND ( 'NONE', #5329, .T. ) ;
#1481 = ORIENTED_EDGE ( 'NONE', *, *, #1537, .T. ) ;
#1482 = DIRECTION ( 'NONE',  ( 0.000000000000000000, 0.000000000000000000, 1.000000000000000000 ) ) ;
#1483 = VECTOR ( 'NONE', #1606, 1000.000000000000000 ) ;
#1484 = CARTESIAN_POINT ( 'NONE',  ( -4.675000000000000711, -4.899999999999999467, -3.149999999999999911 ) ) ;
#1485 = CARTESIAN_POINT ( 'NONE',  ( 3.625000000000000000, 2.299999999999999822, 5.825000000000000178 ) ) ;
#1486 = PLANE ( 'NONE',  #1034 ) ;
#1487 = VERTEX_POINT ( 'NONE', #1499 ) ;
#1488 = ORIENTED_EDGE ( 'NONE', *, *, #2703, .T. ) ;
#1489 = ORIENTED_EDGE ( 'NONE', *, *, #4142, .F. ) ;
#1490 = CARTESIAN_POINT ( 'NONE',  ( -2.100000000000000089, -1.699999999999999956, -1.443649167310000037 ) ) ;
#1491 = ORIENTED_EDGE ( 'NONE', *, *, #6160, .F. ) ;
#1492 = EDGE_CURVE ( 'NONE', #2579, #5979, #6563, .T. ) ;
#1493 = EDGE_CURVE ( 'NONE', #1574, #6946, #5806, .T. ) ;
#1494 = CARTESIAN_POINT ( 'NONE',  ( -2.475000000000000089, -1.899999999999999689, -1.787069746573073825 ) ) ;
#1495 = DIRECTION ( 'NONE',  ( 0.000000000000000000, -1.000000000000000000, 0.000000000000000000 ) ) ;
#1496 = ORIENTED_EDGE ( 'NONE', *, *, #6954, .F. ) ;
#1497 = ORIENTED_EDGE ( 'NONE', *, *, #585, .T. ) ;
#1498 = EDGE_CURVE ( 'NONE', #4775, #159, #2559, .T. ) ;
#1499 = CARTESIAN_POINT ( 'NONE',  ( 3.849999998349485697, 2.224999999997689049, 4.675000000000000711 ) ) ;
#1500 = DIRECTION ( 'NONE',  ( 0.000000000000000000, -1.000000000000000000, 0.000000000000000000 ) ) ;
#1501 = ADVANCED_FACE ( 'NONE', ( #2532 ), #5990, .F. ) ;
#1502 = DIRECTION ( 'NONE',  ( 0.000000000000000000, 0.000000000000000000, 1.000000000000000000 ) ) ;
#1503 = EDGE_CURVE ( 'NONE', #6863, #5866, #3135, .T. ) ;
#1504 = CARTESIAN_POINT ( 'NONE',  ( 0.8000000000000000444, -1.928740671584000088, 5.799999999999999822 ) ) ;
#1505 = AXIS2_PLACEMENT_3D ( 'NONE', #6199, #4579, #5145 ) ;
#1506 = FACE_OUTER_BOUND ( 'NONE', #260, .T. ) ;
#1507 = ORIENTED_EDGE ( 'NONE', *, *, #4690, .T. ) ;
#1508 = ORIENTED_EDGE ( 'NONE', *, *, #2290, .T. ) ;
#1509 = ORIENTED_EDGE ( 'NONE', *, *, #2952, .F. ) ;
#1510 = CARTESIAN_POINT ( 'NONE',  ( 0.2000000000000000111, 0.5000000000000000000, 6.959999999999999964 ) ) ;
#1511 = VECTOR ( 'NONE', #6192, 1000.000000000000000 ) ;
#1512 = DIRECTION ( 'NONE',  ( 0.000000000000000000, 0.000000000000000000, 1.000000000000000000 ) ) ;
#1513 = DIRECTION ( 'NONE',  ( 1.000000000000000000, 0.000000000000000000, 0.000000000000000000 ) ) ;
#1514 = DIRECTION ( 'NONE',  ( 0.000000000000000000, 0.000000000000000000, -1.000000000000000000 ) ) ;
#1515 = VECTOR ( 'NONE', #987, 1000.000000000000000 ) ;
#1516 = ORIENTED_EDGE ( 'NONE', *, *, #1903, .T. ) ;
#1517 = DIRECTION ( 'NONE',  ( 0.000000000000000000, 1.000000000000000000, 0.000000000000000000 ) ) ;
#1518 = CARTESIAN_POINT ( 'NONE',  ( -1.699999999999999956, 2.399999999999999911, 5.799999999999999822 ) ) ;
#1519 = CARTESIAN_POINT ( 'NONE',  ( 0.8499999999999999778, -2.200000000000000178, -5.250000000000000000 ) ) ;
#1520 = CARTESIAN_POINT ( 'NONE',  ( 0.8000000000000000444, -2.000000000000000000, 5.500000000000000000 ) ) ;
#1521 = DIRECTION ( 'NONE',  ( 1.000000000000000000, 0.000000000000000000, 0.000000000000000000 ) ) ;
#1522 = ORIENTED_EDGE ( 'NONE', *, *, #1644, .T. ) ;
#1523 = ORIENTED_EDGE ( 'NONE', *, *, #5099, .F. ) ;
#1524 = ORIENTED_EDGE ( 'NONE', *, *, #2665, .T. ) ;
#1525 = DIRECTION ( 'NONE',  ( 0.000000000000000000, 0.000000000000000000, 1.000000000000000000 ) ) ;
#1526 = VERTEX_POINT ( 'NONE', #5458 ) ;
#1527 = CARTESIAN_POINT ( 'NONE',  ( 3.200000000000000178, 0.5000000000000000000, 6.959999999999999964 ) ) ;
#1528 = CARTESIAN_POINT ( 'NONE',  ( -2.125000000000000000, -1.899999999999999911, -1.550000000000000044 ) ) ;
#1529 = ADVANCED_FACE ( 'NONE', ( #1095 ), #5725, .T. ) ;
#1530 = DIRECTION ( 'NONE',  ( 0.1483404529308020026, 0.9889363528682139082, 0.000000000000000000 ) ) ;
#1531 = VERTEX_POINT ( 'NONE', #2722 ) ;
#1532 = ORIENTED_EDGE ( 'NONE', *, *, #1147, .T. ) ;
#1533 = DIRECTION ( 'NONE',  ( 0.000000000000000000, -1.000000000000000000, 0.000000000000000000 ) ) ;
#1534 = LINE ( 'NONE', #5426, #1949 ) ;
#1535 = DIRECTION ( 'NONE',  ( -0.3548308721223911166, 0.000000000000000000, -0.9349305066093753780 ) ) ;
#1536 = FACE_OUTER_BOUND ( 'NONE', #5131, .T. ) ;
#1537 = EDGE_CURVE ( 'NONE', #6710, #3112, #3879, .T. ) ;
#1538 = EDGE_CURVE ( 'NONE', #6648, #2119, #5645, .T. ) ;
#1539 = CARTESIAN_POINT ( 'NONE',  ( 4.100000000000000533, -4.850000000000000533, -5.799999999999999822 ) ) ;
#1540 = ORIENTED_EDGE ( 'NONE', *, *, #4869, .T. ) ;
#1541 = ORIENTED_EDGE ( 'NONE', *, *, #2485, .F. ) ;
#1542 = EDGE_CURVE ( 'NONE', #7398, #6962, #5008, .T. ) ;
#1543 = ORIENTED_EDGE ( 'NONE', *, *, #7273, .F. ) ;
#1544 = CARTESIAN_POINT ( 'NONE',  ( 0.1499999999995000055, 2.500000000000000000, -5.474999999999999645 ) ) ;
#1545 = DIRECTION ( 'NONE',  ( 0.000000000000000000, -1.223707433614000123E-13, -1.000000000000000000 ) ) ;
#1546 = DIRECTION ( 'NONE',  ( 1.000000000000000000, 0.000000000000000000, 0.000000000000000000 ) ) ;
#1547 = ADVANCED_FACE ( 'NONE', ( #4408 ), #10, .T. ) ;
#1548 = CARTESIAN_POINT ( 'NONE',  ( 0.2000000000000000111, 0.5000000000000000000, 5.928237858561000273 ) ) ;
#1549 = EDGE_CURVE ( 'NONE', #134, #6483, #1615, .T. ) ;
#1550 = EDGE_CURVE ( 'NONE', #2086, #6524, #5916, .T. ) ;
#1551 = EDGE_LOOP ( 'NONE', ( #718, #6605, #1256, #372 ) ) ;
#1552 = AXIS2_PLACEMENT_3D ( 'NONE', #2555, #7218, #1905 ) ;
#1553 = DIRECTION ( 'NONE',  ( 0.000000000000000000, 0.000000000000000000, -1.000000000000000000 ) ) ;
#1554 = CARTESIAN_POINT ( 'NONE',  ( -4.799999999999999822, -2.200000000000000178, -3.799999999999999822 ) ) ;
#1555 = DIRECTION ( 'NONE',  ( 1.000000000000000000, 0.000000000000000000, 0.000000000000000000 ) ) ;
#1556 = VECTOR ( 'NONE', #477, 1000.000000000000000 ) ;
#1557 = CARTESIAN_POINT ( 'NONE',  ( 3.600000000000000089, 0.8499999999999999778, 5.649999999999999467 ) ) ;
#1558 = VECTOR ( 'NONE', #4616, 1000.000000000000000 ) ;
#1559 = DIRECTION ( 'NONE',  ( -1.000000000000000000, 0.000000000000000000, -5.253291954862999884E-14 ) ) ;
#1560 = ORIENTED_EDGE ( 'NONE', *, *, #1363, .F. ) ;
#1561 = ORIENTED_EDGE ( 'NONE', *, *, #3175, .F. ) ;
#1562 = EDGE_LOOP ( 'NONE', ( #6186, #2430, #3365, #1066 ) ) ;
#1563 = LINE ( 'NONE', #3868, #6270 ) ;
#1564 = CIRCLE ( 'NONE', #852, 0.4999999999999995559 ) ;
#1565 = AXIS2_PLACEMENT_3D ( 'NONE', #2641, #5528, #4866 ) ;
#1566 = LINE ( 'NONE', #4512, #6006 ) ;
#1567 = FACE_OUTER_BOUND ( 'NONE', #7099, .T. ) ;
#1568 = AXIS2_PLACEMENT_3D ( 'NONE', #1163, #5192, #986 ) ;
#1569 = VECTOR ( 'NONE', #3482, 1000.000000000000000 ) ;
#1570 = EDGE_LOOP ( 'NONE', ( #414, #2603, #4132, #1273 ) ) ;
#1571 = CIRCLE ( 'NONE', #142, 0.5999999999999998668 ) ;
#1572 = APPROVAL_DATE_TIME ( #4436, #3629 ) ;
#1573 = ORIENTED_EDGE ( 'NONE', *, *, #1601, .F. ) ;
#1574 = VERTEX_POINT ( 'NONE', #2874 ) ;
#1575 = VERTEX_POINT ( 'NONE', #1023 ) ;
#1576 = VECTOR ( 'NONE', #4745, 1000.000000000000000 ) ;
#1577 = CARTESIAN_POINT ( 'NONE',  ( -0.4500000000000000111, -2.100000000000000089, 4.649999999999999467 ) ) ;
#1578 = AXIS2_PLACEMENT_3D ( 'NONE', #2617, #1433, #4418 ) ;
#1579 = DIRECTION ( 'NONE',  ( 0.000000000000000000, 0.000000000000000000, 1.000000000000000000 ) ) ;
#1580 = CARTESIAN_POINT ( 'NONE',  ( -0.4000000000000000222, -2.621259328415999956, 5.450000000000000178 ) ) ;
#1581 = DIRECTION ( 'NONE',  ( 0.000000000000000000, 0.000000000000000000, -1.000000000000000000 ) ) ;
#1582 = CARTESIAN_POINT ( 'NONE',  ( 3.337500000000000355, 0.1000000000000000056, 5.474999999999999645 ) ) ;
#1583 = VECTOR ( 'NONE', #4999, 1000.000000000000000 ) ;
#1584 = ORIENTED_EDGE ( 'NONE', *, *, #6997, .F. ) ;
#1585 = AXIS2_PLACEMENT_3D ( 'NONE', #1426, #2574, #383 ) ;
#1586 = ORIENTED_EDGE ( 'NONE', *, *, #6714, .T. ) ;
#1587 = EDGE_CURVE ( 'NONE', #7069, #1887, #1060, .T. ) ;
#1588 = ORIENTED_EDGE ( 'NONE', *, *, #3946, .F. ) ;
#1589 = CARTESIAN_POINT ( 'NONE',  ( -2.556458565330647303, -1.818541434669352030, -1.694704415421215637 ) ) ;
#1590 = EDGE_CURVE ( 'NONE', #5340, #2184, #3356, .T. ) ;
#1591 = EDGE_CURVE ( 'NONE', #3650, #367, #3320, .T. ) ;
#1592 = CARTESIAN_POINT ( 'NONE',  ( -1.699999999999999956, 2.399999999999999911, 5.799999999999999822 ) ) ;
#1593 = VECTOR ( 'NONE', #5836, 1000.000000000000000 ) ;
#1594 = LINE ( 'NONE', #3890, #3385 ) ;
#1595 = DIRECTION ( 'NONE',  ( 0.000000000000000000, -1.000000000000000000, 0.000000000000000000 ) ) ;
#1596 = VERTEX_POINT ( 'NONE', #4439 ) ;
#1597 = CARTESIAN_POINT ( 'NONE',  ( 2.600000000000000089, 2.500000000000000000, 6.949999999999999289 ) ) ;
#1598 = ADVANCED_FACE ( 'NONE', ( #535 ), #2757, .T. ) ;
#1599 = CARTESIAN_POINT ( 'NONE',  ( 0.2000000000000000111, -4.850000000000000533, 5.299999999999999822 ) ) ;
#1600 = CARTESIAN_POINT ( 'NONE',  ( 0.01991645209477999751, -2.299999999999999822, -4.073676878215000130 ) ) ;
#1601 = EDGE_CURVE ( 'NONE', #6097, #6806, #6856, .T. ) ;
#1602 = ADVANCED_FACE ( 'NONE', ( #4520 ), #3952, .F. ) ;
#1603 = FACE_OUTER_BOUND ( 'NONE', #4394, .T. ) ;
#1604 = CARTESIAN_POINT ( 'NONE',  ( 0.2000000000000000111, 2.899999999999999911, 6.949999999999999289 ) ) ;
#1605 = ORIENTED_EDGE ( 'NONE', *, *, #183, .F. ) ;
#1606 = DIRECTION ( 'NONE',  ( 0.000000000000000000, 0.000000000000000000, 1.000000000000000000 ) ) ;
#1607 = ORIENTED_EDGE ( 'NONE', *, *, #3309, .F. ) ;
#1608 = CARTESIAN_POINT ( 'NONE',  ( 5.150000000000000355, -1.699999999999999956, 0.7999999999999001243 ) ) ;
#1609 = CARTESIAN_POINT ( 'NONE',  ( -0.4000000000000000222, -2.000000000000000000, 5.500000000000000000 ) ) ;
#1610 = LINE ( 'NONE', #3943, #4350 ) ;
#1611 = ORIENTED_EDGE ( 'NONE', *, *, #2201, .F. ) ;
#1612 = VERTEX_POINT ( 'NONE', #5124 ) ;
#1613 = ORIENTED_EDGE ( 'NONE', *, *, #6026, .T. ) ;
#1614 = VERTEX_POINT ( 'NONE', #6250 ) ;
#1615 = LINE ( 'NONE', #5688, #6159 ) ;
#1616 = DIRECTION ( 'NONE',  ( -1.000000000000000000, -3.469446951953615175E-16, 0.000000000000000000 ) ) ;
#1617 = FACE_OUTER_BOUND ( 'NONE', #2528, .T. ) ;
#1618 = DIRECTION ( 'NONE',  ( 1.000000000000000000, 0.000000000000000000, 0.000000000000000000 ) ) ;
#1619 = CARTESIAN_POINT ( 'NONE',  ( -4.299999999999999822, 3.100000000000000089, 4.700000000000000178 ) ) ;
#1620 = DIRECTION ( 'NONE',  ( -1.000000000000000000, 0.000000000000000000, 0.000000000000000000 ) ) ;
#1621 = EDGE_LOOP ( 'NONE', ( #966, #711, #1192, #3494 ) ) ;
#1622 = VERTEX_POINT ( 'NONE', #2838 ) ;
#1623 = ORIENTED_EDGE ( 'NONE', *, *, #1102, .F. ) ;
#1624 = DIRECTION ( 'NONE',  ( 0.000000000000000000, 0.000000000000000000, -1.000000000000000000 ) ) ;
#1625 = LINE ( 'NONE', #1592, #7257 ) ;
#1626 = AXIS2_PLACEMENT_3D ( 'NONE', #858, #7222, #6693 ) ;
#1627 = CARTESIAN_POINT ( 'NONE',  ( 4.825000000000000178, -4.850000000000000533, 1.949999999999999956 ) ) ;
#1628 = DIRECTION ( 'NONE',  ( 0.000000000000000000, 0.000000000000000000, -1.000000000000000000 ) ) ;
#1629 = ADVANCED_FACE ( 'NONE', ( #2262 ), #4558, .F. ) ;
#1630 = ORIENTED_EDGE ( 'NONE', *, *, #2155, .F. ) ;
#1631 = AXIS2_PLACEMENT_3D ( 'NONE', #3708, #6001, #2622 ) ;
#1632 = DIRECTION ( 'NONE',  ( 1.000000000000000000, 0.000000000000000000, 0.000000000000000000 ) ) ;
#1633 = LINE ( 'NONE', #1119, #2810 ) ;
#1634 = CARTESIAN_POINT ( 'NONE',  ( 4.575000000000000178, -1.800000000000000044, 2.250000000000000000 ) ) ;
#1635 = ADVANCED_FACE ( 'NONE', ( #7347 ), #6134, .F. ) ;
#1636 = CARTESIAN_POINT ( 'NONE',  ( -0.5499999999069000722, -2.200000000000000178, -4.950000000000000178 ) ) ;
#1637 = AXIS2_PLACEMENT_3D ( 'NONE', #3141, #1430, #6036 ) ;
#1638 = DIRECTION ( 'NONE',  ( 0.000000000000000000, 1.000000000000000000, 0.000000000000000000 ) ) ;
#1639 = ORIENTED_EDGE ( 'NONE', *, *, #5036, .F. ) ;
#1640 = EDGE_CURVE ( 'NONE', #1843, #6771, #2314, .T. ) ;
#1641 = EDGE_CURVE ( 'NONE', #3468, #2468, #3399, .T. ) ;
#1642 = FACE_OUTER_BOUND ( 'NONE', #3114, .T. ) ;
#1643 = ORIENTED_EDGE ( 'NONE', *, *, #7372, .T. ) ;
#1644 = EDGE_CURVE ( 'NONE', #6081, #2298, #41, .T. ) ;
#1645 = CARTESIAN_POINT ( 'NONE',  ( -5.750000000000000000, -2.500000000000000000, 6.949999999999999289 ) ) ;
#1646 = VECTOR ( 'NONE', #2527, 1000.000000000000000 ) ;
#1647 = EDGE_CURVE ( 'NONE', #5677, #2363, #609, .T. ) ;
#1648 = LINE ( 'NONE', #2748, #4089 ) ;
#1649 = DIRECTION ( 'NONE',  ( -0.7276068751091748776, -0.4850712500723838860, -0.4850712500726839238 ) ) ;
#1650 = ORIENTED_EDGE ( 'NONE', *, *, #4183, .F. ) ;
#1651 = DIRECTION ( 'NONE',  ( 0.000000000000000000, -1.000000000000000000, 0.000000000000000000 ) ) ;
#1652 = ORIENTED_EDGE ( 'NONE', *, *, #872, .T. ) ;
#1653 = EDGE_LOOP ( 'NONE', ( #6636, #3088, #1954, #7305 ) ) ;
#1654 = EDGE_CURVE ( 'NONE', #5946, #6622, #2911, .T. ) ;
#1655 = ORIENTED_EDGE ( 'NONE', *, *, #2201, .T. ) ;
#1656 = DIRECTION ( 'NONE',  ( -0.7071067811865474617, 0.7071067811865474617, 0.000000000000000000 ) ) ;
#1657 = LINE ( 'NONE', #3995, #1112 ) ;
#1658 = FACE_OUTER_BOUND ( 'NONE', #5215, .T. ) ;
#1659 = CARTESIAN_POINT ( 'NONE',  ( -2.125000000000000000, -1.899999999999999911, -1.550000000000000044 ) ) ;
#1660 = DIRECTION ( 'NONE',  ( 0.000000000000000000, 0.000000000000000000, -1.000000000000000000 ) ) ;
#1661 = ORIENTED_EDGE ( 'NONE', *, *, #5496, .T. ) ;
#1662 = ORIENTED_EDGE ( 'NONE', *, *, #409, .T. ) ;
#1663 = VERTEX_POINT ( 'NONE', #6414 ) ;
#1664 = DIRECTION ( 'NONE',  ( 0.000000000000000000, -1.000000000000000000, 0.000000000000000000 ) ) ;
#1665 = CARTESIAN_POINT ( 'NONE',  ( -5.349999999999999645, 2.399999999999999911, 2.850000000000000089 ) ) ;
#1666 = PLANE ( 'NONE',  #6872 ) ;
#1667 = CARTESIAN_POINT ( 'NONE',  ( -0.1325208861381000081, -2.299999999999999822, -3.850000000000000089 ) ) ;
#1668 = ORIENTED_EDGE ( 'NONE', *, *, #4084, .T. ) ;
#1669 = FACE_OUTER_BOUND ( 'NONE', #6845, .T. ) ;
#1670 = DIRECTION ( 'NONE',  ( 0.000000000000000000, -1.000000000000000000, 0.000000000000000000 ) ) ;
#1671 = LINE ( 'NONE', #6838, #6730 ) ;
#1672 = DIRECTION ( 'NONE',  ( 0.000000000000000000, -1.000000000000000000, 0.000000000000000000 ) ) ;
#1673 = FACE_OUTER_BOUND ( 'NONE', #1476, .T. ) ;
#1674 = ORIENTED_EDGE ( 'NONE', *, *, #5643, .F. ) ;
#1675 = DIRECTION ( 'NONE',  ( 1.000000000000000000, 0.000000000000000000, 0.000000000000000000 ) ) ;
#1676 = EDGE_LOOP ( 'NONE', ( #6170, #4756, #53, #3657 ) ) ;
#1677 = EDGE_CURVE ( 'NONE', #6807, #1612, #5267, .T. ) ;
#1678 = CARTESIAN_POINT ( 'NONE',  ( -4.799999999999999822, -3.350000000000000089, -3.750000000000000000 ) ) ;
#1679 = CIRCLE ( 'NONE', #4711, 1.299999999999999822 ) ;
#1680 = AXIS2_PLACEMENT_3D ( 'NONE', #7303, #484, #7422 ) ;
#1681 = EDGE_CURVE ( 'NONE', #2494, #1728, #2299, .T. ) ;
#1682 = DIRECTION ( 'NONE',  ( -1.000000000000000000, 0.000000000000000000, 0.000000000000000000 ) ) ;
#1683 = CARTESIAN_POINT ( 'NONE',  ( 5.150000000000000355, -1.699999999999999956, 2.500000000000000000 ) ) ;
#1684 = ORIENTED_EDGE ( 'NONE', *, *, #6851, .F. ) ;
#1685 = DATE_AND_TIME ( #4628, #1741 ) ;
#1686 = ORIENTED_EDGE ( 'NONE', *, *, #2647, .T. ) ;
#1687 = AXIS2_PLACEMENT_3D ( 'NONE', #4285, #3116, #2592 ) ;
#1688 = ORIENTED_EDGE ( 'NONE', *, *, #7034, .F. ) ;
#1689 = ORIENTED_EDGE ( 'NONE', *, *, #2580, .F. ) ;
#1690 = CARTESIAN_POINT ( 'NONE',  ( -2.475000000000000089, -2.500000000000000000, -2.050000000000000266 ) ) ;
#1691 = ADVANCED_FACE ( 'NONE', ( #2375 ), #4844, .F. ) ;
#1692 = CARTESIAN_POINT ( 'NONE',  ( 0.07736768238236708950, -2.200000000000000178, -4.249860751628204980 ) ) ;
#1693 = VECTOR ( 'NONE', #2505, 1000.000000000000000 ) ;
#1694 = AXIS2_PLACEMENT_3D ( 'NONE', #1300, #7149, #4766 ) ;
#1695 = CARTESIAN_POINT ( 'NONE',  ( -4.800000000000000711, 2.500000000000000000, 5.549999999999999822 ) ) ;
#1696 = CARTESIAN_POINT ( 'NONE',  ( 0.2000000000000000111, 0.5000000000000000000, 10.14999999999999858 ) ) ;
#1697 = VECTOR ( 'NONE', #7396, 1000.000000000000000 ) ;
#1698 = EDGE_CURVE ( 'NONE', #3134, #1720, #2685, .T. ) ;
#1699 = EDGE_CURVE ( 'NONE', #7081, #2604, #1118, .T. ) ;
#1700 = CARTESIAN_POINT ( 'NONE',  ( -4.658590997241000231, -4.850000000000000533, -3.149999999999999911 ) ) ;
#1701 = EDGE_LOOP ( 'NONE', ( #1091, #4571, #1416 ) ) ;
#1702 = ORIENTED_EDGE ( 'NONE', *, *, #4407, .F. ) ;
#1703 = CIRCLE ( 'NONE', #4969, 0.8500000000000000888 ) ;
#1704 = VECTOR ( 'NONE', #5282, 1000.000000000000000 ) ;
#1705 = VECTOR ( 'NONE', #1460, 1000.000000000000000 ) ;
#1706 = DIRECTION ( 'NONE',  ( 1.000000000000000000, 0.000000000000000000, 0.000000000000000000 ) ) ;
#1707 = LINE ( 'NONE', #4005, #2933 ) ;
#1708 = VECTOR ( 'NONE', #537, 1000.000000000000000 ) ;
#1709 = VECTOR ( 'NONE', #1656, 1000.000000000000114 ) ;
#1710 = CARTESIAN_POINT ( 'NONE',  ( 2.339999999999999858, 0.5000000000000000000, 5.500000000000000000 ) ) ;
#1711 = CARTESIAN_POINT ( 'NONE',  ( -5.250000000000000000, -1.699999999999999956, -2.500000000000000000 ) ) ;
#1712 = EDGE_LOOP ( 'NONE', ( #5715, #4256, #7139, #1010 ) ) ;
#1713 = CYLINDRICAL_SURFACE ( 'NONE', #3858, 0.5000000000000004441 ) ;
#1714 = AXIS2_PLACEMENT_3D ( 'NONE', #5820, #3000, #3037 ) ;
#1715 = CARTESIAN_POINT ( 'NONE',  ( -0.3133008409292000196, -2.299999999999999822, -4.950000000000000178 ) ) ;
#1716 = DIRECTION ( 'NONE',  ( 1.000000000000000000, 0.000000000000000000, 0.000000000000000000 ) ) ;
#1717 = CARTESIAN_POINT ( 'NONE',  ( -1.899999999999999911, -1.800000000000000044, 5.799999999999999822 ) ) ;
#1718 = DIRECTION ( 'NONE',  ( 1.000000000000000000, 0.000000000000000000, 0.000000000000000000 ) ) ;
#1719 = AXIS2_PLACEMENT_3D ( 'NONE', #5135, #2347, #2848 ) ;
#1720 = VERTEX_POINT ( 'NONE', #54 ) ;
#1721 = DIRECTION ( 'NONE',  ( 1.000000000000000000, 0.000000000000000000, 0.000000000000000000 ) ) ;
#1722 = ORIENTED_EDGE ( 'NONE', *, *, #6203, .T. ) ;
#1723 = DIRECTION ( 'NONE',  ( 0.000000000000000000, 0.000000000000000000, -1.000000000000000000 ) ) ;
#1724 = CYLINDRICAL_SURFACE ( 'NONE', #4691, 0.2999999999999999334 ) ;
#1725 = DIRECTION ( 'NONE',  ( 1.000000000000000000, 0.000000000000000000, 0.000000000000000000 ) ) ;
#1726 = VERTEX_POINT ( 'NONE', #4067 ) ;
#1727 = PERSON_AND_ORGANIZATION ( #3699, #5709 ) ;
#1728 = VERTEX_POINT ( 'NONE', #122 ) ;
#1729 = ORIENTED_EDGE ( 'NONE', *, *, #1730, .F. ) ;
#1730 = EDGE_CURVE ( 'NONE', #6064, #7013, #1770, .T. ) ;
#1731 = VERTEX_POINT ( 'NONE', #4108 ) ;
#1732 = FACE_OUTER_BOUND ( 'NONE', #6525, .T. ) ;
#1733 = LINE ( 'NONE', #2300, #5674 ) ;
#1734 = DIRECTION ( 'NONE',  ( 0.000000000000000000, 1.000000000000000000, 0.000000000000000000 ) ) ;
#1735 = DIRECTION ( 'NONE',  ( 0.000000000000000000, 0.000000000000000000, 1.000000000000000000 ) ) ;
#1736 = AXIS2_PLACEMENT_3D ( 'NONE', #3795, #3830, #6096 ) ;
#1737 = CARTESIAN_POINT ( 'NONE',  ( 3.600000000000000089, -0.5000000000000000000, 5.500000000000000000 ) ) ;
#1738 = ORIENTED_EDGE ( 'NONE', *, *, #4269, .T. ) ;
#1739 = ORIENTED_EDGE ( 'NONE', *, *, #4869, .F. ) ;
#1740 = EDGE_CURVE ( 'NONE', #5685, #4667, #5762, .T. ) ;
#1741 = LOCAL_TIME ( 19, 12, 47.00000000000000000, #5228 ) ;
#1742 = ADVANCED_FACE ( 'NONE', ( #4744 ), #2410, .F. ) ;
#1743 = CARTESIAN_POINT ( 'NONE',  ( -2.600000000000000089, -1.699999999999999956, -1.456350832689996100 ) ) ;
#1744 = EDGE_CURVE ( 'NONE', #564, #6015, #5907, .T. ) ;
#1745 = DIRECTION ( 'NONE',  ( -0.000000000000000000, 0.7071067811865475727, 0.7071067811865475727 ) ) ;
#1746 = CARTESIAN_POINT ( 'NONE',  ( 5.750000000000000000, 3.500000000000000000, -6.949999999999999289 ) ) ;
#1747 = CARTESIAN_POINT ( 'NONE',  ( -0.1700556982309684995, -2.299999999999999822, -4.532520887256310083 ) ) ;
#1748 = ORIENTED_EDGE ( 'NONE', *, *, #3837, .T. ) ;
#1749 = CLOSED_SHELL ( 'NONE', ( #6582, #4917, #1314, #4774, #509, #6666, #5840, #282 ) ) ;
#1750 = DIRECTION ( 'NONE',  ( 0.000000000000000000, 1.000000000000000000, 0.000000000000000000 ) ) ;
#1751 = LINE ( 'NONE', #6877, #2566 ) ;
#1752 = LINE ( 'NONE', #2888, #2536 ) ;
#1753 = CARTESIAN_POINT ( 'NONE',  ( 4.500000000000000000, 3.100000000000000089, 5.549999999999999822 ) ) ;
#1754 = FACE_OUTER_BOUND ( 'NONE', #3314, .T. ) ;
#1755 = VERTEX_POINT ( 'NONE', #5234 ) ;
#1756 = VECTOR ( 'NONE', #3158, 1000.000000000000000 ) ;
#1757 = CARTESIAN_POINT ( 'NONE',  ( 3.625000000000000000, 2.299999999999999822, 5.825000000000000178 ) ) ;
#1758 = ORIENTED_EDGE ( 'NONE', *, *, #5876, .T. ) ;
#1759 = FACE_OUTER_BOUND ( 'NONE', #3719, .T. ) ;
#1760 = AXIS2_PLACEMENT_3D ( 'NONE', #3043, #3485, #4689 ) ;
#1761 = FACE_OUTER_BOUND ( 'NONE', #3913, .T. ) ;
#1762 = LINE ( 'NONE', #4060, #250 ) ;
#1763 = DIRECTION ( 'NONE',  ( -0.000000000000000000, 1.000000000000000000, 0.000000000000000000 ) ) ;
#1764 = ORIENTED_EDGE ( 'NONE', *, *, #221, .F. ) ;
#1765 = APPROVAL_DATE_TIME ( #1685, #7087 ) ;
#1766 = EDGE_LOOP ( 'NONE', ( #841, #4461, #5077, #2024 ) ) ;
#1767 = ORIENTED_EDGE ( 'NONE', *, *, #1931, .F. ) ;
#1768 = VECTOR ( 'NONE', #540, 1000.000000000000114 ) ;
#1769 = ORIENTED_EDGE ( 'NONE', *, *, #448, .T. ) ;
#1770 = LINE ( 'NONE', #161, #2200 ) ;
#1771 = CARTESIAN_POINT ( 'NONE',  ( 4.840557876839999274, -1.800000000000000044, 0.9000000000000000222 ) ) ;
#1772 = CARTESIAN_POINT ( 'NONE',  ( -4.924999999999999822, -4.899999999999999467, -3.149999999999999911 ) ) ;
#1773 = DIRECTION ( 'NONE',  ( 0.000000000000000000, 0.000000000000000000, 1.000000000000000000 ) ) ;
#1774 = ORIENTED_EDGE ( 'NONE', *, *, #2755, .F. ) ;
#1775 = EDGE_LOOP ( 'NONE', ( #3755, #335, #3480 ) ) ;
#1776 = DIRECTION ( 'NONE',  ( 0.9349305066094086847, 0.000000000000000000, -0.3548308721223034090 ) ) ;
#1777 = LINE ( 'NONE', #3065, #3759 ) ;
#1778 = EDGE_CURVE ( 'NONE', #2852, #939, #6530, .T. ) ;
#1779 = ADVANCED_FACE ( 'NONE', ( #1732 ), #4029, .T. ) ;
#1780 = DIRECTION ( 'NONE',  ( 0.000000000000000000, 0.000000000000000000, 1.000000000000000000 ) ) ;
#1781 = DIRECTION ( 'NONE',  ( 0.000000000000000000, 0.000000000000000000, -1.000000000000000000 ) ) ;
#1782 = ORIENTED_EDGE ( 'NONE', *, *, #6890, .F. ) ;
#1783 = CARTESIAN_POINT ( 'NONE',  ( 5.025000000000000355, 2.649999999999999911, 5.549999999999999822 ) ) ;
#1784 = DIRECTION ( 'NONE',  ( 1.000000000000000000, 0.000000000000000000, 0.000000000000000000 ) ) ;
#1785 = ADVANCED_FACE ( 'NONE', ( #3506, #5805 ), #88, .T. ) ;
#1786 = CARTESIAN_POINT ( 'NONE',  ( -3.225000000000000089, 2.299999999999999822, 5.825000000000000178 ) ) ;
#1787 = ADVANCED_FACE ( 'NONE', ( #6118, #4257, #3896, #2520 ), #4463, .T. ) ;
#1788 = FACE_OUTER_BOUND ( 'NONE', #2409, .T. ) ;
#1789 = ADVANCED_FACE ( 'NONE', ( #5025 ), #1387, .T. ) ;
#1790 = ORIENTED_EDGE ( 'NONE', *, *, #5013, .F. ) ;
#1791 = CARTESIAN_POINT ( 'NONE',  ( -1.800000000000000044, 2.500000000000000000, 4.750000000000000000 ) ) ;
#1792 = ORIENTED_EDGE ( 'NONE', *, *, #1923, .F. ) ;
#1793 = CARTESIAN_POINT ( 'NONE',  ( 0.2000000000000000111, 0.5000000000000000000, 4.924999999999999822 ) ) ;
#1794 = ORIENTED_EDGE ( 'NONE', *, *, #7308, .T. ) ;
#1795 = PLANE ( 'NONE',  #2776 ) ;
#1796 = FACE_OUTER_BOUND ( 'NONE', #4563, .T. ) ;
#1797 = LINE ( 'NONE', #6472, #4758 ) ;
#1798 = ORIENTED_EDGE ( 'NONE', *, *, #2447, .T. ) ;
#1799 = ORIENTED_EDGE ( 'NONE', *, *, #5798, .F. ) ;
#1800 = ORIENTED_EDGE ( 'NONE', *, *, #4318, .F. ) ;
#1801 = CIRCLE ( 'NONE', #5402, 0.8999999999999998002 ) ;
#1802 = VERTEX_POINT ( 'NONE', #960 ) ;
#1803 = DIRECTION ( 'NONE',  ( 0.000000000000000000, 0.000000000000000000, 1.000000000000000000 ) ) ;
#1804 =( BOUNDED_CURVE ( )  B_SPLINE_CURVE ( 3, ( #4493, #5019, #1589, #3888 ),
 .UNSPECIFIED., .F., .F. ) 
 B_SPLINE_CURVE_WITH_KNOTS ( ( 4, 4 ),
 ( 3.141592653589823758, 3.864326901403208669 ),
 .UNSPECIFIED. ) 
 CURVE ( )  GEOMETRIC_REPRESENTATION_ITEM ( )  RATIONAL_B_SPLINE_CURVE ( ( 1.000000000000000000, 0.9569428977956604410, 0.9569428977956604410, 1.000000000000000000 ) ) 
 REPRESENTATION_ITEM ( '' )  );
#1805 = LINE ( 'NONE', #1353, #1344 ) ;
#1806 = DIRECTION ( 'NONE',  ( 0.000000000000000000, 1.000000000000000000, 7.522507371712999343E-14 ) ) ;
#1807 = VECTOR ( 'NONE', #5977, 1000.000000000000000 ) ;
#1808 = VECTOR ( 'NONE', #5956, 1000.000000000000000 ) ;
#1809 = CYLINDRICAL_SURFACE ( 'NONE', #4892, 2.399999999999999911 ) ;
#1810 = VERTEX_POINT ( 'NONE', #6557 ) ;
#1811 = ORIENTED_EDGE ( 'NONE', *, *, #2937, .F. ) ;
#1812 = AXIS2_PLACEMENT_3D ( 'NONE', #2315, #5276, #1291 ) ;
#1813 = AXIS2_PLACEMENT_3D ( 'NONE', #778, #215, #2508 ) ;
#1814 = AXIS2_PLACEMENT_3D ( 'NONE', #6614, #6049, #6655 ) ;
#1815 = VECTOR ( 'NONE', #7432, 1000.000000000000000 ) ;
#1816 = DIRECTION ( 'NONE',  ( 1.000000000000000000, 0.000000000000000000, 0.000000000000000000 ) ) ;
#1817 = CARTESIAN_POINT ( 'NONE',  ( 3.725000000000000089, 2.399999999999999911, 5.649999999999999467 ) ) ;
#1818 = DIRECTION ( 'NONE',  ( 0.7071067811852975726, 0.7071067811877974618, 0.000000000000000000 ) ) ;
#1819 = EDGE_CURVE ( 'NONE', #7173, #5722, #3300, .T. ) ;
#1820 = AXIS2_PLACEMENT_3D ( 'NONE', #3292, #1664, #7321 ) ;
#1821 = VECTOR ( 'NONE', #2568, 1000.000000000000000 ) ;
#1822 = VERTEX_POINT ( 'NONE', #6196 ) ;
#1823 = EDGE_CURVE ( 'NONE', #1065, #6226, #3259, .T. ) ;
#1824 = PLANE ( 'NONE',  #3154 ) ;
#1825 = CARTESIAN_POINT ( 'NONE',  ( -2.449999999999999734, -1.699999999999999956, -0.8118033988749889795 ) ) ;
#1826 = CIRCLE ( 'NONE', #3038, 0.2999999999999999334 ) ;
#1827 = AXIS2_PLACEMENT_3D ( 'NONE', #3658, #909, #4932 ) ;
#1828 = CARTESIAN_POINT ( 'NONE',  ( -2.149999999999999911, -1.699999999999999956, -0.8118033988749889795 ) ) ;
#1829 = DIRECTION ( 'NONE',  ( -0.000000000000000000, 1.000000000000000000, 0.000000000000000000 ) ) ;
#1830 = VECTOR ( 'NONE', #373, 1000.000000000000000 ) ;
#1831 = CARTESIAN_POINT ( 'NONE',  ( 4.700000000000000178, -4.850000000000000533, -6.100000000000000533 ) ) ;
#1832 = CIRCLE ( 'NONE', #4482, 0.5000000000000004441 ) ;
#1833 = ORIENTED_EDGE ( 'NONE', *, *, #1093, .T. ) ;
#1834 = EDGE_CURVE ( 'NONE', #6946, #1574, #46, .T. ) ;
#1835 = CARTESIAN_POINT ( 'NONE',  ( -2.877762515837999580, -1.500000000000000000, 5.799999999999999822 ) ) ;
#1836 = EDGE_CURVE ( 'NONE', #2873, #3054, #5680, .T. ) ;
#1837 = EDGE_CURVE ( 'NONE', #6367, #6483, #2739, .T. ) ;
#1838 = VERTEX_POINT ( 'NONE', #3125 ) ;
#1839 = CYLINDRICAL_SURFACE ( 'NONE', #5891, 0.2000000000000000944 ) ;
#1840 = VECTOR ( 'NONE', #2856, 1000.000000000000000 ) ;
#1841 = DIRECTION ( 'NONE',  ( 0.000000000000000000, 0.000000000000000000, 1.000000000000000000 ) ) ;
#1842 = CARTESIAN_POINT ( 'NONE',  ( -0.4500000000000000111, -2.500000000000000000, 5.825000000000000178 ) ) ;
#1843 = VERTEX_POINT ( 'NONE', #1914 ) ;
#1844 = PERSON_AND_ORGANIZATION ( #3699, #5709 ) ;
#1845 = EDGE_LOOP ( 'NONE', ( #2196, #7098, #2120, #3212 ) ) ;
#1846 = ORIENTED_EDGE ( 'NONE', *, *, #2390, .F. ) ;
#1847 = ORIENTED_EDGE ( 'NONE', *, *, #463, .T. ) ;
#1848 = DIRECTION ( 'NONE',  ( -1.000000000000000000, 0.000000000000000000, 0.000000000000000000 ) ) ;
#1849 = PLANE ( 'NONE',  #5431 ) ;
#1850 = CARTESIAN_POINT ( 'NONE',  ( -4.675000000000000711, -1.699999999999999956, -3.788196601125009888 ) ) ;
#1851 = CARTESIAN_POINT ( 'NONE',  ( 4.100000000000000533, -1.699999999999999956, -5.575000000000000178 ) ) ;
#1852 = ORIENTED_EDGE ( 'NONE', *, *, #220, .T. ) ;
#1853 = ORIENTED_EDGE ( 'NONE', *, *, #6521, .F. ) ;
#1854 = CARTESIAN_POINT ( 'NONE',  ( -5.349999999999999645, 2.500000000000000000, 0.000000000000000000 ) ) ;
#1855 = PLANE ( 'NONE',  #5566 ) ;
#1856 = DIRECTION ( 'NONE',  ( -1.000000000000000000, 0.000000000000000000, 0.000000000000000000 ) ) ;
#1857 = DIRECTION ( 'NONE',  ( 0.3357454869805088782, 0.000000000000000000, -0.9419527418996247459 ) ) ;
#1858 = ORIENTED_EDGE ( 'NONE', *, *, #3810, .F. ) ;
#1859 = CARTESIAN_POINT ( 'NONE',  ( -2.649999999999999911, 2.500000000000000000, 4.850000000000000533 ) ) ;
#1860 = CARTESIAN_POINT ( 'NONE',  ( 2.790000000000000036, -1.499998983692999888, -5.799999999999999822 ) ) ;
#1861 = DIRECTION ( 'NONE',  ( 0.000000000000000000, 0.7751788502520129409, -0.6317418381918100678 ) ) ;
#1862 = CARTESIAN_POINT ( 'NONE',  ( 4.500000000000000000, 3.077185478309000022, 4.700000000000000178 ) ) ;
#1863 = DIRECTION ( 'NONE',  ( -1.000000000000000000, 0.000000000000000000, 0.000000000000000000 ) ) ;
#1864 = ORIENTED_EDGE ( 'NONE', *, *, #4535, .F. ) ;
#1865 = LINE ( 'NONE', #5290, #377 ) ;
#1866 = ORIENTED_EDGE ( 'NONE', *, *, #232, .T. ) ;
#1867 = DIRECTION ( 'NONE',  ( 0.000000000000000000, 1.000000000000000000, 0.000000000000000000 ) ) ;
#1868 = CARTESIAN_POINT ( 'NONE',  ( 5.349999999999999645, 2.500000000000000000, -5.474999999999999645 ) ) ;
#1869 = CIRCLE ( 'NONE', #200, 0.8999999999999998002 ) ;
#1870 = ADVANCED_FACE ( 'NONE', ( #5378 ), #3337, .F. ) ;
#1871 = ADVANCED_FACE ( 'NONE', ( #4815 ), #2128, .T. ) ;
#1872 = FACE_OUTER_BOUND ( 'NONE', #6937, .T. ) ;
#1873 = ORIENTED_EDGE ( 'NONE', *, *, #3667, .T. ) ;
#1874 = EDGE_CURVE ( 'NONE', #2032, #5339, #437, .T. ) ;
#1875 = ORIENTED_EDGE ( 'NONE', *, *, #2205, .T. ) ;
#1876 = ORIENTED_EDGE ( 'NONE', *, *, #4823, .T. ) ;
#1877 = EDGE_CURVE ( 'NONE', #2728, #5447, #1956, .T. ) ;
#1878 = ORIENTED_EDGE ( 'NONE', *, *, #6522, .T. ) ;
#1879 = CIRCLE ( 'NONE', #566, 1.800000000000000044 ) ;
#1880 = CARTESIAN_POINT ( 'NONE',  ( -2.649999999999999911, -1.699999999999999956, 4.649999999999999467 ) ) ;
#1881 = CARTESIAN_POINT ( 'NONE',  ( -3.349999999999810019, 2.500000000000000000, 4.675000000000000711 ) ) ;
#1882 = DIRECTION ( 'NONE',  ( 1.000000000000000000, 0.000000000000000000, 0.000000000000000000 ) ) ;
#1883 = AXIS2_PLACEMENT_3D ( 'NONE', #716, #1139, #1249 ) ;
#1884 = EDGE_CURVE ( 'NONE', #5121, #4398, #4211, .T. ) ;
#1885 = CARTESIAN_POINT ( 'NONE',  ( 3.399999999999999911, 2.399999999999999911, 5.799999999999999822 ) ) ;
#1886 = EDGE_CURVE ( 'NONE', #6635, #6771, #3652, .T. ) ;
#1887 = VERTEX_POINT ( 'NONE', #1992 ) ;
#1888 = ORIENTED_EDGE ( 'NONE', *, *, #2279, .F. ) ;
#1889 = CARTESIAN_POINT ( 'NONE',  ( 5.200000000000000178, 0.4000000000000000222, -1.550000000000000044 ) ) ;
#1890 = CARTESIAN_POINT ( 'NONE',  ( 0.2000000000000000111, -4.060628647901000754, 5.000000000000000000 ) ) ;
#1891 = CARTESIAN_POINT ( 'NONE',  ( -2.475000000000000089, -2.402000000000000135, -1.112930253426925864 ) ) ;
#1892 = CARTESIAN_POINT ( 'NONE',  ( -4.675000000000000711, -4.899999999999999467, -3.750000000000000000 ) ) ;
#1893 = FACE_OUTER_BOUND ( 'NONE', #3865, .T. ) ;
#1894 = ORIENTED_EDGE ( 'NONE', *, *, #5508, .T. ) ;
#1895 = DIRECTION ( 'NONE',  ( 0.000000000000000000, 0.000000000000000000, -1.000000000000000000 ) ) ;
#1896 = LINE ( 'NONE', #4195, #1467 ) ;
#1897 = LINE ( 'NONE', #3671, #5291 ) ;
#1898 = CARTESIAN_POINT ( 'NONE',  ( -4.649999999999999467, -2.500000000000000000, -3.799999999999999822 ) ) ;
#1899 = ORIENTED_EDGE ( 'NONE', *, *, #4042, .T. ) ;
#1900 = DIRECTION ( 'NONE',  ( -1.465494392505000267E-14, 2.819966482547999849E-14, 1.000000000000000000 ) ) ;
#1901 = ORIENTED_EDGE ( 'NONE', *, *, #5747, .F. ) ;
#1902 = LINE ( 'NONE', #704, #7235 ) ;
#1903 = EDGE_CURVE ( 'NONE', #1663, #3054, #6593, .T. ) ;
#1904 = ORIENTED_EDGE ( 'NONE', *, *, #7369, .F. ) ;
#1905 = DIRECTION ( 'NONE',  ( 0.000000000000000000, 0.000000000000000000, -1.000000000000000000 ) ) ;
#1906 = DIRECTION ( 'NONE',  ( 0.000000000000000000, 1.000000000000000000, 0.000000000000000000 ) ) ;
#1907 = CARTESIAN_POINT ( 'NONE',  ( -3.799999999999999822, 3.100000000000000089, 5.549999999999999822 ) ) ;
#1908 = ORIENTED_EDGE ( 'NONE', *, *, #4007, .T. ) ;
#1909 = EDGE_CURVE ( 'NONE', #2032, #6240, #5551, .T. ) ;
#1910 = ORIENTED_EDGE ( 'NONE', *, *, #2896, .T. ) ;
#1911 = ORIENTED_EDGE ( 'NONE', *, *, #361, .F. ) ;
#1912 = ORIENTED_EDGE ( 'NONE', *, *, #5376, .T. ) ;
#1913 = EDGE_CURVE ( 'NONE', #6301, #2182, #4424, .T. ) ;
#1914 = CARTESIAN_POINT ( 'NONE',  ( 4.825000000000000178, -4.899999999999999467, 1.050000000000000044 ) ) ;
#1915 = CARTESIAN_POINT ( 'NONE',  ( 5.200000000000000178, 2.399999999999999911, -4.975000000000000533 ) ) ;
#1916 = DIRECTION ( 'NONE',  ( 0.000000000000000000, -1.000000000000000000, 0.000000000000000000 ) ) ;
#1917 = CARTESIAN_POINT ( 'NONE',  ( -2.125000000000000000, -1.699999999999999956, -0.7750000000000000222 ) ) ;
#1918 = ORIENTED_EDGE ( 'NONE', *, *, #1969, .T. ) ;
#1919 = ORIENTED_EDGE ( 'NONE', *, *, #1371, .F. ) ;
#1920 = EDGE_CURVE ( 'NONE', #5006, #7190, #2209, .T. ) ;
#1921 = CARTESIAN_POINT ( 'NONE',  ( 0.4500000000000999867, 2.200000000000430500, -6.125000000000000000 ) ) ;
#1922 = DIRECTION ( 'NONE',  ( 0.000000000000000000, 1.000000000000000000, 0.000000000000000000 ) ) ;
#1923 = EDGE_CURVE ( 'NONE', #3614, #3878, #1751, .T. ) ;
#1924 = EDGE_CURVE ( 'NONE', #6055, #4809, #4013, .T. ) ;
#1925 = VECTOR ( 'NONE', #4842, 1000.000000000000000 ) ;
#1926 = FACE_OUTER_BOUND ( 'NONE', #3582, .T. ) ;
#1927 = VECTOR ( 'NONE', #3600, 1000.000000000000000 ) ;
#1928 = CYLINDRICAL_SURFACE ( 'NONE', #262, 0.5999999999999998668 ) ;
#1929 = CARTESIAN_POINT ( 'NONE',  ( -4.658590997241000231, -4.899999999999999467, -3.149999999999999911 ) ) ;
#1930 = ORIENTED_EDGE ( 'NONE', *, *, #7213, .F. ) ;
#1931 = EDGE_CURVE ( 'NONE', #5037, #2799, #3375, .T. ) ;
#1932 = VECTOR ( 'NONE', #3773, 1000.000000000000000 ) ;
#1933 = EDGE_LOOP ( 'NONE', ( #4036, #6817, #2216, #4912, #5800, #3076 ) ) ;
#1934 = AXIS2_PLACEMENT_3D ( 'NONE', #1580, #837, #3138 ) ;
#1935 = DIRECTION ( 'NONE',  ( 0.000000000000000000, -1.000000000000000000, 1.069514847055000034E-13 ) ) ;
#1936 = FACE_OUTER_BOUND ( 'NONE', #646, .T. ) ;
#1937 = CIRCLE ( 'NONE', #1218, 0.5249999999999999112 ) ;
#1938 = VECTOR ( 'NONE', #2738, 1000.000000000000227 ) ;
#1939 = CARTESIAN_POINT ( 'NONE',  ( 0.07736768238237999584, -2.200000000000000178, -4.249860751627999811 ) ) ;
#1940 = VECTOR ( 'NONE', #2984, 1000.000000000000000 ) ;
#1941 = DIRECTION ( 'NONE',  ( 5.477100254817000116E-14, -1.000000000000000000, 0.000000000000000000 ) ) ;
#1942 = FACE_OUTER_BOUND ( 'NONE', #6501, .T. ) ;
#1943 = ORIENTED_EDGE ( 'NONE', *, *, #4679, .T. ) ;
#1944 = CARTESIAN_POINT ( 'NONE',  ( 4.999999999999999112, 3.100000000000000089, 5.549999999999999822 ) ) ;
#1945 = AXIS2_PLACEMENT_3D ( 'NONE', #5391, #2041, #395 ) ;
#1946 = VERTEX_POINT ( 'NONE', #1715 ) ;
#1947 = DIRECTION ( 'NONE',  ( 1.000000000000000000, 0.000000000000000000, 0.000000000000000000 ) ) ;
#1948 = DIRECTION ( 'NONE',  ( 0.000000000000000000, 0.000000000000000000, 1.000000000000000000 ) ) ;
#1949 = VECTOR ( 'NONE', #3240, 1000.000000000000000 ) ;
#1950 = CARTESIAN_POINT ( 'NONE',  ( 5.200000000000000178, 2.350000000000000089, -5.625000000000000000 ) ) ;
#1951 = VECTOR ( 'NONE', #6029, 1000.000000000000000 ) ;
#1952 = VERTEX_POINT ( 'NONE', #555 ) ;
#1953 = EDGE_LOOP ( 'NONE', ( #4731, #226 ) ) ;
#1954 = ORIENTED_EDGE ( 'NONE', *, *, #4735, .T. ) ;
#1955 = VERTEX_POINT ( 'NONE', #4538 ) ;
#1956 = LINE ( 'NONE', #194, #7381 ) ;
#1957 = AXIS2_PLACEMENT_3D ( 'NONE', #7082, #4293, #7291 ) ;
#1958 = FACE_OUTER_BOUND ( 'NONE', #3290, .T. ) ;
#1959 = DIRECTION ( 'NONE',  ( 0.000000000000000000, 0.000000000000000000, -1.000000000000000000 ) ) ;
#1960 = EDGE_CURVE ( 'NONE', #6647, #6010, #1151, .T. ) ;
#1961 = LINE ( 'NONE', #4782, #691 ) ;
#1962 = EDGE_LOOP ( 'NONE', ( #1661, #192, #4404, #3164 ) ) ;
#1963 = VECTOR ( 'NONE', #2199, 1000.000000000000000 ) ;
#1964 = ORIENTED_EDGE ( 'NONE', *, *, #4317, .F. ) ;
#1965 = FACE_OUTER_BOUND ( 'NONE', #1845, .T. ) ;
#1966 = CARTESIAN_POINT ( 'NONE',  ( 1.494219133260999977, 2.926466139506999742, 5.950000000000000178 ) ) ;
#1967 = LINE ( 'NONE', #5315, #5058 ) ;
#1968 = DIRECTION ( 'NONE',  ( 0.000000000000000000, 0.7071067811865474617, -0.7071067811865474617 ) ) ;
#1969 = EDGE_CURVE ( 'NONE', #4437, #216, #2355, .T. ) ;
#1970 = EDGE_CURVE ( 'NONE', #7108, #5563, #3451, .T. ) ;
#1971 = DIRECTION ( 'NONE',  ( -0.5773502691904927042, 0.5773502691890928240, -0.5773502691892918870 ) ) ;
#1972 = ORIENTED_EDGE ( 'NONE', *, *, #1493, .F. ) ;
#1973 = ORIENTED_CLOSED_SHELL ( 'NONE', *, #6915, .F. );
#1974 = ADVANCED_FACE ( 'NONE', ( #2887 ), #5174, .T. ) ;
#1975 = ORIENTED_EDGE ( 'NONE', *, *, #6664, .F. ) ;
#1976 = EDGE_CURVE ( 'NONE', #6960, #1419, #3641, .T. ) ;
#1977 = DIRECTION ( 'NONE',  ( 0.000000000000000000, 1.000000000000000000, 0.000000000000000000 ) ) ;
#1978 = DIRECTION ( 'NONE',  ( 1.000000000000000000, 0.000000000000000000, 0.000000000000000000 ) ) ;
#1979 = CARTESIAN_POINT ( 'NONE',  ( 4.700000000000000178, -1.800000000000000044, 0.8999999999997999600 ) ) ;
#1980 = CIRCLE ( 'NONE', #3429, 0.8500000000000000888 ) ;
#1981 = CARTESIAN_POINT ( 'NONE',  ( 3.550000000000000266, -1.699999999999999956, -5.575000000000000178 ) ) ;
#1982 = EDGE_CURVE ( 'NONE', #1053, #3603, #3417, .T. ) ;
#1983 = ORIENTED_EDGE ( 'NONE', *, *, #2572, .F. ) ;
#1984 = PLANE ( 'NONE',  #4585 ) ;
#1985 = CYLINDRICAL_SURFACE ( 'NONE', #15, 3.000000000000000000 ) ;
#1986 = FACE_OUTER_BOUND ( 'NONE', #2134, .T. ) ;
#1987 = CARTESIAN_POINT ( 'NONE',  ( 0.2000000000000000111, 2.400105252028999825, 5.950000000000000178 ) ) ;
#1988 = ORIENTED_EDGE ( 'NONE', *, *, #6912, .F. ) ;
#1989 = ORIENTED_EDGE ( 'NONE', *, *, #5647, .T. ) ;
#1990 = ORIENTED_EDGE ( 'NONE', *, *, #6580, .F. ) ;
#1991 = ORIENTED_EDGE ( 'NONE', *, *, #2379, .T. ) ;
#1992 = CARTESIAN_POINT ( 'NONE',  ( -0.4500000000000000111, -2.100000000000000089, 5.825000000000000178 ) ) ;
#1993 = AXIS2_PLACEMENT_3D ( 'NONE', #1449, #6052, #2021 ) ;
#1994 = DIRECTION ( 'NONE',  ( 0.000000000000000000, 0.000000000000000000, -1.000000000000000000 ) ) ;
#1995 = LINE ( 'NONE', #5452, #508 ) ;
#1996 = PLANE ( 'NONE',  #7433 ) ;
#1997 = VERTEX_POINT ( 'NONE', #4081 ) ;
#1998 = ORIENTED_EDGE ( 'NONE', *, *, #6065, .T. ) ;
#1999 = VECTOR ( 'NONE', #433, 1000.000000000000000 ) ;
#2000 = CARTESIAN_POINT ( 'NONE',  ( 4.825000000000000178, -1.499998983692999888, 1.500000000000000000 ) ) ;
#2001 = DIRECTION ( 'NONE',  ( 0.000000000000000000, 0.000000000000000000, -1.000000000000000000 ) ) ;
#2002 = FACE_OUTER_BOUND ( 'NONE', #2945, .T. ) ;
#2003 = CIRCLE ( 'NONE', #806, 2.350000000000000089 ) ;
#2004 = CARTESIAN_POINT ( 'NONE',  ( -4.924999999999999822, -5.500000000000000000, -3.149999999999999911 ) ) ;
#2005 = CARTESIAN_POINT ( 'NONE',  ( 0.2000000000000000111, 3.500000000000000000, -4.450000000000000178 ) ) ;
#2006 = ORIENTED_EDGE ( 'NONE', *, *, #2046, .T. ) ;
#2007 = ORIENTED_EDGE ( 'NONE', *, *, #4547, .F. ) ;
#2008 = VECTOR ( 'NONE', #3061, 1000.000000000000000 ) ;
#2009 = CARTESIAN_POINT ( 'NONE',  ( -0.4500000000000000111, -2.100000000000000089, 5.825000000000000178 ) ) ;
#2010 = ADVANCED_FACE ( 'NONE', ( #6836, #3968 ), #3933, .T. ) ;
#2011 = DIRECTION ( 'NONE',  ( 0.000000000000000000, 0.000000000000000000, -1.000000000000000000 ) ) ;
#2012 = CARTESIAN_POINT ( 'NONE',  ( -5.200000000000000178, 3.500000000000000000, 5.549999999999999822 ) ) ;
#2013 = CARTESIAN_POINT ( 'NONE',  ( -3.200000000000000178, -0.5000000000000000000, 5.799999999999999822 ) ) ;
#2014 = ORIENTED_EDGE ( 'NONE', *, *, #5920, .F. ) ;
#2015 = DIRECTION ( 'NONE',  ( 0.000000000000000000, 1.000000000000000000, 0.000000000000000000 ) ) ;
#2016 = EDGE_CURVE ( 'NONE', #6089, #3194, #1832, .T. ) ;
#2017 = FACE_OUTER_BOUND ( 'NONE', #3924, .T. ) ;
#2018 = ADVANCED_FACE ( 'NONE', ( #1223, #3483 ), #627, .F. ) ;
#2019 = ADVANCED_FACE ( 'NONE', ( #475 ), #6273, .T. ) ;
#2020 = DIRECTION ( 'NONE',  ( -1.000000000000000000, 0.000000000000000000, 4.077280664037000002E-14 ) ) ;
#2021 = DIRECTION ( 'NONE',  ( 1.000000000000000000, -5.878785113032513212E-14, 0.000000000000000000 ) ) ;
#2022 = ORIENTED_EDGE ( 'NONE', *, *, #5334, .T. ) ;
#2023 = VECTOR ( 'NONE', #3488, 1000.000000000000000 ) ;
#2024 = ORIENTED_EDGE ( 'NONE', *, *, #6837, .T. ) ;
#2025 = ORIENTED_EDGE ( 'NONE', *, *, #2715, .F. ) ;
#2026 = LINE ( 'NONE', #4325, #3027 ) ;
#2027 = ORIENTED_EDGE ( 'NONE', *, *, #145, .T. ) ;
#2028 = DIRECTION ( 'NONE',  ( -1.000000000000000000, 0.000000000000000000, 0.000000000000000000 ) ) ;
#2029 = CARTESIAN_POINT ( 'NONE',  ( -2.600000000000000089, -1.775000000000000355, -1.443649167309966286 ) ) ;
#2030 = DIRECTION ( 'NONE',  ( -0.3357454869805088782, 0.000000000000000000, 0.9419527418996247459 ) ) ;
#2031 = VERTEX_POINT ( 'NONE', #520 ) ;
#2032 = VERTEX_POINT ( 'NONE', #5107 ) ;
#2033 = CARTESIAN_POINT ( 'NONE',  ( -3.775000000000000355, 2.649999999999999911, 5.549999999999999822 ) ) ;
#2034 = DIRECTION ( 'NONE',  ( 1.000000000000000000, 0.000000000000000000, 0.000000000000000000 ) ) ;
#2035 = LINE ( 'NONE', #4412, #3496 ) ;
#2036 = DIRECTION ( 'NONE',  ( 0.000000000000000000, 1.000000000000000000, 0.000000000000000000 ) ) ;
#2037 = CARTESIAN_POINT ( 'NONE',  ( 4.500000000000000000, 2.649999999999999911, 5.549999999999999822 ) ) ;
#2038 = VERTEX_POINT ( 'NONE', #6800 ) ;
#2039 = ORIENTED_EDGE ( 'NONE', *, *, #3309, .T. ) ;
#2040 = ORIENTED_EDGE ( 'NONE', *, *, #2647, .F. ) ;
#2041 = DIRECTION ( 'NONE',  ( -0.000000000000000000, 1.000000000000000000, 0.000000000000000000 ) ) ;
#2042 = AXIS2_PLACEMENT_3D ( 'NONE', #1302, #3534, #642 ) ;
#2043 = VECTOR ( 'NONE', #1380, 1000.000000000000000 ) ;
#2044 = AXIS2_PLACEMENT_3D ( 'NONE', #1678, #598, #4623 ) ;
#2045 = DIRECTION ( 'NONE',  ( 1.000000000000000000, 0.000000000000000000, 0.000000000000000000 ) ) ;
#2046 = EDGE_CURVE ( 'NONE', #445, #2324, #1633, .T. ) ;
#2047 = DIRECTION ( 'NONE',  ( 1.000000000000000000, 0.000000000000000000, 0.000000000000000000 ) ) ;
#2048 = DIRECTION ( 'NONE',  ( -0.3672549690623789220, 0.000000000000000000, 0.9301203081854469978 ) ) ;
#2049 = VECTOR ( 'NONE', #2020, 1000.000000000000000 ) ;
#2050 = VECTOR ( 'NONE', #2147, 1000.000000000000000 ) ;
#2051 = ADVANCED_FACE ( 'NONE', ( #3559 ), #5887, .F. ) ;
#2052 = EDGE_LOOP ( 'NONE', ( #6290, #4974, #1894, #5166 ) ) ;
#2053 = CARTESIAN_POINT ( 'NONE',  ( 0.2000000000000000111, 0.5000000000000000000, 10.55000000000000071 ) ) ;
#2054 = VECTOR ( 'NONE', #924, 1000.000000000000000 ) ;
#2055 = AXIS2_PLACEMENT_3D ( 'NONE', #4247, #2510, #184 ) ;
#2056 = CIRCLE ( 'NONE', #737, 0.5000000000000000000 ) ;
#2057 = DIRECTION ( 'NONE',  ( 0.9889363528681992532, -0.1483404529309000630, 0.000000000000000000 ) ) ;
#2058 = LINE ( 'NONE', #219, #4451 ) ;
#2059 = CARTESIAN_POINT ( 'NONE',  ( -4.924999999999999822, -1.699999999999999956, -3.850000000000000089 ) ) ;
#2060 = ORIENTED_EDGE ( 'NONE', *, *, #4042, .F. ) ;
#2061 = ADVANCED_FACE ( 'NONE', ( #1330, #4239 ), #5323, .T. ) ;
#2062 = ORIENTED_EDGE ( 'NONE', *, *, #361, .T. ) ;
#2063 = VECTOR ( 'NONE', #4370, 1000.000000000000114 ) ;
#2064 = VERTEX_POINT ( 'NONE', #772 ) ;
#2065 = ORIENTED_CLOSED_SHELL ( 'NONE', *, #4263, .F. );
#2066 = ADVANCED_FACE ( 'NONE', ( #2470 ), #519, .F. ) ;
#2067 = CARTESIAN_POINT ( 'NONE',  ( 3.550000000000000266, -1.699999999999999956, -5.575000000000000178 ) ) ;
#2068 = ORIENTED_EDGE ( 'NONE', *, *, #5179, .T. ) ;
#2069 = ADVANCED_FACE ( 'NONE', ( #6989 ), #4275, .T. ) ;
#2070 = DIRECTION ( 'NONE',  ( 0.000000000000000000, 1.000000000000000000, 0.000000000000000000 ) ) ;
#2071 = VECTOR ( 'NONE', #3205, 1000.000000000000000 ) ;
#2072 = CIRCLE ( 'NONE', #5203, 2.140000000000000124 ) ;
#2073 = CARTESIAN_POINT ( 'NONE',  ( 2.100000000000000089, 2.399999999999999911, 5.799999999999999822 ) ) ;
#2074 = APPROVAL_ROLE ( '' ) ;
#2075 = ORIENTED_EDGE ( 'NONE', *, *, #7315, .T. ) ;
#2076 = ORIENTED_EDGE ( 'NONE', *, *, #2940, .F. ) ;
#2077 = AXIS2_PLACEMENT_3D ( 'NONE', #5588, #5947, #1039 ) ;
#2078 = CARTESIAN_POINT ( 'NONE',  ( 0.1999999999999997891, -1.300000000000000044, 10.14999999999999858 ) ) ;
#2079 = CARTESIAN_POINT ( 'NONE',  ( -3.425000000000000266, 2.500000000000000000, 5.275000000000000355 ) ) ;
#2080 = LINE ( 'NONE', #4935, #3020 ) ;
#2081 = CIRCLE ( 'NONE', #981, 0.6750000000000002665 ) ;
#2082 = DIRECTION ( 'NONE',  ( 1.000000000000000000, 0.000000000000000000, 0.000000000000000000 ) ) ;
#2083 = CARTESIAN_POINT ( 'NONE',  ( 3.799999999999999822, -1.800000000000000044, -5.799999999999999822 ) ) ;
#2084 = ORIENTED_EDGE ( 'NONE', *, *, #3676, .F. ) ;
#2085 = VERTEX_POINT ( 'NONE', #247 ) ;
#2086 = VERTEX_POINT ( 'NONE', #1825 ) ;
#2087 = DIRECTION ( 'NONE',  ( 0.000000000000000000, 0.000000000000000000, -1.000000000000000000 ) ) ;
#2088 = CARTESIAN_POINT ( 'NONE',  ( -4.924999999999999822, -1.699999999999999956, -2.550000000000000266 ) ) ;
#2089 = CARTESIAN_POINT ( 'NONE',  ( 4.774999999999999467, 0.4000000000000000222, -1.550000000000000044 ) ) ;
#2090 = FACE_OUTER_BOUND ( 'NONE', #62, .T. ) ;
#2091 = VERTEX_POINT ( 'NONE', #177 ) ;
#2092 = LINE ( 'NONE', #2625, #5064 ) ;
#2093 = CARTESIAN_POINT ( 'NONE',  ( 2.200000000000000178, 2.500000000000000000, 4.750000000000000000 ) ) ;
#2094 = FACE_OUTER_BOUND ( 'NONE', #5220, .T. ) ;
#2095 = DIRECTION ( 'NONE',  ( 0.000000000000000000, 1.000000000000000000, 0.000000000000000000 ) ) ;
#2096 = ORIENTED_EDGE ( 'NONE', *, *, #6402, .T. ) ;
#2097 = EDGE_LOOP ( 'NONE', ( #2562, #5031 ) ) ;
#2098 = ORIENTED_EDGE ( 'NONE', *, *, #3395, .F. ) ;
#2099 = CARTESIAN_POINT ( 'NONE',  ( -4.299999999999999822, 3.500000000000000000, 5.549999999999999822 ) ) ;
#2100 = ORIENTED_EDGE ( 'NONE', *, *, #6664, .T. ) ;
#2101 = ADVANCED_FACE ( 'NONE', ( #137 ), #6428, .T. ) ;
#2102 = LINE ( 'NONE', #5985, #3157 ) ;
#2103 = ADVANCED_FACE ( 'NONE', ( #4685 ), #1258, .T. ) ;
#2104 = CARTESIAN_POINT ( 'NONE',  ( 4.825000000000000178, -1.800000000000000044, 1.050000000000000044 ) ) ;
#2105 = EDGE_CURVE ( 'NONE', #6660, #3501, #1896, .T. ) ;
#2106 = CARTESIAN_POINT ( 'NONE',  ( 0.2000000000000000111, 3.500000000000000000, -4.450000000000000178 ) ) ;
#2107 = ORIENTED_EDGE ( 'NONE', *, *, #3586, .F. ) ;
#2108 = EDGE_LOOP ( 'NONE', ( #3232, #2107, #3289, #4248, #494, #7307 ) ) ;
#2109 = DIRECTION ( 'NONE',  ( 0.000000000000000000, 0.000000000000000000, 1.000000000000000000 ) ) ;
#2110 = EDGE_CURVE ( 'NONE', #1728, #1368, #6494, .T. ) ;
#2111 = DIRECTION ( 'NONE',  ( -1.000000000000000000, 0.000000000000000000, 0.000000000000000000 ) ) ;
#2112 = FACE_OUTER_BOUND ( 'NONE', #1551, .T. ) ;
#2113 = EDGE_CURVE ( 'NONE', #2844, #5968, #6047, .T. ) ;
#2114 = EDGE_CURVE ( 'NONE', #3391, #4340, #2081, .T. ) ;
#2115 = LINE ( 'NONE', #3242, #975 ) ;
#2116 = AXIS2_PLACEMENT_3D ( 'NONE', #2131, #3456, #1718 ) ;
#2117 = CARTESIAN_POINT ( 'NONE',  ( 0.004213083907949999318, -2.250000000000000000, -4.532520887255999220 ) ) ;
#2118 = ORIENTED_EDGE ( 'NONE', *, *, #3527, .F. ) ;
#2119 = VERTEX_POINT ( 'NONE', #666 ) ;
#2120 = ORIENTED_EDGE ( 'NONE', *, *, #2348, .F. ) ;
#2121 = CARTESIAN_POINT ( 'NONE',  ( 0.2000000000000001221, 3.299999999999999822, -5.299999999999999822 ) ) ;
#2122 = VECTOR ( 'NONE', #6577, 1000.000000000000000 ) ;
#2123 = CARTESIAN_POINT ( 'NONE',  ( 0.2000000000000000111, 3.299999999999999822, -4.450000000000000178 ) ) ;
#2124 = DIRECTION ( 'NONE',  ( -0.2926480495278954153, 0.9562202252135846292, 0.000000000000000000 ) ) ;
#2125 = DIRECTION ( 'NONE',  ( -1.000000000000000000, 0.000000000000000000, 0.000000000000000000 ) ) ;
#2126 = ORIENTED_EDGE ( 'NONE', *, *, #4372, .T. ) ;
#2127 = DIRECTION ( 'NONE',  ( 0.7071067811865475727, 0.7071067811865475727, 0.000000000000000000 ) ) ;
#2128 = PLANE ( 'NONE',  #5812 ) ;
#2129 = DIRECTION ( 'NONE',  ( 1.000000000000000000, 0.000000000000000000, 0.000000000000000000 ) ) ;
#2130 = FACE_OUTER_BOUND ( 'NONE', #349, .T. ) ;
#2131 = CARTESIAN_POINT ( 'NONE',  ( 0.2000000000000000111, 3.500000000000000000, -4.450000000000000178 ) ) ;
#2132 = VERTEX_POINT ( 'NONE', #5252 ) ;
#2133 = EDGE_LOOP ( 'NONE', ( #6663, #1337, #5405, #1234 ) ) ;
#2134 = EDGE_LOOP ( 'NONE', ( #7288, #6249, #4591, #1198 ) ) ;
#2135 = CARTESIAN_POINT ( 'NONE',  ( -5.450000000000000178, 2.500000000000000000, 2.850000000000000089 ) ) ;
#2136 = CYLINDRICAL_SURFACE ( 'NONE', #3133, 1.800000000000000044 ) ;
#2137 = DIRECTION ( 'NONE',  ( -1.000000000000000000, 0.000000000000000000, 0.000000000000000000 ) ) ;
#2138 = EDGE_CURVE ( 'NONE', #2374, #3054, #6541, .T. ) ;
#2139 = VERTEX_POINT ( 'NONE', #3593 ) ;
#2140 = PERSON_AND_ORGANIZATION ( #3699, #5709 ) ;
#2141 = ORIENTED_EDGE ( 'NONE', *, *, #6521, .T. ) ;
#2142 = ORIENTED_EDGE ( 'NONE', *, *, #5054, .F. ) ;
#2143 = EDGE_CURVE ( 'NONE', #939, #3423, #7030, .T. ) ;
#2144 = ADVANCED_FACE ( 'NONE', ( #108 ), #3634, .T. ) ;
#2145 = DIRECTION ( 'NONE',  ( 0.000000000000000000, 0.000000000000000000, 1.000000000000000000 ) ) ;
#2146 = DIRECTION ( 'NONE',  ( 0.000000000000000000, 0.000000000000000000, -1.000000000000000000 ) ) ;
#2147 = DIRECTION ( 'NONE',  ( 0.7071067811864419905, 0.000000000000000000, 0.7071067811866530439 ) ) ;
#2148 = DIRECTION ( 'NONE',  ( -1.000000000000000000, 0.000000000000000000, 0.000000000000000000 ) ) ;
#2149 = FACE_OUTER_BOUND ( 'NONE', #717, .T. ) ;
#2150 = ORIENTED_EDGE ( 'NONE', *, *, #1054, .F. ) ;
#2151 = ORIENTED_EDGE ( 'NONE', *, *, #4219, .F. ) ;
#2152 = ADVANCED_FACE ( 'NONE', ( #1936 ), #4126, .F. ) ;
#2153 = EDGE_LOOP ( 'NONE', ( #455, #5606, #5297, #569 ) ) ;
#2154 = ADVANCED_FACE ( 'NONE', ( #2157 ), #6151, .F. ) ;
#2155 = EDGE_CURVE ( 'NONE', #3423, #6081, #4008, .T. ) ;
#2156 = FACE_OUTER_BOUND ( 'NONE', #6473, .T. ) ;
#2157 = FACE_OUTER_BOUND ( 'NONE', #1067, .T. ) ;
#2158 = CARTESIAN_POINT ( 'NONE',  ( 3.750000000000000000, -1.899999999999999911, -5.774999999999999467 ) ) ;
#2159 = DIRECTION ( 'NONE',  ( 0.000000000000000000, 0.000000000000000000, 1.000000000000000000 ) ) ;
#2160 = ORIENTED_EDGE ( 'NONE', *, *, #400, .T. ) ;
#2161 = CIRCLE ( 'NONE', #6377, 2.000000000000000888 ) ;
#2162 = LINE ( 'NONE', #3895, #623 ) ;
#2163 = DIRECTION ( 'NONE',  ( 1.000000000000000000, 0.000000000000000000, 0.000000000000000000 ) ) ;
#2164 = LINE ( 'NONE', #203, #1326 ) ;
#2165 = AXIS2_PLACEMENT_3D ( 'NONE', #1753, #6352, #4654 ) ;
#2166 = LINE ( 'NONE', #1717, #3019 ) ;
#2167 = AXIS2_PLACEMENT_3D ( 'NONE', #2464, #4268, #1397 ) ;
#2168 = LINE ( 'NONE', #4469, #5123 ) ;
#2169 = VERTEX_POINT ( 'NONE', #2088 ) ;
#2170 = ORIENTED_EDGE ( 'NONE', *, *, #2473, .F. ) ;
#2171 = EDGE_LOOP ( 'NONE', ( #2541, #1132, #7148, #1943 ) ) ;
#2172 = CARTESIAN_POINT ( 'NONE',  ( 2.550000000000000266, 1.649999999999999911, 6.949999999999999289 ) ) ;
#2173 = AXIS2_PLACEMENT_3D ( 'NONE', #4496, #7255, #2124 ) ;
#2174 = VECTOR ( 'NONE', #6359, 1000.000000000000114 ) ;
#2175 = VECTOR ( 'NONE', #1806, 1000.000000000000000 ) ;
#2176 = PLANE ( 'NONE',  #1680 ) ;
#2177 = FACE_OUTER_BOUND ( 'NONE', #3775, .T. ) ;
#2178 = AXIS2_PLACEMENT_3D ( 'NONE', #4227, #3661, #801 ) ;
#2179 = AXIS2_PLACEMENT_3D ( 'NONE', #7072, #253, #7109 ) ;
#2180 = EDGE_LOOP ( 'NONE', ( #2918, #887, #4632, #5864, #3598, #2638, #3439, #4596, #6945, #5200, #5051 ) ) ;
#2181 = AXIS2_PLACEMENT_3D ( 'NONE', #47, #1269, #4663 ) ;
#2182 = VERTEX_POINT ( 'NONE', #1404 ) ;
#2183 = ORIENTED_EDGE ( 'NONE', *, *, #5705, .F. ) ;
#2184 = VERTEX_POINT ( 'NONE', #3705 ) ;
#2185 = AXIS2_PLACEMENT_3D ( 'NONE', #5526, #6565, #3697 ) ;
#2186 = CARTESIAN_POINT ( 'NONE',  ( 5.200000000000000178, 2.399999999999999911, -3.262500000000000178 ) ) ;
#2187 = VECTOR ( 'NONE', #4983, 1000.000000000000000 ) ;
#2188 = CARTESIAN_POINT ( 'NONE',  ( -2.674999999999999822, -1.699999999999999956, -2.250000000000000000 ) ) ;
#2189 = LINE ( 'NONE', #1062, #2422 ) ;
#2190 = DIRECTION ( 'NONE',  ( 0.000000000000000000, 0.000000000000000000, -1.000000000000000000 ) ) ;
#2191 = EDGE_CURVE ( 'NONE', #5448, #5273, #6111, .T. ) ;
#2192 = CARTESIAN_POINT ( 'NONE',  ( 0.2000000000000000111, -2.158723172463000051, 5.305238724272000717 ) ) ;
#2193 = CARTESIAN_POINT ( 'NONE',  ( -4.299999999999999822, 2.500000000000000000, 5.549999999999999822 ) ) ;
#2194 = ORIENTED_EDGE ( 'NONE', *, *, #3893, .F. ) ;
#2195 = VECTOR ( 'NONE', #3024, 1000.000000000000000 ) ;
#2196 = ORIENTED_EDGE ( 'NONE', *, *, #3176, .F. ) ;
#2197 = ORIENTED_EDGE ( 'NONE', *, *, #6849, .T. ) ;
#2198 = CARTESIAN_POINT ( 'NONE',  ( 0.2000000000000000111, 0.5000000000000000000, 7.023500000000000298 ) ) ;
#2199 = DIRECTION ( 'NONE',  ( 0.000000000000000000, 0.000000000000000000, 1.000000000000000000 ) ) ;
#2200 = VECTOR ( 'NONE', #2338, 1000.000000000000114 ) ;
#2201 = EDGE_CURVE ( 'NONE', #1755, #6048, #3779, .T. ) ;
#2202 = ADVANCED_FACE ( 'NONE', ( #6684 ), #5998, .F. ) ;
#2203 = DIRECTION ( 'NONE',  ( 0.000000000000000000, 0.000000000000000000, -1.000000000000000000 ) ) ;
#2204 = FACE_OUTER_BOUND ( 'NONE', #275, .T. ) ;
#2205 = EDGE_CURVE ( 'NONE', #2064, #7193, #1123, .T. ) ;
#2206 = EDGE_CURVE ( 'NONE', #4714, #6301, #1478, .T. ) ;
#2207 = VERTEX_POINT ( 'NONE', #2696 ) ;
#2208 = DIRECTION ( 'NONE',  ( 0.7071067811865475727, -0.7071067811865475727, 0.000000000000000000 ) ) ;
#2209 = LINE ( 'NONE', #6957, #6167 ) ;
#2210 = LINE ( 'NONE', #6235, #2530 ) ;
#2211 = CYLINDRICAL_SURFACE ( 'NONE', #370, 0.2000000000000000944 ) ;
#2212 = DIRECTION ( 'NONE',  ( -1.000000000000000000, 0.000000000000000000, 0.000000000000000000 ) ) ;
#2213 = EDGE_CURVE ( 'NONE', #393, #481, #4453, .T. ) ;
#2214 = ORIENTED_EDGE ( 'NONE', *, *, #7400, .F. ) ;
#2215 = CARTESIAN_POINT ( 'NONE',  ( -4.675000000000000711, -4.899999999999999467, -3.750000000000000000 ) ) ;
#2216 = ORIENTED_EDGE ( 'NONE', *, *, #3481, .T. ) ;
#2217 = CARTESIAN_POINT ( 'NONE',  ( -3.225000000000000089, -2.100000000000000089, 5.825000000000000178 ) ) ;
#2218 = CARTESIAN_POINT ( 'NONE',  ( -2.649999999999999911, 2.299999999999999822, 5.474999999999999645 ) ) ;
#2219 = DIRECTION ( 'NONE',  ( 0.000000000000000000, 1.000000000000000000, 0.000000000000000000 ) ) ;
#2220 = EDGE_LOOP ( 'NONE', ( #3687, #4498 ) ) ;
#2221 = DIRECTION ( 'NONE',  ( 1.000000000000000000, 0.000000000000000000, 0.000000000000000000 ) ) ;
#2222 = ORIENTED_EDGE ( 'NONE', *, *, #4823, .F. ) ;
#2223 = ORIENTED_EDGE ( 'NONE', *, *, #3443, .F. ) ;
#2224 = ORIENTED_EDGE ( 'NONE', *, *, #505, .F. ) ;
#2225 = DIRECTION ( 'NONE',  ( -1.000000000000000000, 0.000000000000000000, 0.000000000000000000 ) ) ;
#2226 = CYLINDRICAL_SURFACE ( 'NONE', #628, 0.2999999999999999334 ) ;
#2227 = LINE ( 'NONE', #4032, #6148 ) ;
#2228 = DIRECTION ( 'NONE',  ( 0.000000000000000000, 0.000000000000000000, -1.000000000000000000 ) ) ;
#2229 = CARTESIAN_POINT ( 'NONE',  ( -5.100000000000000533, -1.800000000000000044, -3.250000000000000000 ) ) ;
#2230 = EDGE_LOOP ( 'NONE', ( #4873, #5432 ) ) ;
#2231 = ORIENTED_EDGE ( 'NONE', *, *, #4640, .T. ) ;
#2232 = ORIENTED_EDGE ( 'NONE', *, *, #4874, .T. ) ;
#2233 = CARTESIAN_POINT ( 'NONE',  ( 4.850000000000000533, -1.899999999999999911, 2.299999999999999822 ) ) ;
#2234 = CARTESIAN_POINT ( 'NONE',  ( -0.4095243470554000287, 1.062440450426999972, 5.974000000000000199 ) ) ;
#2235 = AXIS2_PLACEMENT_3D ( 'NONE', #223, #5830, #3499 ) ;
#2236 = FACE_OUTER_BOUND ( 'NONE', #5831, .T. ) ;
#2237 = CARTESIAN_POINT ( 'NONE',  ( -0.1325208861381000081, -2.200000000000000178, -3.850000000000000089 ) ) ;
#2238 = EDGE_CURVE ( 'NONE', #6780, #5851, #7285, .T. ) ;
#2239 = EDGE_LOOP ( 'NONE', ( #2397, #5719, #191, #4261 ) ) ;
#2240 = AXIS2_PLACEMENT_3D ( 'NONE', #24, #4192, #2351 ) ;
#2241 = EDGE_CURVE ( 'NONE', #1086, #224, #1703, .T. ) ;
#2242 = CYLINDRICAL_SURFACE ( 'NONE', #3978, 0.3000000000000000444 ) ;
#2243 = DIRECTION ( 'NONE',  ( 1.000000000000000000, 0.000000000000000000, 0.000000000000000000 ) ) ;
#2244 = CARTESIAN_POINT ( 'NONE',  ( -0.4000000000000000222, -4.899999999999999467, 5.299999999999999822 ) ) ;
#2245 = CARTESIAN_POINT ( 'NONE',  ( 0.2999999999999999889, 2.350000000000000089, -6.125000000000000000 ) ) ;
#2246 = AXIS2_PLACEMENT_3D ( 'NONE', #1064, #502, #6141 ) ;
#2247 = CARTESIAN_POINT ( 'NONE',  ( -3.200000000000000178, 0.8499999999999999778, 5.649999999999999467 ) ) ;
#2248 = ORIENTED_EDGE ( 'NONE', *, *, #6206, .F. ) ;
#2249 = DIRECTION ( 'NONE',  ( 1.000000000000000000, 0.000000000000000000, 0.000000000000000000 ) ) ;
#2250 = VERTEX_POINT ( 'NONE', #6042 ) ;
#2251 = EDGE_CURVE ( 'NONE', #4517, #2978, #7322, .T. ) ;
#2252 = DIRECTION ( 'NONE',  ( 1.000000000000000000, 0.000000000000000000, 0.000000000000000000 ) ) ;
#2253 = AXIS2_PLACEMENT_3D ( 'NONE', #6944, #2381, #6976 ) ;
#2254 = ADVANCED_FACE ( 'NONE', ( #3845 ), #4876, .F. ) ;
#2255 = EDGE_CURVE ( 'NONE', #1393, #1612, #3184, .T. ) ;
#2256 = LINE ( 'NONE', #2218, #3519 ) ;
#2257 = CARTESIAN_POINT ( 'NONE',  ( 3.625000000000000000, -2.100000000000000089, 5.825000000000000178 ) ) ;
#2258 = VERTEX_POINT ( 'NONE', #4308 ) ;
#2259 = ORIENTED_EDGE ( 'NONE', *, *, #5428, .T. ) ;
#2260 = ORIENTED_EDGE ( 'NONE', *, *, #1363, .T. ) ;
#2261 = ORIENTED_EDGE ( 'NONE', *, *, #1590, .F. ) ;
#2262 = FACE_OUTER_BOUND ( 'NONE', #1241, .T. ) ;
#2263 = DIRECTION ( 'NONE',  ( 0.000000000000000000, 1.000000000000000000, 0.000000000000000000 ) ) ;
#2264 = LINE ( 'NONE', #5162, #3503 ) ;
#2265 = DIRECTION ( 'NONE',  ( 0.000000000000000000, -1.000000000000000000, 0.000000000000000000 ) ) ;
#2266 = FACE_OUTER_BOUND ( 'NONE', #1286, .T. ) ;
#2267 = ORIENTED_EDGE ( 'NONE', *, *, #1263, .F. ) ;
#2268 = EDGE_LOOP ( 'NONE', ( #7229, #5104, #2934, #532 ) ) ;
#2269 = EDGE_LOOP ( 'NONE', ( #1496, #5559, #3854, #6571, #553 ) ) ;
#2270 = CARTESIAN_POINT ( 'NONE',  ( 0.8499999999999999778, -2.200000000000000178, -3.550000000000000266 ) ) ;
#2271 = CARTESIAN_POINT ( 'NONE',  ( 0.1999999999999997058, 2.850000000000000089, 6.959999999999999964 ) ) ;
#2272 = CARTESIAN_POINT ( 'NONE',  ( 0.2857242237777000149, -2.250000000000000000, -4.833948469906999890 ) ) ;
#2273 = CARTESIAN_POINT ( 'NONE',  ( 4.500000000000000000, 3.121762141438999993, 5.549999999999999822 ) ) ;
#2274 = ORIENTED_EDGE ( 'NONE', *, *, #5468, .F. ) ;
#2275 = FACE_OUTER_BOUND ( 'NONE', #3958, .T. ) ;
#2276 = DIRECTION ( 'NONE',  ( 2.812564995716999917E-14, -1.000000000000000000, 0.000000000000000000 ) ) ;
#2277 = CARTESIAN_POINT ( 'NONE',  ( -4.950000000000000178, 2.200000000000000178, -6.125000000000000000 ) ) ;
#2278 = DIRECTION ( 'NONE',  ( 0.000000000000000000, 0.000000000000000000, -1.000000000000000000 ) ) ;
#2279 = EDGE_CURVE ( 'NONE', #6336, #1124, #5436, .T. ) ;
#2280 = CARTESIAN_POINT ( 'NONE',  ( -4.299999999999999822, 3.121762141438999993, 5.549999999999999822 ) ) ;
#2281 = ORIENTED_EDGE ( 'NONE', *, *, #4233, .F. ) ;
#2282 = CARTESIAN_POINT ( 'NONE',  ( -2.600000000000000089, -1.699999999999999956, -1.449999999999999956 ) ) ;
#2283 = ORIENTED_EDGE ( 'NONE', *, *, #4045, .T. ) ;
#2284 = DIRECTION ( 'NONE',  ( -1.000000000000000000, 0.000000000000000000, 0.000000000000000000 ) ) ;
#2285 = VECTOR ( 'NONE', #115, 1000.000000000000000 ) ;
#2286 = DIRECTION ( 'NONE',  ( 0.000000000000000000, 0.000000000000000000, 1.000000000000000000 ) ) ;
#2287 = LINE ( 'NONE', #5601, #7363 ) ;
#2288 = ADVANCED_FACE ( 'NONE', ( #2585 ), #7209, .F. ) ;
#2289 = ORIENTED_EDGE ( 'NONE', *, *, #1408, .T. ) ;
#2290 = EDGE_CURVE ( 'NONE', #4470, #287, #6650, .T. ) ;
#2291 = DATE_AND_TIME ( #5832, #5826 ) ;
#2292 = EDGE_CURVE ( 'NONE', #2799, #6097, #6897, .T. ) ;
#2293 = EDGE_LOOP ( 'NONE', ( #1058, #2454, #1307, #3987 ) ) ;
#2294 = VECTOR ( 'NONE', #1398, 1000.000000000000000 ) ;
#2295 = AXIS2_PLACEMENT_3D ( 'NONE', #6101, #311, #3177 ) ;
#2296 = VERTEX_POINT ( 'NONE', #2814 ) ;
#2297 = EDGE_CURVE ( 'NONE', #5289, #1575, #6911, .T. ) ;
#2298 = VERTEX_POINT ( 'NONE', #5059 ) ;
#2299 = LINE ( 'NONE', #2982, #4002 ) ;
#2300 = CARTESIAN_POINT ( 'NONE',  ( 5.299999999999999822, 2.500000000000000000, -4.975000000000000533 ) ) ;
#2301 = AXIS2_PLACEMENT_3D ( 'NONE', #7146, #3707, #2652 ) ;
#2302 = LINE ( 'NONE', #7395, #256 ) ;
#2303 = CARTESIAN_POINT ( 'NONE',  ( 0.2000000000000000111, 2.299999999999999822, 4.743999999999999773 ) ) ;
#2304 = VECTOR ( 'NONE', #7335, 1000.000000000000000 ) ;
#2305 = CARTESIAN_POINT ( 'NONE',  ( -2.149999999999999911, -1.699999999999999956, -0.2000000000000000111 ) ) ;
#2306 = ORIENTED_EDGE ( 'NONE', *, *, #5000, .T. ) ;
#2307 = ORIENTED_EDGE ( 'NONE', *, *, #2348, .T. ) ;
#2308 = AXIS2_PLACEMENT_3D ( 'NONE', #470, #2771, #4678 ) ;
#2309 = VECTOR ( 'NONE', #4757, 1000.000000000000000 ) ;
#2310 = VECTOR ( 'NONE', #7126, 1000.000000000000000 ) ;
#2311 = DIRECTION ( 'NONE',  ( 0.000000000000000000, 1.000000000000000000, 0.000000000000000000 ) ) ;
#2312 = DIRECTION ( 'NONE',  ( 0.000000000000000000, -1.000000000000000000, 0.000000000000000000 ) ) ;
#2313 = AXIS2_PLACEMENT_3D ( 'NONE', #6032, #2034, #880 ) ;
#2314 = CIRCLE ( 'NONE', #3277, 0.5999999999999998668 ) ;
#2315 = CARTESIAN_POINT ( 'NONE',  ( -0.4000000000000000222, -1.928740671584000088, 5.349999999999999645 ) ) ;
#2316 = DIRECTION ( 'NONE',  ( 0.000000000000000000, 0.000000000000000000, -1.000000000000000000 ) ) ;
#2317 = ORIENTED_EDGE ( 'NONE', *, *, #6992, .F. ) ;
#2318 = FACE_OUTER_BOUND ( 'NONE', #182, .T. ) ;
#2319 = VECTOR ( 'NONE', #6446, 1000.000000000000000 ) ;
#2320 = DIRECTION ( 'NONE',  ( 1.000000000000000000, 0.000000000000000000, 0.000000000000000000 ) ) ;
#2321 = DIRECTION ( 'NONE',  ( 1.000000000000000000, 0.000000000000000000, 0.000000000000000000 ) ) ;
#2322 = CARTESIAN_POINT ( 'NONE',  ( 0.8000000000000000444, -2.504982500878000007, 5.355238724270999562 ) ) ;
#2323 = DIRECTION ( 'NONE',  ( 0.000000000000000000, 1.000000000000000000, 0.000000000000000000 ) ) ;
#2324 = VERTEX_POINT ( 'NONE', #2923 ) ;
#2325 = CARTESIAN_POINT ( 'NONE',  ( 3.399999999999999911, 2.200000000000000178, 5.500000000000000000 ) ) ;
#2326 = EDGE_LOOP ( 'NONE', ( #4353, #3695 ) ) ;
#2327 = DIRECTION ( 'NONE',  ( 0.000000000000000000, 0.7751788502517846791, -0.6317418381920902881 ) ) ;
#2328 = DIRECTION ( 'NONE',  ( 1.000000000000000000, 0.000000000000000000, 0.000000000000000000 ) ) ;
#2329 = CARTESIAN_POINT ( 'NONE',  ( -0.9948204461109999563, 2.974880900854000032, 5.950000000000000178 ) ) ;
#2330 = CARTESIAN_POINT ( 'NONE',  ( -3.200000000000000178, 2.200000000000000178, 5.799999999999999822 ) ) ;
#2331 = ORIENTED_EDGE ( 'NONE', *, *, #3129, .F. ) ;
#2332 = APPROVAL_STATUS ( 'not_yet_approved' ) ;
#2333 = VERTEX_POINT ( 'NONE', #1109 ) ;
#2334 = ORIENTED_EDGE ( 'NONE', *, *, #6059, .T. ) ;
#2335 = ORIENTED_EDGE ( 'NONE', *, *, #4543, .T. ) ;
#2336 = EDGE_CURVE ( 'NONE', #4887, #6771, #7439, .T. ) ;
#2337 = ADVANCED_FACE ( 'NONE', ( #3411 ), #5657, .F. ) ;
#2338 = DIRECTION ( 'NONE',  ( -2.453269466693398621E-16, 0.7071067811865474617, 0.7071067811865474617 ) ) ;
#2339 = DIRECTION ( 'NONE',  ( 1.000000000000000000, 0.000000000000000000, 0.000000000000000000 ) ) ;
#2340 = LINE ( 'NONE', #6823, #5418 ) ;
#2341 = AXIS2_PLACEMENT_3D ( 'NONE', #7389, #5638, #2796 ) ;
#2342 = PLANE ( 'NONE',  #2253 ) ;
#2343 = EDGE_LOOP ( 'NONE', ( #5558, #4323 ) ) ;
#2344 = ORIENTED_EDGE ( 'NONE', *, *, #6909, .F. ) ;
#2345 = EDGE_CURVE ( 'NONE', #1663, #6590, #1625, .T. ) ;
#2346 = CARTESIAN_POINT ( 'NONE',  ( -2.475000000000000089, -1.900000000000031886, -1.112930253426908322 ) ) ;
#2347 = DIRECTION ( 'NONE',  ( 0.000000000000000000, 1.000000000000000000, 0.000000000000000000 ) ) ;
#2348 = EDGE_CURVE ( 'NONE', #3274, #3639, #5212, .T. ) ;
#2349 = EDGE_CURVE ( 'NONE', #3194, #6089, #3626, .T. ) ;
#2350 = CARTESIAN_POINT ( 'NONE',  ( -0.4000000000000000222, -2.000000000000000000, 5.799999999999999822 ) ) ;
#2351 = DIRECTION ( 'NONE',  ( 0.000000000000000000, 1.000000000000000000, 0.000000000000000000 ) ) ;
#2352 = ORIENTED_EDGE ( 'NONE', *, *, #6488, .F. ) ;
#2353 = DIRECTION ( 'NONE',  ( -1.000000000000000000, 0.000000000000000000, 0.000000000000000000 ) ) ;
#2354 = AXIS2_PLACEMENT_3D ( 'NONE', #2708, #6618, #5978 ) ;
#2355 = LINE ( 'NONE', #4653, #1840 ) ;
#2356 = DIRECTION ( 'NONE',  ( -8.659560562353641098E-17, -0.7071067811866530439, -0.7071067811864419905 ) ) ;
#2357 = DIRECTION ( 'NONE',  ( 0.000000000000000000, 0.000000000000000000, -1.000000000000000000 ) ) ;
#2358 = EDGE_LOOP ( 'NONE', ( #6894, #3703, #6358, #3315 ) ) ;
#2359 = VECTOR ( 'NONE', #7147, 1000.000000000000000 ) ;
#2360 = LINE ( 'NONE', #5182, #7199 ) ;
#2361 = VERTEX_POINT ( 'NONE', #2271 ) ;
#2362 = CARTESIAN_POINT ( 'NONE',  ( 0.2000000000000000111, 0.5000000000000000000, 5.000000000000000000 ) ) ;
#2363 = VERTEX_POINT ( 'NONE', #4567 ) ;
#2364 = AXIS2_PLACEMENT_3D ( 'NONE', #4162, #144, #3638 ) ;
#2365 = DIRECTION ( 'NONE',  ( 0.000000000000000000, 0.000000000000000000, 1.000000000000000000 ) ) ;
#2366 = B_SPLINE_CURVE_WITH_KNOTS ( 'NONE', 3,
 ( #4310, #5358, #1939, #3220 ),
 .UNSPECIFIED., .F., .F.,
 ( 4, 4 ),
 ( 0.000000000000000000, 1.000000000000000000 ),
 .UNSPECIFIED. ) ;
#2367 = DIRECTION ( 'NONE',  ( 0.000000000000000000, 0.000000000000000000, 1.000000000000000000 ) ) ;
#2368 = DIRECTION ( 'NONE',  ( 0.000000000000000000, 0.000000000000000000, 1.000000000000000000 ) ) ;
#2369 = ORIENTED_EDGE ( 'NONE', *, *, #3296, .T. ) ;
#2370 = PERSON_AND_ORGANIZATION ( #3699, #5709 ) ;
#2371 = ORIENTED_EDGE ( 'NONE', *, *, #1371, .T. ) ;
#2372 = EDGE_LOOP ( 'NONE', ( #2614, #649 ) ) ;
#2373 = VECTOR ( 'NONE', #5499, 1000.000000000000000 ) ;
#2374 = VERTEX_POINT ( 'NONE', #7404 ) ;
#2375 = FACE_OUTER_BOUND ( 'NONE', #3591, .T. ) ;
#2376 = DIRECTION ( 'NONE',  ( 0.000000000000000000, -1.000000000000000000, 0.000000000000000000 ) ) ;
#2377 = ADVANCED_FACE ( 'NONE', ( #6869 ), #6753, .T. ) ;
#2378 = FACE_OUTER_BOUND ( 'NONE', #1000, .T. ) ;
#2379 = EDGE_CURVE ( 'NONE', #4187, #4071, #1707, .T. ) ;
#2380 = ADVANCED_FACE ( 'NONE', ( #1143 ), #64, .F. ) ;
#2381 = DIRECTION ( 'NONE',  ( 0.000000000000000000, 0.000000000000000000, 1.000000000000000000 ) ) ;
#2382 = VERTEX_POINT ( 'NONE', #4531 ) ;
#2383 = ORIENTED_EDGE ( 'NONE', *, *, #2903, .T. ) ;
#2384 = LINE ( 'NONE', #1889, #990 ) ;
#2385 = CARTESIAN_POINT ( 'NONE',  ( 0.8000000000000000444, -2.504982500878000007, 5.355238724270999562 ) ) ;
#2386 = LINE ( 'NONE', #1144, #617 ) ;
#2387 = EDGE_CURVE ( 'NONE', #3738, #1952, #582, .T. ) ;
#2388 = FACE_OUTER_BOUND ( 'NONE', #5484, .T. ) ;
#2389 = EDGE_CURVE ( 'NONE', #466, #2169, #6190, .T. ) ;
#2390 = EDGE_CURVE ( 'NONE', #6628, #2038, #3441, .T. ) ;
#2391 = VERTEX_POINT ( 'NONE', #1069 ) ;
#2392 = FACE_OUTER_BOUND ( 'NONE', #6439, .T. ) ;
#2393 = DIRECTION ( 'NONE',  ( 0.9429328565827660436, 0.000000000000000000, -0.3329829244520880471 ) ) ;
#2394 = CARTESIAN_POINT ( 'NONE',  ( -3.225000000000000089, -2.100000000000000089, 5.474999999999999645 ) ) ;
#2395 = DIRECTION ( 'NONE',  ( -0.7276068751091748776, 0.4850712500723838860, 0.4850712500726839238 ) ) ;
#2396 = CYLINDRICAL_SURFACE ( 'NONE', #829, 0.2000000000000000944 ) ;
#2397 = ORIENTED_EDGE ( 'NONE', *, *, #98, .F. ) ;
#2398 = DIRECTION ( 'NONE',  ( 0.000000000000000000, 1.000000000000000000, 0.000000000000000000 ) ) ;
#2399 = ORIENTED_EDGE ( 'NONE', *, *, #2447, .F. ) ;
#2400 = UNCERTAINTY_MEASURE_WITH_UNIT (LENGTH_MEASURE( 1.000000000000000082E-05 ), #7341, 'distance_accuracy_value', 'NONE');
#2401 = DIRECTION ( 'NONE',  ( 1.000000000000000000, 0.000000000000000000, 0.000000000000000000 ) ) ;
#2402 = CARTESIAN_POINT ( 'NONE',  ( -4.799999999999999822, -0.1499999999999999944, -2.500000000000000000 ) ) ;
#2403 = PLANE ( 'NONE',  #2849 ) ;
#2404 = EDGE_LOOP ( 'NONE', ( #5824, #6855, #1293, #4492 ) ) ;
#2405 = SHAPE_DEFINITION_REPRESENTATION ( #2497, #5395 ) ;
#2406 = ORIENTED_EDGE ( 'NONE', *, *, #175, .F. ) ;
#2407 = VERTEX_POINT ( 'NONE', #1033 ) ;
#2408 = VECTOR ( 'NONE', #6505, 1000.000000000000000 ) ;
#2409 = EDGE_LOOP ( 'NONE', ( #3940, #7116, #2502, #1524, #1989, #6599 ) ) ;
#2410 = PLANE ( 'NONE',  #5316 ) ;
#2411 = DIRECTION ( 'NONE',  ( 0.000000000000000000, 0.000000000000000000, 1.000000000000000000 ) ) ;
#2412 = CARTESIAN_POINT ( 'NONE',  ( 0.1532033693045000144, -2.200000000000000178, -3.850000000000000089 ) ) ;
#2413 = VECTOR ( 'NONE', #3453, 1000.000000000000114 ) ;
#2414 = AXIS2_PLACEMENT_3D ( 'NONE', #3835, #5011, #1470 ) ;
#2415 = CARTESIAN_POINT ( 'NONE',  ( 0.8000000000000000444, -1.928740671584000088, 5.799999999999999822 ) ) ;
#2416 = VERTEX_POINT ( 'NONE', #1665 ) ;
#2417 = EDGE_LOOP ( 'NONE', ( #5084, #1190, #4637, #2571, #1047 ) ) ;
#2418 = PLANE ( 'NONE',  #4716 ) ;
#2419 = CIRCLE ( 'NONE', #1812, 0.4499999999995002997 ) ;
#2420 = AXIS2_PLACEMENT_3D ( 'NONE', #565, #3461, #1193 ) ;
#2421 = AXIS2_PLACEMENT_3D ( 'NONE', #294, #4913, #2659 ) ;
#2422 = VECTOR ( 'NONE', #6297, 1000.000000000000000 ) ;
#2423 = ADVANCED_FACE ( 'NONE', ( #5736 ), #4610, .T. ) ;
#2424 = DIRECTION ( 'NONE',  ( 1.000000000000000000, 0.000000000000000000, 0.000000000000000000 ) ) ;
#2425 = PLANE ( 'NONE',  #7349 ) ;
#2426 = CARTESIAN_POINT ( 'NONE',  ( -3.225000000000000089, 2.299999999999999822, 5.474999999999999645 ) ) ;
#2427 = CIRCLE ( 'NONE', #7361, 0.2000000000000000944 ) ;
#2428 = VECTOR ( 'NONE', #5487, 1000.000000000000000 ) ;
#2429 = ADVANCED_FACE ( 'NONE', ( #3331 ), #5621, .F. ) ;
#2430 = ORIENTED_EDGE ( 'NONE', *, *, #2432, .T. ) ;
#2431 = PLANE ( 'NONE',  #2921 ) ;
#2432 = EDGE_CURVE ( 'NONE', #6015, #2139, #1290, .T. ) ;
#2433 = DIRECTION ( 'NONE',  ( 0.000000000000000000, 1.154631945609999981E-14, -1.000000000000000000 ) ) ;
#2434 = ADVANCED_FACE ( 'NONE', ( #7025 ), #5955, .T. ) ;
#2435 = VECTOR ( 'NONE', #610, 1000.000000000000000 ) ;
#2436 = VECTOR ( 'NONE', #7310, 1000.000000000000000 ) ;
#2437 = ADVANCED_FACE ( 'NONE', ( #6981 ), #1855, .T. ) ;
#2438 = DIRECTION ( 'NONE',  ( 0.000000000000000000, 0.000000000000000000, -1.000000000000000000 ) ) ;
#2439 = EDGE_CURVE ( 'NONE', #7021, #2481, #7240, .T. ) ;
#2440 = CARTESIAN_POINT ( 'NONE',  ( 0.1784818660467999973, -2.200000000000000178, -4.532520887255999220 ) ) ;
#2441 = DIRECTION ( 'NONE',  ( 1.000000000000000000, 0.000000000000000000, 0.000000000000000000 ) ) ;
#2442 = AXIS2_PLACEMENT_3D ( 'NONE', #5068, #7377, #4501 ) ;
#2443 = ORIENTED_EDGE ( 'NONE', *, *, #6380, .T. ) ;
#2444 = CARTESIAN_POINT ( 'NONE',  ( 4.500000000000000000, 3.100000000000000089, 4.700000000000000178 ) ) ;
#2445 = LINE ( 'NONE', #4736, #3014 ) ;
#2446 = EDGE_CURVE ( 'NONE', #3353, #5354, #6540, .T. ) ;
#2447 = EDGE_CURVE ( 'NONE', #6240, #4854, #6172, .T. ) ;
#2448 = VECTOR ( 'NONE', #6793, 1000.000000000000000 ) ;
#2449 = LINE ( 'NONE', #6471, #1220 ) ;
#2450 = LINE ( 'NONE', #81, #3442 ) ;
#2451 = ORIENTED_EDGE ( 'NONE', *, *, #4858, .T. ) ;
#2452 = EDGE_LOOP ( 'NONE', ( #5115, #5302, #6654, #1107, #1210, #3974, #932, #118 ) ) ;
#2453 = ORIENTED_EDGE ( 'NONE', *, *, #1279, .F. ) ;
#2454 = ORIENTED_EDGE ( 'NONE', *, *, #920, .T. ) ;
#2455 = CARTESIAN_POINT ( 'NONE',  ( 0.2000000000000000111, 0.5000000000000000000, 5.000000000000000000 ) ) ;
#2456 = DIRECTION ( 'NONE',  ( 0.000000000000000000, 0.000000000000000000, 1.000000000000000000 ) ) ;
#2457 = CARTESIAN_POINT ( 'NONE',  ( 4.100000000000000533, -4.850000000000000533, -6.111511135518000515 ) ) ;
#2458 = LINE ( 'NONE', #2602, #2979 ) ;
#2459 = VERTEX_POINT ( 'NONE', #3028 ) ;
#2460 = ORIENTED_EDGE ( 'NONE', *, *, #6890, .T. ) ;
#2461 = VECTOR ( 'NONE', #5631, 999.9999999999998863 ) ;
#2462 = CARTESIAN_POINT ( 'NONE',  ( -0.3412604430225000263, -2.250000000000000000, -4.400000000000000355 ) ) ;
#2463 = CARTESIAN_POINT ( 'NONE',  ( -0.8499999999999999778, -2.500000000000000000, -5.250000000000000000 ) ) ;
#2464 = CARTESIAN_POINT ( 'NONE',  ( -0.4095243470554000287, 1.062440450426999972, 4.750000000000000000 ) ) ;
#2465 = CARTESIAN_POINT ( 'NONE',  ( 4.575000000000000178, -1.800000000000000044, 1.050000000000000044 ) ) ;
#2466 = CARTESIAN_POINT ( 'NONE',  ( 0.005362112447525990699, -2.299999999999999822, -4.003969365357605170 ) ) ;
#2467 = APPROVAL_PERSON_ORGANIZATION ( #1727, #4182, #6409 ) ;
#2468 = VERTEX_POINT ( 'NONE', #6423 ) ;
#2469 = LINE ( 'NONE', #5819, #4836 ) ;
#2470 = FACE_OUTER_BOUND ( 'NONE', #9, .T. ) ;
#2471 = CARTESIAN_POINT ( 'NONE',  ( -4.299999999999999822, 2.575000000050999827, 4.950000000051000271 ) ) ;
#2472 = DIRECTION ( 'NONE',  ( 1.000000000000000000, 0.000000000000000000, 0.000000000000000000 ) ) ;
#2473 = EDGE_CURVE ( 'NONE', #5396, #564, #1777, .T. ) ;
#2474 = ORIENTED_EDGE ( 'NONE', *, *, #2763, .T. ) ;
#2475 = CARTESIAN_POINT ( 'NONE',  ( -5.349999999999999645, 3.299999999999999822, 4.675000000000000711 ) ) ;
#2476 = VERTEX_POINT ( 'NONE', #4118 ) ;
#2477 = DIRECTION ( 'NONE',  ( 0.7071067811865475727, 0.7071067811865475727, 0.000000000000000000 ) ) ;
#2478 = DIRECTION ( 'NONE',  ( 0.000000000000000000, 1.000000000000000000, 0.000000000000000000 ) ) ;
#2479 = FACE_OUTER_BOUND ( 'NONE', #2694, .T. ) ;
#2480 = CARTESIAN_POINT ( 'NONE',  ( -2.449999999999999734, -1.699999999999999956, -0.8499999999999999778 ) ) ;
#2481 = VERTEX_POINT ( 'NONE', #2385 ) ;
#2482 = ADVANCED_FACE ( 'NONE', ( #6376 ), #6456, .F. ) ;
#2483 = ORIENTED_EDGE ( 'NONE', *, *, #6160, .T. ) ;
#2484 = EDGE_LOOP ( 'NONE', ( #531, #394, #931, #1584 ) ) ;
#2485 = EDGE_CURVE ( 'NONE', #5959, #1053, #170, .T. ) ;
#2486 = ADVANCED_FACE ( 'NONE', ( #4189, #4752 ), #1215, .F. ) ;
#2487 = VERTEX_POINT ( 'NONE', #3518 ) ;
#2488 = DIRECTION ( 'NONE',  ( 1.000000000000000000, 0.000000000000000000, 0.000000000000000000 ) ) ;
#2489 = PLANE ( 'NONE',  #3635 ) ;
#2490 = CARTESIAN_POINT ( 'NONE',  ( -3.225000000000000089, -2.100000000000000089, 5.474999999999999645 ) ) ;
#2491 = AXIS2_PLACEMENT_3D ( 'NONE', #5049, #3922, #4525 ) ;
#2492 = CARTESIAN_POINT ( 'NONE',  ( -4.299999999999999822, 2.649999999999999911, 5.549999999999999822 ) ) ;
#2493 = ORIENTED_EDGE ( 'NONE', *, *, #5376, .F. ) ;
#2494 = VERTEX_POINT ( 'NONE', #1253 ) ;
#2495 = FACE_OUTER_BOUND ( 'NONE', #3407, .T. ) ;
#2496 = LINE ( 'NONE', #1361, #6037 ) ;
#2497 = PRODUCT_DEFINITION_SHAPE ( 'NONE', 'NONE',  #6623 ) ;
#2498 = DIRECTION ( 'NONE',  ( 1.000000000000000000, 0.000000000000000000, 0.000000000000000000 ) ) ;
#2499 = PLANE ( 'NONE',  #2178 ) ;
#2500 = DIRECTION ( 'NONE',  ( -1.000000000000000000, -1.725603786845999931E-13, 0.000000000000000000 ) ) ;
#2501 = ORIENTED_EDGE ( 'NONE', *, *, #2143, .F. ) ;
#2502 = ORIENTED_EDGE ( 'NONE', *, *, #463, .F. ) ;
#2503 = CARTESIAN_POINT ( 'NONE',  ( -2.600000000000000089, 0.2500000000000000000, -1.443649167310000037 ) ) ;
#2504 = CARTESIAN_POINT ( 'NONE',  ( -3.000000000000000000, 2.399999999999999911, 5.500000000000000000 ) ) ;
#2505 = DIRECTION ( 'NONE',  ( 0.000000000000000000, 1.000000000000000000, 0.000000000000000000 ) ) ;
#2506 = CARTESIAN_POINT ( 'NONE',  ( 5.200000000000000178, 2.399999999999999911, -3.262500000000000178 ) ) ;
#2507 = VERTEX_POINT ( 'NONE', #3552 ) ;
#2508 = DIRECTION ( 'NONE',  ( 1.000000000000000000, 0.000000000000000000, 0.000000000000000000 ) ) ;
#2509 = ORIENTED_EDGE ( 'NONE', *, *, #7074, .T. ) ;
#2510 = DIRECTION ( 'NONE',  ( 1.000000000000000000, 0.000000000000000000, 0.000000000000000000 ) ) ;
#2511 = ORIENTED_EDGE ( 'NONE', *, *, #6712, .F. ) ;
#2512 = EDGE_CURVE ( 'NONE', #4987, #6212, #6486, .T. ) ;
#2513 = CARTESIAN_POINT ( 'NONE',  ( -2.100000000000000089, -1.500000000000000000, 5.500000000000000000 ) ) ;
#2514 = CARTESIAN_POINT ( 'NONE',  ( 5.750000000000000000, 3.500000000000000000, -6.949999999999999289 ) ) ;
#2515 = CARTESIAN_POINT ( 'NONE',  ( -4.089346255670589514, 3.100000000000000089, 4.675000000000000711 ) ) ;
#2516 = ORIENTED_EDGE ( 'NONE', *, *, #6343, .F. ) ;
#2517 = VERTEX_POINT ( 'NONE', #129 ) ;
#2518 = ORIENTED_EDGE ( 'NONE', *, *, #2297, .F. ) ;
#2519 = ORIENTED_EDGE ( 'NONE', *, *, #3944, .F. ) ;
#2520 = FACE_OUTER_BOUND ( 'NONE', #3244, .T. ) ;
#2521 = EDGE_CURVE ( 'NONE', #4608, #2873, #2496, .T. ) ;
#2522 = PLANE ( 'NONE',  #4840 ) ;
#2523 = LINE ( 'NONE', #2457, #1445 ) ;
#2524 = CC_DESIGN_DATE_AND_TIME_ASSIGNMENT ( #1165, #6934, ( #6623 ) ) ;
#2525 = EDGE_CURVE ( 'NONE', #2969, #5524, #1826, .T. ) ;
#2526 = EDGE_CURVE ( 'NONE', #1946, #4880, #2958, .T. ) ;
#2527 = DIRECTION ( 'NONE',  ( 0.000000000000000000, 0.000000000000000000, -1.000000000000000000 ) ) ;
#2528 = EDGE_LOOP ( 'NONE', ( #2027, #1367 ) ) ;
#2529 = VECTOR ( 'NONE', #1048, 1000.000000000000000 ) ;
#2530 = VECTOR ( 'NONE', #3934, 1000.000000000000000 ) ;
#2531 = ORIENTED_EDGE ( 'NONE', *, *, #5650, .T. ) ;
#2532 = FACE_OUTER_BOUND ( 'NONE', #5374, .T. ) ;
#2533 = CARTESIAN_POINT ( 'NONE',  ( -2.649999999999999911, -1.699999999999999956, 4.850000000000000533 ) ) ;
#2534 = AXIS2_PLACEMENT_3D ( 'NONE', #1121, #6120, #963 ) ;
#2535 = DIRECTION ( 'NONE',  ( 0.000000000000000000, 1.000000000000000000, 0.000000000000000000 ) ) ;
#2536 = VECTOR ( 'NONE', #5143, 1000.000000000000114 ) ;
#2537 = CARTESIAN_POINT ( 'NONE',  ( -4.299999999999999822, 3.077185478309000022, 4.700000000000000178 ) ) ;
#2538 = CARTESIAN_POINT ( 'NONE',  ( 3.277762515837999935, -1.500000000000000000, 5.799999999999999822 ) ) ;
#2539 = VERTEX_POINT ( 'NONE', #4718 ) ;
#2540 = CIRCLE ( 'NONE', #3851, 0.2000000000000000944 ) ;
#2541 = ORIENTED_EDGE ( 'NONE', *, *, #450, .F. ) ;
#2542 = VECTOR ( 'NONE', #6182, 1000.000000000000000 ) ;
#2543 = DIRECTION ( 'NONE',  ( 0.000000000000000000, 0.000000000000000000, -1.000000000000000000 ) ) ;
#2544 = DIRECTION ( 'NONE',  ( 0.000000000000000000, 0.000000000000000000, -1.000000000000000000 ) ) ;
#2545 = AXIS2_PLACEMENT_3D ( 'NONE', #346, #6323, #4936 ) ;
#2546 = AXIS2_PLACEMENT_3D ( 'NONE', #3346, #3384, #5678 ) ;
#2547 = DIRECTION ( 'NONE',  ( 0.9889363528681992532, 0.1483404529309000630, 0.000000000000000000 ) ) ;
#2548 = CIRCLE ( 'NONE', #3979, 0.8500000000000000888 ) ;
#2549 = LINE ( 'NONE', #2653, #5967 ) ;
#2550 = ORIENTED_EDGE ( 'NONE', *, *, #731, .F. ) ;
#2551 = AXIS2_PLACEMENT_3D ( 'NONE', #3174, #1500, #344 ) ;
#2552 = DIRECTION ( 'NONE',  ( 1.000000000000000000, 0.000000000000000000, 0.000000000000000000 ) ) ;
#2553 = VECTOR ( 'NONE', #7208, 1000.000000000000000 ) ;
#2554 = ORIENTED_EDGE ( 'NONE', *, *, #3853, .F. ) ;
#2555 = CARTESIAN_POINT ( 'NONE',  ( 3.850000000000000089, 2.350000000000000089, 3.649999999999999911 ) ) ;
#2556 = DIRECTION ( 'NONE',  ( 0.000000000000000000, 0.7751788502505326806, -0.6317418381936267258 ) ) ;
#2557 = AXIS2_PLACEMENT_3D ( 'NONE', #6558, #2070, #2028 ) ;
#2558 = LINE ( 'NONE', #4287, #4519 ) ;
#2559 = CIRCLE ( 'NONE', #5550, 0.2999999999999999334 ) ;
#2560 = ORIENTED_EDGE ( 'NONE', *, *, #651, .T. ) ;
#2561 = ORIENTED_EDGE ( 'NONE', *, *, #1550, .T. ) ;
#2562 = ORIENTED_EDGE ( 'NONE', *, *, #1698, .F. ) ;
#2563 = ADVANCED_FACE ( 'NONE', ( #5918 ), #764, .F. ) ;
#2564 = ORIENTED_EDGE ( 'NONE', *, *, #3772, .T. ) ;
#2565 = CARTESIAN_POINT ( 'NONE',  ( 4.825000000000000178, -1.800000000000000044, 2.250000000000000000 ) ) ;
#2566 = VECTOR ( 'NONE', #70, 1000.000000000000000 ) ;
#2567 = DIRECTION ( 'NONE',  ( 0.000000000000000000, 1.000000000000000000, 0.000000000000000000 ) ) ;
#2568 = DIRECTION ( 'NONE',  ( 0.000000000000000000, -1.000000000000000000, 0.000000000000000000 ) ) ;
#2569 = DIRECTION ( 'NONE',  ( 1.000000000000000000, 0.000000000000000000, 0.000000000000000000 ) ) ;
#2570 = ORIENTED_EDGE ( 'NONE', *, *, #2155, .T. ) ;
#2571 = ORIENTED_EDGE ( 'NONE', *, *, #6954, .T. ) ;
#2572 = EDGE_CURVE ( 'NONE', #6534, #664, #1458, .T. ) ;
#2573 = EDGE_CURVE ( 'NONE', #2459, #6579, #5991, .T. ) ;
#2574 = DIRECTION ( 'NONE',  ( 0.000000000000000000, 0.000000000000000000, -1.000000000000000000 ) ) ;
#2575 = CARTESIAN_POINT ( 'NONE',  ( 2.790000000000000036, -1.699999999999999956, -6.100000000000000533 ) ) ;
#2576 = CARTESIAN_POINT ( 'NONE',  ( 4.850000000000000533, -2.500000000000000000, 2.299999999999999822 ) ) ;
#2577 = CARTESIAN_POINT ( 'NONE',  ( -2.100000000000000089, -2.402000000000000135, -1.443649167310000037 ) ) ;
#2578 = CARTESIAN_POINT ( 'NONE',  ( 0.1757717520002999856, -0.8499999999999999778, 4.725999999999999979 ) ) ;
#2579 = VERTEX_POINT ( 'NONE', #2079 ) ;
#2580 = EDGE_CURVE ( 'NONE', #2119, #571, #7201, .T. ) ;
#2581 = ORIENTED_EDGE ( 'NONE', *, *, #956, .F. ) ;
#2582 = EDGE_CURVE ( 'NONE', #4100, #5906, #4834, .T. ) ;
#2583 = EDGE_CURVE ( 'NONE', #2811, #3664, #6157, .T. ) ;
#2584 = LINE ( 'NONE', #2695, #4110 ) ;
#2585 = FACE_OUTER_BOUND ( 'NONE', #907, .T. ) ;
#2586 = CARTESIAN_POINT ( 'NONE',  ( 0.2000000000000000111, -4.899999999999999467, 5.000000000000000000 ) ) ;
#2587 = LOCAL_TIME ( 19, 12, 47.00000000000000000, #1199 ) ;
#2588 = CARTESIAN_POINT ( 'NONE',  ( -5.349999999999999645, -1.699999999999999956, 4.675000000000000711 ) ) ;
#2589 = ORIENTED_EDGE ( 'NONE', *, *, #98, .T. ) ;
#2590 = CARTESIAN_POINT ( 'NONE',  ( -2.125000000000000000, -1.699999999999999956, -0.6499999999997999600 ) ) ;
#2591 = DIRECTION ( 'NONE',  ( 0.000000000000000000, 0.000000000000000000, 1.000000000000000000 ) ) ;
#2592 = DIRECTION ( 'NONE',  ( 0.000000000000000000, 0.000000000000000000, 1.000000000000000000 ) ) ;
#2593 = DIRECTION ( 'NONE',  ( 0.000000000000000000, 0.000000000000000000, 1.000000000000000000 ) ) ;
#2594 = EDGE_LOOP ( 'NONE', ( #160, #2833 ) ) ;
#2595 = ORIENTED_EDGE ( 'NONE', *, *, #7217, .T. ) ;
#2596 = EDGE_LOOP ( 'NONE', ( #2624, #1561, #5673, #1873 ) ) ;
#2597 = CARTESIAN_POINT ( 'NONE',  ( -5.349999999999999645, -1.699999999999999956, 4.675000000000000711 ) ) ;
#2598 = EDGE_LOOP ( 'NONE', ( #886, #3010, #2451, #4151 ) ) ;
#2599 = AXIS2_PLACEMENT_3D ( 'NONE', #6588, #6550, #1415 ) ;
#2600 = DIRECTION ( 'NONE',  ( 1.000000000000000000, 0.000000000000000000, 0.000000000000000000 ) ) ;
#2601 = CARTESIAN_POINT ( 'NONE',  ( 4.710653744329410308, 3.299999999999999822, 4.675000000000000711 ) ) ;
#2602 = CARTESIAN_POINT ( 'NONE',  ( 0.3270891200751999683, -2.299999999999999822, -4.950000000000000178 ) ) ;
#2603 = ORIENTED_EDGE ( 'NONE', *, *, #4724, .T. ) ;
#2604 = VERTEX_POINT ( 'NONE', #1966 ) ;
#2605 = AXIS2_PLACEMENT_3D ( 'NONE', #6795, #5137, #4497 ) ;
#2606 = ADVANCED_FACE ( 'NONE', ( #6640 ), #3136, .T. ) ;
#2607 = DIRECTION ( 'NONE',  ( -1.000000000000000000, 0.000000000000000000, 0.000000000000000000 ) ) ;
#2608 = DIRECTION ( 'NONE',  ( 0.000000000000000000, 1.000000000000000000, -3.848773152033999911E-14 ) ) ;
#2609 = PLANE ( 'NONE',  #6014 ) ;
#2610 = VECTOR ( 'NONE', #802, 1000.000000000000000 ) ;
#2611 = ADVANCED_FACE ( 'NONE', ( #4828 ), #4301, .F. ) ;
#2612 = LINE ( 'NONE', #172, #3254 ) ;
#2613 = DIRECTION ( 'NONE',  ( 1.000000000000000000, 0.000000000000000000, 0.000000000000000000 ) ) ;
#2614 = ORIENTED_EDGE ( 'NONE', *, *, #6624, .F. ) ;
#2615 = ORIENTED_EDGE ( 'NONE', *, *, #643, .T. ) ;
#2616 = CIRCLE ( 'NONE', #6223, 0.8999999999999998002 ) ;
#2617 = CARTESIAN_POINT ( 'NONE',  ( -4.924999999999999822, -4.850000000000000533, -3.149999999999999911 ) ) ;
#2618 = CARTESIAN_POINT ( 'NONE',  ( -2.149999999999999911, 1.649999999999999911, 5.950000000000000178 ) ) ;
#2619 = ADVANCED_FACE ( 'NONE', ( #6601 ), #942, .T. ) ;
#2620 = PLANE ( 'NONE',  #3025 ) ;
#2621 = CC_DESIGN_PERSON_AND_ORGANIZATION_ASSIGNMENT ( #4, #5263, ( #4024 ) ) ;
#2622 = DIRECTION ( 'NONE',  ( 0.000000000000000000, -1.000000000000000000, 0.000000000000000000 ) ) ;
#2623 = EDGE_CURVE ( 'NONE', #504, #5264, #1534, .T. ) ;
#2624 = ORIENTED_EDGE ( 'NONE', *, *, #4686, .F. ) ;
#2625 = CARTESIAN_POINT ( 'NONE',  ( -5.450000000000000178, 2.500000000000000000, 2.850000000000000089 ) ) ;
#2626 = DIRECTION ( 'NONE',  ( 0.000000000000000000, 0.000000000000000000, 1.000000000000000000 ) ) ;
#2627 = DIRECTION ( 'NONE',  ( 0.000000000000000000, 1.000000000000000000, 0.000000000000000000 ) ) ;
#2628 = DIRECTION ( 'NONE',  ( 0.000000000000000000, 0.000000000000000000, 1.000000000000000000 ) ) ;
#2629 = ORIENTED_EDGE ( 'NONE', *, *, #4235, .F. ) ;
#2630 = ORIENTED_EDGE ( 'NONE', *, *, #3044, .T. ) ;
#2631 = VERTEX_POINT ( 'NONE', #280 ) ;
#2632 = PLANE ( 'NONE',  #27 ) ;
#2633 = EDGE_LOOP ( 'NONE', ( #5872, #2947, #670, #5347, #5039, #6360, #3716, #1489 ) ) ;
#2634 = CARTESIAN_POINT ( 'NONE',  ( 2.500000000000000000, -1.500000000000000000, 5.799999999999999822 ) ) ;
#2635 = CARTESIAN_POINT ( 'NONE',  ( 3.625000000000000000, 2.299999999999999822, 5.474999999999999645 ) ) ;
#2636 = APPLICATION_PROTOCOL_DEFINITION ( 'international standard', 'config_control_design', 1994, #7056 ) ;
#2637 = ORIENTED_EDGE ( 'NONE', *, *, #3296, .F. ) ;
#2638 = ORIENTED_EDGE ( 'NONE', *, *, #3760, .T. ) ;
#2639 = DIRECTION ( 'NONE',  ( 1.000000000000000000, 1.596048541821999782E-13, 0.000000000000000000 ) ) ;
#2640 = CARTESIAN_POINT ( 'NONE',  ( -4.649999999999999467, -2.500000000000000000, -3.799999999999999822 ) ) ;
#2641 = CARTESIAN_POINT ( 'NONE',  ( 0.004213083907949999318, -2.200000000000000178, -4.268245126306999815 ) ) ;
#2642 = DIRECTION ( 'NONE',  ( 0.000000000000000000, 0.7751788502505326806, -0.6317418381936267258 ) ) ;
#2643 = LINE ( 'NONE', #3701, #6578 ) ;
#2644 = VERTEX_POINT ( 'NONE', #2640 ) ;
#2645 = ORIENTED_EDGE ( 'NONE', *, *, #2949, .F. ) ;
#2646 = VERTEX_POINT ( 'NONE', #5460 ) ;
#2647 = EDGE_CURVE ( 'NONE', #4582, #3354, #6068, .T. ) ;
#2648 = FACE_OUTER_BOUND ( 'NONE', #3124, .T. ) ;
#2649 = CIRCLE ( 'NONE', #3964, 0.8999999999999998002 ) ;
#2650 = AXIS2_PLACEMENT_3D ( 'NONE', #3007, #4096, #45 ) ;
#2651 = DIRECTION ( 'NONE',  ( 1.000000000000000000, 0.000000000000000000, 0.000000000000000000 ) ) ;
#2652 = DIRECTION ( 'NONE',  ( 0.000000000000000000, 0.000000000000000000, 1.000000000000000000 ) ) ;
#2653 = CARTESIAN_POINT ( 'NONE',  ( 3.824999999999999734, 2.500000000000000000, 6.025000000000000355 ) ) ;
#2654 = AXIS2_PLACEMENT_3D ( 'NONE', #557, #3419, #5027 ) ;
#2655 = AXIS2_PLACEMENT_3D ( 'NONE', #6222, #2228, #5046 ) ;
#2656 = ORIENTED_EDGE ( 'NONE', *, *, #5884, .T. ) ;
#2657 = ADVANCED_FACE ( 'NONE', ( #5573 ), #4267, .T. ) ;
#2658 = EDGE_CURVE ( 'NONE', #3684, #5, #4354, .T. ) ;
#2659 = DIRECTION ( 'NONE',  ( 0.000000000000000000, 1.000000000000000000, 0.000000000000000000 ) ) ;
#2660 = EDGE_CURVE ( 'NONE', #134, #3514, #310, .T. ) ;
#2661 = CIRCLE ( 'NONE', #6269, 0.2000000000000000944 ) ;
#2662 = AXIS2_PLACEMENT_3D ( 'NONE', #5116, #1127, #5223 ) ;
#2663 = AXIS2_PLACEMENT_3D ( 'NONE', #6835, #2208, #2854 ) ;
#2664 = AXIS2_PLACEMENT_3D ( 'NONE', #6171, #3310, #4966 ) ;
#2665 = EDGE_CURVE ( 'NONE', #1822, #5519, #1469, .T. ) ;
#2666 = CARTESIAN_POINT ( 'NONE',  ( -2.649999999999999911, 2.500000000000000000, 4.850000000000000533 ) ) ;
#2667 = CARTESIAN_POINT ( 'NONE',  ( 5.200000000000000178, 0.4000000000000000222, -4.975000000000000533 ) ) ;
#2668 = CARTESIAN_POINT ( 'NONE',  ( -5.750000000000000000, 3.500000000000000000, -6.949999999999999289 ) ) ;
#2669 = EDGE_LOOP ( 'NONE', ( #207, #1652, #7129, #5266 ) ) ;
#2670 = VECTOR ( 'NONE', #7101, 1000.000000000000000 ) ;
#2671 = EDGE_LOOP ( 'NONE', ( #3170, #6884, #2829, #2383 ) ) ;
#2672 = CIRCLE ( 'NONE', #1340, 0.4499999999994993560 ) ;
#2673 = VECTOR ( 'NONE', #6435, 1000.000000000000000 ) ;
#2674 = EDGE_LOOP ( 'NONE', ( #6411, #7183, #1764, #410, #3430 ) ) ;
#2675 = FACE_OUTER_BOUND ( 'NONE', #261, .T. ) ;
#2676 = ORIENTED_EDGE ( 'NONE', *, *, #4722, .F. ) ;
#2677 = ADVANCED_FACE ( 'NONE', ( #1396 ), #5494, .F. ) ;
#2678 = EDGE_CURVE ( 'NONE', #7391, #7092, #1224, .T. ) ;
#2679 = DIRECTION ( 'NONE',  ( 0.000000000000000000, 0.000000000000000000, 1.000000000000000000 ) ) ;
#2680 = AXIS2_PLACEMENT_3D ( 'NONE', #3016, #5868, #3544 ) ;
#2681 = DIRECTION ( 'NONE',  ( 0.000000000000000000, 1.000000000000000000, 0.000000000000000000 ) ) ;
#2682 = CARTESIAN_POINT ( 'NONE',  ( -4.299999999999999822, 3.100000000000000089, 5.549999999999999822 ) ) ;
#2683 = EDGE_LOOP ( 'NONE', ( #5456, #769, #5481, #2335 ) ) ;
#2684 = ORIENTED_EDGE ( 'NONE', *, *, #6008, .T. ) ;
#2685 = CIRCLE ( 'NONE', #5440, 3.000000000000000000 ) ;
#2686 = DIRECTION ( 'NONE',  ( -1.000000000000000000, 0.000000000000000000, 0.000000000000000000 ) ) ;
#2687 = CARTESIAN_POINT ( 'NONE',  ( 5.049999999999999822, -0.1499999999999999944, -5.950000000000000178 ) ) ;
#2688 = FACE_OUTER_BOUND ( 'NONE', #7332, .T. ) ;
#2689 = AXIS2_PLACEMENT_3D ( 'NONE', #1178, #1745, #4039 ) ;
#2690 = DIRECTION ( 'NONE',  ( -1.000000000000000000, 0.000000000000000000, 0.000000000000000000 ) ) ;
#2691 = LINE ( 'NONE', #4979, #3207 ) ;
#2692 = ORIENTED_EDGE ( 'NONE', *, *, #6070, .F. ) ;
#2693 = ORIENTED_EDGE ( 'NONE', *, *, #5241, .T. ) ;
#2694 = EDGE_LOOP ( 'NONE', ( #7023, #2084, #2880, #4852 ) ) ;
#2695 = CARTESIAN_POINT ( 'NONE',  ( 0.1999999999999997891, -1.300000000000000044, 4.743999999999999773 ) ) ;
#2696 = CARTESIAN_POINT ( 'NONE',  ( 3.050000000000000266, 2.224999999994069722, 4.675000000005930190 ) ) ;
#2697 = DIRECTION ( 'NONE',  ( -1.000000000000000000, 0.000000000000000000, 0.000000000000000000 ) ) ;
#2698 = CARTESIAN_POINT ( 'NONE',  ( 0.2000000000000000111, 0.5000000000000000000, 5.000000000000000000 ) ) ;
#2699 = EDGE_LOOP ( 'NONE', ( #3782, #5632, #7063, #751 ) ) ;
#2700 = CARTESIAN_POINT ( 'NONE',  ( -1.939999999999999947, 0.5000000000000002220, 5.486854749822000166 ) ) ;
#2701 = CLOSED_SHELL ( 'NONE', ( #4783, #3447, #2103, #1635, #5560 ) ) ;
#2702 = DIRECTION ( 'NONE',  ( 2.829012744230000060E-14, 1.000000000000000000, 0.000000000000000000 ) ) ;
#2703 = EDGE_CURVE ( 'NONE', #265, #3702, #390, .T. ) ;
#2704 =( GEOMETRIC_REPRESENTATION_CONTEXT ( 3 ) GLOBAL_UNCERTAINTY_ASSIGNED_CONTEXT ( ( #2400 ) ) GLOBAL_UNIT_ASSIGNED_CONTEXT ( ( #7341, #419, #4927 ) ) REPRESENTATION_CONTEXT ( 'NONE', 'WORKASPACE' ) );
#2705 = DIRECTION ( 'NONE',  ( -1.000000000000000000, 0.000000000000000000, 0.000000000000000000 ) ) ;
#2706 = DIRECTION ( 'NONE',  ( 0.000000000000000000, 0.000000000000000000, -1.000000000000000000 ) ) ;
#2707 = ADVANCED_FACE ( 'NONE', ( #4600 ), #7311, .T. ) ;
#2708 = CARTESIAN_POINT ( 'NONE',  ( -1.449999999999999956, 0.4000000000000000222, -5.087500000000000355 ) ) ;
#2709 = ORIENTED_EDGE ( 'NONE', *, *, #4264, .F. ) ;
#2710 = ORIENTED_EDGE ( 'NONE', *, *, #5933, .F. ) ;
#2711 = ORIENTED_EDGE ( 'NONE', *, *, #6586, .T. ) ;
#2712 = DIRECTION ( 'NONE',  ( 0.000000000000000000, -1.000000000000000000, 0.000000000000000000 ) ) ;
#2713 = DIRECTION ( 'NONE',  ( 0.000000000000000000, 4.127417362135999625E-14, 1.000000000000000000 ) ) ;
#2714 = CARTESIAN_POINT ( 'NONE',  ( 3.649999999999999911, -1.800000000000000044, -6.100000000000000533 ) ) ;
#2715 = EDGE_CURVE ( 'NONE', #789, #7021, #6296, .T. ) ;
#2716 = ORIENTED_EDGE ( 'NONE', *, *, #1054, .T. ) ;
#2717 = EDGE_CURVE ( 'NONE', #5722, #2382, #1657, .T. ) ;
#2718 = EDGE_CURVE ( 'NONE', #6524, #6075, #6739, .T. ) ;
#2719 = VERTEX_POINT ( 'NONE', #5089 ) ;
#2720 = EDGE_LOOP ( 'NONE', ( #4141, #6432 ) ) ;
#2721 = VECTOR ( 'NONE', #4545, 1000.000000000000000 ) ;
#2722 = CARTESIAN_POINT ( 'NONE',  ( 2.100000000000000089, -2.000000000000000000, 5.799999999999999822 ) ) ;
#2723 = CARTESIAN_POINT ( 'NONE',  ( -0.8499999999999999778, -2.200000000000000178, -5.250000000000000000 ) ) ;
#2724 = DIRECTION ( 'NONE',  ( 0.000000000000000000, 0.000000000000000000, -1.000000000000000000 ) ) ;
#2725 = CARTESIAN_POINT ( 'NONE',  ( -5.750000000000000000, 3.000000000000000000, 0.000000000000000000 ) ) ;
#2726 = AXIS2_PLACEMENT_3D ( 'NONE', #3862, #6166, #3341 ) ;
#2727 = DIRECTION ( 'NONE',  ( 1.000000000000000000, 0.000000000000000000, 0.000000000000000000 ) ) ;
#2728 = VERTEX_POINT ( 'NONE', #423 ) ;
#2729 = EDGE_LOOP ( 'NONE', ( #1774, #2214 ) ) ;
#2730 = ORIENTED_EDGE ( 'NONE', *, *, #6538, .F. ) ;
#2731 = CARTESIAN_POINT ( 'NONE',  ( 4.100000000000000533, -1.899999999999999911, -5.774999999999999467 ) ) ;
#2732 = AXIS2_PLACEMENT_3D ( 'NONE', #3815, #6113, #955 ) ;
#2733 = CARTESIAN_POINT ( 'NONE',  ( 4.549999999999999822, -1.699999999999999956, 2.500000000000000000 ) ) ;
#2734 = DIRECTION ( 'NONE',  ( 1.000000000000000000, 0.000000000000000000, 0.000000000000000000 ) ) ;
#2735 = CYLINDRICAL_SURFACE ( 'NONE', #5478, 3.101923076923000178 ) ;
#2736 = AXIS2_PLACEMENT_3D ( 'NONE', #1582, #3884, #6224 ) ;
#2737 = ORIENTED_EDGE ( 'NONE', *, *, #2623, .F. ) ;
#2738 = DIRECTION ( 'NONE',  ( -0.9701425001453670705, 0.000000000000000000, -0.2425356250361919985 ) ) ;
#2739 = LINE ( 'NONE', #7122, #7136 ) ;
#2740 = CARTESIAN_POINT ( 'NONE',  ( 2.306537443294000234, 1.649999999999999911, 5.950000000000000178 ) ) ;
#2741 = DIRECTION ( 'NONE',  ( 0.000000000000000000, 0.000000000000000000, -1.000000000000000000 ) ) ;
#2742 = CARTESIAN_POINT ( 'NONE',  ( -2.149999999999999911, -1.699999999999999956, -0.8499999999999999778 ) ) ;
#2743 = ORIENTED_EDGE ( 'NONE', *, *, #1195, .F. ) ;
#2744 = DIRECTION ( 'NONE',  ( 1.000000000000000000, 0.000000000000000000, 0.000000000000000000 ) ) ;
#2745 = VERTEX_POINT ( 'NONE', #2188 ) ;
#2746 = DIRECTION ( 'NONE',  ( -1.000000000000000000, 0.000000000000000000, 0.000000000000000000 ) ) ;
#2747 = EDGE_CURVE ( 'NONE', #367, #5448, #1024, .T. ) ;
#2748 = CARTESIAN_POINT ( 'NONE',  ( 3.050000000000000266, 2.199999999980000176, 4.649999999992999733 ) ) ;
#2749 = CARTESIAN_POINT ( 'NONE',  ( 4.400000000000000355, -4.850000000000000533, -6.100000000000000533 ) ) ;
#2750 = ORIENTED_EDGE ( 'NONE', *, *, #3709, .F. ) ;
#2751 = PLANE ( 'NONE',  #5459 ) ;
#2752 = ORIENTED_EDGE ( 'NONE', *, *, #6402, .F. ) ;
#2753 = EDGE_LOOP ( 'NONE', ( #6393, #4888, #1769 ) ) ;
#2754 = ORIENTED_EDGE ( 'NONE', *, *, #5735, .T. ) ;
#2755 = EDGE_CURVE ( 'NONE', #6492, #1104, #5311, .T. ) ;
#2756 = EDGE_CURVE ( 'NONE', #3878, #697, #7430, .T. ) ;
#2757 = CYLINDRICAL_SURFACE ( 'NONE', #6887, 0.5000000000000004441 ) ;
#2758 = DIRECTION ( 'NONE',  ( -0.7071067811865474617, -0.7071067811865474617, 0.000000000000000000 ) ) ;
#2759 = CC_DESIGN_PERSON_AND_ORGANIZATION_ASSIGNMENT ( #6440, #5156, ( #4864 ) ) ;
#2760 = ADVANCED_FACE ( 'NONE', ( #5611 ), #2226, .F. ) ;
#2761 = CARTESIAN_POINT ( 'NONE',  ( 2.200000000000000178, 2.500000000000000000, 5.950000000000000178 ) ) ;
#2762 = CARTESIAN_POINT ( 'NONE',  ( -5.349999999999999645, -1.699999999999999956, 4.675000000000000711 ) ) ;
#2763 = EDGE_CURVE ( 'NONE', #5677, #28, #4115, .T. ) ;
#2764 = DIRECTION ( 'NONE',  ( 0.000000000000000000, 0.000000000000000000, -1.000000000000000000 ) ) ;
#2765 = CIRCLE ( 'NONE', #7204, 0.8999999999999998002 ) ;
#2766 = CYLINDRICAL_SURFACE ( 'NONE', #2246, 0.1499999999999999667 ) ;
#2767 = EDGE_LOOP ( 'NONE', ( #7362, #6970, #5570, #3886 ) ) ;
#2768 = ORIENTED_EDGE ( 'NONE', *, *, #3667, .F. ) ;
#2769 = ORIENTED_EDGE ( 'NONE', *, *, #5413, .F. ) ;
#2770 = CARTESIAN_POINT ( 'NONE',  ( 3.824999999999999734, 2.500000000000000000, 6.025000000000000355 ) ) ;
#2771 = DIRECTION ( 'NONE',  ( 0.000000000000000000, 0.000000000000000000, 1.000000000000000000 ) ) ;
#2772 = EDGE_CURVE ( 'NONE', #3245, #2843, #1733, .T. ) ;
#2773 = CARTESIAN_POINT ( 'NONE',  ( 2.600000000000000089, 2.299999999999999822, 5.825000000000000178 ) ) ;
#2774 = DIRECTION ( 'NONE',  ( 0.000000000000000000, 0.7071067811865475727, -0.7071067811865475727 ) ) ;
#2775 = VERTEX_POINT ( 'NONE', #1096 ) ;
#2776 = AXIS2_PLACEMENT_3D ( 'NONE', #5333, #2972, #2478 ) ;
#2777 = DIRECTION ( 'NONE',  ( 0.000000000000000000, 0.000000000000000000, 1.000000000000000000 ) ) ;
#2778 = DIRECTION ( 'NONE',  ( 0.000000000000000000, 0.000000000000000000, 1.000000000000000000 ) ) ;
#2779 = LINE ( 'NONE', #7260, #5775 ) ;
#2780 = AXIS2_PLACEMENT_3D ( 'NONE', #6958, #4161, #6390 ) ;
#2781 = DIRECTION ( 'NONE',  ( 1.000000000000000000, 0.000000000000000000, 0.000000000000000000 ) ) ;
#2782 = AXIS2_PLACEMENT_3D ( 'NONE', #6314, #240, #2321 ) ;
#2783 = PLANE ( 'NONE',  #5724 ) ;
#2784 = EDGE_LOOP ( 'NONE', ( #4272, #897, #3651, #5859 ) ) ;
#2785 = CARTESIAN_POINT ( 'NONE',  ( 3.600000000000000089, 3.500000000000000000, 5.549999999999999822 ) ) ;
#2786 = ORIENTED_EDGE ( 'NONE', *, *, #3209, .F. ) ;
#2787 = DIRECTION ( 'NONE',  ( 0.000000000000000000, 1.000000000000000000, 0.000000000000000000 ) ) ;
#2788 = CIRCLE ( 'NONE', #5778, 0.5999999999999999778 ) ;
#2789 = VECTOR ( 'NONE', #2015, 1000.000000000000000 ) ;
#2790 = AXIS2_PLACEMENT_3D ( 'NONE', #1172, #3471, #576 ) ;
#2791 = DIRECTION ( 'NONE',  ( 0.000000000000000000, 1.000000000000000000, 0.000000000000000000 ) ) ;
#2792 = PLANE ( 'NONE',  #862 ) ;
#2793 = CIRCLE ( 'NONE', #5909, 0.5250000000000002442 ) ;
#2794 = ORIENTED_EDGE ( 'NONE', *, *, #3760, .F. ) ;
#2795 = AXIS2_PLACEMENT_3D ( 'NONE', #188, #153, #2942 ) ;
#2796 = DIRECTION ( 'NONE',  ( 0.000000000000000000, 0.000000000000000000, 1.000000000000000000 ) ) ;
#2797 = ORIENTED_EDGE ( 'NONE', *, *, #6346, .T. ) ;
#2798 = ORIENTED_EDGE ( 'NONE', *, *, #4603, .F. ) ;
#2799 = VERTEX_POINT ( 'NONE', #5044 ) ;
#2800 = AXIS2_PLACEMENT_3D ( 'NONE', #6902, #3953, #575 ) ;
#2801 = DIRECTION ( 'NONE',  ( -1.000000000000000000, 0.000000000000000000, 0.000000000000000000 ) ) ;
#2802 = VECTOR ( 'NONE', #495, 1000.000000000000000 ) ;
#2803 = CARTESIAN_POINT ( 'NONE',  ( 0.005362112447577910106, -2.299999999999999822, -4.003969365358120314 ) ) ;
#2804 = CARTESIAN_POINT ( 'NONE',  ( -4.924999999999999822, -1.800000000000000044, -3.750000000000000000 ) ) ;
#2805 = DIRECTION ( 'NONE',  ( 0.000000000000000000, 0.000000000000000000, 1.000000000000000000 ) ) ;
#2806 = EDGE_CURVE ( 'NONE', #1392, #7207, #6526, .T. ) ;
#2807 = DIRECTION ( 'NONE',  ( 0.000000000000000000, 0.000000000000000000, 1.000000000000000000 ) ) ;
#2808 = AXIS2_PLACEMENT_3D ( 'NONE', #3126, #3198, #1389 ) ;
#2809 = ORIENTED_EDGE ( 'NONE', *, *, #4236, .T. ) ;
#2810 = VECTOR ( 'NONE', #6234, 1000.000000000000000 ) ;
#2811 = VERTEX_POINT ( 'NONE', #6783 ) ;
#2812 = ORIENTED_EDGE ( 'NONE', *, *, #3128, .F. ) ;
#2813 = LINE ( 'NONE', #5580, #6153 ) ;
#2814 = CARTESIAN_POINT ( 'NONE',  ( 5.349999999999999645, 2.500000000000000000, -5.474999999999999645 ) ) ;
#2815 = VECTOR ( 'NONE', #1545, 1000.000000000000000 ) ;
#2816 = DIRECTION ( 'NONE',  ( 1.000000000000000000, 0.000000000000000000, 0.000000000000000000 ) ) ;
#2817 = ADVANCED_FACE ( 'NONE', ( #4030 ), #6330, .F. ) ;
#2818 = PLANE ( 'NONE',  #2605 ) ;
#2819 = EDGE_CURVE ( 'NONE', #6962, #429, #4440, .T. ) ;
#2820 = ADVANCED_FACE ( 'NONE', ( #5646 ), #308, .T. ) ;
#2821 = ORIENTED_EDGE ( 'NONE', *, *, #4221, .F. ) ;
#2822 = CARTESIAN_POINT ( 'NONE',  ( -2.812500000000000000, 2.399999999999999911, 5.924999999999999822 ) ) ;
#2823 = CARTESIAN_POINT ( 'NONE',  ( -0.8499999999999999778, -2.500000000000000000, -3.550000000000000266 ) ) ;
#2824 = LINE ( 'NONE', #7329, #3249 ) ;
#2825 = DIRECTION ( 'NONE',  ( 0.000000000000000000, 1.000000000000000000, 0.000000000000000000 ) ) ;
#2826 = CARTESIAN_POINT ( 'NONE',  ( 0.005362112447553000344, -2.299999999999999822, -4.003969365357999521 ) ) ;
#2827 = VERTEX_POINT ( 'NONE', #4146 ) ;
#2828 = CARTESIAN_POINT ( 'NONE',  ( -1.925000000000000044, -1.699999999999999956, -2.250000000000000000 ) ) ;
#2829 = ORIENTED_EDGE ( 'NONE', *, *, #5270, .T. ) ;
#2830 = LINE ( 'NONE', #3977, #2174 ) ;
#2831 = CARTESIAN_POINT ( 'NONE',  ( -2.200000000000000178, 2.500000000000000000, 6.025000000000000355 ) ) ;
#2832 = DIRECTION ( 'NONE',  ( 1.000000000000000000, 0.000000000000000000, 0.000000000000000000 ) ) ;
#2833 = ORIENTED_EDGE ( 'NONE', *, *, #3258, .F. ) ;
#2834 = APPROVAL_PERSON_ORGANIZATION ( #2370, #7087, #4025 ) ;
#2835 = ORIENTED_EDGE ( 'NONE', *, *, #1492, .F. ) ;
#2836 = ORIENTED_EDGE ( 'NONE', *, *, #952, .T. ) ;
#2837 = EDGE_LOOP ( 'NONE', ( #4981, #2062 ) ) ;
#2838 = CARTESIAN_POINT ( 'NONE',  ( -0.1700556982308999987, -2.299999999999999822, -4.532520887255999220 ) ) ;
#2839 = CARTESIAN_POINT ( 'NONE',  ( 0.01991645209479804557, -2.200000000000000178, -4.073676878214885555 ) ) ;
#2840 = LINE ( 'NONE', #2761, #5187 ) ;
#2841 = LINE ( 'NONE', #1100, #5408 ) ;
#2842 = LINE ( 'NONE', #7280, #1515 ) ;
#2843 = VERTEX_POINT ( 'NONE', #1915 ) ;
#2844 = VERTEX_POINT ( 'NONE', #654 ) ;
#2845 = VERTEX_POINT ( 'NONE', #5304 ) ;
#2846 = DIRECTION ( 'NONE',  ( 0.000000000000000000, 1.000000000000000000, 0.000000000000000000 ) ) ;
#2847 = EDGE_CURVE ( 'NONE', #1946, #935, #7018, .T. ) ;
#2848 = DIRECTION ( 'NONE',  ( -1.000000000000000000, 0.000000000000000000, 0.000000000000000000 ) ) ;
#2849 = AXIS2_PLACEMENT_3D ( 'NONE', #5370, #7114, #155 ) ;
#2850 = DIRECTION ( 'NONE',  ( 0.000000000000000000, 0.000000000000000000, 1.000000000000000000 ) ) ;
#2851 = DIRECTION ( 'NONE',  ( 0.000000000000000000, 0.000000000000000000, 1.000000000000000000 ) ) ;
#2852 = VERTEX_POINT ( 'NONE', #683 ) ;
#2853 = CIRCLE ( 'NONE', #2732, 0.8999999999999998002 ) ;
#2854 = DIRECTION ( 'NONE',  ( 0.000000000000000000, 0.000000000000000000, -1.000000000000000000 ) ) ;
#2855 = EDGE_CURVE ( 'NONE', #4428, #3, #1205, .T. ) ;
#2856 = DIRECTION ( 'NONE',  ( -1.000000000000000000, 0.000000000000000000, 3.734224056094999899E-14 ) ) ;
#2857 = DIRECTION ( 'NONE',  ( 0.000000000000000000, 0.000000000000000000, 1.000000000000000000 ) ) ;
#2858 = ADVANCED_FACE ( 'NONE', ( #713 ), #7050, .F. ) ;
#2859 = CARTESIAN_POINT ( 'NONE',  ( 2.100000000000000089, -1.800000000000000044, 5.486854749822000166 ) ) ;
#2860 = VECTOR ( 'NONE', #4636, 1000.000000000000000 ) ;
#2861 = EDGE_CURVE ( 'NONE', #3796, #1392, #1805, .T. ) ;
#2862 = CARTESIAN_POINT ( 'NONE',  ( -4.299999999999999822, 3.100000000000000089, 5.549999999999999822 ) ) ;
#2863 = VERTEX_POINT ( 'NONE', #1881 ) ;
#2864 = ORIENTED_EDGE ( 'NONE', *, *, #3362, .T. ) ;
#2865 = ORIENTED_EDGE ( 'NONE', *, *, #6840, .T. ) ;
#2866 = PLANE ( 'NONE',  #2662 ) ;
#2867 = DIRECTION ( 'NONE',  ( 0.000000000000000000, -1.000000000000000000, 0.000000000000000000 ) ) ;
#2868 = CARTESIAN_POINT ( 'NONE',  ( -2.877762515837999580, -1.500000000000000000, 5.799999999999999822 ) ) ;
#2869 = VERTEX_POINT ( 'NONE', #4180 ) ;
#2870 = CALENDAR_DATE ( 2025, 11, 9 ) ;
#2871 = ORIENTED_EDGE ( 'NONE', *, *, #4587, .T. ) ;
#2872 = ORIENTED_EDGE ( 'NONE', *, *, #5413, .T. ) ;
#2873 = VERTEX_POINT ( 'NONE', #4779 ) ;
#2874 = CARTESIAN_POINT ( 'NONE',  ( -0.09999999999999996392, -4.850000000000000533, 5.299999999999999822 ) ) ;
#2875 = DIRECTION ( 'NONE',  ( 0.000000000000000000, 0.000000000000000000, -1.000000000000000000 ) ) ;
#2876 = LINE ( 'NONE', #3881, #3620 ) ;
#2877 = LINE ( 'NONE', #4561, #1697 ) ;
#2878 = DIRECTION ( 'NONE',  ( 1.000000000000000000, 0.000000000000000000, 0.000000000000000000 ) ) ;
#2879 = ORIENTED_EDGE ( 'NONE', *, *, #4034, .T. ) ;
#2880 = ORIENTED_EDGE ( 'NONE', *, *, #1681, .T. ) ;
#2881 = LINE ( 'NONE', #430, #3516 ) ;
#2882 = CARTESIAN_POINT ( 'NONE',  ( 0.3703690748662000209, -2.250000000000000000, -4.400000000000000355 ) ) ;
#2883 = DIRECTION ( 'NONE',  ( 0.000000000000000000, 1.000000000000000000, 0.000000000000000000 ) ) ;
#2884 = CARTESIAN_POINT ( 'NONE',  ( -0.4000000000000000222, -2.000000000000000000, 5.794322077004999905 ) ) ;
#2885 = EDGE_LOOP ( 'NONE', ( #1347, #6508, #4705 ) ) ;
#2886 = FACE_OUTER_BOUND ( 'NONE', #6895, .T. ) ;
#2887 = FACE_OUTER_BOUND ( 'NONE', #2268, .T. ) ;
#2888 = CARTESIAN_POINT ( 'NONE',  ( -3.425000000000000266, 2.500000000000000000, 5.275000000000000355 ) ) ;
#2889 = LINE ( 'NONE', #5177, #490 ) ;
#2890 = CARTESIAN_POINT ( 'NONE',  ( -0.4000000000000000222, -1.928740671584000088, 5.799999999999999822 ) ) ;
#2891 = ORIENTED_EDGE ( 'NONE', *, *, #5735, .F. ) ;
#2892 = EDGE_CURVE ( 'NONE', #5382, #6240, #6447, .T. ) ;
#2893 = ADVANCED_FACE ( 'NONE', ( #5204 ), #1849, .F. ) ;
#2894 = CARTESIAN_POINT ( 'NONE',  ( -0.2313370455056000252, -2.200000000000000178, -4.717896939814000490 ) ) ;
#2895 = ORIENTED_EDGE ( 'NONE', *, *, #4407, .T. ) ;
#2896 = EDGE_CURVE ( 'NONE', #6806, #7106, #4597, .T. ) ;
#2897 = CARTESIAN_POINT ( 'NONE',  ( 1.100000000000000089, 3.299999999999999822, -4.450000000000000178 ) ) ;
#2898 = AXIS2_PLACEMENT_3D ( 'NONE', #6995, #2931, #1861 ) ;
#2899 = PLANE ( 'NONE',  #5048 ) ;
#2900 = CARTESIAN_POINT ( 'NONE',  ( -2.877762515837999580, -1.500000000000000000, 5.500000000000000000 ) ) ;
#2901 = DIRECTION ( 'NONE',  ( 0.000000000000000000, -1.000000000000000000, 0.000000000000000000 ) ) ;
#2902 = ORIENTED_EDGE ( 'NONE', *, *, #4097, .T. ) ;
#2903 = EDGE_CURVE ( 'NONE', #4344, #287, #7008, .T. ) ;
#2904 = ORIENTED_EDGE ( 'NONE', *, *, #281, .F. ) ;
#2905 = AXIS2_PLACEMENT_3D ( 'NONE', #6832, #3929, #6718 ) ;
#2906 = CIRCLE ( 'NONE', #2167, 2.000000000000000000 ) ;
#2907 = ORIENTED_EDGE ( 'NONE', *, *, #2747, .T. ) ;
#2908 = EDGE_CURVE ( 'NONE', #2494, #4200, #89, .T. ) ;
#2909 = ADVANCED_FACE ( 'NONE', ( #3609 ), #5268, .T. ) ;
#2910 = EDGE_LOOP ( 'NONE', ( #38, #1126, #4058, #4741 ) ) ;
#2911 = LINE ( 'NONE', #4145, #641 ) ;
#2912 = DIRECTION ( 'NONE',  ( 0.000000000000000000, 1.000000000000000000, 0.000000000000000000 ) ) ;
#2913 = CIRCLE ( 'NONE', #3508, 0.5999999999999998668 ) ;
#2914 = CIRCLE ( 'NONE', #6399, 0.8999999999999998002 ) ;
#2915 = DIRECTION ( 'NONE',  ( 1.000000000000000000, 0.000000000000000000, 0.000000000000000000 ) ) ;
#2916 = AXIS2_PLACEMENT_3D ( 'NONE', #3323, #2265, #5728 ) ;
#2917 = FACE_OUTER_BOUND ( 'NONE', #4822, .T. ) ;
#2918 = ORIENTED_EDGE ( 'NONE', *, *, #4556, .T. ) ;
#2919 = VERTEX_POINT ( 'NONE', #4109 ) ;
#2920 = VECTOR ( 'NONE', #4945, 1000.000000000000000 ) ;
#2921 = AXIS2_PLACEMENT_3D ( 'NONE', #6427, #3036, #3107 ) ;
#2922 = LINE ( 'NONE', #2957, #5312 ) ;
#2923 = CARTESIAN_POINT ( 'NONE',  ( -0.4000000000000000222, -2.000000000000000000, 5.799999999999999822 ) ) ;
#2924 = AXIS2_PLACEMENT_3D ( 'NONE', #386, #3834, #7348 ) ;
#2925 = DIRECTION ( 'NONE',  ( 0.000000000000000000, -1.000000000000000000, 0.000000000000000000 ) ) ;
#2926 = CARTESIAN_POINT ( 'NONE',  ( -0.01761839278059124797, -2.200000000000000178, -4.085167163610375241 ) ) ;
#2927 = ORIENTED_EDGE ( 'NONE', *, *, #4998, .F. ) ;
#2928 = DIRECTION ( 'NONE',  ( 0.000000000000000000, 0.000000000000000000, 1.000000000000000000 ) ) ;
#2929 = VECTOR ( 'NONE', #3856, 1000.000000000000000 ) ;
#2930 = CARTESIAN_POINT ( 'NONE',  ( 3.649999999999999911, -1.800000000000000044, -5.799999999999999822 ) ) ;
#2931 = DIRECTION ( 'NONE',  ( -1.000000000000000000, 0.000000000000000000, 0.000000000000000000 ) ) ;
#2932 = DIRECTION ( 'NONE',  ( -1.000000000000000000, 0.000000000000000000, 0.000000000000000000 ) ) ;
#2933 = VECTOR ( 'NONE', #5769, 1000.000000000000000 ) ;
#2934 = ORIENTED_EDGE ( 'NONE', *, *, #3624, .F. ) ;
#2935 = CARTESIAN_POINT ( 'NONE',  ( 0.2000000000000000111, 3.299999999999999822, -4.450000000000000178 ) ) ;
#2936 = EDGE_LOOP ( 'NONE', ( #5165, #6, #916, #1491 ) ) ;
#2937 = EDGE_CURVE ( 'NONE', #481, #6326, #2983, .T. ) ;
#2938 = LINE ( 'NONE', #1835, #4704 ) ;
#2939 = EDGE_LOOP ( 'NONE', ( #2977, #5073, #6613, #1639 ) ) ;
#2940 = EDGE_CURVE ( 'NONE', #3571, #1955, #5763, .T. ) ;
#2941 = FACE_OUTER_BOUND ( 'NONE', #2358, .T. ) ;
#2942 = DIRECTION ( 'NONE',  ( 1.000000000000000000, 0.000000000000000000, 0.000000000000000000 ) ) ;
#2943 = CARTESIAN_POINT ( 'NONE',  ( -4.299999999999999822, 3.100000000000000089, 5.549999999999999822 ) ) ;
#2944 = ORIENTED_EDGE ( 'NONE', *, *, #2349, .T. ) ;
#2945 = EDGE_LOOP ( 'NONE', ( #2014, #2260, #5532, #6412 ) ) ;
#2946 = EDGE_LOOP ( 'NONE', ( #6746, #3685, #5913, #3055 ) ) ;
#2947 = ORIENTED_EDGE ( 'NONE', *, *, #4964, .F. ) ;
#2948 = CARTESIAN_POINT ( 'NONE',  ( 0.000000000000000000, 2.500000000000000000, 0.000000000000000000 ) ) ;
#2949 = EDGE_CURVE ( 'NONE', #2844, #3702, #5908, .T. ) ;
#2950 = DIRECTION ( 'NONE',  ( 0.000000000000000000, 0.7751788502520129409, -0.6317418381918100678 ) ) ;
#2951 = DIRECTION ( 'NONE',  ( 0.7276068751091748776, 0.4850712500722839104, -0.4850712500727838994 ) ) ;
#2952 = EDGE_CURVE ( 'NONE', #7000, #2517, #757, .T. ) ;
#2953 = ADVANCED_FACE ( 'NONE', ( #195 ), #2489, .F. ) ;
#2954 = FACE_OUTER_BOUND ( 'NONE', #892, .T. ) ;
#2955 = ORIENTED_EDGE ( 'NONE', *, *, #326, .T. ) ;
#2956 = ORIENTED_EDGE ( 'NONE', *, *, #6302, .T. ) ;
#2957 = CARTESIAN_POINT ( 'NONE',  ( -0.4000000000000000222, -1.928740671584000088, 5.500000000000000000 ) ) ;
#2958 = LINE ( 'NONE', #3621, #4953 ) ;
#2959 = DIRECTION ( 'NONE',  ( 0.9419527418994553258, 0.000000000000000000, 0.3357454869809841647 ) ) ;
#2960 = FACE_BOUND ( 'NONE', #2946, .T. ) ;
#2961 = ORIENTED_EDGE ( 'NONE', *, *, #2105, .T. ) ;
#2962 = CARTESIAN_POINT ( 'NONE',  ( 0.1999999999999997613, 2.600000000000000089, 5.825000000000000178 ) ) ;
#2963 = CIRCLE ( 'NONE', #3792, 0.8999999999999998002 ) ;
#2964 = DIRECTION ( 'NONE',  ( 0.000000000000000000, 0.000000000000000000, 1.000000000000000000 ) ) ;
#2965 = CARTESIAN_POINT ( 'NONE',  ( 4.527626313563481553, 2.424970221859251041, 4.675000000000001599 ) ) ;
#2966 = DIRECTION ( 'NONE',  ( -1.000000000000000000, 0.000000000000000000, 0.000000000000000000 ) ) ;
#2967 = AXIS2_PLACEMENT_3D ( 'NONE', #6466, #1297, #738 ) ;
#2968 = CARTESIAN_POINT ( 'NONE',  ( -2.649999999999999911, -2.100000000000000089, 5.474999999999999645 ) ) ;
#2969 = VERTEX_POINT ( 'NONE', #4634 ) ;
#2970 = CARTESIAN_POINT ( 'NONE',  ( 3.750000000000000000, -2.500000000000000000, -5.774999999999999467 ) ) ;
#2971 = VECTOR ( 'NONE', #4648, 1000.000000000000114 ) ;
#2972 = DIRECTION ( 'NONE',  ( 1.000000000000000000, 0.000000000000000000, 0.000000000000000000 ) ) ;
#2973 = CARTESIAN_POINT ( 'NONE',  ( -4.500000000000000000, -1.800000000000000044, -3.250000000000000000 ) ) ;
#2974 = CARTESIAN_POINT ( 'NONE',  ( 3.050000000000000266, -1.699999999999999956, 4.649999999999999467 ) ) ;
#2975 = VERTEX_POINT ( 'NONE', #6940 ) ;
#2976 = SECURITY_CLASSIFICATION_LEVEL ( 'unclassified' ) ;
#2977 = ORIENTED_EDGE ( 'NONE', *, *, #95, .F. ) ;
#2978 = VERTEX_POINT ( 'NONE', #5451 ) ;
#2979 = VECTOR ( 'NONE', #2030, 999.9999999999998863 ) ;
#2980 = EDGE_CURVE ( 'NONE', #445, #2975, #5548, .T. ) ;
#2981 = ORIENTED_EDGE ( 'NONE', *, *, #2717, .F. ) ;
#2982 = CARTESIAN_POINT ( 'NONE',  ( -4.649999999999999467, -1.899999999999999911, -2.500000000000000000 ) ) ;
#2983 = LINE ( 'NONE', #6516, #3515 ) ;
#2984 = DIRECTION ( 'NONE',  ( 0.000000000000000000, -1.000000000000000000, 0.000000000000000000 ) ) ;
#2985 = CARTESIAN_POINT ( 'NONE',  ( 3.277762515837999935, -1.300000000000000044, 5.486854749822000166 ) ) ;
#2986 = ORIENTED_EDGE ( 'NONE', *, *, #2439, .F. ) ;
#2987 = EDGE_LOOP ( 'NONE', ( #1384, #3004 ) ) ;
#2988 = EDGE_CURVE ( 'NONE', #3650, #2646, #4893, .T. ) ;
#2989 = EDGE_CURVE ( 'NONE', #3231, #3245, #303, .T. ) ;
#2990 = ADVANCED_FACE ( 'NONE', ( #4369 ), #7232, .T. ) ;
#2991 = DIRECTION ( 'NONE',  ( 0.000000000000000000, 1.000000000000000000, 0.000000000000000000 ) ) ;
#2992 = ADVANCED_FACE ( 'NONE', ( #5486 ), #6699, .F. ) ;
#2993 = DIRECTION ( 'NONE',  ( 0.000000000000000000, 1.000000000000000000, 0.000000000000000000 ) ) ;
#2994 = FACE_OUTER_BOUND ( 'NONE', #2598, .T. ) ;
#2995 = VECTOR ( 'NONE', #1232, 1000.000000000000114 ) ;
#2996 = CARTESIAN_POINT ( 'NONE',  ( -0.07660168297609040722, -2.299999999999999822, -4.261350971460575288 ) ) ;
#2997 = ORIENTED_EDGE ( 'NONE', *, *, #4641, .F. ) ;
#2998 = ADVANCED_FACE ( 'NONE', ( #1958 ), #4258, .F. ) ;
#2999 = LINE ( 'NONE', #1859, #1704 ) ;
#3000 = DIRECTION ( 'NONE',  ( 0.000000000000000000, 0.000000000000000000, 1.000000000000000000 ) ) ;
#3001 = LINE ( 'NONE', #6429, #2413 ) ;
#3002 = CARTESIAN_POINT ( 'NONE',  ( 4.840557876839999274, -1.800000000000000044, 2.399999999999999911 ) ) ;
#3003 = DIRECTION ( 'NONE',  ( 0.000000000000000000, 0.000000000000000000, -1.000000000000000000 ) ) ;
#3004 = ORIENTED_EDGE ( 'NONE', *, *, #5702, .F. ) ;
#3005 = FACE_OUTER_BOUND ( 'NONE', #2452, .T. ) ;
#3006 = ORIENTED_EDGE ( 'NONE', *, *, #6217, .F. ) ;
#3007 = CARTESIAN_POINT ( 'NONE',  ( -4.924999999999999822, -1.500000000000000000, -3.850000000000000089 ) ) ;
#3008 = DIRECTION ( 'NONE',  ( 0.000000000000000000, 0.000000000000000000, 1.000000000000000000 ) ) ;
#3009 = DIRECTION ( 'NONE',  ( -1.000000000000000000, 0.000000000000000000, 0.000000000000000000 ) ) ;
#3010 = ORIENTED_EDGE ( 'NONE', *, *, #957, .T. ) ;
#3011 = ORIENTED_EDGE ( 'NONE', *, *, #3172, .F. ) ;
#3012 = ORIENTED_EDGE ( 'NONE', *, *, #5704, .F. ) ;
#3013 = AXIS2_PLACEMENT_3D ( 'NONE', #2749, #5636, #2832 ) ;
#3014 = VECTOR ( 'NONE', #3084, 1000.000000000000114 ) ;
#3015 = ORIENTED_EDGE ( 'NONE', *, *, #6256, .T. ) ;
#3016 = CARTESIAN_POINT ( 'NONE',  ( -2.100000000000000089, -1.699999999999999956, 5.500000000000000000 ) ) ;
#3017 = DIRECTION ( 'NONE',  ( -1.000000000000000000, 0.000000000000000000, -5.628527094495999947E-14 ) ) ;
#3018 = FACE_OUTER_BOUND ( 'NONE', #1400, .T. ) ;
#3019 = VECTOR ( 'NONE', #2741, 1000.000000000000000 ) ;
#3020 = VECTOR ( 'NONE', #2724, 1000.000000000000000 ) ;
#3021 = FACE_OUTER_BOUND ( 'NONE', #5450, .T. ) ;
#3022 = VERTEX_POINT ( 'NONE', #6060 ) ;
#3023 = VERTEX_POINT ( 'NONE', #4328 ) ;
#3024 = DIRECTION ( 'NONE',  ( 1.000000000000000000, 0.000000000000000000, 0.000000000000000000 ) ) ;
#3025 = AXIS2_PLACEMENT_3D ( 'NONE', #4910, #7210, #2047 ) ;
#3026 = VECTOR ( 'NONE', #4537, 1000.000000000000000 ) ;
#3027 = VECTOR ( 'NONE', #1455, 1000.000000000000000 ) ;
#3028 = CARTESIAN_POINT ( 'NONE',  ( 4.999999999999940492, -1.699999999999999956, -6.100000000000000533 ) ) ;
#3029 = DIRECTION ( 'NONE',  ( 5.625129991434000464E-14, 1.000000000000000000, 0.000000000000000000 ) ) ;
#3030 = EDGE_CURVE ( 'NONE', #3603, #2646, #1457, .T. ) ;
#3031 = LINE ( 'NONE', #1892, #6503 ) ;
#3032 = DIRECTION ( 'NONE',  ( 0.000000000000000000, 1.000000000000000000, 0.000000000000000000 ) ) ;
#3033 = AXIS2_PLACEMENT_3D ( 'NONE', #770, #5926, #5886 ) ;
#3034 = AXIS2_PLACEMENT_3D ( 'NONE', #5001, #7304, #2137 ) ;
#3035 = VERTEX_POINT ( 'NONE', #1494 ) ;
#3036 = DIRECTION ( 'NONE',  ( 1.000000000000000000, 0.000000000000000000, 0.000000000000000000 ) ) ;
#3037 = DIRECTION ( 'NONE',  ( 1.000000000000000000, 0.000000000000000000, 0.000000000000000000 ) ) ;
#3038 = AXIS2_PLACEMENT_3D ( 'NONE', #5815, #2424, #661 ) ;
#3039 = VECTOR ( 'NONE', #5423, 1000.000000000000000 ) ;
#3040 = EDGE_CURVE ( 'NONE', #4064, #1181, #2102, .T. ) ;
#3041 = DIRECTION ( 'NONE',  ( 0.000000000000000000, 0.000000000000000000, -1.000000000000000000 ) ) ;
#3042 = EDGE_CURVE ( 'NONE', #2416, #2407, #6629, .T. ) ;
#3043 = CARTESIAN_POINT ( 'NONE',  ( 4.400000000000000355, -4.850000000000000533, -6.111511135518000515 ) ) ;
#3044 = EDGE_CURVE ( 'NONE', #4987, #5207, #7015, .T. ) ;
#3045 = EDGE_LOOP ( 'NONE', ( #1092, #4299, #7268, #2944 ) ) ;
#3046 = DIRECTION ( 'NONE',  ( 0.000000000000000000, 0.000000000000000000, -1.000000000000000000 ) ) ;
#3047 = AXIS2_PLACEMENT_3D ( 'NONE', #5303, #4707, #682 ) ;
#3048 = EDGE_LOOP ( 'NONE', ( #6720, #3489, #4288, #3328, #2170, #6828, #6288, #7281 ) ) ;
#3049 = DIRECTION ( 'NONE',  ( 1.000000000000000000, 0.000000000000000000, 0.000000000000000000 ) ) ;
#3050 = DIRECTION ( 'NONE',  ( 0.000000000000000000, 1.000000000000000000, 0.000000000000000000 ) ) ;
#3051 = AXIS2_PLACEMENT_3D ( 'NONE', #923, #619, #6266 ) ;
#3052 = PLANE ( 'NONE',  #2795 ) ;
#3053 = LINE ( 'NONE', #5337, #4997 ) ;
#3054 = VERTEX_POINT ( 'NONE', #5379 ) ;
#3055 = ORIENTED_EDGE ( 'NONE', *, *, #3250, .T. ) ;
#3056 = ORIENTED_EDGE ( 'NONE', *, *, #6580, .T. ) ;
#3057 = ORIENTED_EDGE ( 'NONE', *, *, #55, .F. ) ;
#3058 = DIRECTION ( 'NONE',  ( 1.000000000000000000, 0.000000000000000000, 0.000000000000000000 ) ) ;
#3059 = CARTESIAN_POINT ( 'NONE',  ( 4.549999999999999822, -2.500000000000000000, 1.000000000000000000 ) ) ;
#3060 = DIRECTION ( 'NONE',  ( -1.000000000000000000, 0.000000000000000000, 0.000000000000000000 ) ) ;
#3061 = DIRECTION ( 'NONE',  ( 1.000000000000000000, -4.377733143282999736E-14, 0.000000000000000000 ) ) ;
#3062 = ORIENTED_EDGE ( 'NONE', *, *, #1148, .T. ) ;
#3063 = ORIENTED_EDGE ( 'NONE', *, *, #7130, .T. ) ;
#3064 = CARTESIAN_POINT ( 'NONE',  ( 0.1784818660467999973, -2.200000000000000178, -4.532520887255999220 ) ) ;
#3065 = CARTESIAN_POINT ( 'NONE',  ( -2.649999999999999911, -2.100000000000000089, 4.649999999999999467 ) ) ;
#3066 = CARTESIAN_POINT ( 'NONE',  ( 4.575000000000000178, -1.800000000000000044, 2.399999999999999911 ) ) ;
#3067 = FACE_OUTER_BOUND ( 'NONE', #6368, .T. ) ;
#3068 = LINE ( 'NONE', #3104, #2610 ) ;
#3069 = ORIENTED_EDGE ( 'NONE', *, *, #1279, .T. ) ;
#3070 = ORIENTED_EDGE ( 'NONE', *, *, #3222, .T. ) ;
#3071 = EDGE_CURVE ( 'NONE', #6442, #2258, #3761, .T. ) ;
#3072 = CARTESIAN_POINT ( 'NONE',  ( -0.5499999999068000411, -2.299999999999999822, -4.950000000000000178 ) ) ;
#3073 = DIRECTION ( 'NONE',  ( 0.000000000000000000, 0.000000000000000000, 1.000000000000000000 ) ) ;
#3074 = CARTESIAN_POINT ( 'NONE',  ( -4.950000000000000178, -1.899999999999999911, -3.799999999999999822 ) ) ;
#3075 = DIRECTION ( 'NONE',  ( 0.000000000000000000, 0.000000000000000000, -1.000000000000000000 ) ) ;
#3076 = ORIENTED_EDGE ( 'NONE', *, *, #2389, .T. ) ;
#3077 = CARTESIAN_POINT ( 'NONE',  ( 0.2000000000000000111, -1.599999999999999867, 5.841499999999999915 ) ) ;
#3078 = ORIENTED_EDGE ( 'NONE', *, *, #278, .T. ) ;
#3079 = EDGE_CURVE ( 'NONE', #7398, #1037, #830, .T. ) ;
#3080 = CARTESIAN_POINT ( 'NONE',  ( 2.550000000000000266, 2.500000000000000000, 6.949999999999999289 ) ) ;
#3081 = EDGE_CURVE ( 'NONE', #5519, #4106, #3653, .T. ) ;
#3082 = ORIENTED_EDGE ( 'NONE', *, *, #1461, .T. ) ;
#3083 = ADVANCED_FACE ( 'NONE', ( #3793 ), #866, .T. ) ;
#3084 = DIRECTION ( 'NONE',  ( 0.7071067811865474617, 0.7071067811865474617, 0.000000000000000000 ) ) ;
#3085 = CARTESIAN_POINT ( 'NONE',  ( 0.2000000000000000111, -2.391276827538000305, 5.494761275728999195 ) ) ;
#3086 = AXIS2_PLACEMENT_3D ( 'NONE', #2247, #5712, #1638 ) ;
#3087 = FACE_OUTER_BOUND ( 'NONE', #6514, .T. ) ;
#3088 = ORIENTED_EDGE ( 'NONE', *, *, #4998, .T. ) ;
#3089 = ORIENTED_EDGE ( 'NONE', *, *, #6620, .F. ) ;
#3090 = VERTEX_POINT ( 'NONE', #3167 ) ;
#3091 = ORIENTED_EDGE ( 'NONE', *, *, #7164, .F. ) ;
#3092 = VECTOR ( 'NONE', #2395, 1000.000000000000227 ) ;
#3093 = DIRECTION ( 'NONE',  ( -1.000000000000000000, 0.000000000000000000, 0.000000000000000000 ) ) ;
#3094 = CARTESIAN_POINT ( 'NONE',  ( 4.600000000000999734, 2.500000000000000000, -4.975000000000000533 ) ) ;
#3095 = DIRECTION ( 'NONE',  ( 0.000000000000000000, 0.000000000000000000, 1.000000000000000000 ) ) ;
#3096 = AXIS2_PLACEMENT_3D ( 'NONE', #2005, #5994, #885 ) ;
#3097 = DIRECTION ( 'NONE',  ( 0.000000000000000000, 0.000000000000000000, 1.000000000000000000 ) ) ;
#3098 = ORIENTED_EDGE ( 'NONE', *, *, #5334, .F. ) ;
#3099 = ORIENTED_EDGE ( 'NONE', *, *, #4264, .T. ) ;
#3100 = DIRECTION ( 'NONE',  ( 0.000000000000000000, 0.000000000000000000, -1.000000000000000000 ) ) ;
#3101 = CARTESIAN_POINT ( 'NONE',  ( 4.700000000000000178, -2.200000000000000178, 1.000000000000000000 ) ) ;
#3102 = LINE ( 'NONE', #5743, #1439 ) ;
#3103 = FACE_OUTER_BOUND ( 'NONE', #6843, .T. ) ;
#3104 = CARTESIAN_POINT ( 'NONE',  ( 4.400000000000000355, -1.699999999999999956, -5.774999999999999467 ) ) ;
#3105 = ORIENTED_EDGE ( 'NONE', *, *, #3250, .F. ) ;
#3106 = ORIENTED_EDGE ( 'NONE', *, *, #6104, .F. ) ;
#3107 = DIRECTION ( 'NONE',  ( 0.000000000000000000, 1.000000000000000000, 0.000000000000000000 ) ) ;
#3108 = DIRECTION ( 'NONE',  ( 0.000000000000000000, -1.000000000000000000, 0.000000000000000000 ) ) ;
#3109 = LINE ( 'NONE', #1372, #1925 ) ;
#3110 = ADVANCED_FACE ( 'NONE', ( #7123 ), #4401, .F. ) ;
#3111 = CARTESIAN_POINT ( 'NONE',  ( -2.449999999999999734, -1.800000000000000044, -0.8499999999999999778 ) ) ;
#3112 = VERTEX_POINT ( 'NONE', #5948 ) ;
#3113 = PLANE ( 'NONE',  #2179 ) ;
#3114 = EDGE_LOOP ( 'NONE', ( #147, #4395, #3541, #1105 ) ) ;
#3115 = LINE ( 'NONE', #6615, #4572 ) ;
#3116 = DIRECTION ( 'NONE',  ( 0.000000000000000000, -1.000000000000000000, 0.000000000000000000 ) ) ;
#3117 = VECTOR ( 'NONE', #2441, 1000.000000000000000 ) ;
#3118 = ADVANCED_FACE ( 'NONE', ( #792 ), #2522, .F. ) ;
#3119 = EDGE_CURVE ( 'NONE', #7197, #4480, #1015, .T. ) ;
#3120 = DIRECTION ( 'NONE',  ( 0.000000000000000000, 0.000000000000000000, 1.000000000000000000 ) ) ;
#3121 = ORIENTED_EDGE ( 'NONE', *, *, #4278, .F. ) ;
#3122 = VERTEX_POINT ( 'NONE', #6244 ) ;
#3123 = VERTEX_POINT ( 'NONE', #1609 ) ;
#3124 = EDGE_LOOP ( 'NONE', ( #4313, #6227, #4750, #3011, #915 ) ) ;
#3125 = CARTESIAN_POINT ( 'NONE',  ( -3.400000000000000355, 3.500000000000000000, 5.549999999999999822 ) ) ;
#3126 = CARTESIAN_POINT ( 'NONE',  ( -1.699999999999999956, -1.800000000000000044, 5.799999999999999822 ) ) ;
#3127 = DIRECTION ( 'NONE',  ( -1.000000000000000000, 0.000000000000000000, 0.000000000000000000 ) ) ;
#3128 = EDGE_CURVE ( 'NONE', #7334, #992, #3388, .T. ) ;
#3129 = EDGE_CURVE ( 'NONE', #709, #6820, #2256, .T. ) ;
#3130 = LINE ( 'NONE', #905, #5950 ) ;
#3131 = ADVANCED_FACE ( 'NONE', ( #4588 ), #2136, .F. ) ;
#3132 = EDGE_LOOP ( 'NONE', ( #7416, #4431, #190, #5510 ) ) ;
#3133 = AXIS2_PLACEMENT_3D ( 'NONE', #4433, #2286, #3828 ) ;
#3134 = VERTEX_POINT ( 'NONE', #1527 ) ;
#3135 = LINE ( 'NONE', #6600, #1951 ) ;
#3136 = PLANE ( 'NONE',  #3276 ) ;
#3137 = VECTOR ( 'NONE', #5746, 1000.000000000000000 ) ;
#3138 = DIRECTION ( 'NONE',  ( 0.000000000000000000, 0.000000000000000000, -1.000000000000000000 ) ) ;
#3139 = VECTOR ( 'NONE', #7292, 1000.000000000000000 ) ;
#3140 = CYLINDRICAL_SURFACE ( 'NONE', #6145, 0.5000000000000000000 ) ;
#3141 = CARTESIAN_POINT ( 'NONE',  ( -4.649999999999999467, 0.4000000000000000222, -1.300000000000000044 ) ) ;
#3142 = ORIENTED_EDGE ( 'NONE', *, *, #5537, .F. ) ;
#3143 = VECTOR ( 'NONE', #953, 1000.000000000000000 ) ;
#3144 = ORIENTED_EDGE ( 'NONE', *, *, #882, .F. ) ;
#3145 = AXIS2_PLACEMENT_3D ( 'NONE', #6859, #1137, #3436 ) ;
#3146 = CARTESIAN_POINT ( 'NONE',  ( 4.500000000000000000, 2.649999999999999911, 6.075000000000000178 ) ) ;
#3147 = CARTESIAN_POINT ( 'NONE',  ( -2.600000000000000089, -1.775000000000000133, -1.443649167310000037 ) ) ;
#3148 = CARTESIAN_POINT ( 'NONE',  ( -3.075549786411999609, -1.329668090586000107, 5.799999999999999822 ) ) ;
#3149 = AXIS2_PLACEMENT_3D ( 'NONE', #2973, #79, #2367 ) ;
#3150 = DIRECTION ( 'NONE',  ( 0.000000000000000000, 1.000000000000000000, 0.000000000000000000 ) ) ;
#3151 = ORIENTED_EDGE ( 'NONE', *, *, #1970, .T. ) ;
#3152 = VECTOR ( 'NONE', #4377, 1000.000000000000000 ) ;
#3153 = CARTESIAN_POINT ( 'NONE',  ( -5.349999999999999645, -1.699999999999999956, 4.675000000000000711 ) ) ;
#3154 = AXIS2_PLACEMENT_3D ( 'NONE', #5355, #5853, #4124 ) ;
#3155 = CARTESIAN_POINT ( 'NONE',  ( 2.100000000000000089, 2.399999999999999911, 5.500000000000000000 ) ) ;
#3156 = CARTESIAN_POINT ( 'NONE',  ( -0.6999999999999999556, 3.078237858560999740, -4.450000000000000178 ) ) ;
#3157 = VECTOR ( 'NONE', #269, 1000.000000000000000 ) ;
#3158 = DIRECTION ( 'NONE',  ( 1.000000000000000000, 3.552713678801000121E-14, 4.958996176658999941E-14 ) ) ;
#3159 = CIRCLE ( 'NONE', #5676, 1.800000000000000044 ) ;
#3160 = ORIENTED_EDGE ( 'NONE', *, *, #6715, .T. ) ;
#3161 = ORIENTED_EDGE ( 'NONE', *, *, #3527, .T. ) ;
#3162 = ORIENTED_EDGE ( 'NONE', *, *, #6007, .F. ) ;
#3163 = PLANE ( 'NONE',  #4943 ) ;
#3164 = ORIENTED_EDGE ( 'NONE', *, *, #7181, .F. ) ;
#3165 = EDGE_CURVE ( 'NONE', #7048, #4700, #6127, .T. ) ;
#3166 = AXIS2_PLACEMENT_3D ( 'NONE', #828, #791, #6722 ) ;
#3167 = CARTESIAN_POINT ( 'NONE',  ( 4.710653744329410308, 3.100000000000000089, 4.675000000000000711 ) ) ;
#3168 = CARTESIAN_POINT ( 'NONE',  ( -2.399999999999999911, -1.800000000000000044, -0.7500000000000000000 ) ) ;
#3169 = CARTESIAN_POINT ( 'NONE',  ( 0.005362112447554000412, -2.200000000000000178, -4.003969365357999521 ) ) ;
#3170 = ORIENTED_EDGE ( 'NONE', *, *, #2290, .F. ) ;
#3171 = VERTEX_POINT ( 'NONE', #6285 ) ;
#3172 = EDGE_CURVE ( 'NONE', #3353, #5037, #1566, .T. ) ;
#3173 = DIRECTION ( 'NONE',  ( -1.000000000000000000, 0.000000000000000000, 0.000000000000000000 ) ) ;
#3174 = CARTESIAN_POINT ( 'NONE',  ( 4.500000000000000000, 3.100000000000000089, 5.549999999999999822 ) ) ;
#3175 = EDGE_CURVE ( 'NONE', #4174, #1393, #5117, .T. ) ;
#3176 = EDGE_CURVE ( 'NONE', #3090, #2487, #1801, .T. ) ;
#3177 = DIRECTION ( 'NONE',  ( 0.000000000000000000, 1.000000000000000000, 0.000000000000000000 ) ) ;
#3178 = EDGE_CURVE ( 'NONE', #4200, #2644, #449, .T. ) ;
#3179 = FACE_BOUND ( 'NONE', #1325, .T. ) ;
#3180 = DIRECTION ( 'NONE',  ( -0.7071067811865474617, 0.7071067811865474617, 0.000000000000000000 ) ) ;
#3181 = ORIENTED_EDGE ( 'NONE', *, *, #560, .T. ) ;
#3182 = ORIENTED_EDGE ( 'NONE', *, *, #5565, .F. ) ;
#3183 = CARTESIAN_POINT ( 'NONE',  ( -2.125000000000000000, -1.899999999999999911, -2.050000000000000266 ) ) ;
#3184 = LINE ( 'NONE', #2733, #3412 ) ;
#3185 = CARTESIAN_POINT ( 'NONE',  ( -0.8499999999999999778, -2.200000000000000178, -3.550000000000000266 ) ) ;
#3186 = FACE_OUTER_BOUND ( 'NONE', #5682, .T. ) ;
#3187 = ORIENTED_EDGE ( 'NONE', *, *, #2772, .T. ) ;
#3188 = PLANE ( 'NONE',  #2421 ) ;
#3189 = LINE ( 'NONE', #1413, #2408 ) ;
#3190 = CARTESIAN_POINT ( 'NONE',  ( -0.5499999999068000411, -2.299999999999999822, -4.950000000000000178 ) ) ;
#3191 = CARTESIAN_POINT ( 'NONE',  ( 0.2000000000000000111, 0.5000000000020000668, 10.55000000000000071 ) ) ;
#3192 = ORIENTED_EDGE ( 'NONE', *, *, #6953, .T. ) ;
#3193 = VERTEX_POINT ( 'NONE', #5717 ) ;
#3194 = VERTEX_POINT ( 'NONE', #5079 ) ;
#3195 = CARTESIAN_POINT ( 'NONE',  ( 3.600000000000000089, -0.5000000000000000000, 5.799999999999999822 ) ) ;
#3196 = EDGE_LOOP ( 'NONE', ( #2656, #6260, #768, #5813 ) ) ;
#3197 = VECTOR ( 'NONE', #4379, 1000.000000000000000 ) ;
#3198 = DIRECTION ( 'NONE',  ( 0.000000000000000000, 0.000000000000000000, -1.000000000000000000 ) ) ;
#3199 = LINE ( 'NONE', #3763, #4949 ) ;
#3200 = DIRECTION ( 'NONE',  ( 0.000000000000000000, 1.000000000000000000, 0.000000000000000000 ) ) ;
#3201 = EDGE_LOOP ( 'NONE', ( #3596, #6850, #3863, #6347 ) ) ;
#3202 = ORIENTED_EDGE ( 'NONE', *, *, #5745, .T. ) ;
#3203 = VECTOR ( 'NONE', #3032, 1000.000000000000000 ) ;
#3204 = LINE ( 'NONE', #6637, #878 ) ;
#3205 = DIRECTION ( 'NONE',  ( 0.000000000000000000, 1.000000000000000000, 0.000000000000000000 ) ) ;
#3206 = FACE_OUTER_BOUND ( 'NONE', #6827, .T. ) ;
#3207 = VECTOR ( 'NONE', #4112, 1000.000000000000000 ) ;
#3208 = CARTESIAN_POINT ( 'NONE',  ( 4.500000000000000000, 3.078237858560999740, 5.549999999999999822 ) ) ;
#3209 = EDGE_CURVE ( 'NONE', #940, #5340, #6813, .T. ) ;
#3210 = EDGE_CURVE ( 'NONE', #1802, #6336, #3312, .T. ) ;
#3211 = DIRECTION ( 'NONE',  ( 0.000000000000000000, 0.000000000000000000, 1.000000000000000000 ) ) ;
#3212 = ORIENTED_EDGE ( 'NONE', *, *, #6990, .F. ) ;
#3213 = ORIENTED_EDGE ( 'NONE', *, *, #5270, .F. ) ;
#3214 = EDGE_CURVE ( 'NONE', #5229, #1955, #4812, .T. ) ;
#3215 = ORIENTED_EDGE ( 'NONE', *, *, #5375, .T. ) ;
#3216 = AXIS2_PLACEMENT_3D ( 'NONE', #5164, #6335, #3472 ) ;
#3217 = EDGE_CURVE ( 'NONE', #2207, #5309, #1648, .T. ) ;
#3218 = CARTESIAN_POINT ( 'NONE',  ( -2.200000000000000178, 2.299999999999999822, 5.825000000000000178 ) ) ;
#3219 = CARTESIAN_POINT ( 'NONE',  ( -4.941409002758999414, -1.699999999999999956, -3.788196601125009888 ) ) ;
#3220 = CARTESIAN_POINT ( 'NONE',  ( 0.1784818660467999973, -2.200000000000000178, -4.532520887255999220 ) ) ;
#3221 = CARTESIAN_POINT ( 'NONE',  ( 4.500000000000000000, 3.121762141438999993, 5.549999999999999822 ) ) ;
#3222 = EDGE_CURVE ( 'NONE', #198, #992, #529, .T. ) ;
#3223 = ADVANCED_FACE ( 'NONE', ( #416 ), #2176, .F. ) ;
#3224 = ORIENTED_EDGE ( 'NONE', *, *, #547, .T. ) ;
#3225 = FACE_OUTER_BOUND ( 'NONE', #5172, .T. ) ;
#3227 = BREP_WITH_VOIDS ( 'NONE', #4154, ( #6535, #954, #2065, #1973, #6303, #6759 ) );
#3226 = DIRECTION ( 'NONE',  ( 1.000000000000000000, 3.211106594300000224E-14, 0.000000000000000000 ) ) ;
#3228 = LINE ( 'NONE', #2514, #848 ) ;
#3229 = PLANE ( 'NONE',  #2354 ) ;
#3230 = ORIENTED_EDGE ( 'NONE', *, *, #2582, .T. ) ;
#3231 = VERTEX_POINT ( 'NONE', #6775 ) ;
#3232 = ORIENTED_EDGE ( 'NONE', *, *, #872, .F. ) ;
#3233 = DIRECTION ( 'NONE',  ( 0.000000000000000000, -1.000000000000000000, 0.000000000000000000 ) ) ;
#3234 = ORIENTED_EDGE ( 'NONE', *, *, #5564, .T. ) ;
#3235 = DIRECTION ( 'NONE',  ( 0.000000000000000000, 1.000000000000000000, 0.000000000000000000 ) ) ;
#3236 = CARTESIAN_POINT ( 'NONE',  ( -2.149999999999999911, 1.649999999999999911, 5.950000000000000178 ) ) ;
#3237 = ORIENTED_EDGE ( 'NONE', *, *, #1550, .F. ) ;
#3238 = VERTEX_POINT ( 'NONE', #1050 ) ;
#3239 = FACE_OUTER_BOUND ( 'NONE', #6834, .T. ) ;
#3240 = DIRECTION ( 'NONE',  ( 0.000000000000000000, 0.000000000000000000, -1.000000000000000000 ) ) ;
#3241 = DIRECTION ( 'NONE',  ( 1.000000000000000000, 0.000000000000000000, 0.000000000000000000 ) ) ;
#3242 = CARTESIAN_POINT ( 'NONE',  ( -5.750000000000000000, -2.500000000000000000, 6.949999999999999289 ) ) ;
#3243 = LINE ( 'NONE', #5531, #7182 ) ;
#3244 = EDGE_LOOP ( 'NONE', ( #427, #4851, #6012, #7306 ) ) ;
#3245 = VERTEX_POINT ( 'NONE', #3348 ) ;
#3246 = ORIENTED_EDGE ( 'NONE', *, *, #2387, .T. ) ;
#3247 = CARTESIAN_POINT ( 'NONE',  ( 4.500000000000000000, 2.575000000050999827, 4.950000000051000271 ) ) ;
#3248 = VECTOR ( 'NONE', #1479, 1000.000000000000000 ) ;
#3249 = VECTOR ( 'NONE', #1120, 1000.000000000000000 ) ;
#3250 = EDGE_CURVE ( 'NONE', #2517, #3988, #3942, .T. ) ;
#3251 = DIRECTION ( 'NONE',  ( -1.000000000000000000, 0.000000000000000000, 0.000000000000000000 ) ) ;
#3252 = DIRECTION ( 'NONE',  ( 0.000000000000000000, 0.000000000000000000, 1.000000000000000000 ) ) ;
#3253 = FACE_OUTER_BOUND ( 'NONE', #527, .T. ) ;
#3254 = VECTOR ( 'NONE', #1968, 1000.000000000000114 ) ;
#3255 = VECTOR ( 'NONE', #3029, 1000.000000000000000 ) ;
#3256 = ORIENTED_EDGE ( 'NONE', *, *, #5644, .T. ) ;
#3257 = CARTESIAN_POINT ( 'NONE',  ( 0.1784818660467999973, -2.299999999999999822, -4.532520887255999220 ) ) ;
#3258 = EDGE_CURVE ( 'NONE', #5894, #5774, #607, .T. ) ;
#3259 = LINE ( 'NONE', #5983, #2929 ) ;
#3260 = VECTOR ( 'NONE', #5184, 1000.000000000000000 ) ;
#3261 = VECTOR ( 'NONE', #6254, 1000.000000000000114 ) ;
#3262 = LINE ( 'NONE', #1634, #4578 ) ;
#3263 = EDGE_CURVE ( 'NONE', #4862, #120, #2161, .T. ) ;
#3264 = EDGE_CURVE ( 'NONE', #5354, #3614, #7039, .T. ) ;
#3265 = CARTESIAN_POINT ( 'NONE',  ( 2.400000000002078693, 0.5000000000000000000, 10.55000000000000071 ) ) ;
#3266 = FACE_OUTER_BOUND ( 'NONE', #5018, .T. ) ;
#3267 = ORIENTED_EDGE ( 'NONE', *, *, #5467, .F. ) ;
#3268 = AXIS2_PLACEMENT_3D ( 'NONE', #1890, #7094, #692 ) ;
#3269 = ORIENTED_EDGE ( 'NONE', *, *, #7, .T. ) ;
#3270 = VECTOR ( 'NONE', #1068, 1000.000000000000000 ) ;
#3271 = AXIS2_PLACEMENT_3D ( 'NONE', #1237, #1841, #747 ) ;
#3272 = ORIENTED_EDGE ( 'NONE', *, *, #3810, .T. ) ;
#3273 = FACE_BOUND ( 'NONE', #7264, .T. ) ;
#3274 = VERTEX_POINT ( 'NONE', #5224 ) ;
#3275 = CARTESIAN_POINT ( 'NONE',  ( -4.299999999999999822, 2.500000000000000000, 5.549999999999999822 ) ) ;
#3276 = AXIS2_PLACEMENT_3D ( 'NONE', #3801, #836, #2001 ) ;
#3277 = AXIS2_PLACEMENT_3D ( 'NONE', #653, #1848, #3577 ) ;
#3278 = DIRECTION ( 'NONE',  ( 0.000000000000000000, 1.000000000000000000, 0.000000000000000000 ) ) ;
#3279 = CARTESIAN_POINT ( 'NONE',  ( -0.5499999999068000411, -2.299999999999999822, -4.950000000000000178 ) ) ;
#3280 = ORIENTED_EDGE ( 'NONE', *, *, #5322, .T. ) ;
#3281 = ORIENTED_EDGE ( 'NONE', *, *, #2446, .T. ) ;
#3282 = AXIS2_PLACEMENT_3D ( 'NONE', #1170, #6939, #6369 ) ;
#3283 = DIRECTION ( 'NONE',  ( 0.7071067811865475727, -0.7071067811865475727, 0.000000000000000000 ) ) ;
#3284 = DIRECTION ( 'NONE',  ( 0.000000000000000000, 1.000000000000000000, 0.000000000000000000 ) ) ;
#3285 = PLANE ( 'NONE',  #6986 ) ;
#3286 = AXIS2_PLACEMENT_3D ( 'NONE', #7365, #3476, #5699 ) ;
#3287 = FACE_OUTER_BOUND ( 'NONE', #3132, .T. ) ;
#3288 = CARTESIAN_POINT ( 'NONE',  ( 4.500000000000000000, 2.649999999999999911, 5.025000000000000355 ) ) ;
#3289 = ORIENTED_EDGE ( 'NONE', *, *, #6851, .T. ) ;
#3290 = EDGE_LOOP ( 'NONE', ( #4481, #6279, #1140, #2956 ) ) ;
#3291 = ORIENTED_EDGE ( 'NONE', *, *, #6243, .T. ) ;
#3292 = CARTESIAN_POINT ( 'NONE',  ( 4.500000000000000000, 2.649999999999999911, 5.549999999999999822 ) ) ;
#3293 = DIRECTION ( 'NONE',  ( 0.000000000000000000, 0.000000000000000000, 1.000000000000000000 ) ) ;
#3294 = DIRECTION ( 'NONE',  ( 0.000000000000000000, 0.000000000000000000, -1.000000000000000000 ) ) ;
#3295 = CARTESIAN_POINT ( 'NONE',  ( -4.924999999999999822, -4.850000000000000533, -3.149999999999999911 ) ) ;
#3296 = EDGE_CURVE ( 'NONE', #4606, #875, #672, .T. ) ;
#3297 = ORIENTED_EDGE ( 'NONE', *, *, #6350, .T. ) ;
#3298 = DIRECTION ( 'NONE',  ( 0.000000000000000000, -0.7071067811857980612, -0.7071067811872969733 ) ) ;
#3299 = CLOSED_SHELL ( 'NONE', ( #725, #4781, #6135, #5098, #5841, #1002, #4220, #4459, #2051, #7168, #3409, #5149, #3317, #7179, #6743, #58, #3990, #6338, #5361, #5138, #1328, #4961, #4604, #186, #6396, #5552, #6444, #4130, #784, #2486, #6761, #5492, #2288, #4951, #5190, #5931, #5244, #3583, #2992, #4445 ) ) ;
#3300 = LINE ( 'NONE', #3689, #4125 ) ;
#3301 = CARTESIAN_POINT ( 'NONE',  ( 4.250000000000000000, -1.699999999999999956, 0.7999999999999001243 ) ) ;
#3302 = FACE_OUTER_BOUND ( 'NONE', #3615, .T. ) ;
#3303 = CARTESIAN_POINT ( 'NONE',  ( 0.2000000000000000111, 0.5000000000000000000, 4.850000000000000533 ) ) ;
#3304 = VERTEX_POINT ( 'NONE', #4171 ) ;
#3305 = ADVANCED_FACE ( 'NONE', ( #6470 ), #640, .F. ) ;
#3306 = ADVANCED_FACE ( 'NONE', ( #1761 ), #1795, .T. ) ;
#3307 = PLANE ( 'NONE',  #6929 ) ;
#3308 = ORIENTED_EDGE ( 'NONE', *, *, #3679, .T. ) ;
#3309 = EDGE_CURVE ( 'NONE', #7207, #4071, #7105, .T. ) ;
#3310 = DIRECTION ( 'NONE',  ( 0.000000000000000000, 0.000000000000000000, -1.000000000000000000 ) ) ;
#3311 = EDGE_CURVE ( 'NONE', #606, #2604, #1161, .T. ) ;
#3312 = LINE ( 'NONE', #5600, #7337 ) ;
#3313 = LINE ( 'NONE', #1162, #5890 ) ;
#3314 = EDGE_LOOP ( 'NONE', ( #5845, #7054, #1875, #1201, #2509, #4438 ) ) ;
#3315 = ORIENTED_EDGE ( 'NONE', *, *, #5984, .F. ) ;
#3316 = ORIENTED_EDGE ( 'NONE', *, *, #7230, .T. ) ;
#3317 = ADVANCED_FACE ( 'NONE', ( #6403 ), #1839, .T. ) ;
#3318 = ORIENTED_EDGE ( 'NONE', *, *, #5634, .T. ) ;
#3319 = AXIS2_PLACEMENT_3D ( 'NONE', #117, #5863, #3009 ) ;
#3320 = LINE ( 'NONE', #982, #3871 ) ;
#3321 = CARTESIAN_POINT ( 'NONE',  ( 4.400000000000000355, -4.850000000000000533, -6.111511135518000515 ) ) ;
#3322 = DIRECTION ( 'NONE',  ( -1.000000000000000000, 0.000000000000000000, 0.000000000000000000 ) ) ;
#3323 = CARTESIAN_POINT ( 'NONE',  ( -4.299999999999999822, 2.500000000000000000, 5.549999999999999822 ) ) ;
#3324 = DIRECTION ( 'NONE',  ( 0.000000000000000000, -1.000000000000000000, 0.000000000000000000 ) ) ;
#3325 = DIRECTION ( 'NONE',  ( 1.000000000000000000, 0.000000000000000000, 0.000000000000000000 ) ) ;
#3326 = VERTEX_POINT ( 'NONE', #1268 ) ;
#3327 = ORIENTED_EDGE ( 'NONE', *, *, #6007, .T. ) ;
#3328 = ORIENTED_EDGE ( 'NONE', *, *, #1744, .F. ) ;
#3329 = PLANE ( 'NONE',  #6757 ) ;
#3330 = VECTOR ( 'NONE', #1323, 1000.000000000000114 ) ;
#3331 = FACE_OUTER_BOUND ( 'NONE', #6109, .T. ) ;
#3332 = CARTESIAN_POINT ( 'NONE',  ( 0.8499999999999999778, -2.100000000000000089, 5.825000000000000178 ) ) ;
#3333 = CARTESIAN_POINT ( 'NONE',  ( -5.349999999999999645, 2.399999999999999911, -1.300000000000000044 ) ) ;
#3334 = AXIS2_PLACEMENT_3D ( 'NONE', #316, #6604, #347 ) ;
#3335 = ORIENTED_EDGE ( 'NONE', *, *, #1145, .T. ) ;
#3336 = DIRECTION ( 'NONE',  ( -1.000000000000000000, 0.000000000000000000, 0.000000000000000000 ) ) ;
#3337 = PLANE ( 'NONE',  #2077 ) ;
#3338 = EDGE_CURVE ( 'NONE', #2459, #2333, #5898, .T. ) ;
#3339 = DIRECTION ( 'NONE',  ( 0.000000000000000000, 0.000000000000000000, 1.000000000000000000 ) ) ;
#3340 = PLANE ( 'NONE',  #4576 ) ;
#3341 = DIRECTION ( 'NONE',  ( 0.000000000000000000, 0.000000000000000000, 1.000000000000000000 ) ) ;
#3342 = ORIENTED_EDGE ( 'NONE', *, *, #4170, .T. ) ;
#3343 = CARTESIAN_POINT ( 'NONE',  ( 2.200000000005000178, 0.5000000000000000000, 10.34999999999999964 ) ) ;
#3344 = ORIENTED_EDGE ( 'NONE', *, *, #4916, .T. ) ;
#3345 = CIRCLE ( 'NONE', #3818, 0.8999999999999998002 ) ;
#3346 = CARTESIAN_POINT ( 'NONE',  ( 4.500000000000000000, 2.649999999999999911, 5.549999999999999822 ) ) ;
#3347 = ADVANCED_FACE ( 'NONE', ( #5753 ), #2899, .F. ) ;
#3348 = CARTESIAN_POINT ( 'NONE',  ( 5.299999999999999822, 2.500000000000000000, -4.975000000000000533 ) ) ;
#3349 = ADVANCED_FACE ( 'NONE', ( #2941 ), #1724, .F. ) ;
#3350 = CARTESIAN_POINT ( 'NONE',  ( 3.449999999187000288, 2.225000000000000089, 4.675000000000000711 ) ) ;
#3351 = EDGE_LOOP ( 'NONE', ( #5952, #7320, #6178, #1141 ) ) ;
#3352 = PERSON_AND_ORGANIZATION ( #3699, #5709 ) ;
#3353 = VERTEX_POINT ( 'NONE', #5259 ) ;
#3354 = VERTEX_POINT ( 'NONE', #4662 ) ;
#3355 = EDGE_LOOP ( 'NONE', ( #3063, #7426, #7156, #6246 ) ) ;
#3356 = LINE ( 'NONE', #1690, #7132 ) ;
#3357 = ADVANCED_FACE ( 'NONE', ( #4697, #601 ), #5861, .F. ) ;
#3358 = CARTESIAN_POINT ( 'NONE',  ( 0.2000000000000000111, 0.5000000000000000000, 5.500000000000000000 ) ) ;
#3359 = DIRECTION ( 'NONE',  ( 0.000000000000000000, 0.000000000000000000, 1.000000000000000000 ) ) ;
#3360 = DIRECTION ( 'NONE',  ( 0.5773502691896257311, 0.5773502691896257311, -0.5773502691896257311 ) ) ;
#3361 = ADVANCED_FACE ( 'NONE', ( #1236 ), #7005, .T. ) ;
#3362 = EDGE_CURVE ( 'NONE', #7326, #5121, #2445, .T. ) ;
#3363 = CARTESIAN_POINT ( 'NONE',  ( 5.200000000000000178, 2.500000000000000000, -5.474999999999999645 ) ) ;
#3364 = ORIENTED_EDGE ( 'NONE', *, *, #7181, .T. ) ;
#3365 = ORIENTED_EDGE ( 'NONE', *, *, #681, .F. ) ;
#3366 = ORIENTED_EDGE ( 'NONE', *, *, #1011, .T. ) ;
#3367 = DIRECTION ( 'NONE',  ( 0.000000000000000000, 0.000000000000000000, -1.000000000000000000 ) ) ;
#3368 = DIRECTION ( 'NONE',  ( 1.000000000000000000, 0.000000000000000000, 0.000000000000000000 ) ) ;
#3369 = ADVANCED_FACE ( 'NONE', ( #782 ), #5976, .T. ) ;
#3370 = FACE_OUTER_BOUND ( 'NONE', #1313, .T. ) ;
#3371 = DIRECTION ( 'NONE',  ( 0.000000000000000000, 1.000000000000000000, 0.000000000000000000 ) ) ;
#3372 = VERTEX_POINT ( 'NONE', #5939 ) ;
#3373 = VECTOR ( 'NONE', #187, 1000.000000000000000 ) ;
#3374 = PLANE ( 'NONE',  #6879 ) ;
#3375 = LINE ( 'NONE', #6312, #5086 ) ;
#3376 = DIRECTION ( 'NONE',  ( 0.000000000000000000, 0.000000000000000000, -1.000000000000000000 ) ) ;
#3377 = VECTOR ( 'NONE', #1153, 1000.000000000000000 ) ;
#3378 = LINE ( 'NONE', #5671, #1556 ) ;
#3379 = AXIS2_PLACEMENT_3D ( 'NONE', #556, #2857, #1716 ) ;
#3380 = DIRECTION ( 'NONE',  ( 1.000000000000000000, 0.000000000000000000, 0.000000000000000000 ) ) ;
#3381 = ORIENTED_EDGE ( 'NONE', *, *, #7034, .T. ) ;
#3382 = LINE ( 'NONE', #3343, #2461 ) ;
#3383 = ORIENTED_EDGE ( 'NONE', *, *, #5509, .T. ) ;
#3384 = DIRECTION ( 'NONE',  ( 0.000000000000000000, -1.000000000000000000, 0.000000000000000000 ) ) ;
#3385 = VECTOR ( 'NONE', #6191, 1000.000000000000000 ) ;
#3386 = VECTOR ( 'NONE', #3747, 1000.000000000000114 ) ;
#3387 = AXIS2_PLACEMENT_3D ( 'NONE', #1772, #3654, #1916 ) ;
#3388 = LINE ( 'NONE', #5679, #5804 ) ;
#3389 = LINE ( 'NONE', #5681, #3606 ) ;
#3390 = VECTOR ( 'NONE', #3740, 1000.000000000000000 ) ;
#3391 = VERTEX_POINT ( 'NONE', #6004 ) ;
#3392 = AXIS2_PLACEMENT_3D ( 'NONE', #6417, #3546, #5380 ) ;
#3393 = EDGE_LOOP ( 'NONE', ( #6985, #1029 ) ) ;
#3394 = ORIENTED_EDGE ( 'NONE', *, *, #4914, .F. ) ;
#3395 = EDGE_CURVE ( 'NONE', #2873, #254, #818, .T. ) ;
#3396 = ORIENTED_EDGE ( 'NONE', *, *, #320, .F. ) ;
#3397 = VECTOR ( 'NONE', #1579, 1000.000000000000000 ) ;
#3398 = CARTESIAN_POINT ( 'NONE',  ( 2.500000000000000000, -1.500000000000000000, 5.799999999999999822 ) ) ;
#3399 = CIRCLE ( 'NONE', #2680, 0.2000000000000000944 ) ;
#3400 = CARTESIAN_POINT ( 'NONE',  ( 5.200000000000000178, -1.699999999999999956, 4.675000000000000711 ) ) ;
#3401 = CARTESIAN_POINT ( 'NONE',  ( 0.3270891200751999683, -2.299999999999999822, -4.950000000000000178 ) ) ;
#3402 = CYLINDRICAL_SURFACE ( 'NONE', #2655, 0.2000000000000000944 ) ;
#3403 = CARTESIAN_POINT ( 'NONE',  ( 0.1999999999999997058, 2.850000000000000089, 5.825000000000000178 ) ) ;
#3404 = ORIENTED_EDGE ( 'NONE', *, *, #2241, .F. ) ;
#3405 = ORIENTED_EDGE ( 'NONE', *, *, #2255, .F. ) ;
#3406 = EDGE_CURVE ( 'NONE', #4480, #4700, #3115, .T. ) ;
#3407 = EDGE_LOOP ( 'NONE', ( #4138, #2248, #5936, #4114 ) ) ;
#3408 = EDGE_CURVE ( 'NONE', #2728, #679, #6982, .T. ) ;
#3409 = ADVANCED_FACE ( 'NONE', ( #359 ), #894, .T. ) ;
#3410 = DIRECTION ( 'NONE',  ( -5.773159728049999906E-14, 1.000000000000000000, 0.000000000000000000 ) ) ;
#3411 = FACE_OUTER_BOUND ( 'NONE', #4389, .T. ) ;
#3412 = VECTOR ( 'NONE', #5020, 1000.000000000000000 ) ;
#3413 = DIRECTION ( 'NONE',  ( 0.000000000000000000, 1.000000000000000000, 0.000000000000000000 ) ) ;
#3414 = CARTESIAN_POINT ( 'NONE',  ( 3.200000000000000178, 0.5000000000000000000, 6.959999999999999964 ) ) ;
#3415 = ORIENTED_EDGE ( 'NONE', *, *, #3362, .F. ) ;
#3416 = DIRECTION ( 'NONE',  ( -0.7071067811865474617, 0.7071067811865474617, 0.000000000000000000 ) ) ;
#3417 = LINE ( 'NONE', #2823, #284 ) ;
#3418 = PLANE ( 'NONE',  #3972 ) ;
#3419 = DIRECTION ( 'NONE',  ( 0.000000000000000000, 0.000000000000000000, 1.000000000000000000 ) ) ;
#3420 = CARTESIAN_POINT ( 'NONE',  ( 2.600000000000000089, 0.5000000000000000000, 6.949999999999999289 ) ) ;
#3421 = ORIENTED_EDGE ( 'NONE', *, *, #7130, .F. ) ;
#3422 = PLANE ( 'NONE',  #5701 ) ;
#3423 = VERTEX_POINT ( 'NONE', #4358 ) ;
#3424 = VECTOR ( 'NONE', #2744, 1000.000000000000000 ) ;
#3425 = DIRECTION ( 'NONE',  ( 0.000000000000000000, 0.000000000000000000, 1.000000000000000000 ) ) ;
#3426 = CARTESIAN_POINT ( 'NONE',  ( 5.150000000000000355, -1.699999999999999956, 0.7999999999999001243 ) ) ;
#3427 = DIRECTION ( 'NONE',  ( 0.000000000000000000, -1.000000000000000000, 0.000000000000000000 ) ) ;
#3428 = ORIENTED_EDGE ( 'NONE', *, *, #3670, .F. ) ;
#3429 = AXIS2_PLACEMENT_3D ( 'NONE', #2106, #1651, #4515 ) ;
#3430 = ORIENTED_EDGE ( 'NONE', *, *, #4587, .F. ) ;
#3431 = ORIENTED_EDGE ( 'NONE', *, *, #1412, .F. ) ;
#3432 = VERTEX_POINT ( 'NONE', #5368 ) ;
#3433 = DIRECTION ( 'NONE',  ( 0.000000000000000000, 1.000000000000000000, 0.000000000000000000 ) ) ;
#3434 = CARTESIAN_POINT ( 'NONE',  ( 0.1784818660467995255, -2.200000000000000178, -4.532520887255789610 ) ) ;
#3435 = DIRECTION ( 'NONE',  ( -1.000000000000000000, 0.000000000000000000, 0.000000000000000000 ) ) ;
#3436 = DIRECTION ( 'NONE',  ( 1.000000000000000000, 0.000000000000000000, 0.000000000000000000 ) ) ;
#3437 = PLANE ( 'NONE',  #1883 ) ;
#3438 = ORIENTED_EDGE ( 'NONE', *, *, #6798, .F. ) ;
#3439 = ORIENTED_EDGE ( 'NONE', *, *, #4315, .T. ) ;
#3440 = LINE ( 'NONE', #4609, #3270 ) ;
#3441 = LINE ( 'NONE', #3928, #1357 ) ;
#3442 = VECTOR ( 'NONE', #6364, 1000.000000000000000 ) ;
#3443 = EDGE_CURVE ( 'NONE', #752, #4785, #1434, .T. ) ;
#3444 = EDGE_CURVE ( 'NONE', #17, #3605, #928, .T. ) ;
#3445 = CARTESIAN_POINT ( 'NONE',  ( 3.277762515837999935, -1.300000000000000044, 5.500000000000000000 ) ) ;
#3446 = CARTESIAN_POINT ( 'NONE',  ( 0.8000000000000000444, -2.272428845803000197, 5.165716172814000196 ) ) ;
#3447 = ADVANCED_FACE ( 'NONE', ( #1446 ), #6548, .F. ) ;
#3448 = ORIENTED_EDGE ( 'NONE', *, *, #505, .T. ) ;
#3449 = AXIS2_PLACEMENT_3D ( 'NONE', #2273, #5584, #1071 ) ;
#3450 = DIRECTION ( 'NONE',  ( 1.000000000000000000, 0.000000000000000000, 0.000000000000000000 ) ) ;
#3451 = LINE ( 'NONE', #5742, #5081 ) ;
#3452 = DIRECTION ( 'NONE',  ( 0.000000000000000000, -1.000000000000000000, 0.000000000000000000 ) ) ;
#3453 = DIRECTION ( 'NONE',  ( -0.5773502691896257311, 0.5773502691896257311, 0.5773502691896257311 ) ) ;
#3454 = VECTOR ( 'NONE', #1857, 999.9999999999998863 ) ;
#3455 = ADVANCED_FACE ( 'NONE', ( #2017 ), #6656, .T. ) ;
#3456 = DIRECTION ( 'NONE',  ( 0.000000000000000000, 1.000000000000000000, 0.000000000000000000 ) ) ;
#3457 = EDGE_CURVE ( 'NONE', #6863, #2719, #1083, .T. ) ;
#3458 = ORIENTED_EDGE ( 'NONE', *, *, #871, .T. ) ;
#3459 = CARTESIAN_POINT ( 'NONE',  ( -4.675000000000000711, -4.850000000000000533, -3.149999999999999911 ) ) ;
#3460 = ORIENTED_EDGE ( 'NONE', *, *, #5465, .T. ) ;
#3461 = DIRECTION ( 'NONE',  ( 0.000000000000000000, 0.000000000000000000, -1.000000000000000000 ) ) ;
#3462 = DIRECTION ( 'NONE',  ( 0.000000000000000000, 0.000000000000000000, 1.000000000000000000 ) ) ;
#3463 = DIRECTION ( 'NONE',  ( 1.000000000000000000, 0.000000000000000000, 0.000000000000000000 ) ) ;
#3464 = CARTESIAN_POINT ( 'NONE',  ( -2.149999999999999911, 2.500000000000000000, 5.950000000000000178 ) ) ;
#3465 = ORIENTED_EDGE ( 'NONE', *, *, #6586, .F. ) ;
#3466 = EDGE_LOOP ( 'NONE', ( #7318, #1910, #3098, #4861 ) ) ;
#3467 = ORIENTED_EDGE ( 'NONE', *, *, #3680, .F. ) ;
#3468 = VERTEX_POINT ( 'NONE', #2513 ) ;
#3469 = DIRECTION ( 'NONE',  ( 0.000000000000000000, 0.000000000000000000, 1.000000000000000000 ) ) ;
#3470 = CARTESIAN_POINT ( 'NONE',  ( -2.449999999999999734, -1.374998983692999888, -0.8499999999999999778 ) ) ;
#3471 = DIRECTION ( 'NONE',  ( 0.000000000000000000, 0.000000000000000000, 1.000000000000000000 ) ) ;
#3472 = DIRECTION ( 'NONE',  ( 0.000000000000000000, 1.000000000000000000, 0.000000000000000000 ) ) ;
#3473 = ORIENTED_EDGE ( 'NONE', *, *, #4219, .T. ) ;
#3474 = ORIENTED_EDGE ( 'NONE', *, *, #5837, .F. ) ;
#3475 = CYLINDRICAL_SURFACE ( 'NONE', #6764, 0.4999999999999995559 ) ;
#3476 = DIRECTION ( 'NONE',  ( 0.000000000000000000, -1.000000000000000000, 0.000000000000000000 ) ) ;
#3477 = CARTESIAN_POINT ( 'NONE',  ( 4.500000000000000000, 3.100000000000000089, 5.549999999999999822 ) ) ;
#3478 = DIRECTION ( 'NONE',  ( -0.7276068751091748776, 0.4850712500722839104, -0.4850712500727838994 ) ) ;
#3479 = ADVANCED_FACE ( 'NONE', ( #4319 ), #3844, .F. ) ;
#3480 = ORIENTED_EDGE ( 'NONE', *, *, #4317, .T. ) ;
#3481 = EDGE_CURVE ( 'NONE', #4344, #3023, #3189, .T. ) ;
#3482 = DIRECTION ( 'NONE',  ( -5.477100254817000116E-14, -1.000000000000000000, 0.000000000000000000 ) ) ;
#3483 = FACE_OUTER_BOUND ( 'NONE', #534, .T. ) ;
#3484 = LINE ( 'NONE', #667, #728 ) ;
#3485 = DIRECTION ( 'NONE',  ( 0.000000000000000000, 0.000000000000000000, 1.000000000000000000 ) ) ;
#3486 = ORIENTED_EDGE ( 'NONE', *, *, #5876, .F. ) ;
#3487 = VECTOR ( 'NONE', #3376, 1000.000000000000000 ) ;
#3488 = DIRECTION ( 'NONE',  ( -1.000000000000000000, 1.702341971092000012E-13, 0.000000000000000000 ) ) ;
#3489 = ORIENTED_EDGE ( 'NONE', *, *, #1924, .T. ) ;
#3490 = ADVANCED_FACE ( 'NONE', ( #5443 ), #1342, .T. ) ;
#3491 = LINE ( 'NONE', #5787, #6749 ) ;
#3492 = EDGE_CURVE ( 'NONE', #2038, #391, #7150, .T. ) ;
#3493 = ADVANCED_FACE ( 'NONE', ( #3713 ), #1985, .T. ) ;
#3494 = ORIENTED_EDGE ( 'NONE', *, *, #3444, .F. ) ;
#3495 = AXIS2_PLACEMENT_3D ( 'NONE', #6767, #2825, #4505 ) ;
#3496 = VECTOR ( 'NONE', #1535, 1000.000000000000114 ) ;
#3497 = DIRECTION ( 'NONE',  ( 0.000000000000000000, 1.000000000000000000, 0.000000000000000000 ) ) ;
#3498 = PLANE ( 'NONE',  #2042 ) ;
#3499 = DIRECTION ( 'NONE',  ( 0.000000000000000000, 1.000000000000000000, 0.000000000000000000 ) ) ;
#3500 = ORIENTED_EDGE ( 'NONE', *, *, #1498, .T. ) ;
#3501 = VERTEX_POINT ( 'NONE', #7378 ) ;
#3502 = VECTOR ( 'NONE', #5930, 1000.000000000000000 ) ;
#3503 = VECTOR ( 'NONE', #5612, 1000.000000000000000 ) ;
#3504 = ORIENTED_EDGE ( 'NONE', *, *, #5327, .T. ) ;
#3505 = ORIENTED_EDGE ( 'NONE', *, *, #6193, .T. ) ;
#3506 = FACE_BOUND ( 'NONE', #2180, .T. ) ;
#3507 = CARTESIAN_POINT ( 'NONE',  ( 0.8000000000000000444, -2.621259328415999956, 5.450000000000000178 ) ) ;
#3508 = AXIS2_PLACEMENT_3D ( 'NONE', #4061, #2148, #2901 ) ;
#3509 = AXIS2_PLACEMENT_3D ( 'NONE', #3532, #6502, #780 ) ;
#3510 = DIRECTION ( 'NONE',  ( 5.477100254817000116E-14, 1.000000000000000000, 0.000000000000000000 ) ) ;
#3511 = CIRCLE ( 'NONE', #3743, 2.399999999999999911 ) ;
#3512 = DIRECTION ( 'NONE',  ( 0.000000000000000000, 0.000000000000000000, -1.000000000000000000 ) ) ;
#3513 = ORIENTED_EDGE ( 'NONE', *, *, #358, .T. ) ;
#3514 = VERTEX_POINT ( 'NONE', #2666 ) ;
#3515 = VECTOR ( 'NONE', #5869, 1000.000000000000000 ) ;
#3516 = VECTOR ( 'NONE', #6305, 1000.000000000000000 ) ;
#3517 = PLANE ( 'NONE',  #1459 ) ;
#3518 = CARTESIAN_POINT ( 'NONE',  ( 5.399999999999999467, 3.100000000000000089, 5.549999999999999822 ) ) ;
#3519 = VECTOR ( 'NONE', #4476, 1000.000000000000000 ) ;
#3520 = DIRECTION ( 'NONE',  ( 0.000000000000000000, 0.000000000000000000, -1.000000000000000000 ) ) ;
#3521 = DIRECTION ( 'NONE',  ( -3.910666014879000125E-14, -6.804558865888999750E-12, 1.000000000000000000 ) ) ;
#3522 = ORIENTED_EDGE ( 'NONE', *, *, #315, .T. ) ;
#3523 = DIRECTION ( 'NONE',  ( 0.000000000000000000, 0.000000000000000000, -1.000000000000000000 ) ) ;
#3524 = AXIS2_PLACEMENT_3D ( 'NONE', #1184, #30, #4615 ) ;
#3525 = DIRECTION ( 'NONE',  ( 0.000000000000000000, 1.000000000000000000, 0.000000000000000000 ) ) ;
#3526 = CYLINDRICAL_SURFACE ( 'NONE', #3731, 0.1499999999999999667 ) ;
#3527 = EDGE_CURVE ( 'NONE', #3171, #6142, #2824, .T. ) ;
#3528 = FACE_OUTER_BOUND ( 'NONE', #1425, .T. ) ;
#3529 = ORIENTED_EDGE ( 'NONE', *, *, #7046, .T. ) ;
#3530 = DIRECTION ( 'NONE',  ( 0.000000000000000000, -1.000000000000000000, 0.000000000000000000 ) ) ;
#3531 = ORIENTED_EDGE ( 'NONE', *, *, #3338, .F. ) ;
#3532 = CARTESIAN_POINT ( 'NONE',  ( 4.724999999999999645, 2.350000000000000089, -5.625000000000000000 ) ) ;
#3533 = CARTESIAN_POINT ( 'NONE',  ( 0.2000000000000000111, 3.500000000000000000, -4.450000000000000178 ) ) ;
#3534 = DIRECTION ( 'NONE',  ( 1.000000000000000000, 0.000000000000000000, 0.000000000000000000 ) ) ;
#3535 = EDGE_CURVE ( 'NONE', #564, #6483, #2210, .T. ) ;
#3536 = EDGE_CURVE ( 'NONE', #6820, #5262, #1671, .T. ) ;
#3537 = PLANE ( 'NONE',  #2235 ) ;
#3538 = ORIENTED_EDGE ( 'NONE', *, *, #5375, .F. ) ;
#3539 = EDGE_CURVE ( 'NONE', #1021, #3245, #4502, .T. ) ;
#3540 = ORIENTED_EDGE ( 'NONE', *, *, #2512, .T. ) ;
#3541 = ORIENTED_EDGE ( 'NONE', *, *, #7450, .T. ) ;
#3542 = EDGE_CURVE ( 'NONE', #5818, #7282, #6276, .T. ) ;
#3543 = EDGE_LOOP ( 'NONE', ( #2040, #1497 ) ) ;
#3544 = DIRECTION ( 'NONE',  ( 0.000000000000000000, 1.000000000000000000, 0.000000000000000000 ) ) ;
#3545 = DIRECTION ( 'NONE',  ( 0.000000000000000000, -0.7071067811866530439, 0.7071067811864419905 ) ) ;
#3546 = DIRECTION ( 'NONE',  ( 0.000000000000000000, 0.000000000000000000, -1.000000000000000000 ) ) ;
#3547 = CARTESIAN_POINT ( 'NONE',  ( -2.475000000000000089, -2.200000000000000178, -1.449999999999999956 ) ) ;
#3548 = EDGE_CURVE ( 'NONE', #4447, #1335, #5070, .T. ) ;
#3549 = ORIENTED_EDGE ( 'NONE', *, *, #6342, .F. ) ;
#3550 = ORIENTED_EDGE ( 'NONE', *, *, #4964, .T. ) ;
#3551 = CARTESIAN_POINT ( 'NONE',  ( 0.8499999999999999778, -2.200000000000000178, -3.550000000000000266 ) ) ;
#3552 = CARTESIAN_POINT ( 'NONE',  ( -2.149999999999999911, 2.500000000000000000, 6.949999999999999289 ) ) ;
#3553 = LINE ( 'NONE', #5881, #5062 ) ;
#3554 = LINE ( 'NONE', #5318, #3203 ) ;
#3555 = ORIENTED_EDGE ( 'NONE', *, *, #3906, .F. ) ;
#3556 = VECTOR ( 'NONE', #7451, 1000.000000000000000 ) ;
#3557 = FACE_BOUND ( 'NONE', #2729, .T. ) ;
#3558 = VECTOR ( 'NONE', #4361, 1000.000000000000000 ) ;
#3559 = FACE_OUTER_BOUND ( 'NONE', #5749, .T. ) ;
#3560 = CARTESIAN_POINT ( 'NONE',  ( 2.000000000000000000, 0.4999999999998941957, 10.14999999999999858 ) ) ;
#3561 = CARTESIAN_POINT ( 'NONE',  ( -0.01761839278056999761, -2.299999999999999822, -4.085167163611000518 ) ) ;
#3562 = VECTOR ( 'NONE', #2125, 1000.000000000000000 ) ;
#3563 = CARTESIAN_POINT ( 'NONE',  ( 4.400000000000000355, -4.899999999999999467, -6.100000000000000533 ) ) ;
#3564 = ORIENTED_EDGE ( 'NONE', *, *, #4504, .F. ) ;
#3565 = CARTESIAN_POINT ( 'NONE',  ( -2.600000000000000089, -1.775000000000000133, -1.456350832690000097 ) ) ;
#3566 = EDGE_LOOP ( 'NONE', ( #3807, #3768, #4234 ) ) ;
#3567 = AXIS2_PLACEMENT_3D ( 'NONE', #5923, #767, #3325 ) ;
#3568 = DIRECTION ( 'NONE',  ( 1.000000000000000000, 0.000000000000000000, 0.000000000000000000 ) ) ;
#3569 = CARTESIAN_POINT ( 'NONE',  ( 4.575000000000000178, -4.899999999999999467, 2.250000000000000000 ) ) ;
#3570 = CARTESIAN_POINT ( 'NONE',  ( -4.299999999999999822, 3.500000000000000000, 5.549999999999999822 ) ) ;
#3571 = VERTEX_POINT ( 'NONE', #5627 ) ;
#3572 = ORIENTED_EDGE ( 'NONE', *, *, #6620, .T. ) ;
#3573 = EDGE_LOOP ( 'NONE', ( #112, #3182 ) ) ;
#3574 = VECTOR ( 'NONE', #273, 1000.000000000000000 ) ;
#3575 = ORIENTED_EDGE ( 'NONE', *, *, #1644, .F. ) ;
#3576 = EDGE_CURVE ( 'NONE', #6807, #4174, #5109, .T. ) ;
#3577 = DIRECTION ( 'NONE',  ( 0.000000000000000000, 0.000000000000000000, -1.000000000000000000 ) ) ;
#3578 = DIRECTION ( 'NONE',  ( 0.000000000000000000, 0.000000000000000000, 1.000000000000000000 ) ) ;
#3579 = CARTESIAN_POINT ( 'NONE',  ( 3.625000000000000000, -2.100000000000000089, 5.474999999999999645 ) ) ;
#3580 = DIRECTION ( 'NONE',  ( 1.000000000000000000, 0.000000000000000000, 0.000000000000000000 ) ) ;
#3581 = ORIENTED_EDGE ( 'NONE', *, *, #7216, .F. ) ;
#3582 = EDGE_LOOP ( 'NONE', ( #77, #4417, #4938, #5914, #4175, #5341 ) ) ;
#3583 = ADVANCED_FACE ( 'NONE', ( #961 ), #3418, .F. ) ;
#3584 = CARTESIAN_POINT ( 'NONE',  ( -2.674999999999999822, -1.699999999999999956, -2.250000000000000000 ) ) ;
#3585 = CARTESIAN_POINT ( 'NONE',  ( -2.299999999999999822, -1.800000000000000044, -2.149999999999999911 ) ) ;
#3586 = EDGE_CURVE ( 'NONE', #5799, #3, #491, .T. ) ;
#3587 = EDGE_CURVE ( 'NONE', #4930, #6635, #3262, .T. ) ;
#3588 = CARTESIAN_POINT ( 'NONE',  ( 4.549999999999999822, -1.899999999999999911, 1.000000000000000000 ) ) ;
#3589 = DIRECTION ( 'NONE',  ( 0.000000000000000000, 0.000000000000000000, 1.000000000000000000 ) ) ;
#3590 = DIRECTION ( 'NONE',  ( 0.000000000000000000, 0.000000000000000000, -1.000000000000000000 ) ) ;
#3591 = EDGE_LOOP ( 'NONE', ( #4921, #2039, #676, #4518, #2879 ) ) ;
#3592 = CARTESIAN_POINT ( 'NONE',  ( 4.575000000000000178, -1.699999999999999956, 1.500000000000000000 ) ) ;
#3593 = CARTESIAN_POINT ( 'NONE',  ( 3.050000000000000266, -1.699999999999999956, 4.675000000000000711 ) ) ;
#3594 = CARTESIAN_POINT ( 'NONE',  ( 4.134077908636161425, 2.256383478138438203, 4.675000000000001599 ) ) ;
#3595 = LINE ( 'NONE', #1898, #4885 ) ;
#3596 = ORIENTED_EDGE ( 'NONE', *, *, #5639, .F. ) ;
#3597 = LINE ( 'NONE', #5893, #2995 ) ;
#3598 = ORIENTED_EDGE ( 'NONE', *, *, #7323, .T. ) ;
#3599 = CARTESIAN_POINT ( 'NONE',  ( -4.941409002758999414, -1.800000000000000044, -3.899999999999999911 ) ) ;
#3600 = DIRECTION ( 'NONE',  ( -7.753057455299000164E-14, 3.256654205567000055E-14, 1.000000000000000000 ) ) ;
#3601 = LINE ( 'NONE', #6930, #33 ) ;
#3602 = CARTESIAN_POINT ( 'NONE',  ( 0.8499999999999999778, -2.100000000000000089, 4.649999999999999467 ) ) ;
#3603 = VERTEX_POINT ( 'NONE', #4956 ) ;
#3604 = ORIENTED_EDGE ( 'NONE', *, *, #6353, .T. ) ;
#3605 = VERTEX_POINT ( 'NONE', #521 ) ;
#3606 = VECTOR ( 'NONE', #7387, 1000.000000000000000 ) ;
#3607 = ORIENTED_EDGE ( 'NONE', *, *, #6980, .F. ) ;
#3608 = CARTESIAN_POINT ( 'NONE',  ( 0.8349954426310000066, 1.038233069753999871, 5.950000000000000178 ) ) ;
#3609 = FACE_OUTER_BOUND ( 'NONE', #926, .T. ) ;
#3610 = CARTESIAN_POINT ( 'NONE',  ( -0.4000000000000000222, -4.899999999999999467, 5.000000000000000000 ) ) ;
#3611 = AXIS2_PLACEMENT_3D ( 'NONE', #6801, #2705, #3339 ) ;
#3612 = EDGE_CURVE ( 'NONE', #4809, #7197, #5026, .T. ) ;
#3613 = CARTESIAN_POINT ( 'NONE',  ( -2.200000000000000178, 0.5000000000000000000, 5.825000000000000178 ) ) ;
#3614 = VERTEX_POINT ( 'NONE', #6197 ) ;
#3615 = EDGE_LOOP ( 'NONE', ( #687, #6796, #3711, #6781 ) ) ;
#3616 = CARTESIAN_POINT ( 'NONE',  ( 2.149999999999999911, 0.5000000000000000000, 4.850000000000000533 ) ) ;
#3617 = VECTOR ( 'NONE', #4155, 1000.000000000000000 ) ;
#3618 = VECTOR ( 'NONE', #4092, 1000.000000000000000 ) ;
#3619 = VECTOR ( 'NONE', #7385, 1000.000000000000000 ) ;
#3620 = VECTOR ( 'NONE', #4560, 1000.000000000000000 ) ;
#3621 = CARTESIAN_POINT ( 'NONE',  ( -0.3133008409292000196, -2.299999999999999822, -4.950000000000000178 ) ) ;
#3622 = LINE ( 'NONE', #3588, #6627 ) ;
#3623 = CARTESIAN_POINT ( 'NONE',  ( 5.049999999999999822, -2.500000000000000000, -6.125000000000000000 ) ) ;
#3624 = EDGE_CURVE ( 'NONE', #2091, #151, #476, .T. ) ;
#3625 = CARTESIAN_POINT ( 'NONE',  ( 0.2000000000000000111, 0.5000000000000000000, 5.500000000000000000 ) ) ;
#3626 = CIRCLE ( 'NONE', #3286, 0.5000000000000004441 ) ;
#3627 = VECTOR ( 'NONE', #5538, 1000.000000000000000 ) ;
#3628 = VECTOR ( 'NONE', #706, 1000.000000000000000 ) ;
#3629 = APPROVAL ( #7237, 'UNSPECIFIED' ) ;
#3630 = EDGE_CURVE ( 'NONE', #237, #216, #2779, .T. ) ;
#3631 = VERTEX_POINT ( 'NONE', #2244 ) ;
#3632 = EDGE_CURVE ( 'NONE', #3841, #6194, #849, .T. ) ;
#3633 = CARTESIAN_POINT ( 'NONE',  ( 3.050000000000000266, 2.500000000000000000, 4.950000000000000178 ) ) ;
#3634 = PLANE ( 'NONE',  #761 ) ;
#3635 = AXIS2_PLACEMENT_3D ( 'NONE', #56, #4708, #2339 ) ;
#3636 = VECTOR ( 'NONE', #7024, 1000.000000000000000 ) ;
#3637 = DIRECTION ( 'NONE',  ( 0.000000000000000000, 0.000000000000000000, 1.000000000000000000 ) ) ;
#3638 = DIRECTION ( 'NONE',  ( 1.000000000000000000, 0.000000000000000000, 0.000000000000000000 ) ) ;
#3639 = VERTEX_POINT ( 'NONE', #3820 ) ;
#3640 = CARTESIAN_POINT ( 'NONE',  ( -1.800000000000000044, 2.500000000000000000, 5.950000000000000178 ) ) ;
#3641 = CIRCLE ( 'NONE', #7254, 0.1499999999999999667 ) ;
#3642 = ORIENTED_EDGE ( 'NONE', *, *, #3444, .T. ) ;
#3643 = LINE ( 'NONE', #6397, #5424 ) ;
#3644 = CARTESIAN_POINT ( 'NONE',  ( 5.750000000000000000, -2.500000000000000000, 6.949999999999999289 ) ) ;
#3645 = VECTOR ( 'NONE', #22, 1000.000000000000000 ) ;
#3646 = FACE_OUTER_BOUND ( 'NONE', #492, .T. ) ;
#3647 = DIRECTION ( 'NONE',  ( 0.000000000000000000, 1.000000000000000000, 0.000000000000000000 ) ) ;
#3648 = ORIENTED_EDGE ( 'NONE', *, *, #587, .T. ) ;
#3649 = ORIENTED_EDGE ( 'NONE', *, *, #826, .F. ) ;
#3650 = VERTEX_POINT ( 'NONE', #1519 ) ;
#3651 = ORIENTED_EDGE ( 'NONE', *, *, #4556, .F. ) ;
#3652 = LINE ( 'NONE', #2565, #5208 ) ;
#3653 = LINE ( 'NONE', #1421, #3750 ) ;
#3654 = DIRECTION ( 'NONE',  ( 1.000000000000000000, 0.000000000000000000, 0.000000000000000000 ) ) ;
#3655 = CARTESIAN_POINT ( 'NONE',  ( 4.575000000000000178, -4.850000000000000533, 1.649999999999999911 ) ) ;
#3656 = ORIENTED_EDGE ( 'NONE', *, *, #1318, .F. ) ;
#3657 = ORIENTED_EDGE ( 'NONE', *, *, #4808, .F. ) ;
#3658 = CARTESIAN_POINT ( 'NONE',  ( 4.500000000000000000, 3.100000000000000089, 5.549999999999999822 ) ) ;
#3659 = DIRECTION ( 'NONE',  ( 0.000000000000000000, 0.000000000000000000, -1.000000000000000000 ) ) ;
#3660 = PLANE ( 'NONE',  #2782 ) ;
#3661 = DIRECTION ( 'NONE',  ( 0.000000000000000000, 0.000000000000000000, 1.000000000000000000 ) ) ;
#3662 = CARTESIAN_POINT ( 'NONE',  ( 0.4500000000000999867, 2.200000000000000178, -6.125000000000000000 ) ) ;
#3663 = EDGE_LOOP ( 'NONE', ( #5989, #2561, #4253, #2630 ) ) ;
#3664 = VERTEX_POINT ( 'NONE', #1040 ) ;
#3665 = LINE ( 'NONE', #4725, #4473 ) ;
#3666 = CIRCLE ( 'NONE', #6797, 0.2999999999999999334 ) ;
#3667 = EDGE_CURVE ( 'NONE', #815, #1166, #1005, .T. ) ;
#3668 = CARTESIAN_POINT ( 'NONE',  ( 4.500000000000000000, 2.500000000000000000, 5.549999999999999822 ) ) ;
#3669 = EDGE_CURVE ( 'NONE', #5053, #1368, #3860, .T. ) ;
#3670 = EDGE_CURVE ( 'NONE', #5183, #6283, #6033, .T. ) ;
#3671 = CARTESIAN_POINT ( 'NONE',  ( -2.125000000000000000, -2.500000000000000000, -2.050000000000000266 ) ) ;
#3672 = CARTESIAN_POINT ( 'NONE',  ( 4.289346255670589692, 3.078237858560999740, 4.675000000000000711 ) ) ;
#3673 = PLANE ( 'NONE',  #1813 ) ;
#3674 = ORIENTED_EDGE ( 'NONE', *, *, #1640, .F. ) ;
#3675 = FACE_OUTER_BOUND ( 'NONE', #3957, .T. ) ;
#3676 = EDGE_CURVE ( 'NONE', #2494, #5053, #2164, .T. ) ;
#3677 = ORIENTED_EDGE ( 'NONE', *, *, #138, .F. ) ;
#3678 = CARTESIAN_POINT ( 'NONE',  ( 4.400000000000000355, -4.899999999999999467, -5.788488864481999840 ) ) ;
#3679 = EDGE_CURVE ( 'NONE', #5383, #4930, #4337, .T. ) ;
#3680 = EDGE_CURVE ( 'NONE', #7000, #6750, #4831, .T. ) ;
#3681 = CARTESIAN_POINT ( 'NONE',  ( -2.149999999999999911, -1.800000000000000044, -0.8499999999999999778 ) ) ;
#3682 = CIRCLE ( 'NONE', #435, 1.800000000000000044 ) ;
#3683 = FACE_OUTER_BOUND ( 'NONE', #4982, .T. ) ;
#3684 = VERTEX_POINT ( 'NONE', #6881 ) ;
#3685 = ORIENTED_EDGE ( 'NONE', *, *, #5052, .T. ) ;
#3686 = ORIENTED_EDGE ( 'NONE', *, *, #7309, .T. ) ;
#3687 = ORIENTED_EDGE ( 'NONE', *, *, #2678, .F. ) ;
#3688 = CIRCLE ( 'NONE', #441, 0.5249999999999999112 ) ;
#3689 = CARTESIAN_POINT ( 'NONE',  ( 5.049999999999999822, -2.500000000000000000, -5.774999999999999467 ) ) ;
#3690 = CARTESIAN_POINT ( 'NONE',  ( 3.449999999187000288, 2.349999999991999822, 4.799999999991999999 ) ) ;
#3691 = CARTESIAN_POINT ( 'NONE',  ( 5.200000000000000178, 2.500000000000000000, -1.550000000000000044 ) ) ;
#3692 = CIRCLE ( 'NONE', #4169, 2.399999999999999023 ) ;
#3693 = DIRECTION ( 'NONE',  ( 0.000000000000000000, -1.000000000000000000, 0.000000000000000000 ) ) ;
#3694 = ORIENTED_EDGE ( 'NONE', *, *, #3632, .F. ) ;
#3695 = ORIENTED_EDGE ( 'NONE', *, *, #6054, .F. ) ;
#3696 = DIRECTION ( 'NONE',  ( 1.000000000000000000, 0.000000000000000000, 0.000000000000000000 ) ) ;
#3697 = DIRECTION ( 'NONE',  ( 0.000000000000000000, -1.000000000000000000, 0.000000000000000000 ) ) ;
#3698 = FACE_OUTER_BOUND ( 'NONE', #5265, .T. ) ;
#3700 = CARTESIAN_POINT ( 'NONE',  ( -0.6999999999999999556, 3.500000000000000000, -4.450000000000000178 ) ) ;
#3699 = PERSON ( 'UNSPECIFIED', 'UNSPECIFIED', 'UNSPECIFIED', ('UNSPECIFIED'), ('UNSPECIFIED'), ('UNSPECIFIED') ) ;
#3701 = CARTESIAN_POINT ( 'NONE',  ( -5.750000000000000000, 3.500000000000000000, -6.949999999999999289 ) ) ;
#3702 = VERTEX_POINT ( 'NONE', #4788 ) ;
#3703 = ORIENTED_EDGE ( 'NONE', *, *, #175, .T. ) ;
#3704 = DIRECTION ( 'NONE',  ( 0.000000000000000000, 0.000000000000000000, -1.000000000000000000 ) ) ;
#3705 = CARTESIAN_POINT ( 'NONE',  ( -2.475000000000000089, -2.500000000000000000, -0.8499999999999999778 ) ) ;
#3706 = ADVANCED_FACE ( 'NONE', ( #1926 ), #3660, .T. ) ;
#3707 = DIRECTION ( 'NONE',  ( 0.000000000000000000, 1.000000000000000000, 0.000000000000000000 ) ) ;
#3708 = CARTESIAN_POINT ( 'NONE',  ( 0.2000000000000000111, 0.5000000000000000000, 5.825000000000000178 ) ) ;
#3709 = EDGE_CURVE ( 'NONE', #6726, #1810, #6921, .T. ) ;
#3710 = EDGE_CURVE ( 'NONE', #2811, #6946, #4190, .T. ) ;
#3711 = ORIENTED_EDGE ( 'NONE', *, *, #3756, .F. ) ;
#3712 = CARTESIAN_POINT ( 'NONE',  ( 0.000000000000000000, 0.000000000000000000, 4.675000000000000711 ) ) ;
#3713 = FACE_OUTER_BOUND ( 'NONE', #5586, .T. ) ;
#3714 = DIRECTION ( 'NONE',  ( 0.000000000000000000, -1.000000000000000000, 0.000000000000000000 ) ) ;
#3715 = CARTESIAN_POINT ( 'NONE',  ( -5.250000000000000000, -1.699999999999999956, -4.000000000000000000 ) ) ;
#3716 = ORIENTED_EDGE ( 'NONE', *, *, #4276, .F. ) ;
#3717 = EDGE_CURVE ( 'NONE', #5396, #7069, #3102, .T. ) ;
#3718 = ORIENTED_EDGE ( 'NONE', *, *, #4315, .F. ) ;
#3719 = EDGE_LOOP ( 'NONE', ( #1059, #3213, #61, #5594 ) ) ;
#3720 = EDGE_CURVE ( 'NONE', #1124, #4606, #591, .T. ) ;
#3721 = EDGE_CURVE ( 'NONE', #466, #5866, #6383, .T. ) ;
#3722 = ORIENTED_EDGE ( 'NONE', *, *, #6401, .F. ) ;
#3723 = CARTESIAN_POINT ( 'NONE',  ( 0.8499999999999999778, -2.200000000000000178, -5.250000000000000000 ) ) ;
#3724 = PLANE ( 'NONE',  #5286 ) ;
#3725 = CARTESIAN_POINT ( 'NONE',  ( 4.500000000000000000, 3.500000000000000000, 5.549999999999999822 ) ) ;
#3726 = EDGE_LOOP ( 'NONE', ( #4659, #5094, #949, #3256 ) ) ;
#3727 = AXIS2_PLACEMENT_3D ( 'NONE', #4848, #6584, #5400 ) ;
#3728 = ORIENTED_EDGE ( 'NONE', *, *, #7413, .F. ) ;
#3729 = DIRECTION ( 'NONE',  ( -0.000000000000000000, 1.000000000000000000, 0.000000000000000000 ) ) ;
#3730 = CARTESIAN_POINT ( 'NONE',  ( -5.349999999999999645, 3.299999999999999822, 4.675000000000000711 ) ) ;
#3731 = AXIS2_PLACEMENT_3D ( 'NONE', #5284, #6315, #2438 ) ;
#3732 = DIRECTION ( 'NONE',  ( 0.000000000000000000, 0.000000000000000000, 1.000000000000000000 ) ) ;
#3733 = VECTOR ( 'NONE', #3241, 1000.000000000000000 ) ;
#3734 = LINE ( 'NONE', #4270, #2294 ) ;
#3735 = DIRECTION ( 'NONE',  ( 0.000000000000000000, 0.000000000000000000, -1.000000000000000000 ) ) ;
#3736 = ORIENTED_EDGE ( 'NONE', *, *, #1538, .T. ) ;
#3737 = AXIS2_PLACEMENT_3D ( 'NONE', #4694, #5397, #148 ) ;
#3738 = VERTEX_POINT ( 'NONE', #1321 ) ;
#3739 = VECTOR ( 'NONE', #684, 1000.000000000000000 ) ;
#3740 = DIRECTION ( 'NONE',  ( -1.000000000000000000, 0.000000000000000000, 0.000000000000000000 ) ) ;
#3741 = DIRECTION ( 'NONE',  ( 1.000000000000000000, 0.000000000000000000, 0.000000000000000000 ) ) ;
#3742 = CARTESIAN_POINT ( 'NONE',  ( 0.2000000000000000111, 0.5000000000000000000, 4.850000000000000533 ) ) ;
#3743 = AXIS2_PLACEMENT_3D ( 'NONE', #4780, #4213, #6448 ) ;
#3744 = DIRECTION ( 'NONE',  ( -0.000000000000000000, 1.000000000000000000, 0.000000000000000000 ) ) ;
#3745 = ORIENTED_EDGE ( 'NONE', *, *, #6150, .T. ) ;
#3746 = VECTOR ( 'NONE', #3545, 1000.000000000000000 ) ;
#3747 = DIRECTION ( 'NONE',  ( -2.371676262501989112E-08, 0.7071067811923967827, 0.7071067811806978076 ) ) ;
#3748 = CARTESIAN_POINT ( 'NONE',  ( -1.699999999999999956, -1.800000000000000044, 5.500000000000000000 ) ) ;
#3749 = LINE ( 'NONE', #4251, #6264 ) ;
#3750 = VECTOR ( 'NONE', #6093, 1000.000000000000114 ) ;
#3751 = CARTESIAN_POINT ( 'NONE',  ( -2.100000000000000089, -1.500000000000000000, 5.799999999999999822 ) ) ;
#3752 = AXIS2_PLACEMENT_3D ( 'NONE', #3608, #1246, #6329 ) ;
#3753 = ORIENTED_EDGE ( 'NONE', *, *, #5704, .T. ) ;
#3754 = ORIENTED_EDGE ( 'NONE', *, *, #2292, .T. ) ;
#3755 = ORIENTED_EDGE ( 'NONE', *, *, #2206, .F. ) ;
#3756 = EDGE_CURVE ( 'NONE', #2579, #6820, #1752, .T. ) ;
#3757 = DIRECTION ( 'NONE',  ( 0.000000000000000000, 0.000000000000000000, -1.000000000000000000 ) ) ;
#3758 = ORIENTED_EDGE ( 'NONE', *, *, #3624, .T. ) ;
#3759 = VECTOR ( 'NONE', #1922, 1000.000000000000000 ) ;
#3760 = EDGE_CURVE ( 'NONE', #4165, #504, #4050, .T. ) ;
#3761 = LINE ( 'NONE', #6594, #6043 ) ;
#3762 = EDGE_CURVE ( 'NONE', #6750, #815, #3622, .T. ) ;
#3763 = CARTESIAN_POINT ( 'NONE',  ( 5.200000000000000178, 2.500000000000000000, 0.000000000000000000 ) ) ;
#3764 = ADVANCED_FACE ( 'NONE', ( #3698 ), #5880, .F. ) ;
#3765 = EDGE_CURVE ( 'NONE', #6635, #7360, #4215, .T. ) ;
#3766 = DIRECTION ( 'NONE',  ( 0.000000000000000000, 0.000000000000000000, -1.000000000000000000 ) ) ;
#3767 = ORIENTED_EDGE ( 'NONE', *, *, #7131, .T. ) ;
#3768 = ORIENTED_EDGE ( 'NONE', *, *, #1837, .F. ) ;
#3769 = CARTESIAN_POINT ( 'NONE',  ( 5.049999999999999822, -2.500000000000000000, -5.774999999999999467 ) ) ;
#3770 = CARTESIAN_POINT ( 'NONE',  ( 0.2000000000000000111, -4.850000000000000533, 5.000000000000000000 ) ) ;
#3771 = CARTESIAN_POINT ( 'NONE',  ( 3.974999999999999201, 2.649999999999999911, 5.549999999999999822 ) ) ;
#3772 = EDGE_CURVE ( 'NONE', #6509, #4490, #1967, .T. ) ;
#3773 = DIRECTION ( 'NONE',  ( 0.000000000000000000, -1.000000000000000000, 0.000000000000000000 ) ) ;
#3774 = CARTESIAN_POINT ( 'NONE',  ( 0.2000000000000000111, 0.5000000000000000000, 6.949999999999999289 ) ) ;
#3775 = EDGE_LOOP ( 'NONE', ( #5491, #5665, #6187, #5545 ) ) ;
#3776 = ORIENTED_EDGE ( 'NONE', *, *, #4139, .T. ) ;
#3777 = ORIENTED_EDGE ( 'NONE', *, *, #1177, .T. ) ;
#3778 = DIRECTION ( 'NONE',  ( 1.000000000000000000, 0.000000000000000000, 0.000000000000000000 ) ) ;
#3779 = LINE ( 'NONE', #3813, #4250 ) ;
#3780 = CARTESIAN_POINT ( 'NONE',  ( 5.399999999999999467, 3.078237858560999740, 5.549999999999999822 ) ) ;
#3781 = DIRECTION ( 'NONE',  ( 0.000000000000000000, 0.000000000000000000, -1.000000000000000000 ) ) ;
#3782 = ORIENTED_EDGE ( 'NONE', *, *, #1138, .F. ) ;
#3783 = DIRECTION ( 'NONE',  ( 1.000000000000000000, 0.000000000000000000, 0.000000000000000000 ) ) ;
#3784 = DIRECTION ( 'NONE',  ( 0.000000000000000000, 0.000000000000000000, -1.000000000000000000 ) ) ;
#3785 = CARTESIAN_POINT ( 'NONE',  ( -3.225000000000000089, -2.100000000000000089, 5.825000000000000178 ) ) ;
#3786 = DIRECTION ( 'NONE',  ( 0.000000000000000000, 0.000000000000000000, 1.000000000000000000 ) ) ;
#3787 = EDGE_LOOP ( 'NONE', ( #5578, #2022, #5982, #4254 ) ) ;
#3788 = VERTEX_POINT ( 'NONE', #1152 ) ;
#3789 = EDGE_LOOP ( 'NONE', ( #3564, #5835, #6169, #4743 ) ) ;
#3790 = DIRECTION ( 'NONE',  ( 0.000000000000000000, 1.000000000000000000, 0.000000000000000000 ) ) ;
#3791 = ORIENTED_EDGE ( 'NONE', *, *, #5280, .T. ) ;
#3792 = AXIS2_PLACEMENT_3D ( 'NONE', #3570, #5261, #4806 ) ;
#3793 = FACE_OUTER_BOUND ( 'NONE', #3201, .T. ) ;
#3794 = CARTESIAN_POINT ( 'NONE',  ( -2.475000000000000089, -1.699999999999999956, -1.112930253426925864 ) ) ;
#3795 = CARTESIAN_POINT ( 'NONE',  ( 4.500000000000000000, 3.500000000000000000, 5.549999999999999822 ) ) ;
#3796 = VERTEX_POINT ( 'NONE', #5350 ) ;
#3797 = ORIENTED_EDGE ( 'NONE', *, *, #3772, .F. ) ;
#3798 = AXIS2_PLACEMENT_3D ( 'NONE', #776, #3075, #1260 ) ;
#3799 = EDGE_CURVE ( 'NONE', #151, #3788, #2906, .T. ) ;
#3800 = CARTESIAN_POINT ( 'NONE',  ( -3.425000000000000266, 2.500000000000000000, 5.275000000000000355 ) ) ;
#3801 = CARTESIAN_POINT ( 'NONE',  ( -5.349999999999999645, 2.399999999999999911, 0.7750000000000000222 ) ) ;
#3802 = CARTESIAN_POINT ( 'NONE',  ( 2.550000000000000266, 1.649999999999999911, 5.950000000000000178 ) ) ;
#3803 = CIRCLE ( 'NONE', #3096, 0.8500000000000000888 ) ;
#3804 = FACE_OUTER_BOUND ( 'NONE', #4508, .T. ) ;
#3805 = CARTESIAN_POINT ( 'NONE',  ( -0.4500000000000000111, -2.100000000000000089, 4.649999999999999467 ) ) ;
#3806 = ORIENTED_EDGE ( 'NONE', *, *, #6193, .F. ) ;
#3807 = ORIENTED_EDGE ( 'NONE', *, *, #1549, .T. ) ;
#3808 = ADVANCED_FACE ( 'NONE', ( #4575, #7059 ), #6489, .F. ) ;
#3809 = ORIENTED_EDGE ( 'NONE', *, *, #7309, .F. ) ;
#3810 = EDGE_CURVE ( 'NONE', #5120, #5818, #4014, .T. ) ;
#3811 = EDGE_CURVE ( 'NONE', #1720, #2775, #6675, .T. ) ;
#3812 = LINE ( 'NONE', #3247, #7125 ) ;
#3813 = CARTESIAN_POINT ( 'NONE',  ( 5.000000000000000000, -4.899999999999999467, -5.799999999999999822 ) ) ;
#3814 = LINE ( 'NONE', #6112, #3143 ) ;
#3815 = CARTESIAN_POINT ( 'NONE',  ( -4.299999999999999822, 3.299999999999999822, 5.549999999999999822 ) ) ;
#3816 = ORIENTED_EDGE ( 'NONE', *, *, #2861, .F. ) ;
#3817 = CARTESIAN_POINT ( 'NONE',  ( -2.649999999999999911, -1.699999999999999956, 4.850000000000000533 ) ) ;
#3818 = AXIS2_PLACEMENT_3D ( 'NONE', #2935, #5823, #3003 ) ;
#3819 = DIRECTION ( 'NONE',  ( 1.045089940514000085E-12, 6.927791673661000036E-13, -1.000000000000000000 ) ) ;
#3820 = CARTESIAN_POINT ( 'NONE',  ( 4.289346255670589692, 3.100000000000000089, 4.675000000000000711 ) ) ;
#3821 = DIRECTION ( 'NONE',  ( 0.000000000000000000, 1.000000000000000000, 0.000000000000000000 ) ) ;
#3822 = FACE_OUTER_BOUND ( 'NONE', #6918, .T. ) ;
#3823 = ORIENTED_EDGE ( 'NONE', *, *, #6477, .F. ) ;
#3824 = ORIENTED_EDGE ( 'NONE', *, *, #6903, .F. ) ;
#3825 = VERTEX_POINT ( 'NONE', #4302 ) ;
#3826 = CARTESIAN_POINT ( 'NONE',  ( 0.2443593274800999748, -2.299999999999999822, -4.717896939814000490 ) ) ;
#3827 = ORIENTED_EDGE ( 'NONE', *, *, #6217, .T. ) ;
#3828 = DIRECTION ( 'NONE',  ( 0.000000000000000000, 1.000000000000000000, 0.000000000000000000 ) ) ;
#3829 = CARTESIAN_POINT ( 'NONE',  ( 0.01876739026045000369, -2.299999999999999822, -4.400000000000000355 ) ) ;
#3830 = DIRECTION ( 'NONE',  ( 0.000000000000000000, 1.000000000000000000, 0.000000000000000000 ) ) ;
#3831 = ORIENTED_EDGE ( 'NONE', *, *, #7371, .T. ) ;
#3832 = ORIENTED_EDGE ( 'NONE', *, *, #7449, .F. ) ;
#3833 = DIRECTION ( 'NONE',  ( 1.000000000000000000, 0.000000000000000000, 0.000000000000000000 ) ) ;
#3834 = DIRECTION ( 'NONE',  ( 0.000000000000000000, 0.000000000000000000, 1.000000000000000000 ) ) ;
#3835 = CARTESIAN_POINT ( 'NONE',  ( 0.000000000000000000, 3.000000000000000000, -6.949999999999999289 ) ) ;
#3836 = EDGE_CURVE ( 'NONE', #875, #3035, #4378, .T. ) ;
#3837 = EDGE_CURVE ( 'NONE', #7282, #6247, #618, .T. ) ;
#3838 = LINE ( 'NONE', #464, #7117 ) ;
#3839 = DIRECTION ( 'NONE',  ( 0.000000000000000000, 1.000000000000000000, 0.000000000000000000 ) ) ;
#3840 = ORIENTED_EDGE ( 'NONE', *, *, #6206, .T. ) ;
#3841 = VERTEX_POINT ( 'NONE', #424 ) ;
#3842 = ORIENTED_EDGE ( 'NONE', *, *, #2756, .T. ) ;
#3843 = CARTESIAN_POINT ( 'NONE',  ( 5.299999999999999822, 2.500000000000000000, -1.550000000000000044 ) ) ;
#3844 = CONICAL_SURFACE ( 'NONE', #1552, 1.149999999999999911, 0.7853981633972990650 ) ;
#3845 = FACE_OUTER_BOUND ( 'NONE', #5522, .T. ) ;
#3846 = ADVANCED_FACE ( 'NONE', ( #2688 ), #283, .F. ) ;
#3847 = CARTESIAN_POINT ( 'NONE',  ( 0.2000000000000000111, -4.060628647901000754, 5.299999999999999822 ) ) ;
#3848 = EDGE_CURVE ( 'NONE', #5113, #5938, #6034, .T. ) ;
#3849 = CARTESIAN_POINT ( 'NONE',  ( 5.750000000000000000, 3.500000000000000000, 6.949999999999999289 ) ) ;
#3850 = EDGE_CURVE ( 'NONE', #7398, #3878, #971, .T. ) ;
#3851 = AXIS2_PLACEMENT_3D ( 'NONE', #3445, #1780, #103 ) ;
#3852 = VECTOR ( 'NONE', #439, 1000.000000000000227 ) ;
#3853 = EDGE_CURVE ( 'NONE', #6499, #7190, #2080, .T. ) ;
#3854 = ORIENTED_EDGE ( 'NONE', *, *, #4183, .T. ) ;
#3855 = FACE_OUTER_BOUND ( 'NONE', #4906, .T. ) ;
#3856 = DIRECTION ( 'NONE',  ( 0.000000000000000000, 0.000000000000000000, 1.000000000000000000 ) ) ;
#3857 = AXIS2_PLACEMENT_3D ( 'NONE', #6786, #1763, #5756 ) ;
#3858 = AXIS2_PLACEMENT_3D ( 'NONE', #6919, #1750, #4499 ) ;
#3859 = AXIS2_PLACEMENT_3D ( 'NONE', #2597, #413, #7299 ) ;
#3860 = LINE ( 'NONE', #5590, #3852 ) ;
#3861 = CYLINDRICAL_SURFACE ( 'NONE', #6735, 0.1499999999999999667 ) ;
#3862 = CARTESIAN_POINT ( 'NONE',  ( 5.000000000000000000, -1.800000000000000044, 1.649999999999999911 ) ) ;
#3863 = ORIENTED_EDGE ( 'NONE', *, *, #4808, .T. ) ;
#3864 = AXIS2_PLACEMENT_3D ( 'NONE', #2687, #6100, #3284 ) ;
#3865 = EDGE_LOOP ( 'NONE', ( #4665, #6737, #6687, #2126 ) ) ;
#3866 = VECTOR ( 'NONE', #3410, 1000.000000000000000 ) ;
#3867 = EDGE_LOOP ( 'NONE', ( #4928, #1239, #3344 ) ) ;
#3868 = CARTESIAN_POINT ( 'NONE',  ( 5.200000000000000178, 2.350000000000000089, -5.950000000000000178 ) ) ;
#3869 = DIRECTION ( 'NONE',  ( -1.000000000000000000, 0.000000000000000000, 0.000000000000000000 ) ) ;
#3870 = AXIS2_PLACEMENT_3D ( 'NONE', #3400, #1616, #1171 ) ;
#3871 = VECTOR ( 'NONE', #2801, 1000.000000000000000 ) ;
#3872 = CYLINDRICAL_SURFACE ( 'NONE', #5425, 2.140000000000000124 ) ;
#3873 = ORIENTED_EDGE ( 'NONE', *, *, #3178, .T. ) ;
#3874 = FACE_OUTER_BOUND ( 'NONE', #2837, .T. ) ;
#3875 = ORIENTED_EDGE ( 'NONE', *, *, #1244, .T. ) ;
#3876 = ORIENTED_EDGE ( 'NONE', *, *, #6488, .T. ) ;
#3877 = VECTOR ( 'NONE', #4989, 1000.000000000000000 ) ;
#3878 = VERTEX_POINT ( 'NONE', #911 ) ;
#3879 = LINE ( 'NONE', #6180, #392 ) ;
#3880 = DIRECTION ( 'NONE',  ( 0.000000000000000000, 0.000000000000000000, 1.000000000000000000 ) ) ;
#3881 = CARTESIAN_POINT ( 'NONE',  ( -1.899999999999999911, -1.699999999999999956, 5.799999999999999822 ) ) ;
#3882 = CARTESIAN_POINT ( 'NONE',  ( 4.500000000000000000, 2.575000000050999827, 6.149999999949000262 ) ) ;
#3883 = PLANE ( 'NONE',  #5788 ) ;
#3884 = DIRECTION ( 'NONE',  ( 0.000000000000000000, 0.000000000000000000, 1.000000000000000000 ) ) ;
#3885 = ORIENTED_EDGE ( 'NONE', *, *, #599, .T. ) ;
#3886 = ORIENTED_EDGE ( 'NONE', *, *, #5920, .T. ) ;
#3887 = ORIENTED_EDGE ( 'NONE', *, *, #3811, .F. ) ;
#3888 = CARTESIAN_POINT ( 'NONE',  ( -2.475000000000000089, -1.899999999999999689, -1.787069746573073825 ) ) ;
#3889 = DIRECTION ( 'NONE',  ( -0.6952378264722788304, 0.7187797747864790310, 0.000000000000000000 ) ) ;
#3890 = CARTESIAN_POINT ( 'NONE',  ( 5.750000000000000000, -2.500000000000000000, -6.949999999999999289 ) ) ;
#3891 = CARTESIAN_POINT ( 'NONE',  ( 4.825000000000000178, -4.850000000000000533, 1.649999999999999911 ) ) ;
#3892 = ORIENTED_EDGE ( 'NONE', *, *, #5399, .T. ) ;
#3893 = EDGE_CURVE ( 'NONE', #1166, #739, #6707, .T. ) ;
#3894 = ADVANCED_FACE ( 'NONE', ( #3206 ), #2609, .F. ) ;
#3895 = CARTESIAN_POINT ( 'NONE',  ( 3.050000000000000266, -1.699999999999999956, 4.649999999999999467 ) ) ;
#3896 = FACE_BOUND ( 'NONE', #2594, .T. ) ;
#3897 = VECTOR ( 'NONE', #453, 1000.000000000000000 ) ;
#3898 = DIRECTION ( 'NONE',  ( 0.000000000000000000, 0.000000000000000000, 1.000000000000000000 ) ) ;
#3899 = LINE ( 'NONE', #6839, #6131 ) ;
#3900 = CYLINDRICAL_SURFACE ( 'NONE', #1505, 2.100000000000000089 ) ;
#3901 = ORIENTED_EDGE ( 'NONE', *, *, #956, .T. ) ;
#3902 = CARTESIAN_POINT ( 'NONE',  ( 0.1999999999999997891, -1.300000000000000044, 4.850000000000000533 ) ) ;
#3903 = ORIENTED_EDGE ( 'NONE', *, *, #4360, .F. ) ;
#3904 = ADVANCED_FACE ( 'NONE', ( #2112 ), #3285, .T. ) ;
#3905 = CARTESIAN_POINT ( 'NONE',  ( 4.500000000000000000, 2.500000000000000000, 5.549999999999999822 ) ) ;
#3906 = EDGE_CURVE ( 'NONE', #6442, #4200, #6641, .T. ) ;
#3907 = EDGE_CURVE ( 'NONE', #6647, #5066, #2035, .T. ) ;
#3908 = CARTESIAN_POINT ( 'NONE',  ( 3.625000000000000000, 0.1000000000000000056, 5.649999999999999467 ) ) ;
#3909 = LINE ( 'NONE', #2, #721 ) ;
#3910 = ORIENTED_EDGE ( 'NONE', *, *, #4312, .T. ) ;
#3911 = PERSON_AND_ORGANIZATION ( #3699, #5709 ) ;
#3912 = EDGE_LOOP ( 'NONE', ( #6063, #6545, #5132, #5122, #3951 ) ) ;
#3913 = EDGE_LOOP ( 'NONE', ( #1523, #51, #6087, #4290, #454 ) ) ;
#3914 = EDGE_LOOP ( 'NONE', ( #6474, #3540, #3364 ) ) ;
#3915 = VECTOR ( 'NONE', #4699, 1000.000000000000000 ) ;
#3916 = CARTESIAN_POINT ( 'NONE',  ( 4.500000000000000000, 3.077185478309000022, 5.549999999999999822 ) ) ;
#3917 = CARTESIAN_POINT ( 'NONE',  ( 3.277762515837999935, -1.500000000000000000, 5.799999999999999822 ) ) ;
#3918 = LINE ( 'NONE', #538, #6874 ) ;
#3919 = CARTESIAN_POINT ( 'NONE',  ( 5.049999999999999822, 2.200000000000000178, -6.125000000000000000 ) ) ;
#3920 = PLANE ( 'NONE',  #2545 ) ;
#3921 = VECTOR ( 'NONE', #5439, 1000.000000000000000 ) ;
#3922 = DIRECTION ( 'NONE',  ( 1.000000000000000000, 0.000000000000000000, 0.000000000000000000 ) ) ;
#3923 = ORIENTED_EDGE ( 'NONE', *, *, #3395, .T. ) ;
#3924 = EDGE_LOOP ( 'NONE', ( #1904, #3604, #2872, #787 ) ) ;
#3925 = ORIENTED_EDGE ( 'NONE', *, *, #1884, .T. ) ;
#3926 = DIRECTION ( 'NONE',  ( 0.000000000000000000, 0.000000000000000000, -1.000000000000000000 ) ) ;
#3927 = VECTOR ( 'NONE', #6418, 1000.000000000000000 ) ;
#3928 = CARTESIAN_POINT ( 'NONE',  ( 5.750000000000000000, 3.500000000000000000, 6.949999999999999289 ) ) ;
#3929 = DIRECTION ( 'NONE',  ( 0.000000000000000000, 0.000000000000000000, 1.000000000000000000 ) ) ;
#3930 = CARTESIAN_POINT ( 'NONE',  ( -1.749999999999999778, 0.5000000000000002220, 4.850000000000000533 ) ) ;
#3931 = ORIENTED_EDGE ( 'NONE', *, *, #5055, .T. ) ;
#3932 = DIRECTION ( 'NONE',  ( 1.000000000000000000, 0.000000000000000000, 0.000000000000000000 ) ) ;
#3933 = PLANE ( 'NONE',  #3524 ) ;
#3934 = DIRECTION ( 'NONE',  ( 0.000000000000000000, 0.000000000000000000, 1.000000000000000000 ) ) ;
#3935 = DIRECTION ( 'NONE',  ( 0.000000000000000000, 1.000000000000000000, 0.000000000000000000 ) ) ;
#3936 = ADVANCED_FACE ( 'NONE', ( #4336 ), #5574, .F. ) ;
#3937 = LINE ( 'NONE', #1122, #7289 ) ;
#3938 = ORIENTED_EDGE ( 'NONE', *, *, #6810, .T. ) ;
#3939 = VERTEX_POINT ( 'NONE', #3771 ) ;
#3940 = ORIENTED_EDGE ( 'NONE', *, *, #6943, .F. ) ;
#3941 = CYLINDRICAL_SURFACE ( 'NONE', #5789, 0.8999999999999998002 ) ;
#3942 = LINE ( 'NONE', #7386, #4209 ) ;
#3943 = CARTESIAN_POINT ( 'NONE',  ( 2.600000000000000089, 2.299999999999999822, 5.825000000000000178 ) ) ;
#3944 = EDGE_CURVE ( 'NONE', #1386, #6081, #345, .T. ) ;
#3945 = ORIENTED_EDGE ( 'NONE', *, *, #6355, .F. ) ;
#3946 = EDGE_CURVE ( 'NONE', #5158, #3112, #5529, .T. ) ;
#3947 = DIRECTION ( 'NONE',  ( -0.000000000000000000, 1.000000000000000000, 0.000000000000000000 ) ) ;
#3948 = EDGE_CURVE ( 'NONE', #5016, #7223, #730, .T. ) ;
#3949 = ORIENTED_EDGE ( 'NONE', *, *, #6913, .F. ) ;
#3950 = ORIENTED_EDGE ( 'NONE', *, *, #1359, .T. ) ;
#3951 = ORIENTED_EDGE ( 'NONE', *, *, #3946, .T. ) ;
#3952 = PLANE ( 'NONE',  #7010 ) ;
#3953 = DIRECTION ( 'NONE',  ( 0.000000000000000000, -1.000000000000000000, 0.000000000000000000 ) ) ;
#3954 = CARTESIAN_POINT ( 'NONE',  ( 0.2000000000000000111, -0.1000000000000000056, 5.825000000000000178 ) ) ;
#3955 = FACE_BOUND ( 'NONE', #1962, .T. ) ;
#3956 = LINE ( 'NONE', #5576, #1768 ) ;
#3957 = EDGE_LOOP ( 'NONE', ( #6074, #3415, #4168, #86, #4963 ) ) ;
#3958 = EDGE_LOOP ( 'NONE', ( #3522, #3513, #5901, #1605 ) ) ;
#3959 = ORIENTED_EDGE ( 'NONE', *, *, #4044, .F. ) ;
#3960 = LINE ( 'NONE', #5733, #3983 ) ;
#3961 = CARTESIAN_POINT ( 'NONE',  ( -3.225000000000000089, -2.100000000000000089, 5.474999999999999645 ) ) ;
#3962 = CARTESIAN_POINT ( 'NONE',  ( -3.000000000000000000, 2.200000000000000178, 5.500000000000000000 ) ) ;
#3963 = CYLINDRICAL_SURFACE ( 'NONE', #3449, 0.5250000000000002442 ) ;
#3964 = AXIS2_PLACEMENT_3D ( 'NONE', #1085, #5154, #1725 ) ;
#3965 = ORIENTED_EDGE ( 'NONE', *, *, #1229, .F. ) ;
#3966 = AXIS2_PLACEMENT_3D ( 'NONE', #6321, #2328, #3050 ) ;
#3967 = FACE_OUTER_BOUND ( 'NONE', #5473, .T. ) ;
#3968 = FACE_OUTER_BOUND ( 'NONE', #1030, .T. ) ;
#3969 = DIRECTION ( 'NONE',  ( -1.000000000000000000, 0.000000000000000000, 6.820450903253999937E-14 ) ) ;
#3970 = AXIS2_PLACEMENT_3D ( 'NONE', #440, #71, #3041 ) ;
#3971 = CARTESIAN_POINT ( 'NONE',  ( 2.600000000000000089, 1.500000000000000000, 6.387500000000000178 ) ) ;
#3972 = AXIS2_PLACEMENT_3D ( 'NONE', #6723, #5710, #5670 ) ;
#3973 = CARTESIAN_POINT ( 'NONE',  ( 0.000000000000000000, 2.500000000000000000, 0.000000000000000000 ) ) ;
#3974 = ORIENTED_EDGE ( 'NONE', *, *, #7164, .T. ) ;
#3975 = ORIENTED_EDGE ( 'NONE', *, *, #7313, .F. ) ;
#3976 = ORIENTED_EDGE ( 'NONE', *, *, #3765, .T. ) ;
#3977 = CARTESIAN_POINT ( 'NONE',  ( -4.950000000000000178, 2.200000000000000178, -6.125000000000000000 ) ) ;
#3978 = AXIS2_PLACEMENT_3D ( 'NONE', #474, #2777, #5740 ) ;
#3979 = AXIS2_PLACEMENT_3D ( 'NONE', #2099, #5598, #446 ) ;
#3980 = CARTESIAN_POINT ( 'NONE',  ( -2.475000000000000089, -1.899999999999999911, -2.050000000000000266 ) ) ;
#3981 = LINE ( 'NONE', #2257, #6031 ) ;
#3982 = AXIS2_PLACEMENT_3D ( 'NONE', #7058, #1816, #239 ) ;
#3983 = VECTOR ( 'NONE', #2846, 1000.000000000000000 ) ;
#3984 = ORIENTED_EDGE ( 'NONE', *, *, #957, .F. ) ;
#3985 = VECTOR ( 'NONE', #7086, 1000.000000000000000 ) ;
#3986 = APPROVAL_DATE_TIME ( #6289, #4182 ) ;
#3987 = ORIENTED_EDGE ( 'NONE', *, *, #597, .T. ) ;
#3988 = VERTEX_POINT ( 'NONE', #2576 ) ;
#3989 = ORIENTED_EDGE ( 'NONE', *, *, #1641, .T. ) ;
#3990 = ADVANCED_FACE ( 'NONE', ( #2002 ), #3402, .T. ) ;
#3991 = EDGE_CURVE ( 'NONE', #393, #6055, #1026, .T. ) ;
#3992 = VECTOR ( 'NONE', #6416, 1000.000000000000000 ) ;
#3993 = DIRECTION ( 'NONE',  ( 0.000000000000000000, 0.000000000000000000, 1.000000000000000000 ) ) ;
#3994 = AXIS2_PLACEMENT_3D ( 'NONE', #4824, #5954, #835 ) ;
#3995 = CARTESIAN_POINT ( 'NONE',  ( 5.049999999999999822, -2.500000000000000000, -6.125000000000000000 ) ) ;
#3996 = ADVANCED_FACE ( 'NONE', ( #5692 ), #6868, .F. ) ;
#3997 = LINE ( 'NONE', #499, #6742 ) ;
#3998 = DIRECTION ( 'NONE',  ( 0.000000000000000000, 1.000000000000000000, 0.000000000000000000 ) ) ;
#3999 = EDGE_CURVE ( 'NONE', #1466, #6710, #6139, .T. ) ;
#4000 = DIRECTION ( 'NONE',  ( 0.000000000000000000, 0.000000000000000000, -1.000000000000000000 ) ) ;
#4001 = ORIENTED_EDGE ( 'NONE', *, *, #7043, .F. ) ;
#4002 = VECTOR ( 'NONE', #4598, 1000.000000000000000 ) ;
#4003 = ORIENTED_EDGE ( 'NONE', *, *, #2665, .F. ) ;
#4004 = LINE ( 'NONE', #5655, #3866 ) ;
#4005 = CARTESIAN_POINT ( 'NONE',  ( -4.825000000000000178, 3.121762141438999993, 5.549999999999999822 ) ) ;
#4006 = EDGE_CURVE ( 'NONE', #2184, #821, #2841, .T. ) ;
#4007 = EDGE_CURVE ( 'NONE', #958, #3391, #5163, .T. ) ;
#4008 = CIRCLE ( 'NONE', #5321, 2.100000000000000089 ) ;
#4009 = CARTESIAN_POINT ( 'NONE',  ( 3.750000000000000000, -1.899999999999999911, -5.774999999999999467 ) ) ;
#4010 = CARTESIAN_POINT ( 'NONE',  ( 0.2000000000000000111, 0.5000000000000000000, 5.825000000000000178 ) ) ;
#4011 = ORIENTED_EDGE ( 'NONE', *, *, #358, .F. ) ;
#4012 = DIRECTION ( 'NONE',  ( 0.000000000000000000, 0.7071067811865475727, -0.7071067811865475727 ) ) ;
#4013 = LINE ( 'NONE', #5777, #883 ) ;
#4014 = LINE ( 'NONE', #3802, #5897 ) ;
#4015 = CARTESIAN_POINT ( 'NONE',  ( -4.675000000000000711, -1.800000000000000044, -3.750000000000000000 ) ) ;
#4016 = FACE_OUTER_BOUND ( 'NONE', #3726, .T. ) ;
#4017 = ORIENTED_EDGE ( 'NONE', *, *, #4083, .T. ) ;
#4018 = DIRECTION ( 'NONE',  ( 0.000000000000000000, 0.000000000000000000, -1.000000000000000000 ) ) ;
#4019 = ORIENTED_EDGE ( 'NONE', *, *, #2387, .F. ) ;
#4020 = FACE_OUTER_BOUND ( 'NONE', #2171, .T. ) ;
#4021 = DIRECTION ( 'NONE',  ( 1.000000000000000000, 0.000000000000000000, 0.000000000000000000 ) ) ;
#4022 = CARTESIAN_POINT ( 'NONE',  ( 0.2000000000000000111, 3.500000000000000000, -3.600000000000000089 ) ) ;
#4023 = ORIENTED_EDGE ( 'NONE', *, *, #4599, .F. ) ;
#4024 = SECURITY_CLASSIFICATION ( '', '', #2976 ) ;
#4025 = APPROVAL_ROLE ( '' ) ;
#4026 = ORIENTED_EDGE ( 'NONE', *, *, #1409, .T. ) ;
#4027 = ORIENTED_EDGE ( 'NONE', *, *, #1931, .T. ) ;
#4028 = ORIENTED_EDGE ( 'NONE', *, *, #2113, .T. ) ;
#4029 = PLANE ( 'NONE',  #3282 ) ;
#4030 = FACE_OUTER_BOUND ( 'NONE', #4995, .T. ) ;
#4031 = EDGE_CURVE ( 'NONE', #6194, #3841, #4105, .T. ) ;
#4032 = CARTESIAN_POINT ( 'NONE',  ( 0.2443593274800999748, -2.299999999999999822, -4.717896939814000490 ) ) ;
#4033 = CARTESIAN_POINT ( 'NONE',  ( -0.4000000000000000222, -2.277571154197000070, 5.634283827185999627 ) ) ;
#4034 = EDGE_CURVE ( 'NONE', #1955, #5229, #5065, .T. ) ;
#4035 = DIRECTION ( 'NONE',  ( 0.000000000000000000, -0.7071067811865474617, -0.7071067811865474617 ) ) ;
#4036 = ORIENTED_EDGE ( 'NONE', *, *, #6203, .F. ) ;
#4037 = ORIENTED_EDGE ( 'NONE', *, *, #3586, .T. ) ;
#4038 = CARTESIAN_POINT ( 'NONE',  ( 0.8499999999999999778, -2.100000000000000089, 5.825000000000000178 ) ) ;
#4039 = DIRECTION ( 'NONE',  ( 1.000000000000000000, 0.000000000000000000, 0.000000000000000000 ) ) ;
#4040 = CIRCLE ( 'NONE', #3319, 0.4999999999999995559 ) ;
#4041 = CARTESIAN_POINT ( 'NONE',  ( 4.500000000000000000, 3.077185478309000022, 5.549999999999999822 ) ) ;
#4042 = EDGE_CURVE ( 'NONE', #3605, #7014, #7236, .T. ) ;
#4043 = LINE ( 'NONE', #5772, #5729 ) ;
#4044 = EDGE_CURVE ( 'NONE', #6075, #2086, #2877, .T. ) ;
#4045 = EDGE_CURVE ( 'NONE', #3684, #1356, #13, .T. ) ;
#4046 = ORIENTED_EDGE ( 'NONE', *, *, #5658, .F. ) ;
#4047 = AXIS2_PLACEMENT_3D ( 'NONE', #3295, #399, #6231 ) ;
#4048 = CARTESIAN_POINT ( 'NONE',  ( -0.1325208861381000081, -2.299999999999999822, -3.850000000000000089 ) ) ;
#4049 = DIRECTION ( 'NONE',  ( -1.000000000000000000, 0.000000000000000000, 0.000000000000000000 ) ) ;
#4050 = LINE ( 'NONE', #6351, #1808 ) ;
#4051 = CARTESIAN_POINT ( 'NONE',  ( -4.299999999999999822, 2.500000000000000000, 4.875000000000022204 ) ) ;
#4052 = AXIS2_PLACEMENT_3D ( 'NONE', #7358, #6185, #6787 ) ;
#4053 = CARTESIAN_POINT ( 'NONE',  ( 0.8239999999999999547, -1.928740671584000088, 5.349999999999999645 ) ) ;
#4054 = VERTEX_POINT ( 'NONE', #4523 ) ;
#4055 = DIRECTION ( 'NONE',  ( -1.000000000000000000, 0.000000000000000000, 0.000000000000000000 ) ) ;
#4056 = ORIENTED_EDGE ( 'NONE', *, *, #4543, .F. ) ;
#4057 = LINE ( 'NONE', #528, #3619 ) ;
#4058 = ORIENTED_EDGE ( 'NONE', *, *, #6532, .T. ) ;
#4059 = DIRECTION ( 'NONE',  ( 0.000000000000000000, 0.000000000000000000, -1.000000000000000000 ) ) ;
#4060 = CARTESIAN_POINT ( 'NONE',  ( 4.000000000000000000, 2.477185478309000377, 5.549999999999999822 ) ) ;
#4061 = CARTESIAN_POINT ( 'NONE',  ( -4.675000000000000711, -4.899999999999999467, -3.149999999999999911 ) ) ;
#4062 = EDGE_LOOP ( 'NONE', ( #7071, #5597, #5934, #3736 ) ) ;
#4063 = PERSON_AND_ORGANIZATION_ROLE ( 'creator' ) ;
#4064 = VERTEX_POINT ( 'NONE', #4033 ) ;
#4065 = ORIENTED_EDGE ( 'NONE', *, *, #5702, .T. ) ;
#4066 = ORIENTED_EDGE ( 'NONE', *, *, #6095, .F. ) ;
#4067 = CARTESIAN_POINT ( 'NONE',  ( 3.799999999999999822, -4.899999999999999467, -5.799999999999999822 ) ) ;
#4068 = CARTESIAN_POINT ( 'NONE',  ( 4.840557876839999274, -1.699999999999999956, 1.011803398874989934 ) ) ;
#4069 = CARTESIAN_POINT ( 'NONE',  ( 3.050000000000000266, 2.299999999999999822, 5.474999999999999645 ) ) ;
#4070 = CARTESIAN_POINT ( 'NONE',  ( 0.8000000000000000444, -2.621259328415999956, 5.299999999999999822 ) ) ;
#4071 = VERTEX_POINT ( 'NONE', #6332 ) ;
#4072 = ORIENTED_EDGE ( 'NONE', *, *, #6017, .F. ) ;
#4073 = CARTESIAN_POINT ( 'NONE',  ( -2.877762515837999580, -1.500000000000000000, 5.799999999999999822 ) ) ;
#4074 = ADVANCED_FACE ( 'NONE', ( #6183, #3955, #5613 ), #461, .F. ) ;
#4075 = CARTESIAN_POINT ( 'NONE',  ( 2.100000000000000089, -1.800000000000000044, 5.500000000000000000 ) ) ;
#4076 = CARTESIAN_POINT ( 'NONE',  ( 0.8000000000000000444, -2.000000000000000000, 5.799999999999999822 ) ) ;
#4077 = DIRECTION ( 'NONE',  ( 0.000000000000000000, -1.000000000000000000, 0.000000000000000000 ) ) ;
#4078 = ORIENTED_EDGE ( 'NONE', *, *, #4688, .F. ) ;
#4079 = CARTESIAN_POINT ( 'NONE',  ( -2.475000000000000089, -1.699999999999999956, -1.787069746573074935 ) ) ;
#4080 = EDGE_CURVE ( 'NONE', #7326, #5697, #1063, .T. ) ;
#4081 = CARTESIAN_POINT ( 'NONE',  ( -5.250000000000000000, 2.500000000000000000, -6.424999999999999822 ) ) ;
#4082 = EDGE_CURVE ( 'NONE', #6750, #739, #6824, .T. ) ;
#4083 = EDGE_CURVE ( 'NONE', #4565, #6509, #5091, .T. ) ;
#4084 = EDGE_CURVE ( 'NONE', #5697, #2031, #336, .T. ) ;
#4085 = CARTESIAN_POINT ( 'NONE',  ( -0.8499999999999999778, -2.200000000000000178, -3.550000000000000266 ) ) ;
#4086 = EDGE_CURVE ( 'NONE', #4887, #302, #1571, .T. ) ;
#4087 = DIRECTION ( 'NONE',  ( 0.000000000000000000, 0.000000000000000000, -1.000000000000000000 ) ) ;
#4088 = ORIENTED_EDGE ( 'NONE', *, *, #6104, .T. ) ;
#4089 = VECTOR ( 'NONE', #7338, 1000.000000000000000 ) ;
#4090 = DIRECTION ( 'NONE',  ( -1.000000000000000000, 0.000000000000000000, 0.000000000000000000 ) ) ;
#4091 = ORIENTED_EDGE ( 'NONE', *, *, #4082, .T. ) ;
#4092 = DIRECTION ( 'NONE',  ( 0.000000000000000000, -1.000000000000000000, 0.000000000000000000 ) ) ;
#4093 = EDGE_LOOP ( 'NONE', ( #428, #2710, #5516, #1846 ) ) ;
#4094 = VECTOR ( 'NONE', #5513, 1000.000000000000000 ) ;
#4095 = VECTOR ( 'NONE', #5553, 1000.000000000000000 ) ;
#4096 = DIRECTION ( 'NONE',  ( 1.000000000000000000, 0.000000000000000000, 0.000000000000000000 ) ) ;
#4097 = EDGE_CURVE ( 'NONE', #4606, #5095, #2056, .T. ) ;
#4098 = PLANE ( 'NONE',  #3149 ) ;
#4099 = CARTESIAN_POINT ( 'NONE',  ( 0.006511140987249999963, -2.250000000000000000, -4.717896939814000490 ) ) ;
#4100 = VERTEX_POINT ( 'NONE', #5518 ) ;
#4101 = DATE_TIME_ROLE ( 'classification_date' ) ;
#4102 = ORIENTED_EDGE ( 'NONE', *, *, #4770, .T. ) ;
#4103 = VECTOR ( 'NONE', #23, 1000.000000000000000 ) ;
#4104 = VECTOR ( 'NONE', #3298, 1000.000000000000000 ) ;
#4105 = CIRCLE ( 'NONE', #3145, 0.4999999999999995559 ) ;
#4106 = VERTEX_POINT ( 'NONE', #2067 ) ;
#4107 = ORIENTED_EDGE ( 'NONE', *, *, #1778, .F. ) ;
#4108 = CARTESIAN_POINT ( 'NONE',  ( -0.1700556982308999987, -2.200000000000000178, -4.532520887255999220 ) ) ;
#4109 = CARTESIAN_POINT ( 'NONE',  ( 3.824999999999999734, 2.500000000000000000, 5.275000000000000355 ) ) ;
#4110 = VECTOR ( 'NONE', #842, 1000.000000000000000 ) ;
#4111 = LINE ( 'NONE', #758, #3739 ) ;
#4112 = DIRECTION ( 'NONE',  ( 0.000000000000000000, 0.000000000000000000, -1.000000000000000000 ) ) ;
#4113 = ORIENTED_EDGE ( 'NONE', *, *, #6477, .T. ) ;
#4114 = ORIENTED_EDGE ( 'NONE', *, *, #4771, .T. ) ;
#4115 = CIRCLE ( 'NONE', #154, 2.140000000000000124 ) ;
#4116 = VECTOR ( 'NONE', #4152, 1000.000000000000000 ) ;
#4117 = DIRECTION ( 'NONE',  ( -0.000000000000000000, 1.000000000000000000, 0.000000000000000000 ) ) ;
#4118 = CARTESIAN_POINT ( 'NONE',  ( 0.8000000000000000444, -2.000000000000000000, 5.799999999999999822 ) ) ;
#4119 = VECTOR ( 'NONE', #2567, 1000.000000000000000 ) ;
#4120 = AXIS2_PLACEMENT_3D ( 'NONE', #6219, #457, #3433 ) ;
#4121 = CYLINDRICAL_SURFACE ( 'NONE', #4584, 0.8500000000000000888 ) ;
#4122 = FACE_OUTER_BOUND ( 'NONE', #4375, .T. ) ;
#4123 = ORIENTED_EDGE ( 'NONE', *, *, #5054, .T. ) ;
#4124 = DIRECTION ( 'NONE',  ( 1.000000000000000000, 0.000000000000000000, 0.000000000000000000 ) ) ;
#4125 = VECTOR ( 'NONE', #7328, 1000.000000000000000 ) ;
#4126 = PLANE ( 'NONE',  #4229 ) ;
#4127 = EDGE_CURVE ( 'NONE', #6499, #1175, #6697, .T. ) ;
#4128 = CARTESIAN_POINT ( 'NONE',  ( 0.8499999999999999778, -2.200000000000000178, -3.550000000000000266 ) ) ;
#4129 = CARTESIAN_POINT ( 'NONE',  ( -1.899999999999999911, -1.699999999999999956, 5.799999999999999822 ) ) ;
#4130 = ADVANCED_FACE ( 'NONE', ( #5483 ), #2632, .F. ) ;
#4131 = CARTESIAN_POINT ( 'NONE',  ( 4.559442123160000193, -4.850000000000000533, 1.350000000000000089 ) ) ;
#4132 = ORIENTED_EDGE ( 'NONE', *, *, #3217, .T. ) ;
#4133 = CARTESIAN_POINT ( 'NONE',  ( -0.4500000000000000111, -2.500000000000000000, 4.649999999999999467 ) ) ;
#4134 = DESIGN_CONTEXT ( 'detailed design', #7056, 'design' ) ;
#4135 = DIRECTION ( 'NONE',  ( -0.2926480495278039329, 0.9562202252136127179, 0.000000000000000000 ) ) ;
#4136 = DIRECTION ( 'NONE',  ( 1.000000000000000000, 0.000000000000000000, 0.000000000000000000 ) ) ;
#4137 = FACE_OUTER_BOUND ( 'NONE', #6188, .T. ) ;
#4138 = ORIENTED_EDGE ( 'NONE', *, *, #867, .F. ) ;
#4139 = EDGE_CURVE ( 'NONE', #4897, #237, #6729, .T. ) ;
#4140 = EDGE_LOOP ( 'NONE', ( #4405, #3106 ) ) ;
#4141 = ORIENTED_EDGE ( 'NONE', *, *, #4034, .F. ) ;
#4142 = EDGE_CURVE ( 'NONE', #4516, #5943, #6125, .T. ) ;
#4143 = EDGE_CURVE ( 'NONE', #1531, #3353, #969, .T. ) ;
#4144 = ORIENTED_EDGE ( 'NONE', *, *, #6487, .F. ) ;
#4145 = CARTESIAN_POINT ( 'NONE',  ( -4.658590997241000231, -4.850000000000000533, -2.850000000000000089 ) ) ;
#4146 = CARTESIAN_POINT ( 'NONE',  ( 3.550000000000000266, -1.699999999999999956, -6.125000000000000000 ) ) ;
#4147 = FACE_OUTER_BOUND ( 'NONE', #5557, .T. ) ;
#4148 = VECTOR ( 'NONE', #938, 1000.000000000000000 ) ;
#4149 = DIRECTION ( 'NONE',  ( 0.000000000000000000, 1.000000000000000000, 0.000000000000000000 ) ) ;
#4150 = ORIENTED_EDGE ( 'NONE', *, *, #1976, .F. ) ;
#4151 = ORIENTED_EDGE ( 'NONE', *, *, #4544, .T. ) ;
#4152 = DIRECTION ( 'NONE',  ( 0.000000000000000000, 0.000000000000000000, -1.000000000000000000 ) ) ;
#4153 = DIRECTION ( 'NONE',  ( 3.330669073875000091E-13, -1.450691418843999921E-13, -1.000000000000000000 ) ) ;
#4154 = CLOSED_SHELL ( 'NONE', ( #3349, #873, #2019, #5411, #6437, #919, #6933, #2337, #1529, #3490, #814, #4184, #6108, #5827, #1870, #1462, #865, #6451, #2858, #4399, #558, #5783, #3357, #360, #4074, #318, #4357, #5874, #5324, #1602, #600, #4166, #4732, #5152, #7047, #5277, #2061, #3455, #3305, #6575, #1442, #1787, #2010, #6306, #5335, #3904, #1411, #6612, #548, #6669, #6384, #2611, #7231, #3223, #7302, #781, #2429, #5325, #3764, #4631, #2434, #2893, #1789, #4859, #3361, #3110, #6000, #552, #2990, #3479, #2677, #2377, #5605, #2619, #5140, #1785, #106, #6114, #2482, #1974, #2380, #4734, #3306, #813, #5196, #2101, #4879, #7088, #4868, #6069, #6564, #2437, #6024, #3706, #6991, #2069, #5961, #1871, #2563, #5546, #1014, #689, #4830, #4872, #7177, #3118, #4280, #7143, #1501, #2953, #5975, #2657, #6951, #6811, #944, #5969, #715, #2909, #3936, #1052, #774, #5457, #2202, #5604, #6019, #2144, #8, #1283, #6202, #2423, #4555, #6769, #2820, #7084, #3846, #7142, #6441, #6754, #1282, #5842, #4814, #2254, #6609, #7409, #5693, #415, #2998, #5929, #2760, #3083, #6917, #7214, #2154 ) ) ;
#4155 = DIRECTION ( 'NONE',  ( 1.000000000000000000, 0.000000000000000000, 0.000000000000000000 ) ) ;
#4156 = CARTESIAN_POINT ( 'NONE',  ( -2.475000000000000089, -1.899999999999999911, -2.050000000000000266 ) ) ;
#4157 = ORIENTED_EDGE ( 'NONE', *, *, #101, .T. ) ;
#4158 = CARTESIAN_POINT ( 'NONE',  ( 0.2000000000000000111, 3.299999999999999822, -4.450000000000000178 ) ) ;
#4159 = AXIS2_PLACEMENT_3D ( 'NONE', #2725, #603, #3647 ) ;
#4160 = DIRECTION ( 'NONE',  ( -0.000000000000000000, 0.7071067811865475727, 0.7071067811865475727 ) ) ;
#4161 = DIRECTION ( 'NONE',  ( 0.000000000000000000, 0.000000000000000000, -1.000000000000000000 ) ) ;
#4162 = CARTESIAN_POINT ( 'NONE',  ( 4.400000000000000355, -0.1499999999999999944, -5.774999999999999467 ) ) ;
#4163 = AXIS2_PLACEMENT_3D ( 'NONE', #5738, #5850, #5214 ) ;
#4164 = DIRECTION ( 'NONE',  ( 0.000000000000000000, 1.000000000000000000, 0.000000000000000000 ) ) ;
#4165 = VERTEX_POINT ( 'NONE', #2172 ) ;
#4166 = ADVANCED_FACE ( 'NONE', ( #3273, #5561 ), #4366, .F. ) ;
#4167 = DIRECTION ( 'NONE',  ( 0.000000000000000000, 0.000000000000000000, -1.000000000000000000 ) ) ;
#4168 = ORIENTED_EDGE ( 'NONE', *, *, #6008, .F. ) ;
#4169 = AXIS2_PLACEMENT_3D ( 'NONE', #3774, #5388, #1366 ) ;
#4170 = EDGE_CURVE ( 'NONE', #1251, #2119, #6662, .T. ) ;
#4171 = CARTESIAN_POINT ( 'NONE',  ( 0.8499999999999999778, -2.500000000000000000, 5.825000000000000178 ) ) ;
#4172 = DIRECTION ( 'NONE',  ( 0.000000000000000000, 1.000000000000000000, 0.000000000000000000 ) ) ;
#4173 = LINE ( 'NONE', #1238, #3915 ) ;
#4174 = VERTEX_POINT ( 'NONE', #1608 ) ;
#4175 = ORIENTED_EDGE ( 'NONE', *, *, #1924, .F. ) ;
#4176 = ORIENTED_EDGE ( 'NONE', *, *, #5801, .F. ) ;
#4177 = ORIENTED_EDGE ( 'NONE', *, *, #5013, .T. ) ;
#4178 = DIRECTION ( 'NONE',  ( 1.000000000000000000, 0.000000000000000000, 0.000000000000000000 ) ) ;
#4179 = EDGE_CURVE ( 'NONE', #6064, #5121, #1563, .T. ) ;
#4180 = CARTESIAN_POINT ( 'NONE',  ( 5.750000000000000000, -2.500000000000000000, -6.949999999999999289 ) ) ;
#4181 = CARTESIAN_POINT ( 'NONE',  ( 0.5875347804278000519, -2.200000000000000178, -4.950000000000000178 ) ) ;
#4182 = APPROVAL ( #2332, 'UNSPECIFIED' ) ;
#4183 = EDGE_CURVE ( 'NONE', #4340, #3391, #5790, .T. ) ;
#4184 = ADVANCED_FACE ( 'NONE', ( #2675 ), #4890, .T. ) ;
#4185 = FACE_OUTER_BOUND ( 'NONE', #4322, .T. ) ;
#4186 = EDGE_LOOP ( 'NONE', ( #6671, #6702, #380, #5953 ) ) ;
#4187 = VERTEX_POINT ( 'NONE', #6625 ) ;
#4188 = CARTESIAN_POINT ( 'NONE',  ( -3.000000000000000000, 2.200000000000000178, 5.799999999999999822 ) ) ;
#4189 = FACE_BOUND ( 'NONE', #3573, .T. ) ;
#4190 = LINE ( 'NONE', #4753, #6265 ) ;
#4191 = CARTESIAN_POINT ( 'NONE',  ( 0.000000000000000000, 2.500000000000000000, 0.000000000000000000 ) ) ;
#4192 = DIRECTION ( 'NONE',  ( 1.000000000000000000, 0.000000000000000000, 0.000000000000000000 ) ) ;
#4193 = ORIENTED_EDGE ( 'NONE', *, *, #6676, .T. ) ;
#4194 = DIRECTION ( 'NONE',  ( 1.000000000000000000, 0.000000000000000000, 0.000000000000000000 ) ) ;
#4195 = CARTESIAN_POINT ( 'NONE',  ( -1.824999999999999734, 0.5000000000000002220, 4.924999999999999822 ) ) ;
#4196 = DIRECTION ( 'NONE',  ( 0.000000000000000000, 1.000000000000000000, 0.000000000000000000 ) ) ;
#4197 = CARTESIAN_POINT ( 'NONE',  ( -0.1700556982308999987, -2.299999999999999822, -4.532520887255999220 ) ) ;
#4198 = EDGE_LOOP ( 'NONE', ( #2864, #4657, #580, #1540, #4706 ) ) ;
#4199 = CARTESIAN_POINT ( 'NONE',  ( 3.399999999999999911, 2.399999999999999911, 5.500000000000000000 ) ) ;
#4200 = VERTEX_POINT ( 'NONE', #7267 ) ;
#4201 = FACE_OUTER_BOUND ( 'NONE', #5925, .T. ) ;
#4202 = CARTESIAN_POINT ( 'NONE',  ( 0.2000000000000000111, 0.5000000000000000000, 5.841499999999999915 ) ) ;
#4203 = CARTESIAN_POINT ( 'NONE',  ( 0.2000000000000000111, 3.077185478309000022, -3.600000000000000089 ) ) ;
#4204 = DIRECTION ( 'NONE',  ( 0.000000000000000000, -1.000000000000000000, 0.000000000000000000 ) ) ;
#4205 = ORIENTED_EDGE ( 'NONE', *, *, #5547, .T. ) ;
#4206 = EDGE_LOOP ( 'NONE', ( #6133, #5480, #2821, #3686 ) ) ;
#4207 = EDGE_LOOP ( 'NONE', ( #1689, #157, #3938 ) ) ;
#4208 = VECTOR ( 'NONE', #4320, 1000.000000000000000 ) ;
#4209 = VECTOR ( 'NONE', #6847, 1000.000000000000000 ) ;
#4210 = ORIENTED_EDGE ( 'NONE', *, *, #1464, .F. ) ;
#4211 = LINE ( 'NONE', #6515, #996 ) ;
#4212 = DIRECTION ( 'NONE',  ( 0.000000000000000000, 1.000000000000000000, 0.000000000000000000 ) ) ;
#4213 = DIRECTION ( 'NONE',  ( 0.000000000000000000, 0.000000000000000000, -1.000000000000000000 ) ) ;
#4214 = VECTOR ( 'NONE', #7096, 1000.000000000000000 ) ;
#4215 = CIRCLE ( 'NONE', #7344, 0.1499999999999999667 ) ;
#4216 = LINE ( 'NONE', #1917, #100 ) ;
#4217 = ORIENTED_EDGE ( 'NONE', *, *, #6585, .F. ) ;
#4218 = ORIENTED_EDGE ( 'NONE', *, *, #3042, .F. ) ;
#4219 = EDGE_CURVE ( 'NONE', #3702, #265, #2548, .T. ) ;
#4220 = ADVANCED_FACE ( 'NONE', ( #5033, #6207 ), #3163, .F. ) ;
#4221 = EDGE_CURVE ( 'NONE', #1731, #1622, #2026, .T. ) ;
#4222 = CARTESIAN_POINT ( 'NONE',  ( 0.2000000000000000111, 2.299999999999999822, 10.14999999999999858 ) ) ;
#4223 = CIRCLE ( 'NONE', #5186, 4.000000000000001776 ) ;
#4224 = AXIS2_PLACEMENT_3D ( 'NONE', #3905, #3233, #369 ) ;
#4225 = CARTESIAN_POINT ( 'NONE',  ( -4.649999999999999467, -2.200000000000000178, -3.149999999999999911 ) ) ;
#4226 = DIRECTION ( 'NONE',  ( 1.000000000000000000, 0.000000000000000000, 0.000000000000000000 ) ) ;
#4227 = CARTESIAN_POINT ( 'NONE',  ( 0.2000000000000000111, 0.5249986853333999948, 5.799999999999999822 ) ) ;
#4228 = CARTESIAN_POINT ( 'NONE',  ( 3.750000000000000000, -1.899999999999999911, -6.125000000000000000 ) ) ;
#4229 = AXIS2_PLACEMENT_3D ( 'NONE', #1370, #5964, #3741 ) ;
#4230 = ORIENTED_EDGE ( 'NONE', *, *, #1909, .F. ) ;
#4231 = AXIS2_PLACEMENT_3D ( 'NONE', #1403, #5435, #6683 ) ;
#4232 = AXIS2_PLACEMENT_3D ( 'NONE', #2402, #3008, #5336 ) ;
#4233 = EDGE_CURVE ( 'NONE', #2361, #7014, #4522, .T. ) ;
#4234 = ORIENTED_EDGE ( 'NONE', *, *, #599, .F. ) ;
#4235 = EDGE_CURVE ( 'NONE', #3090, #3639, #3918, .T. ) ;
#4236 = EDGE_CURVE ( 'NONE', #7092, #7391, #1101, .T. ) ;
#4237 = DIRECTION ( 'NONE',  ( 0.000000000000000000, 1.000000000000000000, 0.000000000000000000 ) ) ;
#4238 = B_SPLINE_CURVE_WITH_KNOTS ( 'NONE', 3,
 ( #4820, #4297, #4896, #3169 ),
 .UNSPECIFIED., .F., .F.,
 ( 4, 4 ),
 ( 0.000000000000000000, 1.000000000000000000 ),
 .UNSPECIFIED. ) ;
#4239 = FACE_OUTER_BOUND ( 'NONE', #6852, .T. ) ;
#4240 = VECTOR ( 'NONE', #7134, 1000.000000000000000 ) ;
#4241 = AXIS2_PLACEMENT_3D ( 'NONE', #2455, #755, #3058 ) ;
#4242 = CARTESIAN_POINT ( 'NONE',  ( -3.350000000000710187, 0.4000000000000000222, 4.675000000000000711 ) ) ;
#4243 = CARTESIAN_POINT ( 'NONE',  ( 0.5875347804278000519, -2.200000000000000178, -4.950000000000000178 ) ) ;
#4244 = CARTESIAN_POINT ( 'NONE',  ( -4.924999999999999822, -1.699999999999999956, -3.788196601125009888 ) ) ;
#4245 = AXIS2_PLACEMENT_3D ( 'NONE', #1599, #1004, #3093 ) ;
#4246 = VERTEX_POINT ( 'NONE', #1695 ) ;
#4247 = CARTESIAN_POINT ( 'NONE',  ( -4.675000000000000711, -4.850000000000000533, -3.149999999999999911 ) ) ;
#4248 = ORIENTED_EDGE ( 'NONE', *, *, #4086, .F. ) ;
#4249 = DIRECTION ( 'NONE',  ( 0.000000000000000000, 0.000000000000000000, -1.000000000000000000 ) ) ;
#4250 = VECTOR ( 'NONE', #431, 1000.000000000000000 ) ;
#4251 = CARTESIAN_POINT ( 'NONE',  ( 4.850000000000000533, -2.500000000000000000, 1.000000000000000000 ) ) ;
#4252 = DIRECTION ( 'NONE',  ( 1.000000000000000000, 0.000000000000000000, 0.000000000000000000 ) ) ;
#4253 = ORIENTED_EDGE ( 'NONE', *, *, #4327, .T. ) ;
#4254 = ORIENTED_EDGE ( 'NONE', *, *, #5428, .F. ) ;
#4255 = ORIENTED_EDGE ( 'NONE', *, *, #4535, .T. ) ;
#4256 = ORIENTED_EDGE ( 'NONE', *, *, #1183, .F. ) ;
#4257 = FACE_BOUND ( 'NONE', #2326, .T. ) ;
#4258 = CYLINDRICAL_SURFACE ( 'NONE', #2557, 0.9000000000000000222 ) ;
#4259 = DIRECTION ( 'NONE',  ( 1.000000000000000000, 0.000000000000000000, 0.000000000000000000 ) ) ;
#4260 = DIRECTION ( 'NONE',  ( 1.000000000000000000, 0.000000000000000000, 0.000000000000000000 ) ) ;
#4261 = ORIENTED_EDGE ( 'NONE', *, *, #952, .F. ) ;
#4262 = EDGE_LOOP ( 'NONE', ( #3728, #3824 ) ) ;
#4263 = CLOSED_SHELL ( 'NONE', ( #644, #1240, #6163, #1779, #6251 ) ) ;
#4264 = EDGE_CURVE ( 'NONE', #6443, #2975, #2876, .T. ) ;
#4265 = CARTESIAN_POINT ( 'NONE',  ( -2.028268721646999673, 1.649999999999999911, 6.450000000000000178 ) ) ;
#4266 = CC_DESIGN_APPROVAL ( #4182, ( #4024 ) ) ;
#4267 = PLANE ( 'NONE',  #2313 ) ;
#4268 = DIRECTION ( 'NONE',  ( 0.000000000000000000, 0.000000000000000000, -1.000000000000000000 ) ) ;
#4269 = EDGE_CURVE ( 'NONE', #4700, #4922, #4486, .T. ) ;
#4270 = CARTESIAN_POINT ( 'NONE',  ( -5.750000000000000000, -2.500000000000000000, -6.949999999999999289 ) ) ;
#4271 = CYLINDRICAL_SURFACE ( 'NONE', #3334, 0.9000000000000000222 ) ;
#4272 = ORIENTED_EDGE ( 'NONE', *, *, #4640, .F. ) ;
#4273 = EDGE_LOOP ( 'NONE', ( #3887, #1432, #5515, #991 ) ) ;
#4274 = DIRECTION ( 'NONE',  ( 1.000000000000000000, 5.995204332975999304E-14, -5.773159728050999550E-14 ) ) ;
#4275 = PLANE ( 'NONE',  #7017 ) ;
#4276 = EDGE_CURVE ( 'NONE', #5943, #4363, #2189, .T. ) ;
#4277 = PLANE ( 'NONE',  #4335 ) ;
#4278 = EDGE_CURVE ( 'NONE', #6374, #2169, #5727, .T. ) ;
#4279 = DIRECTION ( 'NONE',  ( -0.1483404529307041364, -0.9889363528682285631, 0.000000000000000000 ) ) ;
#4280 = ADVANCED_FACE ( 'NONE', ( #1658 ), #5764, .F. ) ;
#4281 = EDGE_LOOP ( 'NONE', ( #6028, #3327, #7424, #4629 ) ) ;
#4282 = VECTOR ( 'NONE', #72, 1000.000000000000000 ) ;
#4283 = CARTESIAN_POINT ( 'NONE',  ( 5.399999999999999467, 3.500000000000000000, 5.549999999999999822 ) ) ;
#4284 = DIRECTION ( 'NONE',  ( 0.000000000000000000, 0.000000000000000000, -1.000000000000000000 ) ) ;
#4285 = CARTESIAN_POINT ( 'NONE',  ( 4.500000000000000000, 2.575000000050999827, 5.549999999999999822 ) ) ;
#4286 = AXIS2_PLACEMENT_3D ( 'NONE', #1406, #4843, #3150 ) ;
#4287 = CARTESIAN_POINT ( 'NONE',  ( 0.8499999999999999778, -2.100000000000000089, 4.649999999999999467 ) ) ;
#4288 = ORIENTED_EDGE ( 'NONE', *, *, #809, .F. ) ;
#4289 = ORIENTED_EDGE ( 'NONE', *, *, #585, .F. ) ;
#4290 = ORIENTED_EDGE ( 'NONE', *, *, #3222, .F. ) ;
#4291 = ORIENTED_EDGE ( 'NONE', *, *, #3632, .T. ) ;
#4292 = CIRCLE ( 'NONE', #6583, 0.5250000000000002442 ) ;
#4293 = DIRECTION ( 'NONE',  ( 0.7071067811865475727, 0.7071067811865475727, 0.000000000000000000 ) ) ;
#4294 = CARTESIAN_POINT ( 'NONE',  ( 0.8499999999999999778, -2.500000000000000000, -3.550000000000000266 ) ) ;
#4295 = LINE ( 'NONE', #6595, #2310 ) ;
#4296 = CIRCLE ( 'NONE', #900, 0.5000000000000000000 ) ;
#4297 = CARTESIAN_POINT ( 'NONE',  ( -0.07660168297601999132, -2.200000000000000178, -4.261350971460999837 ) ) ;
#4298 = EDGE_LOOP ( 'NONE', ( #1417, #3550, #4193, #5652 ) ) ;
#4299 = ORIENTED_EDGE ( 'NONE', *, *, #7031, .T. ) ;
#4300 = DIRECTION ( 'NONE',  ( 0.000000000000000000, 1.000000000000000000, 0.000000000000000000 ) ) ;
#4301 = PLANE ( 'NONE',  #3864 ) ;
#4302 = CARTESIAN_POINT ( 'NONE',  ( 4.649609279585962263, 2.500000000000015099, 4.675000000000000711 ) ) ;
#4303 = FACE_BOUND ( 'NONE', #119, .T. ) ;
#4304 = LINE ( 'NONE', #3662, #5852 ) ;
#4305 = ORIENTED_EDGE ( 'NONE', *, *, #3408, .F. ) ;
#4306 = ORIENTED_EDGE ( 'NONE', *, *, #1043, .F. ) ;
#4307 = CARTESIAN_POINT ( 'NONE',  ( -4.089346255670589514, 3.299999999999999822, 4.675000000000000711 ) ) ;
#4308 = CARTESIAN_POINT ( 'NONE',  ( -4.950000000000000178, -1.899999999999999911, -2.500000000000000000 ) ) ;
#4309 = AXIS2_PLACEMENT_3D ( 'NONE', #2325, #4620, #6925 ) ;
#4310 = CARTESIAN_POINT ( 'NONE',  ( 0.005362112447554000412, -2.200000000000000178, -4.003969365357999521 ) ) ;
#4311 = CARTESIAN_POINT ( 'NONE',  ( -0.4000000000000000222, -2.045017499121999816, 5.444761275728999372 ) ) ;
#4312 = EDGE_CURVE ( 'NONE', #821, #1802, #6253, .T. ) ;
#4313 = ORIENTED_EDGE ( 'NONE', *, *, #5690, .F. ) ;
#4314 = EDGE_CURVE ( 'NONE', #1728, #3171, #6904, .T. ) ;
#4315 = EDGE_CURVE ( 'NONE', #504, #805, #3997, .T. ) ;
#4316 = CARTESIAN_POINT ( 'NONE',  ( -0.4500000000000000111, -2.500000000000000000, 5.825000000000000178 ) ) ;
#4317 = EDGE_CURVE ( 'NONE', #1810, #6301, #2264, .T. ) ;
#4318 = EDGE_CURVE ( 'NONE', #6660, #1386, #501, .T. ) ;
#4319 = FACE_OUTER_BOUND ( 'NONE', #2885, .T. ) ;
#4320 = DIRECTION ( 'NONE',  ( 0.000000000000000000, 0.000000000000000000, -1.000000000000000000 ) ) ;
#4321 = LINE ( 'NONE', #2668, #7055 ) ;
#4322 = EDGE_LOOP ( 'NONE', ( #5119, #7436, #3806, #4210, #6426 ) ) ;
#4323 = ORIENTED_EDGE ( 'NONE', *, *, #7031, .F. ) ;
#4324 = ORIENTED_EDGE ( 'NONE', *, *, #4503, .T. ) ;
#4325 = CARTESIAN_POINT ( 'NONE',  ( -0.1700556982308999987, -2.200000000000000178, -4.532520887255999220 ) ) ;
#4326 = ORIENTED_EDGE ( 'NONE', *, *, #4460, .T. ) ;
#4327 = EDGE_CURVE ( 'NONE', #6524, #4987, #2302, .T. ) ;
#4328 = CARTESIAN_POINT ( 'NONE',  ( -4.924999999999999822, -4.899999999999999467, -3.750000000000000000 ) ) ;
#4329 = DIRECTION ( 'NONE',  ( 1.000000000000000000, 0.000000000000000000, 0.000000000000000000 ) ) ;
#4330 = CARTESIAN_POINT ( 'NONE',  ( 4.825000000000000178, -1.699999999999999956, 2.288196601125009888 ) ) ;
#4331 = VERTEX_POINT ( 'NONE', #1099 ) ;
#4332 = EDGE_LOOP ( 'NONE', ( #4019, #1116, #795 ) ) ;
#4333 = LINE ( 'NONE', #3769, #636 ) ;
#4334 = CARTESIAN_POINT ( 'NONE',  ( 3.750000000000000000, -2.500000000000000000, -5.774999999999999467 ) ) ;
#4335 = AXIS2_PLACEMENT_3D ( 'NONE', #1332, #2547, #890 ) ;
#4336 = FACE_OUTER_BOUND ( 'NONE', #4383, .T. ) ;
#4337 = CIRCLE ( 'NONE', #5178, 0.1499999999999999667 ) ;
#4338 = CARTESIAN_POINT ( 'NONE',  ( 4.500000000000000000, 3.100000000000000089, 5.549999999999999822 ) ) ;
#4339 = DIRECTION ( 'NONE',  ( 0.000000000000000000, -1.000000000000000000, 0.000000000000000000 ) ) ;
#4340 = VERTEX_POINT ( 'NONE', #5090 ) ;
#4341 = ORIENTED_EDGE ( 'NONE', *, *, #4373, .F. ) ;
#4342 = VECTOR ( 'NONE', #7440, 1000.000000000000000 ) ;
#4343 = CIRCLE ( 'NONE', #5299, 3.000000000000000000 ) ;
#4344 = VERTEX_POINT ( 'NONE', #2804 ) ;
#4345 = VECTOR ( 'NONE', #7226, 1000.000000000000000 ) ;
#4346 = LINE ( 'NONE', #7438, #506 ) ;
#4347 = DIRECTION ( 'NONE',  ( 0.000000000000000000, 0.000000000000000000, -1.000000000000000000 ) ) ;
#4348 = VECTOR ( 'NONE', #3926, 1000.000000000000000 ) ;
#4349 = LINE ( 'NONE', #6079, #2054 ) ;
#4350 = VECTOR ( 'NONE', #6893, 1000.000000000000114 ) ;
#4351 = EDGE_CURVE ( 'NONE', #4897, #4437, #2227, .T. ) ;
#4352 = CARTESIAN_POINT ( 'NONE',  ( -1.925000000000000044, -1.699999999999999956, -1.550000000000000044 ) ) ;
#4353 = ORIENTED_EDGE ( 'NONE', *, *, #4679, .F. ) ;
#4354 = CIRCLE ( 'NONE', #2185, 1.800000000000000044 ) ;
#4355 = CARTESIAN_POINT ( 'NONE',  ( 4.999999999999999112, 2.477185478309000377, 5.549999999999999822 ) ) ;
#4356 = AXIS2_PLACEMENT_3D ( 'NONE', #7429, #2145, #6295 ) ;
#4357 = ADVANCED_FACE ( 'NONE', ( #6784, #1617 ), #5691, .F. ) ;
#4358 = CARTESIAN_POINT ( 'NONE',  ( 0.1999999999999997613, 2.600000000000000089, 5.000000000000000000 ) ) ;
#4359 = CARTESIAN_POINT ( 'NONE',  ( 3.600000000000000089, 2.200000000000000178, 5.500000000000000000 ) ) ;
#4360 = EDGE_CURVE ( 'NONE', #805, #6853, #2340, .T. ) ;
#4361 = DIRECTION ( 'NONE',  ( 0.000000000000000000, 0.000000000000000000, -1.000000000000000000 ) ) ;
#4362 = VECTOR ( 'NONE', #4049, 1000.000000000000000 ) ;
#4363 = VERTEX_POINT ( 'NONE', #3401 ) ;
#4364 = ORIENTED_EDGE ( 'NONE', *, *, #2389, .F. ) ;
#4365 = ORIENTED_EDGE ( 'NONE', *, *, #1229, .T. ) ;
#4366 = PLANE ( 'NONE',  #3859 ) ;
#4367 = ORIENTED_EDGE ( 'NONE', *, *, #7323, .F. ) ;
#4368 = VECTOR ( 'NONE', #4727, 1000.000000000000000 ) ;
#4369 = FACE_OUTER_BOUND ( 'NONE', #1570, .T. ) ;
#4370 = DIRECTION ( 'NONE',  ( 0.5773502691896257311, 0.5773502691896257311, -0.5773502691896257311 ) ) ;
#4371 = EDGE_CURVE ( 'NONE', #7081, #2091, #2840, .T. ) ;
#4372 = EDGE_CURVE ( 'NONE', #5289, #6820, #6371, .T. ) ;
#4373 = EDGE_CURVE ( 'NONE', #4775, #7092, #2523, .T. ) ;
#4374 = VERTEX_POINT ( 'NONE', #5870 ) ;
#4375 = EDGE_LOOP ( 'NONE', ( #3892, #7153, #1573, #4510, #1767, #876, #5640, #6327, #2986, #980, #4177 ) ) ;
#4376 = DIRECTION ( 'NONE',  ( 1.000000000000000000, 0.000000000000000000, 0.000000000000000000 ) ) ;
#4377 = DIRECTION ( 'NONE',  ( 1.000000000000000000, 0.000000000000000000, 0.000000000000000000 ) ) ;
#4378 = LINE ( 'NONE', #6138, #4819 ) ;
#4379 = DIRECTION ( 'NONE',  ( 0.000000000000000000, 0.000000000000000000, 1.000000000000000000 ) ) ;
#4380 = CARTESIAN_POINT ( 'NONE',  ( 0.5875347804278000519, -2.299999999999999822, -4.950000000000000178 ) ) ;
#4381 = VERTEX_POINT ( 'NONE', #124 ) ;
#4382 = EDGE_LOOP ( 'NONE', ( #1274, #850, #906, #688 ) ) ;
#4383 = EDGE_LOOP ( 'NONE', ( #5988, #5687, #1401, #3607 ) ) ;
#4384 = PLANE ( 'NONE',  #4231 ) ;
#4385 = CARTESIAN_POINT ( 'NONE',  ( -0.8499999999999999778, -2.200000000000000178, -3.550000000000000266 ) ) ;
#4386 = DIRECTION ( 'NONE',  ( 0.000000000000000000, 0.000000000000000000, 1.000000000000000000 ) ) ;
#4387 = CC_DESIGN_APPROVAL ( #7087, ( #4864 ) ) ;
#4388 = DIRECTION ( 'NONE',  ( 1.000000000000000000, 0.000000000000000000, 0.000000000000000000 ) ) ;
#4389 = EDGE_LOOP ( 'NONE', ( #6098, #174, #7163, #6123, #84, #3396, #4217, #4810 ) ) ;
#4390 = FACE_OUTER_BOUND ( 'NONE', #228, .T. ) ;
#4391 = DIRECTION ( 'NONE',  ( 0.000000000000000000, 1.000000000000000000, 0.000000000000000000 ) ) ;
#4392 = PLANE ( 'NONE',  #1207 ) ;
#4393 = CARTESIAN_POINT ( 'NONE',  ( 4.000000000000000000, 2.500000000000000000, 5.549999999999999822 ) ) ;
#4394 = EDGE_LOOP ( 'NONE', ( #6896, #7283, #6452, #2997, #5571 ) ) ;
#4395 = ORIENTED_EDGE ( 'NONE', *, *, #2847, .T. ) ;
#4396 = ORIENTED_EDGE ( 'NONE', *, *, #7312, .T. ) ;
#4397 = CARTESIAN_POINT ( 'NONE',  ( 4.575000000000000178, -4.899999999999999467, 1.649999999999999911 ) ) ;
#4398 = VERTEX_POINT ( 'NONE', #90 ) ;
#4399 = ADVANCED_FACE ( 'NONE', ( #2378 ), #6519, .T. ) ;
#4400 = AXIS2_PLACEMENT_3D ( 'NONE', #6842, #7331, #3380 ) ;
#4401 = PLANE ( 'NONE',  #517 ) ;
#4402 = CARTESIAN_POINT ( 'NONE',  ( -0.3133008409292000196, -2.200000000000000178, -4.950000000000000178 ) ) ;
#4403 = DIRECTION ( 'NONE',  ( -1.000000000000000000, 0.000000000000000000, 0.000000000000000000 ) ) ;
#4404 = ORIENTED_EDGE ( 'NONE', *, *, #631, .T. ) ;
#4405 = ORIENTED_EDGE ( 'NONE', *, *, #4544, .F. ) ;
#4406 = AXIS2_PLACEMENT_3D ( 'NONE', #4053, #6430, #1189 ) ;
#4407 = EDGE_CURVE ( 'NONE', #6010, #4516, #655, .T. ) ;
#4408 = FACE_OUTER_BOUND ( 'NONE', #4273, .T. ) ;
#4409 = CARTESIAN_POINT ( 'NONE',  ( 3.212499999999999911, 2.399999999999999911, 5.924999999999999822 ) ) ;
#4410 = EDGE_CURVE ( 'NONE', #1078, #5016, #6480, .T. ) ;
#4411 = EDGE_CURVE ( 'NONE', #7189, #1526, #4746, .T. ) ;
#4412 = CARTESIAN_POINT ( 'NONE',  ( -0.1325208861381000081, -2.200000000000000178, -3.850000000000000089 ) ) ;
#4413 = DIRECTION ( 'NONE',  ( -1.000000000000000000, 0.000000000000000000, 0.000000000000000000 ) ) ;
#4414 = DIRECTION ( 'NONE',  ( 1.000000000000000000, 0.000000000000000000, 0.000000000000000000 ) ) ;
#4415 = ORIENTED_EDGE ( 'NONE', *, *, #5465, .F. ) ;
#4416 = ORIENTED_EDGE ( 'NONE', *, *, #2718, .T. ) ;
#4417 = ORIENTED_EDGE ( 'NONE', *, *, #4651, .T. ) ;
#4418 = DIRECTION ( 'NONE',  ( 0.000000000000000000, 0.000000000000000000, 1.000000000000000000 ) ) ;
#4419 = DIRECTION ( 'NONE',  ( 0.000000000000000000, 1.000000000000000000, 0.000000000000000000 ) ) ;
#4420 = DIRECTION ( 'NONE',  ( 0.000000000000000000, 1.000000000000000000, 0.000000000000000000 ) ) ;
#4421 = CARTESIAN_POINT ( 'NONE',  ( -4.950000000000000178, 2.200000000000000178, -6.125000000000000000 ) ) ;
#4422 = ORIENTED_EDGE ( 'NONE', *, *, #4494, .F. ) ;
#4423 = DIRECTION ( 'NONE',  ( 0.000000000000000000, 0.000000000000000000, -1.000000000000000000 ) ) ;
#4424 = LINE ( 'NONE', #4574, #4362 ) ;
#4425 = DIRECTION ( 'NONE',  ( 0.000000000000000000, 0.000000000000000000, 1.000000000000000000 ) ) ;
#4426 = FACE_OUTER_BOUND ( 'NONE', #6969, .T. ) ;
#4427 = CARTESIAN_POINT ( 'NONE',  ( -0.3133008409292000196, -2.200000000000000178, -4.950000000000000178 ) ) ;
#4428 = VERTEX_POINT ( 'NONE', #6975 ) ;
#4429 = CIRCLE ( 'NONE', #6363, 0.5999999999999998668 ) ;
#4430 = ORIENTED_EDGE ( 'NONE', *, *, #7230, .F. ) ;
#4431 = ORIENTED_EDGE ( 'NONE', *, *, #6980, .T. ) ;
#4432 = DIRECTION ( 'NONE',  ( -8.673617379884035472E-16, 0.000000000000000000, 1.000000000000000000 ) ) ;
#4433 = CARTESIAN_POINT ( 'NONE',  ( 0.2000000000000000111, 0.5000000000000000000, 4.743999999999999773 ) ) ;
#4434 = FACE_BOUND ( 'NONE', #2669, .T. ) ;
#4435 = ORIENTED_EDGE ( 'NONE', *, *, #1587, .F. ) ;
#4436 = DATE_AND_TIME ( #1055, #4747 ) ;
#4437 = VERTEX_POINT ( 'NONE', #714 ) ;
#4438 = ORIENTED_EDGE ( 'NONE', *, *, #5643, .T. ) ;
#4439 = CARTESIAN_POINT ( 'NONE',  ( 0.2000000000000001221, 3.500000000000000000, -5.299999999999999822 ) ) ;
#4440 = LINE ( 'NONE', #3917, #1708 ) ;
#4441 = DIRECTION ( 'NONE',  ( 0.000000000000000000, 0.000000000000000000, 1.000000000000000000 ) ) ;
#4442 = DIRECTION ( 'NONE',  ( 0.000000000000000000, 1.000000000000000000, 0.000000000000000000 ) ) ;
#4443 = VECTOR ( 'NONE', #4624, 1000.000000000000000 ) ;
#4444 = EDGE_CURVE ( 'NONE', #5502, #6283, #4111, .T. ) ;
#4445 = ADVANCED_FACE ( 'NONE', ( #3018 ), #5306, .F. ) ;
#4446 = FACE_OUTER_BOUND ( 'NONE', #3789, .T. ) ;
#4447 = VERTEX_POINT ( 'NONE', #4181 ) ;
#4448 = ORIENTED_EDGE ( 'NONE', *, *, #5747, .T. ) ;
#4449 = ORIENTED_EDGE ( 'NONE', *, *, #6810, .F. ) ;
#4450 = CARTESIAN_POINT ( 'NONE',  ( 3.600000000000000089, 2.200000000000000178, 5.799999999999999822 ) ) ;
#4451 = VECTOR ( 'NONE', #785, 1000.000000000000114 ) ;
#4452 = AXIS2_PLACEMENT_3D ( 'NONE', #500, #7353, #6298 ) ;
#4453 = LINE ( 'NONE', #4984, #5686 ) ;
#4454 = DIRECTION ( 'NONE',  ( 1.000000000000000000, 0.000000000000000000, 0.000000000000000000 ) ) ;
#4455 = EDGE_CURVE ( 'NONE', #5866, #3023, #5664, .T. ) ;
#4456 = CARTESIAN_POINT ( 'NONE',  ( 4.549999999999999822, -1.899999999999999911, 1.000000000000000000 ) ) ;
#4457 = CONICAL_SURFACE ( 'NONE', #734, 0.5999999999489998848, 0.7853981633972990650 ) ;
#4458 = AXIS2_PLACEMENT_3D ( 'NONE', #611, #12, #460 ) ;
#4459 = ADVANCED_FACE ( 'NONE', ( #4147 ), #164, .F. ) ;
#4460 = EDGE_CURVE ( 'NONE', #1065, #7334, #6257, .T. ) ;
#4461 = ORIENTED_EDGE ( 'NONE', *, *, #7356, .T. ) ;
#4462 = CARTESIAN_POINT ( 'NONE',  ( 0.2000000000000000111, 0.5000000000000000000, 5.928237858561000273 ) ) ;
#4463 = PLANE ( 'NONE',  #6420 ) ;
#4464 = VECTOR ( 'NONE', #241, 1000.000000000000000 ) ;
#4465 = CIRCLE ( 'NONE', #4826, 2.100000000000000089 ) ;
#4466 = VECTOR ( 'NONE', #6322, 1000.000000000000000 ) ;
#4467 = CARTESIAN_POINT ( 'NONE',  ( 0.1784818660467999973, -2.299999999999999822, -4.532520887255999220 ) ) ;
#4468 = DIRECTION ( 'NONE',  ( 0.000000000000000000, 1.000000000000000000, 0.000000000000000000 ) ) ;
#4469 = CARTESIAN_POINT ( 'NONE',  ( 0.8000000000000000444, -1.928740671584000088, 5.500000000000000000 ) ) ;
#4470 = VERTEX_POINT ( 'NONE', #1850 ) ;
#4471 = AXIS2_PLACEMENT_3D ( 'NONE', #5161, #2263, #4485 ) ;
#4472 = CARTESIAN_POINT ( 'NONE',  ( 0.2000000000000000111, -1.850000000000000089, 6.959999999999999964 ) ) ;
#4473 = VECTOR ( 'NONE', #807, 1000.000000000000000 ) ;
#4474 = ORIENTED_EDGE ( 'NONE', *, *, #2678, .T. ) ;
#4475 = CARTESIAN_POINT ( 'NONE',  ( 5.349999999999999645, 2.500000000000000000, -6.424999999999999822 ) ) ;
#4476 = DIRECTION ( 'NONE',  ( -1.000000000000000000, 0.000000000000000000, 0.000000000000000000 ) ) ;
#4477 = AXIS2_PLACEMENT_3D ( 'NONE', #201, #763, #6455 ) ;
#4478 = CARTESIAN_POINT ( 'NONE',  ( -2.149999999999999911, 2.075000000000000178, 6.450000000000000178 ) ) ;
#4479 = ORIENTED_EDGE ( 'NONE', *, *, #5052, .F. ) ;
#4480 = VERTEX_POINT ( 'NONE', #4069 ) ;
#4481 = ORIENTED_EDGE ( 'NONE', *, *, #1145, .F. ) ;
#4482 = AXIS2_PLACEMENT_3D ( 'NONE', #6387, #1670, #6920 ) ;
#4483 = ORIENTED_EDGE ( 'NONE', *, *, #6522, .F. ) ;
#4484 = CARTESIAN_POINT ( 'NONE',  ( -5.250000000000000000, 2.299999999999999822, -1.300000000000000044 ) ) ;
#4485 = DIRECTION ( 'NONE',  ( 1.000000000000000000, 0.000000000000000000, 0.000000000000000000 ) ) ;
#4486 = LINE ( 'NONE', #6221, #378 ) ;
#4487 = DIRECTION ( 'NONE',  ( 0.000000000000000000, 0.000000000000000000, 1.000000000000000000 ) ) ;
#4488 = CARTESIAN_POINT ( 'NONE',  ( 1.100000000000000089, 3.500000000000000000, -4.450000000000000178 ) ) ;
#4489 = DIRECTION ( 'NONE',  ( 0.000000000000000000, 1.000000000000000000, 0.000000000000000000 ) ) ;
#4490 = VERTEX_POINT ( 'NONE', #5269 ) ;
#4491 = ORIENTED_EDGE ( 'NONE', *, *, #3264, .T. ) ;
#4492 = ORIENTED_EDGE ( 'NONE', *, *, #2485, .T. ) ;
#4493 = CARTESIAN_POINT ( 'NONE',  ( -2.600000000000000089, -1.775000000000001021, -1.456350832690015418 ) ) ;
#4494 = EDGE_CURVE ( 'NONE', #2517, #739, #5344, .T. ) ;
#4495 = CARTESIAN_POINT ( 'NONE',  ( -4.924999999999999822, -4.899999999999999467, -2.550000000000000266 ) ) ;
#4496 = CARTESIAN_POINT ( 'NONE',  ( 0.1757717520002999856, -0.8499999999999999778, 4.750000000000000000 ) ) ;
#4497 = DIRECTION ( 'NONE',  ( 1.000000000000000000, 0.000000000000000000, 0.000000000000000000 ) ) ;
#4498 = ORIENTED_EDGE ( 'NONE', *, *, #4236, .F. ) ;
#4499 = DIRECTION ( 'NONE',  ( -1.000000000000000000, 0.000000000000000000, 0.000000000000000000 ) ) ;
#4500 = EDGE_CURVE ( 'NONE', #815, #4174, #5808, .T. ) ;
#4501 = DIRECTION ( 'NONE',  ( 0.000000000000000000, -1.000000000000000000, 0.000000000000000000 ) ) ;
#4502 = LINE ( 'NONE', #1075, #3487 ) ;
#4503 = EDGE_CURVE ( 'NONE', #3122, #5818, #3511, .T. ) ;
#4504 = EDGE_CURVE ( 'NONE', #7048, #7197, #1281, .T. ) ;
#4505 = DIRECTION ( 'NONE',  ( 1.000000000000000000, 0.000000000000000000, 0.000000000000000000 ) ) ;
#4506 = ADVANCED_FACE ( 'NONE', ( #5949 ), #1453, .T. ) ;
#4507 = CARTESIAN_POINT ( 'NONE',  ( -2.475000000000000089, -1.899999999999999911, -0.8500000000000998979 ) ) ;
#4508 = EDGE_LOOP ( 'NONE', ( #6366, #252, #3234, #2075 ) ) ;
#4509 = DIRECTION ( 'NONE',  ( 1.000000000000000000, 3.552713678801000121E-14, 0.000000000000000000 ) ) ;
#4510 = ORIENTED_EDGE ( 'NONE', *, *, #2292, .F. ) ;
#4511 = LINE ( 'NONE', #6242, #3260 ) ;
#4512 = CARTESIAN_POINT ( 'NONE',  ( 2.100000000000000089, -2.000000000000000000, 5.500000000000000000 ) ) ;
#4513 = LINE ( 'NONE', #1129, #362 ) ;
#4514 = VERTEX_POINT ( 'NONE', #4857 ) ;
#4515 = DIRECTION ( 'NONE',  ( 0.000000000000000000, 0.000000000000000000, -1.000000000000000000 ) ) ;
#4516 = VERTEX_POINT ( 'NONE', #6559 ) ;
#4517 = VERTEX_POINT ( 'NONE', #2029 ) ;
#4518 = ORIENTED_EDGE ( 'NONE', *, *, #2940, .T. ) ;
#4519 = VECTOR ( 'NONE', #6658, 1000.000000000000000 ) ;
#4520 = FACE_OUTER_BOUND ( 'NONE', #3543, .T. ) ;
#4521 = DIRECTION ( 'NONE',  ( -1.000000000000000000, 0.000000000000000000, 0.000000000000000000 ) ) ;
#4522 = LINE ( 'NONE', #1136, #6751 ) ;
#4523 = CARTESIAN_POINT ( 'NONE',  ( -3.799999999999999822, 2.500000000000000000, 5.549999999999999822 ) ) ;
#4524 = AXIS2_PLACEMENT_3D ( 'NONE', #3891, #7406, #1628 ) ;
#4525 = DIRECTION ( 'NONE',  ( 0.000000000000000000, 0.000000000000000000, 1.000000000000000000 ) ) ;
#4526 = ORIENTED_EDGE ( 'NONE', *, *, #3209, .T. ) ;
#4527 = ORIENTED_EDGE ( 'NONE', *, *, #2861, .T. ) ;
#4528 = ORIENTED_EDGE ( 'NONE', *, *, #731, .T. ) ;
#4529 = CARTESIAN_POINT ( 'NONE',  ( 0.8000000000000000444, -2.277571154197000070, 5.634283827185999627 ) ) ;
#4530 = VECTOR ( 'NONE', #3521, 1000.000000000000000 ) ;
#4531 = CARTESIAN_POINT ( 'NONE',  ( 3.750000000000000000, -2.500000000000000000, -6.125000000000000000 ) ) ;
#4532 = CARTESIAN_POINT ( 'NONE',  ( 0.005362112447554000412, -2.200000000000000178, -4.003969365357999521 ) ) ;
#4533 = FACE_OUTER_BOUND ( 'NONE', #6561, .T. ) ;
#4534 = AXIS2_PLACEMENT_3D ( 'NONE', #3725, #6560, #1391 ) ;
#4535 = EDGE_CURVE ( 'NONE', #4565, #5996, #1995, .T. ) ;
#4536 = ORIENTED_EDGE ( 'NONE', *, *, #4858, .F. ) ;
#4537 = DIRECTION ( 'NONE',  ( 0.000000000000000000, -1.000000000000000000, 0.000000000000000000 ) ) ;
#4538 = CARTESIAN_POINT ( 'NONE',  ( -4.299999999999999822, 2.500000000000000000, 6.224999999999978328 ) ) ;
#4539 = CARTESIAN_POINT ( 'NONE',  ( 4.500000000000000000, 2.500000000000000000, 5.549999999999999822 ) ) ;
#4540 = DIRECTION ( 'NONE',  ( -0.7071067811877975728, 0.7071067811852975726, 0.000000000000000000 ) ) ;
#4541 = FACE_OUTER_BOUND ( 'NONE', #6875, .T. ) ;
#4542 = ORIENTED_EDGE ( 'NONE', *, *, #4371, .T. ) ;
#4543 = EDGE_CURVE ( 'NONE', #4880, #216, #6128, .T. ) ;
#4544 = EDGE_CURVE ( 'NONE', #4674, #6294, #7219, .T. ) ;
#4545 = DIRECTION ( 'NONE',  ( -1.000000000000000000, 0.000000000000000000, 0.000000000000000000 ) ) ;
#4546 = ORIENTED_EDGE ( 'NONE', *, *, #5589, .F. ) ;
#4547 = EDGE_CURVE ( 'NONE', #4331, #2507, #4295, .T. ) ;
#4548 = DIRECTION ( 'NONE',  ( 1.000000000000000000, 0.000000000000000000, 0.000000000000000000 ) ) ;
#4549 = EDGE_CURVE ( 'NONE', #7296, #3825, #1679, .T. ) ;
#4550 = CARTESIAN_POINT ( 'NONE',  ( -4.649999999999999467, -2.500000000000000000, -2.500000000000000000 ) ) ;
#4551 = DIRECTION ( 'NONE',  ( -0.000000000000000000, 1.000000000000000000, 0.000000000000000000 ) ) ;
#4552 = ORIENTED_EDGE ( 'NONE', *, *, #6353, .F. ) ;
#4553 = ORIENTED_EDGE ( 'NONE', *, *, #1111, .F. ) ;
#4554 = ORIENTED_EDGE ( 'NONE', *, *, #3669, .T. ) ;
#4555 = ADVANCED_FACE ( 'NONE', ( #5414, #6667 ), #272, .F. ) ;
#4556 = EDGE_CURVE ( 'NONE', #2507, #5851, #1390, .T. ) ;
#4557 = EDGE_LOOP ( 'NONE', ( #6261, #1650 ) ) ;
#4558 = CYLINDRICAL_SURFACE ( 'NONE', #6646, 0.5249999999999999112 ) ;
#4559 = DIRECTION ( 'NONE',  ( -0.000000000000000000, 0.7071067811865475727, 0.7071067811865475727 ) ) ;
#4560 = DIRECTION ( 'NONE',  ( 0.000000000000000000, -1.000000000000000000, 0.000000000000000000 ) ) ;
#4561 = CARTESIAN_POINT ( 'NONE',  ( -2.449999999999999734, -1.699999999999999956, -0.2000000000000000111 ) ) ;
#4562 = LINE ( 'NONE', #656, #6340 ) ;
#4563 = EDGE_LOOP ( 'NONE', ( #5155, #741, #3950, #4113 ) ) ;
#4564 = ORIENTED_EDGE ( 'NONE', *, *, #4599, .T. ) ;
#4565 = VERTEX_POINT ( 'NONE', #1528 ) ;
#4566 = FACE_OUTER_BOUND ( 'NONE', #1621, .T. ) ;
#4567 = CARTESIAN_POINT ( 'NONE',  ( 2.339999999999999858, 0.5000000000000000000, 5.799999999999999822 ) ) ;
#4568 = LINE ( 'NONE', #7026, #3617 ) ;
#4569 = LINE ( 'NONE', #1667, #5007 ) ;
#4570 = AXIS2_PLACEMENT_3D ( 'NONE', #3971, #6236, #4577 ) ;
#4571 = ORIENTED_EDGE ( 'NONE', *, *, #1448, .F. ) ;
#4572 = VECTOR ( 'NONE', #6050, 1000.000000000000000 ) ;
#4573 = CARTESIAN_POINT ( 'NONE',  ( 4.850000000000000533, -1.899999999999999911, 1.000000000000000000 ) ) ;
#4574 = CARTESIAN_POINT ( 'NONE',  ( 0.000000000000000000, 2.500000000000000000, -6.125000000000000000 ) ) ;
#4575 = FACE_BOUND ( 'NONE', #244, .T. ) ;
#4576 = AXIS2_PLACEMENT_3D ( 'NONE', #1557, #1076, #4468 ) ;
#4577 = DIRECTION ( 'NONE',  ( 0.000000000000000000, 1.000000000000000000, 0.000000000000000000 ) ) ;
#4578 = VECTOR ( 'NONE', #1555, 1000.000000000000000 ) ;
#4579 = DIRECTION ( 'NONE',  ( 0.000000000000000000, 0.000000000000000000, -1.000000000000000000 ) ) ;
#4580 = ORIENTED_EDGE ( 'NONE', *, *, #7357, .T. ) ;
#4581 = LINE ( 'NONE', #2282, #1266 ) ;
#4582 = VERTEX_POINT ( 'NONE', #2601 ) ;
#4583 = FACE_OUTER_BOUND ( 'NONE', #4262, .T. ) ;
#4584 = AXIS2_PLACEMENT_3D ( 'NONE', #4041, #132, #6344 ) ;
#4585 = AXIS2_PLACEMENT_3D ( 'NONE', #1339, #5860, #4733 ) ;
#4586 = VECTOR ( 'NONE', #3322, 1000.000000000000000 ) ;
#4587 = EDGE_CURVE ( 'NONE', #6579, #5005, #264, .T. ) ;
#4588 = FACE_OUTER_BOUND ( 'NONE', #1057, .T. ) ;
#4589 = FACE_OUTER_BOUND ( 'NONE', #2784, .T. ) ;
#4590 = CIRCLE ( 'NONE', #5668, 2.350000000000000089 ) ;
#4591 = ORIENTED_EDGE ( 'NONE', *, *, #5199, .T. ) ;
#4592 = VECTOR ( 'NONE', #5521, 1000.000000000000000 ) ;
#4593 = CALENDAR_DATE ( 2025, 11, 9 ) ;
#4594 = VERTEX_POINT ( 'NONE', #2104 ) ;
#4595 = ORIENTED_EDGE ( 'NONE', *, *, #1013, .F. ) ;
#4596 = ORIENTED_EDGE ( 'NONE', *, *, #4641, .T. ) ;
#4597 = CIRCLE ( 'NONE', #6280, 0.4499999999994993560 ) ;
#4598 = DIRECTION ( 'NONE',  ( 0.8320502943381206107, 0.5547001962248137019, 0.000000000000000000 ) ) ;
#4599 = EDGE_CURVE ( 'NONE', #4490, #4565, #7233, .T. ) ;
#4600 = FACE_OUTER_BOUND ( 'NONE', #864, .T. ) ;
#4601 = CARTESIAN_POINT ( 'NONE',  ( -2.125000000000000000, -2.500000000000000000, -0.8499999999999999778 ) ) ;
#4602 = DIRECTION ( 'NONE',  ( 1.000000000000000000, -5.878785113032513212E-14, 0.000000000000000000 ) ) ;
#4603 = EDGE_CURVE ( 'NONE', #3231, #4613, #3199, .T. ) ;
#4604 = ADVANCED_FACE ( 'NONE', ( #870 ), #7195, .F. ) ;
#4605 = CARTESIAN_POINT ( 'NONE',  ( 2.750000000000000000, 2.399999999999999911, 5.649999999999999467 ) ) ;
#4606 = VERTEX_POINT ( 'NONE', #3794 ) ;
#4607 = AXIS2_PLACEMENT_3D ( 'NONE', #4669, #1803, #2488 ) ;
#4608 = VERTEX_POINT ( 'NONE', #2073 ) ;
#4609 = CARTESIAN_POINT ( 'NONE',  ( -3.799999999999999822, 2.477185478309000377, 5.549999999999999822 ) ) ;
#4610 = PLANE ( 'NONE',  #7022 ) ;
#4611 = LINE ( 'NONE', #695, #4818 ) ;
#4612 = LINE ( 'NONE', #4156, #2971 ) ;
#4613 = VERTEX_POINT ( 'NONE', #3691 ) ;
#4614 = CARTESIAN_POINT ( 'NONE',  ( 4.549999999999999822, -1.899999999999999911, 2.299999999999999822 ) ) ;
#4615 = DIRECTION ( 'NONE',  ( 1.000000000000000000, 0.000000000000000000, 0.000000000000000000 ) ) ;
#4616 = DIRECTION ( 'NONE',  ( 0.000000000000000000, 1.000000000000000000, 0.000000000000000000 ) ) ;
#4617 = FACE_OUTER_BOUND ( 'NONE', #3466, .T. ) ;
#4618 = FACE_OUTER_BOUND ( 'NONE', #1440, .T. ) ;
#4619 = ORIENTED_EDGE ( 'NONE', *, *, #3081, .T. ) ;
#4620 = DIRECTION ( 'NONE',  ( 0.000000000000000000, 0.000000000000000000, 1.000000000000000000 ) ) ;
#4621 = ORIENTED_EDGE ( 'NONE', *, *, #5602, .T. ) ;
#4622 = CLOSED_SHELL ( 'NONE', ( #6292, #5505, #1598, #783, #1691, #1629, #462, #7455 ) ) ;
#4623 = DIRECTION ( 'NONE',  ( 1.000000000000000000, 0.000000000000000000, 0.000000000000000000 ) ) ;
#4624 = DIRECTION ( 'NONE',  ( -2.954901280924999877E-14, -1.000000000000000000, 0.000000000000000000 ) ) ;
#4625 = FACE_OUTER_BOUND ( 'NONE', #7258, .T. ) ;
#4626 = CARTESIAN_POINT ( 'NONE',  ( -0.1325208861381000081, -2.299999999999999822, -3.850000000000000089 ) ) ;
#4627 = ORIENTED_EDGE ( 'NONE', *, *, #3991, .F. ) ;
#4628 = CALENDAR_DATE ( 2025, 11, 9 ) ;
#4629 = ORIENTED_EDGE ( 'NONE', *, *, #3710, .F. ) ;
#4630 = ORIENTED_EDGE ( 'NONE', *, *, #6668, .T. ) ;
#4631 = ADVANCED_FACE ( 'NONE', ( #5986 ), #3724, .T. ) ;
#4632 = ORIENTED_EDGE ( 'NONE', *, *, #6854, .F. ) ;
#4633 = CARTESIAN_POINT ( 'NONE',  ( 5.750000000000000000, 3.500000000000000000, -6.949999999999999289 ) ) ;
#4634 = CARTESIAN_POINT ( 'NONE',  ( 4.825000000000000178, -4.850000000000000533, 1.350000000000000089 ) ) ;
#4635 = DIRECTION ( 'NONE',  ( 0.000000000000000000, 0.000000000000000000, -1.000000000000000000 ) ) ;
#4636 = DIRECTION ( 'NONE',  ( 0.000000000000000000, 4.357625371652999785E-14, -1.000000000000000000 ) ) ;
#4637 = ORIENTED_EDGE ( 'NONE', *, *, #1195, .T. ) ;
#4638 = ORIENTED_EDGE ( 'NONE', *, *, #6714, .F. ) ;
#4639 = CIRCLE ( 'NONE', #2116, 0.9000000000000001332 ) ;
#4640 = EDGE_CURVE ( 'NONE', #6780, #5366, #6630, .T. ) ;
#4641 = EDGE_CURVE ( 'NONE', #805, #6226, #4971, .T. ) ;
#4642 = EDGE_CURVE ( 'NONE', #4700, #2919, #339, .T. ) ;
#4643 = DIRECTION ( 'NONE',  ( -1.000000000000000000, 0.000000000000000000, 0.000000000000000000 ) ) ;
#4644 = EDGE_CURVE ( 'NONE', #6907, #6628, #6094, .T. ) ;
#4645 = CARTESIAN_POINT ( 'NONE',  ( -2.877762515837999580, -1.300000000000000044, 5.500000000000000000 ) ) ;
#4646 = CIRCLE ( 'NONE', #1388, 1.999999999998998579 ) ;
#4647 = DIRECTION ( 'NONE',  ( 0.000000000000000000, 1.000000000000000000, -2.430485884323999775E-12 ) ) ;
#4648 = DIRECTION ( 'NONE',  ( -0.5773502691896257311, 0.5773502691896257311, -0.5773502691896257311 ) ) ;
#4649 = VERTEX_POINT ( 'NONE', #530 ) ;
#4650 = VECTOR ( 'NONE', #4950, 1000.000000000000000 ) ;
#4651 = EDGE_CURVE ( 'NONE', #7108, #7048, #3981, .T. ) ;
#4652 = CARTESIAN_POINT ( 'NONE',  ( -2.100000000000000089, -1.500000000000000000, 5.500000000000000000 ) ) ;
#4653 = CARTESIAN_POINT ( 'NONE',  ( 0.2443593274800999748, -2.200000000000000178, -4.717896939814000490 ) ) ;
#4654 = DIRECTION ( 'NONE',  ( -1.000000000000000000, 0.000000000000000000, 5.238088402179756116E-10 ) ) ;
#4655 = VECTOR ( 'NONE', #2316, 1000.000000000000000 ) ;
#4656 = CARTESIAN_POINT ( 'NONE',  ( 4.400000000000000355, -4.899999999999999467, -5.799999999999999822 ) ) ;
#4657 = ORIENTED_EDGE ( 'NONE', *, *, #4179, .F. ) ;
#4658 = LINE ( 'NONE', #4764, #6967 ) ;
#4659 = ORIENTED_EDGE ( 'NONE', *, *, #131, .T. ) ;
#4660 = LINE ( 'NONE', #5716, #2529 ) ;
#4661 = VERTEX_POINT ( 'NONE', #4022 ) ;
#4662 = CARTESIAN_POINT ( 'NONE',  ( 4.289346255670589692, 3.299999999999999822, 4.675000000000000711 ) ) ;
#4663 = DIRECTION ( 'NONE',  ( 1.000000000000000000, 0.000000000000000000, 0.000000000000000000 ) ) ;
#4664 = CARTESIAN_POINT ( 'NONE',  ( -2.125000000000000000, -1.899999999999999911, -2.050000000000000266 ) ) ;
#4665 = ORIENTED_EDGE ( 'NONE', *, *, #3536, .T. ) ;
#4666 = ORIENTED_EDGE ( 'NONE', *, *, #657, .T. ) ;
#4667 = VERTEX_POINT ( 'NONE', #568 ) ;
#4668 = ORIENTED_EDGE ( 'NONE', *, *, #2717, .T. ) ;
#4669 = CARTESIAN_POINT ( 'NONE',  ( 0.000000000000000000, 2.575000000000000178, 6.949999999999999289 ) ) ;
#4670 = CARTESIAN_POINT ( 'NONE',  ( -4.649999999999999467, -1.899999999999999911, -2.500000000000000000 ) ) ;
#4671 = DIRECTION ( 'NONE',  ( 1.000000000000000000, 0.000000000000000000, 0.000000000000000000 ) ) ;
#4672 = EDGE_CURVE ( 'NONE', #1245, #3738, #3313, .T. ) ;
#4673 = FACE_OUTER_BOUND ( 'NONE', #1562, .T. ) ;
#4674 = VERTEX_POINT ( 'NONE', #5082 ) ;
#4675 = ORIENTED_EDGE ( 'NONE', *, *, #993, .F. ) ;
#4676 = CIRCLE ( 'NONE', #6241, 0.5249999999999999112 ) ;
#4677 = DIRECTION ( 'NONE',  ( 3.469446951953615175E-16, -1.000000000000000000, 0.000000000000000000 ) ) ;
#4678 = DIRECTION ( 'NONE',  ( 1.000000000000000000, 0.000000000000000000, 0.000000000000000000 ) ) ;
#4679 = EDGE_CURVE ( 'NONE', #5447, #1838, #2649, .T. ) ;
#4680 = EDGE_CURVE ( 'NONE', #159, #4775, #6860, .T. ) ;
#4681 = LINE ( 'NONE', #4076, #4103 ) ;
#4682 = PLANE ( 'NONE',  #922 ) ;
#4683 = ORIENTED_EDGE ( 'NONE', *, *, #4221, .T. ) ;
#4684 = CARTESIAN_POINT ( 'NONE',  ( -2.475000000000000089, -1.899999999999999911, -2.050000000000000266 ) ) ;
#4685 = FACE_OUTER_BOUND ( 'NONE', #3867, .T. ) ;
#4686 = EDGE_CURVE ( 'NONE', #1393, #1166, #6245, .T. ) ;
#4687 = CYLINDRICAL_SURFACE ( 'NONE', #2898, 0.4499999999994993560 ) ;
#4688 = EDGE_CURVE ( 'NONE', #6960, #1726, #3389, .T. ) ;
#4689 = DIRECTION ( 'NONE',  ( 1.000000000000000000, 0.000000000000000000, 0.000000000000000000 ) ) ;
#4690 = EDGE_CURVE ( 'NONE', #3825, #2863, #2287, .T. ) ;
#4691 = AXIS2_PLACEMENT_3D ( 'NONE', #5828, #4021, #3462 ) ;
#4692 = LINE ( 'NONE', #1757, #7350 ) ;
#4693 = ORIENTED_EDGE ( 'NONE', *, *, #6997, .T. ) ;
#4694 = CARTESIAN_POINT ( 'NONE',  ( 4.500000000000000000, 2.575000000050999827, 5.549999999999999822 ) ) ;
#4695 = AXIS2_PLACEMENT_3D ( 'NONE', #1979, #810, #6651 ) ;
#4696 = VECTOR ( 'NONE', #2498, 1000.000000000000000 ) ;
#4697 = FACE_BOUND ( 'NONE', #7080, .T. ) ;
#4698 = LINE ( 'NONE', #4203, #5911 ) ;
#4699 = DIRECTION ( 'NONE',  ( 1.000000000000000000, 0.000000000000000000, 0.000000000000000000 ) ) ;
#4700 = VERTEX_POINT ( 'NONE', #5118 ) ;
#4701 = EDGE_LOOP ( 'NONE', ( #840, #2560, #4065, #7319 ) ) ;
#4702 = VECTOR ( 'NONE', #2734, 1000.000000000000000 ) ;
#4703 = AXIS2_PLACEMENT_3D ( 'NONE', #6963, #2284, #2327 ) ;
#4704 = VECTOR ( 'NONE', #3049, 1000.000000000000000 ) ;
#4705 = ORIENTED_EDGE ( 'NONE', *, *, #4549, .T. ) ;
#4706 = ORIENTED_EDGE ( 'NONE', *, *, #4080, .F. ) ;
#4707 = DIRECTION ( 'NONE',  ( 0.000000000000000000, -1.000000000000000000, 0.000000000000000000 ) ) ;
#4708 = DIRECTION ( 'NONE',  ( -0.000000000000000000, 1.000000000000000000, 0.000000000000000000 ) ) ;
#4709 = VECTOR ( 'NONE', #5210, 1000.000000000000000 ) ;
#4710 = CARTESIAN_POINT ( 'NONE',  ( 2.500000000000000000, -1.699999999999999956, 5.813145250178000545 ) ) ;
#4711 = AXIS2_PLACEMENT_3D ( 'NONE', #6700, #4926, #6061 ) ;
#4712 = DIRECTION ( 'NONE',  ( -1.000000000000000000, 0.000000000000000000, 0.000000000000000000 ) ) ;
#4713 = ORIENTED_EDGE ( 'NONE', *, *, #681, .T. ) ;
#4714 = VERTEX_POINT ( 'NONE', #6211 ) ;
#4715 = AXIS2_PLACEMENT_3D ( 'NONE', #3770, #984, #910 ) ;
#4716 = AXIS2_PLACEMENT_3D ( 'NONE', #2462, #1776, #169 ) ;
#4717 = DIRECTION ( 'NONE',  ( 0.000000000000000000, 0.000000000000000000, -1.000000000000000000 ) ) ;
#4718 = CARTESIAN_POINT ( 'NONE',  ( -1.906537443294000100, 1.649999999999999911, 6.949999999999999289 ) ) ;
#4719 = AXIS2_PLACEMENT_3D ( 'NONE', #7066, #5392, #808 ) ;
#4720 = CARTESIAN_POINT ( 'NONE',  ( -1.939999999999999947, 0.5000000000000002220, 5.799999999999999822 ) ) ;
#4721 = CARTESIAN_POINT ( 'NONE',  ( 0.2443593274800999748, -2.200000000000000178, -4.717896939814000490 ) ) ;
#4722 = EDGE_CURVE ( 'NONE', #1221, #7334, #3909, .T. ) ;
#4723 = ORIENTED_EDGE ( 'NONE', *, *, #6943, .T. ) ;
#4724 = EDGE_CURVE ( 'NONE', #1487, #2207, #7339, .T. ) ;
#4725 = CARTESIAN_POINT ( 'NONE',  ( 4.710653744329410308, 3.078237858560999740, 4.675000000000000711 ) ) ;
#4726 = VECTOR ( 'NONE', #2993, 1000.000000000000000 ) ;
#4727 = DIRECTION ( 'NONE',  ( 1.000000000000000000, 1.274194425185000101E-13, 0.000000000000000000 ) ) ;
#4728 = CARTESIAN_POINT ( 'NONE',  ( 3.994174762339087525, 2.224999999767803605, 4.674999999999999822 ) ) ;
#4729 = LINE ( 'NONE', #1862, #4282 ) ;
#4730 = LINE ( 'NONE', #2968, #6596 ) ;
#4731 = ORIENTED_EDGE ( 'NONE', *, *, #2113, .F. ) ;
#4732 = ADVANCED_FACE ( 'NONE', ( #4434, #2177 ), #485, .F. ) ;
#4733 = DIRECTION ( 'NONE',  ( 0.000000000000000000, 1.000000000000000000, 0.000000000000000000 ) ) ;
#4734 = ADVANCED_FACE ( 'NONE', ( #4589 ), #2792, .F. ) ;
#4735 = EDGE_CURVE ( 'NONE', #5501, #6853, #1610, .T. ) ;
#4736 = CARTESIAN_POINT ( 'NONE',  ( 5.200000000000000178, 2.350000000000000089, -6.125000000000000000 ) ) ;
#4737 = CARTESIAN_POINT ( 'NONE',  ( 3.050000000000000266, -2.100000000000000089, 4.649999999999999467 ) ) ;
#4738 = CARTESIAN_POINT ( 'NONE',  ( -2.200000000000000178, 2.299999999999999822, 5.825000000000000178 ) ) ;
#4739 = VERTEX_POINT ( 'NONE', #1051 ) ;
#4740 = AXIS2_PLACEMENT_3D ( 'NONE', #526, #1675, #1079 ) ;
#4741 = ORIENTED_EDGE ( 'NONE', *, *, #1640, .T. ) ;
#4742 = ORIENTED_EDGE ( 'NONE', *, *, #2623, .T. ) ;
#4743 = ORIENTED_EDGE ( 'NONE', *, *, #3119, .F. ) ;
#4744 = FACE_OUTER_BOUND ( 'NONE', #7045, .T. ) ;
#4745 = DIRECTION ( 'NONE',  ( -1.000000000000000000, 0.000000000000000000, 0.000000000000000000 ) ) ;
#4746 = LINE ( 'NONE', #5839, #6391 ) ;
#4747 = LOCAL_TIME ( 19, 12, 47.00000000000000000, #6670 ) ;
#4748 = CARTESIAN_POINT ( 'NONE',  ( 4.700000000000000178, -4.850000000000000533, -5.799999999999999822 ) ) ;
#4749 = ORIENTED_EDGE ( 'NONE', *, *, #1819, .T. ) ;
#4750 = ORIENTED_EDGE ( 'NONE', *, *, #438, .T. ) ;
#4751 = FACE_OUTER_BOUND ( 'NONE', #4198, .T. ) ;
#4752 = FACE_OUTER_BOUND ( 'NONE', #3787, .T. ) ;
#4753 = CARTESIAN_POINT ( 'NONE',  ( 0.5000000000000000000, -4.850000000000000533, 4.986854749822000166 ) ) ;
#4754 = CARTESIAN_POINT ( 'NONE',  ( -4.299999999999999822, 2.649999999999999911, 5.549999999999999822 ) ) ;
#4755 = CARTESIAN_POINT ( 'NONE',  ( -2.149999999999999911, 1.649999999999999911, 5.950000000000000178 ) ) ;
#4756 = ORIENTED_EDGE ( 'NONE', *, *, #5639, .T. ) ;
#4757 = DIRECTION ( 'NONE',  ( -1.000000000000000000, 0.000000000000000000, 0.000000000000000000 ) ) ;
#4758 = VECTOR ( 'NONE', #5226, 1000.000000000000000 ) ;
#4759 = DIRECTION ( 'NONE',  ( -0.000000000000000000, 1.000000000000000000, 0.000000000000000000 ) ) ;
#4760 = FACE_OUTER_BOUND ( 'NONE', #703, .T. ) ;
#4761 = CARTESIAN_POINT ( 'NONE',  ( -3.350000000000695088, -1.699999999999999956, 4.674999999999940314 ) ) ;
#4762 = AXIS2_PLACEMENT_3D ( 'NONE', #2588, #3744, #4388 ) ;
#4763 = ORIENTED_EDGE ( 'NONE', *, *, #3311, .F. ) ;
#4764 = CARTESIAN_POINT ( 'NONE',  ( 3.050000000000000266, 2.500000000000000000, 5.275000000000000355 ) ) ;
#4765 = EDGE_LOOP ( 'NONE', ( #4107, #4638 ) ) ;
#4766 = DIRECTION ( 'NONE',  ( 0.000000000000000000, -1.000000000000000000, 0.000000000000000000 ) ) ;
#4767 = VECTOR ( 'NONE', #3839, 1000.000000000000000 ) ;
#4768 = CARTESIAN_POINT ( 'NONE',  ( 0.000000000000000000, 2.500000000000000000, 0.000000000000000000 ) ) ;
#4769 = PLANE ( 'NONE',  #3271 ) ;
#4770 = EDGE_CURVE ( 'NONE', #697, #5354, #4513, .T. ) ;
#4771 = EDGE_CURVE ( 'NONE', #1306, #4854, #6814, .T. ) ;
#4772 = DIRECTION ( 'NONE',  ( -1.000000000000000000, 0.000000000000000000, 0.000000000000000000 ) ) ;
#4773 = ORIENTED_EDGE ( 'NONE', *, *, #3811, .T. ) ;
#4774 = ADVANCED_FACE ( 'NONE', ( #5754 ), #602, .T. ) ;
#4775 = VERTEX_POINT ( 'NONE', #6732 ) ;
#4776 = ORIENTED_EDGE ( 'NONE', *, *, #5496, .F. ) ;
#4777 = ORIENTED_EDGE ( 'NONE', *, *, #7315, .F. ) ;
#4778 = DIRECTION ( 'NONE',  ( 0.000000000000000000, 1.000000000000000000, 0.000000000000000000 ) ) ;
#4779 = CARTESIAN_POINT ( 'NONE',  ( 2.100000000000000089, 2.399999999999999911, 5.500000000000000000 ) ) ;
#4780 = CARTESIAN_POINT ( 'NONE',  ( 0.2000000000000000111, 0.5000000000000000000, 5.950000000000000178 ) ) ;
#4781 = ADVANCED_FACE ( 'NONE', ( #1567 ), #3872, .F. ) ;
#4782 = CARTESIAN_POINT ( 'NONE',  ( 5.049999999999999822, 2.200000000000000178, -6.125000000000000000 ) ) ;
#4783 = ADVANCED_FACE ( 'NONE', ( #1796 ), #6966, .F. ) ;
#4784 = ORIENTED_EDGE ( 'NONE', *, *, #2110, .F. ) ;
#4785 = VERTEX_POINT ( 'NONE', #5793 ) ;
#4786 = CYLINDRICAL_SURFACE ( 'NONE', #4477, 0.5000000000000000000 ) ;
#4787 = CARTESIAN_POINT ( 'NONE',  ( 3.050000000000000266, -1.699999999999999956, 5.062499999996999733 ) ) ;
#4788 = CARTESIAN_POINT ( 'NONE',  ( -4.299999999999999822, 3.500000000000000000, 6.400000000000000355 ) ) ;
#4789 = CARTESIAN_POINT ( 'NONE',  ( 2.306537443294000234, 1.649999999999999911, 5.950000000000000178 ) ) ;
#4790 = PLANE ( 'NONE',  #1637 ) ;
#4791 = EDGE_LOOP ( 'NONE', ( #5757, #6703, #4595, #4037 ) ) ;
#4792 = ORIENTED_EDGE ( 'NONE', *, *, #267, .F. ) ;
#4793 = CARTESIAN_POINT ( 'NONE',  ( -3.225000000000000089, -2.100000000000000089, 5.825000000000000178 ) ) ;
#4794 = AXIS2_PLACEMENT_3D ( 'NONE', #1261, #111, #5785 ) ;
#4795 = DIRECTION ( 'NONE',  ( 1.000000000000000000, 0.000000000000000000, 0.000000000000000000 ) ) ;
#4796 = FACE_OUTER_BOUND ( 'NONE', #6356, .T. ) ;
#4797 = LINE ( 'NONE', #4243, #5599 ) ;
#4798 = EDGE_LOOP ( 'NONE', ( #2281, #3381, #3642, #1899 ) ) ;
#4799 = CARTESIAN_POINT ( 'NONE',  ( -4.924999999999999822, -4.850000000000000533, -3.449999999999999734 ) ) ;
#4800 = ORIENTED_EDGE ( 'NONE', *, *, #314, .F. ) ;
#4801 = CARTESIAN_POINT ( 'NONE',  ( 3.649999999999999911, -1.800000000000000044, -5.850000000000000533 ) ) ;
#4802 = ORIENTED_EDGE ( 'NONE', *, *, #825, .F. ) ;
#4803 = DIRECTION ( 'NONE',  ( 0.000000000000000000, 1.000000000000000000, 0.000000000000000000 ) ) ;
#4804 = DIRECTION ( 'NONE',  ( 0.000000000000000000, -1.000000000000000000, 0.000000000000000000 ) ) ;
#4805 = AXIS2_PLACEMENT_3D ( 'NONE', #3748, #5476, #7186 ) ;
#4806 = DIRECTION ( 'NONE',  ( 1.000000000000000000, 0.000000000000000000, 0.000000000000000000 ) ) ;
#4807 = ORIENTED_EDGE ( 'NONE', *, *, #1909, .T. ) ;
#4808 = EDGE_CURVE ( 'NONE', #224, #4661, #4698, .T. ) ;
#4809 = VERTEX_POINT ( 'NONE', #4737 ) ;
#4810 = ORIENTED_EDGE ( 'NONE', *, *, #6668, .F. ) ;
#4811 = VECTOR ( 'NONE', #4540, 1000.000000000000000 ) ;
#4812 = CIRCLE ( 'NONE', #6861, 0.6750000000000002665 ) ;
#4813 = ORIENTED_EDGE ( 'NONE', *, *, #44, .F. ) ;
#4814 = ADVANCED_FACE ( 'NONE', ( #6506 ), #3498, .T. ) ;
#4815 = FACE_OUTER_BOUND ( 'NONE', #5517, .T. ) ;
#4816 = CARTESIAN_POINT ( 'NONE',  ( -5.349999999999999645, 0.4000000000000000222, 2.850000000000000089 ) ) ;
#4817 = DIRECTION ( 'NONE',  ( 0.000000000000000000, 0.000000000000000000, 1.000000000000000000 ) ) ;
#4818 = VECTOR ( 'NONE', #3589, 1000.000000000000000 ) ;
#4819 = VECTOR ( 'NONE', #1428, 1000.000000000000000 ) ;
#4820 = CARTESIAN_POINT ( 'NONE',  ( -0.1700556982308999987, -2.200000000000000178, -4.532520887255999220 ) ) ;
#4821 = EDGE_LOOP ( 'NONE', ( #972, #586, #333, #4026 ) ) ;
#4822 = EDGE_LOOP ( 'NONE', ( #3975, #2274, #2344, #7206, #2981 ) ) ;
#4823 = EDGE_CURVE ( 'NONE', #2719, #6374, #2449, .T. ) ;
#4824 = CARTESIAN_POINT ( 'NONE',  ( 0.2000000000000000111, -4.850000000000000533, 5.299999999999999822 ) ) ;
#4825 = CIRCLE ( 'NONE', #1568, 0.5999999999999999778 ) ;
#4826 = AXIS2_PLACEMENT_3D ( 'NONE', #2362, #1723, #2252 ) ;
#4827 = VECTOR ( 'NONE', #2746, 1000.000000000000000 ) ;
#4828 = FACE_OUTER_BOUND ( 'NONE', #4821, .T. ) ;
#4829 = EDGE_CURVE ( 'NONE', #2863, #3514, #1343, .T. ) ;
#4830 = ADVANCED_FACE ( 'NONE', ( #3646 ), #3052, .F. ) ;
#4831 = LINE ( 'NONE', #7095, #3255 ) ;
#4832 = DIRECTION ( 'NONE',  ( 0.000000000000000000, 1.000000000000000000, 0.000000000000000000 ) ) ;
#4833 = DIRECTION ( 'NONE',  ( 1.000000000000000000, -6.032211767129999953E-14, 5.625129991434000464E-14 ) ) ;
#4834 = CIRCLE ( 'NONE', #2551, 0.5250000000000002442 ) ;
#4835 = ORIENTED_EDGE ( 'NONE', *, *, #5592, .F. ) ;
#4836 = VECTOR ( 'NONE', #6493, 1000.000000000000114 ) ;
#4837 = ORIENTED_EDGE ( 'NONE', *, *, #4278, .T. ) ;
#4838 = LINE ( 'NONE', #7144, #5541 ) ;
#4839 = CARTESIAN_POINT ( 'NONE',  ( 0.1999999999999997613, 2.600000000000000089, 5.841499999999999915 ) ) ;
#4840 = AXIS2_PLACEMENT_3D ( 'NONE', #3908, #5153, #2791 ) ;
#4841 = VECTOR ( 'NONE', #1134, 1000.000000000000114 ) ;
#4842 = DIRECTION ( 'NONE',  ( 0.000000000000000000, 1.000000000000000000, 1.481115441063000159E-13 ) ) ;
#4843 = DIRECTION ( 'NONE',  ( 1.000000000000000000, 0.000000000000000000, 0.000000000000000000 ) ) ;
#4844 = CONICAL_SURFACE ( 'NONE', #3047, 0.5999999999489998848, 0.7853981633972990650 ) ;
#4845 = ORIENTED_EDGE ( 'NONE', *, *, #1373, .T. ) ;
#4846 = CARTESIAN_POINT ( 'NONE',  ( -4.924999999999999822, -4.899999999999999467, -2.550000000000000266 ) ) ;
#4847 = ORIENTED_EDGE ( 'NONE', *, *, #1244, .F. ) ;
#4848 = CARTESIAN_POINT ( 'NONE',  ( -4.299999999999999822, 3.100000000000000089, 5.549999999999999822 ) ) ;
#4849 = LINE ( 'NONE', #7113, #6867 ) ;
#4850 = PLANE ( 'NONE',  #674 ) ;
#4851 = ORIENTED_EDGE ( 'NONE', *, *, #95, .T. ) ;
#4852 = ORIENTED_EDGE ( 'NONE', *, *, #2110, .T. ) ;
#4853 = ORIENTED_EDGE ( 'NONE', *, *, #643, .F. ) ;
#4854 = VERTEX_POINT ( 'NONE', #2900 ) ;
#4855 = DIRECTION ( 'NONE',  ( -0.000000000000000000, 1.000000000000000000, 0.000000000000000000 ) ) ;
#4856 = DIRECTION ( 'NONE',  ( 0.000000000000000000, 0.000000000000000000, -1.000000000000000000 ) ) ;
#4857 = CARTESIAN_POINT ( 'NONE',  ( -0.4000000000000000222, -2.000000000000000000, 5.794322077003999816 ) ) ;
#4858 = EDGE_CURVE ( 'NONE', #6395, #4674, #5294, .T. ) ;
#4859 = ADVANCED_FACE ( 'NONE', ( #5225 ), #5829, .T. ) ;
#4860 = LINE ( 'NONE', #1885, #1646 ) ;
#4861 = ORIENTED_EDGE ( 'NONE', *, *, #3948, .T. ) ;
#4862 = VERTEX_POINT ( 'NONE', #2329 ) ;
#4863 = CARTESIAN_POINT ( 'NONE',  ( 0.8000000000000000444, -2.000000000000000000, 5.799999999999999822 ) ) ;
#4864 = PRODUCT_DEFINITION_FORMATION_WITH_SPECIFIED_SOURCE ( 'ANY', '', #5562, .NOT_KNOWN. ) ;
#4865 = DIRECTION ( 'NONE',  ( -1.000000000000000000, 0.000000000000000000, 0.000000000000000000 ) ) ;
#4866 = DIRECTION ( 'NONE',  ( 1.000000000000000000, 0.000000000000000000, 0.000000000000000000 ) ) ;
#4867 = DIRECTION ( 'NONE',  ( -1.000000000000000000, 0.000000000000000000, 0.000000000000000000 ) ) ;
#4868 = ADVANCED_FACE ( 'NONE', ( #2479 ), #4098, .T. ) ;
#4869 = EDGE_CURVE ( 'NONE', #2296, #5697, #7040, .T. ) ;
#4870 = DIRECTION ( 'NONE',  ( 1.000000000000000000, 0.000000000000000000, 0.000000000000000000 ) ) ;
#4871 = ORIENTED_EDGE ( 'NONE', *, *, #2580, .T. ) ;
#4872 = ADVANCED_FACE ( 'NONE', ( #4625 ), #4769, .T. ) ;
#4873 = ORIENTED_EDGE ( 'NONE', *, *, #2349, .F. ) ;
#4874 = EDGE_CURVE ( 'NONE', #6214, #7193, #3601, .T. ) ;
#4875 = CARTESIAN_POINT ( 'NONE',  ( -4.658590997241000231, -4.850000000000000533, -3.449999999999999734 ) ) ;
#4876 = PLANE ( 'NONE',  #6293 ) ;
#4877 = DIRECTION ( 'NONE',  ( 0.000000000000000000, 0.000000000000000000, 1.000000000000000000 ) ) ;
#4878 = DIRECTION ( 'NONE',  ( 0.000000000000000000, 0.000000000000000000, -1.000000000000000000 ) ) ;
#4879 = ADVANCED_FACE ( 'NONE', ( #5260 ), #116, .F. ) ;
#4880 = VERTEX_POINT ( 'NONE', #7007 ) ;
#4881 = CIRCLE ( 'NONE', #1993, 1.800000000000000044 ) ;
#4882 = CARTESIAN_POINT ( 'NONE',  ( -0.4000000000000000222, -1.928740671584000088, 5.500000000000000000 ) ) ;
#4883 = DIRECTION ( 'NONE',  ( 1.000000000000000000, 0.000000000000000000, 0.000000000000000000 ) ) ;
#4884 = CARTESIAN_POINT ( 'NONE',  ( 4.575000000000000178, -1.800000000000000044, 2.250000000000000000 ) ) ;
#4885 = VECTOR ( 'NONE', #2966, 1000.000000000000000 ) ;
#4886 = FACE_OUTER_BOUND ( 'NONE', #3393, .T. ) ;
#4887 = VERTEX_POINT ( 'NONE', #3569 ) ;
#4888 = ORIENTED_EDGE ( 'NONE', *, *, #771, .F. ) ;
#4889 = ORIENTED_EDGE ( 'NONE', *, *, #97, .T. ) ;
#4890 = PLANE ( 'NONE',  #2664 ) ;
#4891 = ORIENTED_EDGE ( 'NONE', *, *, #5416, .T. ) ;
#4892 = AXIS2_PLACEMENT_3D ( 'NONE', #16, #613, #2878 ) ;
#4893 = LINE ( 'NONE', #3723, #276 ) ;
#4894 = CARTESIAN_POINT ( 'NONE',  ( -2.125000000000000000, 1.800000000000000044, -1.550000000000000044 ) ) ;
#4895 = AXIS2_PLACEMENT_3D ( 'NONE', #2492, #3200, #4260 ) ;
#4896 = CARTESIAN_POINT ( 'NONE',  ( -0.01761839278056999761, -2.200000000000000178, -4.085167163611000518 ) ) ;
#4897 = VERTEX_POINT ( 'NONE', #5862 ) ;
#4898 = EDGE_LOOP ( 'NONE', ( #788, #2798, #7091, #7078 ) ) ;
#4899 = FACE_OUTER_BOUND ( 'NONE', #5197, .T. ) ;
#4900 = B_SPLINE_CURVE_WITH_KNOTS ( 'NONE', 3,
 ( #6464, #4728, #3594, #1187, #2965, #7032 ),
 .UNSPECIFIED., .F., .F.,
 ( 4, 2, 4 ),
 ( 3.886462992813238425E-16, 0.0004261410323304439841, 0.0008522820646604993902 ),
 .UNSPECIFIED. ) ;
#4901 = DIRECTION ( 'NONE',  ( 0.000000000000000000, 0.7071067811865475727, -0.7071067811865475727 ) ) ;
#4902 = CARTESIAN_POINT ( 'NONE',  ( -5.100000000000000533, 0.4000000000000000222, 2.850000000000000089 ) ) ;
#4903 = PLANE ( 'NONE',  #20 ) ;
#4904 = LINE ( 'NONE', #839, #7300 ) ;
#4905 = ORIENTED_EDGE ( 'NONE', *, *, #6532, .F. ) ;
#4906 = EDGE_LOOP ( 'NONE', ( #1686, #6694, #2629, #3458 ) ) ;
#4907 = LINE ( 'NONE', #4875, #6518 ) ;
#4908 = EDGE_CURVE ( 'NONE', #6194, #4374, #1762, .T. ) ;
#4909 = DIRECTION ( 'NONE',  ( 0.000000000000000000, 0.000000000000000000, 1.000000000000000000 ) ) ;
#4910 = CARTESIAN_POINT ( 'NONE',  ( 0.000000000000000000, -2.200000000000000178, -4.400000000000000355 ) ) ;
#4911 = CARTESIAN_POINT ( 'NONE',  ( 4.575000000000000178, -4.850000000000000533, 1.949999999999999956 ) ) ;
#4912 = ORIENTED_EDGE ( 'NONE', *, *, #4455, .F. ) ;
#4913 = DIRECTION ( 'NONE',  ( 1.000000000000000000, 0.000000000000000000, 0.000000000000000000 ) ) ;
#4914 = EDGE_CURVE ( 'NONE', #5183, #1622, #6085, .T. ) ;
#4915 = CARTESIAN_POINT ( 'NONE',  ( 0.2000000000000000111, -1.850000000000000089, 7.023500000000000298 ) ) ;
#4916 = EDGE_CURVE ( 'NONE', #3231, #2843, #6549, .T. ) ;
#4917 = ADVANCED_FACE ( 'NONE', ( #929 ), #5896, .F. ) ;
#4918 = LINE ( 'NONE', #7220, #7104 ) ;
#4919 = FACE_BOUND ( 'NONE', #236, .T. ) ;
#4920 = ORIENTED_EDGE ( 'NONE', *, *, #1681, .F. ) ;
#4921 = ORIENTED_EDGE ( 'NONE', *, *, #5322, .F. ) ;
#4922 = VERTEX_POINT ( 'NONE', #1485 ) ;
#4923 = CARTESIAN_POINT ( 'NONE',  ( 2.100000000000000089, -2.000000000000000000, 5.799999999999999822 ) ) ;
#4924 = ORIENTED_EDGE ( 'NONE', *, *, #1976, .T. ) ;
#4925 = DIRECTION ( 'NONE',  ( 0.000000000000000000, 0.000000000000000000, -1.000000000000000000 ) ) ;
#4926 = DIRECTION ( 'NONE',  ( 0.000000000000000000, 1.000000000000000000, 0.000000000000000000 ) ) ;
#4927 =( NAMED_UNIT ( * ) SI_UNIT ( $, .STERADIAN. ) SOLID_ANGLE_UNIT ( ) );
#4928 = ORIENTED_EDGE ( 'NONE', *, *, #2772, .F. ) ;
#4929 = VECTOR ( 'NONE', #5034, 1000.000000000000000 ) ;
#4930 = VERTEX_POINT ( 'NONE', #4884 ) ;
#4931 = B_SPLINE_SURFACE_WITH_KNOTS ( 'NONE', 3, 1, ( 
 ( #6916, #1747 ),
 ( #6425, #2996 ),
 ( #2926, #1255 ),
 ( #7027, #2466 ) ),
 .UNSPECIFIED., .F., .F., .F.,
 ( 4, 4 ),
 ( 2, 2 ),
 ( 0.03030066908776180012, 0.9074653433583920181 ),
 ( 0.000000000000000000, 1.000000000000000000 ),
 .UNSPECIFIED. ) ;
#4932 = DIRECTION ( 'NONE',  ( 1.000000000000000000, 0.000000000000000000, 0.000000000000000000 ) ) ;
#4933 = CARTESIAN_POINT ( 'NONE',  ( 0.000000000000000000, 2.500000000000000000, 0.000000000000000000 ) ) ;
#4934 = CIRCLE ( 'NONE', #6497, 1.949999999999999956 ) ;
#4935 = CARTESIAN_POINT ( 'NONE',  ( 3.600000000000000089, -0.5000000000000000000, 5.799999999999999822 ) ) ;
#4936 = DIRECTION ( 'NONE',  ( 0.000000000000000000, 1.000000000000000000, 0.000000000000000000 ) ) ;
#4937 = DIRECTION ( 'NONE',  ( 0.000000000000000000, -1.000000000000000000, 0.000000000000000000 ) ) ;
#4938 = ORIENTED_EDGE ( 'NONE', *, *, #4504, .T. ) ;
#4939 = ORIENTED_EDGE ( 'NONE', *, *, #5784, .T. ) ;
#4940 = CIRCLE ( 'NONE', #2905, 2.399999999999999911 ) ;
#4941 = AXIS2_PLACEMENT_3D ( 'NONE', #518, #5707, #3450 ) ;
#4942 = ORIENTED_EDGE ( 'NONE', *, *, #7403, .T. ) ;
#4943 = AXIS2_PLACEMENT_3D ( 'NONE', #6057, #5449, #7192 ) ;
#4944 = FACE_OUTER_BOUND ( 'NONE', #5040, .T. ) ;
#4945 = DIRECTION ( 'NONE',  ( 1.000000000000000000, 0.000000000000000000, 0.000000000000000000 ) ) ;
#4946 = AXIS2_PLACEMENT_3D ( 'NONE', #3585, #102, #799 ) ;
#4947 = VECTOR ( 'NONE', #581, 1000.000000000000000 ) ;
#4948 = CARTESIAN_POINT ( 'NONE',  ( -2.149999999999999911, 2.500000000000000000, 5.950000000000000178 ) ) ;
#4949 = VECTOR ( 'NONE', #417, 1000.000000000000000 ) ;
#4950 = DIRECTION ( 'NONE',  ( 0.000000000000000000, 0.000000000000000000, -1.000000000000000000 ) ) ;
#4951 = ADVANCED_FACE ( 'NONE', ( #1986 ), #4392, .F. ) ;
#4952 = ORIENTED_EDGE ( 'NONE', *, *, #4371, .F. ) ;
#4953 = VECTOR ( 'NONE', #5243, 1000.000000000000000 ) ;
#4954 = CARTESIAN_POINT ( 'NONE',  ( 2.299999999999999822, -1.699999999999999956, 5.500000000000000000 ) ) ;
#4955 = AXIS2_PLACEMENT_3D ( 'NONE', #4265, #3729, #3696 ) ;
#4956 = CARTESIAN_POINT ( 'NONE',  ( 0.8499999999999999778, -2.500000000000000000, -3.550000000000000266 ) ) ;
#4957 = LINE ( 'NONE', #5369, #4208 ) ;
#4958 = PLANE ( 'NONE',  #6082 ) ;
#4959 = AXIS2_PLACEMENT_3D ( 'NONE', #7145, #4759, #1978 ) ;
#4960 = ORIENTED_EDGE ( 'NONE', *, *, #1969, .F. ) ;
#4961 = ADVANCED_FACE ( 'NONE', ( #2094 ), #857, .F. ) ;
#4962 = ORIENTED_EDGE ( 'NONE', *, *, #7006, .T. ) ;
#4963 = ORIENTED_EDGE ( 'NONE', *, *, #6715, .F. ) ;
#4964 = EDGE_CURVE ( 'NONE', #935, #5892, #5477, .T. ) ;
#4965 = EDGE_CURVE ( 'NONE', #2391, #5774, #7151, .T. ) ;
#4966 = DIRECTION ( 'NONE',  ( 0.000000000000000000, -1.000000000000000000, 0.000000000000000000 ) ) ;
#4967 = ORIENTED_EDGE ( 'NONE', *, *, #5012, .F. ) ;
#4968 = EDGE_CURVE ( 'NONE', #4100, #918, #5444, .T. ) ;
#4969 = AXIS2_PLACEMENT_3D ( 'NONE', #2123, #4419, #6717 ) ;
#4970 = CARTESIAN_POINT ( 'NONE',  ( -3.050000000000000266, 0.4000000000000000222, 4.750000000000000000 ) ) ;
#4971 = LINE ( 'NONE', #904, #2428 ) ;
#4972 = DIRECTION ( 'NONE',  ( 0.000000000000000000, 0.000000000000000000, 1.000000000000000000 ) ) ;
#4973 = ORIENTED_EDGE ( 'NONE', *, *, #1503, .F. ) ;
#4974 = ORIENTED_EDGE ( 'NONE', *, *, #6017, .T. ) ;
#4975 = CARTESIAN_POINT ( 'NONE',  ( 4.700000000000000178, -1.800000000000000044, 2.399999999999999911 ) ) ;
#4976 = DIRECTION ( 'NONE',  ( -0.000000000000000000, 1.000000000000000000, 0.000000000000000000 ) ) ;
#4977 = CARTESIAN_POINT ( 'NONE',  ( 4.400000000000000355, -1.800000000000000044, 1.649999999999999911 ) ) ;
#4978 = FACE_OUTER_BOUND ( 'NONE', #5579, .T. ) ;
#4979 = CARTESIAN_POINT ( 'NONE',  ( -2.200000000000000178, 2.500000000000000000, 6.949999999999999289 ) ) ;
#4980 = ORIENTED_EDGE ( 'NONE', *, *, #647, .F. ) ;
#4981 = ORIENTED_EDGE ( 'NONE', *, *, #6704, .T. ) ;
#4982 = EDGE_LOOP ( 'NONE', ( #5834, #342, #1988, #3486, #3272, #541, #967, #1312, #2231, #2891, #180 ) ) ;
#4983 = DIRECTION ( 'NONE',  ( -1.000000000000000000, 0.000000000000000000, 0.000000000000000000 ) ) ;
#4984 = CARTESIAN_POINT ( 'NONE',  ( 0.8499999999999999778, -2.500000000000000000, 4.649999999999999467 ) ) ;
#4985 = CARTESIAN_POINT ( 'NONE',  ( -4.299999999999999822, 2.575000000050999827, 5.549999999999999822 ) ) ;
#4986 = LINE ( 'NONE', #7287, #3562 ) ;
#4987 = VERTEX_POINT ( 'NONE', #3681 ) ;
#4988 = FACE_OUTER_BOUND ( 'NONE', #2753, .T. ) ;
#4989 = DIRECTION ( 'NONE',  ( 0.1483404529307041364, -0.9889363528682285631, 0.000000000000000000 ) ) ;
#4990 = CARTESIAN_POINT ( 'NONE',  ( 3.050000000000000266, -2.100000000000000089, 4.649999999999999467 ) ) ;
#4991 = FACE_OUTER_BOUND ( 'NONE', #2484, .T. ) ;
#4992 = PLANE ( 'NONE',  #1626 ) ;
#4993 = ORIENTED_EDGE ( 'NONE', *, *, #2521, .F. ) ;
#4994 = FACE_OUTER_BOUND ( 'NONE', #7448, .T. ) ;
#4995 = EDGE_LOOP ( 'NONE', ( #6325, #1729, #6815, #3925 ) ) ;
#4996 = CARTESIAN_POINT ( 'NONE',  ( -0.4000000000000000222, -3.414370335791999889, 5.397161038502000352 ) ) ;
#4997 = VECTOR ( 'NONE', #189, 1000.000000000000000 ) ;
#4998 = EDGE_CURVE ( 'NONE', #4922, #5501, #4918, .T. ) ;
#4999 = DIRECTION ( 'NONE',  ( 0.000000000000000000, 1.000000000000000000, 0.000000000000000000 ) ) ;
#5000 = EDGE_CURVE ( 'NONE', #4922, #7108, #296, .T. ) ;
#5001 = CARTESIAN_POINT ( 'NONE',  ( 4.500000000000000000, 2.477185478309000377, 5.549999999999999822 ) ) ;
#5002 = EDGE_CURVE ( 'NONE', #6064, #2296, #2058, .T. ) ;
#5003 = ORIENTED_EDGE ( 'NONE', *, *, #3850, .T. ) ;
#5004 = FACE_OUTER_BOUND ( 'NONE', #6453, .T. ) ;
#5005 = VERTEX_POINT ( 'NONE', #363 ) ;
#5006 = VERTEX_POINT ( 'NONE', #4359 ) ;
#5007 = VECTOR ( 'NONE', #472, 1000.000000000000000 ) ;
#5008 = LINE ( 'NONE', #3398, #2436 ) ;
#5009 = EDGE_CURVE ( 'NONE', #434, #5262, #6657, .T. ) ;
#5010 = CARTESIAN_POINT ( 'NONE',  ( 4.575000000000000178, -4.850000000000000533, 1.649999999999999911 ) ) ;
#5011 = DIRECTION ( 'NONE',  ( 0.000000000000000000, 0.000000000000000000, 1.000000000000000000 ) ) ;
#5012 = EDGE_CURVE ( 'NONE', #2416, #6648, #4957, .T. ) ;
#5013 = EDGE_CURVE ( 'NONE', #6147, #2845, #819, .T. ) ;
#5014 = CARTESIAN_POINT ( 'NONE',  ( -5.349999999999999645, 3.299999999999999822, 4.675000000000000711 ) ) ;
#5015 = LINE ( 'NONE', #5616, #5367 ) ;
#5016 = VERTEX_POINT ( 'NONE', #1447 ) ;
#5017 = ORIENTED_EDGE ( 'NONE', *, *, #1834, .F. ) ;
#5018 = EDGE_LOOP ( 'NONE', ( #489, #1474, #1792, #7407 ) ) ;
#5019 = CARTESIAN_POINT ( 'NONE',  ( -2.599999999999995648, -1.775000000000004130, -1.579504607559159224 ) ) ;
#5020 = DIRECTION ( 'NONE',  ( -1.000000000000000000, -1.717144944752999980E-13, 0.000000000000000000 ) ) ;
#5021 = DIRECTION ( 'NONE',  ( 0.000000000000000000, 0.000000000000000000, -1.000000000000000000 ) ) ;
#5022 = DIRECTION ( 'NONE',  ( 0.000000000000000000, 1.000000000000000000, 0.000000000000000000 ) ) ;
#5023 = ORIENTED_EDGE ( 'NONE', *, *, #220, .F. ) ;
#5024 = DIRECTION ( 'NONE',  ( 0.7071067811865474617, -0.7071067811865474617, 0.000000000000000000 ) ) ;
#5025 = FACE_OUTER_BOUND ( 'NONE', #6482, .T. ) ;
#5026 = LINE ( 'NONE', #4990, #1090 ) ;
#5027 = DIRECTION ( 'NONE',  ( 1.000000000000000000, 0.000000000000000000, 0.000000000000000000 ) ) ;
#5028 = DIRECTION ( 'NONE',  ( -1.000000000000000000, 0.000000000000000000, 0.000000000000000000 ) ) ;
#5029 = ORIENTED_EDGE ( 'NONE', *, *, #727, .F. ) ;
#5030 = VECTOR ( 'NONE', #1863, 1000.000000000000000 ) ;
#5031 = ORIENTED_EDGE ( 'NONE', *, *, #5970, .F. ) ;
#5032 = ORIENTED_EDGE ( 'NONE', *, *, #4097, .F. ) ;
#5033 = FACE_BOUND ( 'NONE', #6408, .T. ) ;
#5034 = DIRECTION ( 'NONE',  ( 0.000000000000000000, 0.000000000000000000, -1.000000000000000000 ) ) ;
#5035 = DIRECTION ( 'NONE',  ( 0.000000000000000000, 0.000000000000000000, -1.000000000000000000 ) ) ;
#5036 = EDGE_CURVE ( 'NONE', #5685, #2869, #3228, .T. ) ;
#5037 = VERTEX_POINT ( 'NONE', #1520 ) ;
#5038 = CARTESIAN_POINT ( 'NONE',  ( -1.899999999999999911, -1.800000000000000044, 5.500000000000000000 ) ) ;
#5039 = ORIENTED_EDGE ( 'NONE', *, *, #4139, .F. ) ;
#5040 = EDGE_LOOP ( 'NONE', ( #6122, #6696, #4627, #7012 ) ) ;
#5041 = EDGE_CURVE ( 'NONE', #159, #7391, #4849, .T. ) ;
#5042 = ORIENTED_EDGE ( 'NONE', *, *, #4460, .F. ) ;
#5043 = CARTESIAN_POINT ( 'NONE',  ( 0.8000000000000000444, -2.045017499121999816, 5.444761275728999372 ) ) ;
#5044 = CARTESIAN_POINT ( 'NONE',  ( 0.8000000000000000444, -1.928740671584000088, 5.500000000000000000 ) ) ;
#5045 = CARTESIAN_POINT ( 'NONE',  ( -4.799999999999999822, -1.699999999999999956, -2.500000000000000000 ) ) ;
#5046 = DIRECTION ( 'NONE',  ( -1.000000000000000000, 0.000000000000000000, 0.000000000000000000 ) ) ;
#5047 = CARTESIAN_POINT ( 'NONE',  ( -3.200000000000000178, -0.5000000000000000000, 5.799999999999999822 ) ) ;
#5048 = AXIS2_PLACEMENT_3D ( 'NONE', #1194, #3568, #3497 ) ;
#5049 = CARTESIAN_POINT ( 'NONE',  ( -0.4000000000000000222, -1.928740671584000088, 5.349999999999999645 ) ) ;
#5050 = EDGE_LOOP ( 'NONE', ( #3187, #3823, #4157, #5239 ) ) ;
#5051 = ORIENTED_EDGE ( 'NONE', *, *, #4547, .T. ) ;
#5052 = EDGE_CURVE ( 'NONE', #658, #7000, #3749, .T. ) ;
#5053 = VERTEX_POINT ( 'NONE', #895 ) ;
#5054 = EDGE_CURVE ( 'NONE', #6443, #1614, #6013, .T. ) ;
#5055 = EDGE_CURVE ( 'NONE', #4363, #1335, #7379, .T. ) ;
#5056 = DIRECTION ( 'NONE',  ( -0.000000000000000000, 0.7071067811865475727, 0.7071067811865475727 ) ) ;
#5057 = VECTOR ( 'NONE', #2356, 1000.000000000000000 ) ;
#5058 = VECTOR ( 'NONE', #171, 1000.000000000000000 ) ;
#5059 = CARTESIAN_POINT ( 'NONE',  ( 0.2000000000000000111, -1.599999999999999867, 5.000000000000000000 ) ) ;
#5060 = LINE ( 'NONE', #432, #7110 ) ;
#5061 = CARTESIAN_POINT ( 'NONE',  ( -1.599999999999999867, 0.5000000000000002220, 10.14999999999999858 ) ) ;
#5062 = VECTOR ( 'NONE', #724, 1000.000000000000000 ) ;
#5063 = VECTOR ( 'NONE', #5363, 1000.000000000000000 ) ;
#5064 = VECTOR ( 'NONE', #5024, 1000.000000000000114 ) ;
#5065 = CIRCLE ( 'NONE', #2916, 0.6750000000000002665 ) ;
#5066 = VERTEX_POINT ( 'NONE', #1636 ) ;
#5067 = LINE ( 'NONE', #4048, #735 ) ;
#5068 = CARTESIAN_POINT ( 'NONE',  ( -4.658590997241000231, -4.899999999999999467, -3.149999999999999911 ) ) ;
#5069 = AXIS2_PLACEMENT_3D ( 'NONE', #6462, #1977, #2087 ) ;
#5070 = LINE ( 'NONE', #6162, #7111 ) ;
#5071 = PLANE ( 'NONE',  #3970 ) ;
#5072 = DIRECTION ( 'NONE',  ( 0.000000000000000000, 0.000000000000000000, -1.000000000000000000 ) ) ;
#5073 = ORIENTED_EDGE ( 'NONE', *, *, #2390, .T. ) ;
#5074 = VECTOR ( 'NONE', #3017, 1000.000000000000000 ) ;
#5075 = LINE ( 'NONE', #7383, #7154 ) ;
#5076 = AXIS2_PLACEMENT_3D ( 'NONE', #4188, #4717, #5768 ) ;
#5077 = ORIENTED_EDGE ( 'NONE', *, *, #4351, .T. ) ;
#5078 = DIRECTION ( 'NONE',  ( -1.000000000000000000, 0.000000000000000000, 0.000000000000000000 ) ) ;
#5079 = CARTESIAN_POINT ( 'NONE',  ( -4.800000000000000711, 3.100000000000000089, 5.549999999999999822 ) ) ;
#5080 = VECTOR ( 'NONE', #4925, 1000.000000000000000 ) ;
#5081 = VECTOR ( 'NONE', #590, 1000.000000000000000 ) ;
#5082 = CARTESIAN_POINT ( 'NONE',  ( 4.500000000000000000, 3.500000000000000000, 6.400000000000000355 ) ) ;
#5083 = ORIENTED_EDGE ( 'NONE', *, *, #4006, .T. ) ;
#5084 = ORIENTED_EDGE ( 'NONE', *, *, #5233, .F. ) ;
#5085 = EDGE_LOOP ( 'NONE', ( #2895, #5751, #3529, #1878 ) ) ;
#5086 = VECTOR ( 'NONE', #5708, 1000.000000000000000 ) ;
#5087 = ORIENTED_EDGE ( 'NONE', *, *, #3948, .F. ) ;
#5088 = DIRECTION ( 'NONE',  ( -9.547918011780000251E-14, 0.000000000000000000, -1.000000000000000000 ) ) ;
#5089 = CARTESIAN_POINT ( 'NONE',  ( -4.675000000000000711, -4.899999999999999467, -2.550000000000000266 ) ) ;
#5090 = CARTESIAN_POINT ( 'NONE',  ( 4.500000000000000000, 2.500000000000000000, 4.875000000000022204 ) ) ;
#5091 = LINE ( 'NONE', #1659, #3261 ) ;
#5092 = CARTESIAN_POINT ( 'NONE',  ( 0.8000000000000000444, -2.621259328415999956, 5.299999999999999822 ) ) ;
#5093 = EDGE_LOOP ( 'NONE', ( #4973, #7172, #5441, #368 ) ) ;
#5094 = ORIENTED_EDGE ( 'NONE', *, *, #2206, .T. ) ;
#5095 = VERTEX_POINT ( 'NONE', #5591 ) ;
#5096 = LINE ( 'NONE', #7402, #4709 ) ;
#5097 = CARTESIAN_POINT ( 'NONE',  ( 4.500000000000000000, 3.100000000000000089, 5.549999999999999822 ) ) ;
#5098 = ADVANCED_FACE ( 'NONE', ( #4426 ), #2211, .T. ) ;
#5099 = EDGE_CURVE ( 'NONE', #1221, #4331, #3899, .T. ) ;
#5100 = CARTESIAN_POINT ( 'NONE',  ( 0.2000000000000000111, 0.5000000000000000000, 7.023500000000000298 ) ) ;
#5101 = DIRECTION ( 'NONE',  ( 1.000000000000000000, 0.000000000000000000, 0.000000000000000000 ) ) ;
#5102 = EDGE_CURVE ( 'NONE', #1348, #3238, #522, .T. ) ;
#5103 = EDGE_CURVE ( 'NONE', #2975, #752, #2166, .T. ) ;
#5104 = ORIENTED_EDGE ( 'NONE', *, *, #3799, .F. ) ;
#5105 = DIRECTION ( 'NONE',  ( 0.000000000000000000, 1.000000000000000000, 0.000000000000000000 ) ) ;
#5106 = VECTOR ( 'NONE', #4018, 1000.000000000000000 ) ;
#5107 = CARTESIAN_POINT ( 'NONE',  ( -3.200000000000000178, -0.5000000000000000000, 5.500000000000000000 ) ) ;
#5108 = AXIS2_PLACEMENT_3D ( 'NONE', #488, #4972, #2221 ) ;
#5109 = LINE ( 'NONE', #3301, #4095 ) ;
#5110 = CARTESIAN_POINT ( 'NONE',  ( 5.200000000000000178, 2.350000000000000089, -6.125000000000000000 ) ) ;
#5111 = PLANE ( 'NONE',  #2726 ) ;
#5112 = EDGE_CURVE ( 'NONE', #4246, #4054, #6381, .T. ) ;
#5113 = VERTEX_POINT ( 'NONE', #6724 ) ;
#5114 = CARTESIAN_POINT ( 'NONE',  ( 5.750000000000000000, 3.500000000000000000, 6.949999999999999289 ) ) ;
#5115 = ORIENTED_EDGE ( 'NONE', *, *, #2432, .F. ) ;
#5116 = CARTESIAN_POINT ( 'NONE',  ( 0.2000000000000000111, 3.500000000000000000, -4.450000000000000178 ) ) ;
#5117 = LINE ( 'NONE', #3426, #5523 ) ;
#5118 = CARTESIAN_POINT ( 'NONE',  ( 3.625000000000000000, 2.299999999999999822, 5.474999999999999645 ) ) ;
#5119 = ORIENTED_EDGE ( 'NONE', *, *, #2658, .T. ) ;
#5120 = VERTEX_POINT ( 'NONE', #6198 ) ;
#5121 = VERTEX_POINT ( 'NONE', #5110 ) ;
#5122 = ORIENTED_EDGE ( 'NONE', *, *, #59, .T. ) ;
#5123 = VECTOR ( 'NONE', #5028, 1000.000000000000000 ) ;
#5124 = CARTESIAN_POINT ( 'NONE',  ( 4.250000000000000000, -1.699999999999999956, 2.500000000000000000 ) ) ;
#5125 = DIRECTION ( 'NONE',  ( 0.000000000000000000, 0.000000000000000000, -1.000000000000000000 ) ) ;
#5126 = DIRECTION ( 'NONE',  ( 0.000000000000000000, 0.000000000000000000, -1.000000000000000000 ) ) ;
#5127 = DIRECTION ( 'NONE',  ( 1.000000000000000000, 0.000000000000000000, -6.750155989721000233E-13 ) ) ;
#5128 = VECTOR ( 'NONE', #3371, 1000.000000000000000 ) ;
#5129 = CARTESIAN_POINT ( 'NONE',  ( 3.625000000000000000, -2.100000000000000089, 5.825000000000000178 ) ) ;
#5130 = ORIENTED_EDGE ( 'NONE', *, *, #3176, .T. ) ;
#5131 = EDGE_LOOP ( 'NONE', ( #7239, #381 ) ) ;
#5132 = ORIENTED_EDGE ( 'NONE', *, *, #1464, .T. ) ;
#5133 = LINE ( 'NONE', #2270, #4348 ) ;
#5134 = AXIS2_PLACEMENT_3D ( 'NONE', #2229, #6826, #1660 ) ;
#5135 = CARTESIAN_POINT ( 'NONE',  ( -4.299999999999999822, 3.078237858560999740, 5.549999999999999822 ) ) ;
#5136 = LINE ( 'NONE', #4009, #4342 ) ;
#5137 = DIRECTION ( 'NONE',  ( 0.000000000000000000, 0.000000000000000000, 1.000000000000000000 ) ) ;
#5138 = ADVANCED_FACE ( 'NONE', ( #7414 ), #7446, .T. ) ;
#5139 = ORIENTED_EDGE ( 'NONE', *, *, #5602, .F. ) ;
#5140 = ADVANCED_FACE ( 'NONE', ( #1603 ), #1041, .F. ) ;
#5141 = CYLINDRICAL_SURFACE ( 'NONE', #976, 0.5999999999999999778 ) ;
#5142 = DIRECTION ( 'NONE',  ( 1.000000000000000000, 0.000000000000000000, 0.000000000000000000 ) ) ;
#5143 = DIRECTION ( 'NONE',  ( 0.5773502691896257311, -0.5773502691896257311, 0.5773502691896257311 ) ) ;
#5144 = DIRECTION ( 'NONE',  ( 0.000000000000000000, 1.000000000000000000, 0.000000000000000000 ) ) ;
#5145 = DIRECTION ( 'NONE',  ( 0.000000000000000000, -1.000000000000000000, 0.000000000000000000 ) ) ;
#5146 = ORIENTED_EDGE ( 'NONE', *, *, #3765, .F. ) ;
#5147 = CARTESIAN_POINT ( 'NONE',  ( -1.939999999999999947, 0.5000000000000002220, 5.500000000000000000 ) ) ;
#5148 = ORIENTED_EDGE ( 'NONE', *, *, #3756, .T. ) ;
#5149 = ADVANCED_FACE ( 'NONE', ( #4991 ), #3340, .T. ) ;
#5150 = PLANE ( 'NONE',  #2044 ) ;
#5151 = EDGE_CURVE ( 'NONE', #3988, #658, #3378, .T. ) ;
#5152 = ADVANCED_FACE ( 'NONE', ( #6882 ), #6277, .T. ) ;
#5153 = DIRECTION ( 'NONE',  ( 1.000000000000000000, 0.000000000000000000, 0.000000000000000000 ) ) ;
#5154 = DIRECTION ( 'NONE',  ( 0.000000000000000000, 1.000000000000000000, 0.000000000000000000 ) ) ;
#5155 = ORIENTED_EDGE ( 'NONE', *, *, #4916, .F. ) ;
#5156 = PERSON_AND_ORGANIZATION_ROLE ( 'design_supplier' ) ;
#5157 = ORIENTED_EDGE ( 'NONE', *, *, #448, .F. ) ;
#5158 = VERTEX_POINT ( 'NONE', #3265 ) ;
#5159 = ORIENTED_EDGE ( 'NONE', *, *, #1110, .F. ) ;
#5160 = CARTESIAN_POINT ( 'NONE',  ( -4.299999999999999822, 3.121762141438999993, 5.549999999999999822 ) ) ;
#5161 = CARTESIAN_POINT ( 'NONE',  ( -4.299999999999999822, 2.649999999999999911, 5.549999999999999822 ) ) ;
#5162 = CARTESIAN_POINT ( 'NONE',  ( -1.449999999999999956, 0.4000000000000000222, -6.125000000000000000 ) ) ;
#5163 = LINE ( 'NONE', #3882, #1815 ) ;
#5164 = CARTESIAN_POINT ( 'NONE',  ( 3.399999999999999911, 2.200000000000000178, 5.799999999999999822 ) ) ;
#5165 = ORIENTED_EDGE ( 'NONE', *, *, #233, .T. ) ;
#5166 = ORIENTED_EDGE ( 'NONE', *, *, #2213, .T. ) ;
#5167 = DIRECTION ( 'NONE',  ( -1.000000000000000000, 0.000000000000000000, 0.000000000000000000 ) ) ;
#5168 = DIRECTION ( 'NONE',  ( 0.9301203081854811927, 0.000000000000000000, 0.3672549690622926022 ) ) ;
#5169 = PLANE ( 'NONE',  #375 ) ;
#5170 = CARTESIAN_POINT ( 'NONE',  ( 3.799999999999999822, -1.800000000000000044, -5.799999999999999822 ) ) ;
#5171 = AXIS2_PLACEMENT_3D ( 'NONE', #700, #629, #5855 ) ;
#5172 = EDGE_LOOP ( 'NONE', ( #5883, #1811, #5029, #5760 ) ) ;
#5173 = FACE_OUTER_BOUND ( 'NONE', #4281, .T. ) ;
#5174 = PLANE ( 'NONE',  #6286 ) ;
#5175 = DIRECTION ( 'NONE',  ( 1.000000000000000000, 0.000000000000000000, 0.000000000000000000 ) ) ;
#5176 = AXIS2_PLACEMENT_3D ( 'NONE', #4338, #1365, #6642 ) ;
#5177 = CARTESIAN_POINT ( 'NONE',  ( -0.4000000000000000222, -2.621259328415999956, 5.000000000000000000 ) ) ;
#5178 = AXIS2_PLACEMENT_3D ( 'NONE', #3066, #800, #5919 ) ;
#5179 = EDGE_CURVE ( 'NONE', #6443, #2468, #5554, .T. ) ;
#5180 = CARTESIAN_POINT ( 'NONE',  ( -3.075549786411999609, -1.329668090586000107, 5.500000000000000000 ) ) ;
#5181 = EDGE_LOOP ( 'NONE', ( #2709, #2068, #7437, #594 ) ) ;
#5182 = CARTESIAN_POINT ( 'NONE',  ( -2.125000000000000000, -2.500000000000000000, -0.8499999999999999778 ) ) ;
#5183 = VERTEX_POINT ( 'NONE', #7293 ) ;
#5184 = DIRECTION ( 'NONE',  ( 0.000000000000000000, -2.663128309512000089E-13, -1.000000000000000000 ) ) ;
#5185 = AXIS2_PLACEMENT_3D ( 'NONE', #5014, #3324, #5615 ) ;
#5186 = AXIS2_PLACEMENT_3D ( 'NONE', #6233, #5625, #1073 ) ;
#5187 = VECTOR ( 'NONE', #7352, 1000.000000000000000 ) ;
#5188 = CARTESIAN_POINT ( 'NONE',  ( 5.000000000000000000, 0.2999999999999999889, -6.100000000000000533 ) ) ;
#5189 = CARTESIAN_POINT ( 'NONE',  ( 4.500000000000000000, 3.077185478309000022, 6.400000000000000355 ) ) ;
#5190 = ADVANCED_FACE ( 'NONE', ( #2130 ), #3861, .F. ) ;
#5191 = VECTOR ( 'NONE', #4909, 1000.000000000000000 ) ;
#5192 = DIRECTION ( 'NONE',  ( 0.000000000000000000, 0.000000000000000000, -1.000000000000000000 ) ) ;
#5193 = VECTOR ( 'NONE', #19, 1000.000000000000000 ) ;
#5194 = ORIENTED_EDGE ( 'NONE', *, *, #3535, .T. ) ;
#5195 = CC_DESIGN_PERSON_AND_ORGANIZATION_ASSIGNMENT ( #3352, #6176, ( #6623 ) ) ;
#5196 = ADVANCED_FACE ( 'NONE', ( #3302 ), #5071, .T. ) ;
#5197 = EDGE_LOOP ( 'NONE', ( #543, #3405, #7419, #421 ) ) ;
#5198 = EDGE_LOOP ( 'NONE', ( #3460, #1450, #4807, #5981 ) ) ;
#5199 = EDGE_CURVE ( 'NONE', #2481, #1181, #1296, .T. ) ;
#5200 = ORIENTED_EDGE ( 'NONE', *, *, #5099, .T. ) ;
#5201 = VECTOR ( 'NONE', #6252, 1000.000000000000000 ) ;
#5202 = CARTESIAN_POINT ( 'NONE',  ( 0.2000000000000000111, 0.5000000000000000000, 5.825000000000000178 ) ) ;
#5203 = AXIS2_PLACEMENT_3D ( 'NONE', #7200, #2109, #3173 ) ;
#5204 = FACE_OUTER_BOUND ( 'NONE', #2239, .T. ) ;
#5205 = DIRECTION ( 'NONE',  ( 0.000000000000000000, -1.000000000000000000, 0.000000000000000000 ) ) ;
#5206 = PLANE ( 'NONE',  #5485 ) ;
#5207 = VERTEX_POINT ( 'NONE', #1828 ) ;
#5208 = VECTOR ( 'NONE', #7158, 1000.000000000000000 ) ;
#5209 = VERTEX_POINT ( 'NONE', #3560 ) ;
#5210 = DIRECTION ( 'NONE',  ( 1.000000000000000000, 0.000000000000000000, 0.000000000000000000 ) ) ;
#5211 = DIRECTION ( 'NONE',  ( 1.000000000000000000, 0.000000000000000000, 0.000000000000000000 ) ) ;
#5212 = CIRCLE ( 'NONE', #5927, 0.8999999999999998002 ) ;
#5213 = DIRECTION ( 'NONE',  ( -1.000000000000000000, 0.000000000000000000, 0.000000000000000000 ) ) ;
#5214 = DIRECTION ( 'NONE',  ( 0.000000000000000000, 1.000000000000000000, 0.000000000000000000 ) ) ;
#5215 = EDGE_LOOP ( 'NONE', ( #4046, #2927, #2306, #3151, #348, #4072, #902, #274, #443, #5533, #2812, #5042 ) ) ;
#5216 = DIRECTION ( 'NONE',  ( 0.000000000000000000, 0.000000000000000000, -1.000000000000000000 ) ) ;
#5217 = DIRECTION ( 'NONE',  ( 0.000000000000000000, 0.000000000000000000, 1.000000000000000000 ) ) ;
#5218 = LINE ( 'NONE', #2471, #5057 ) ;
#5219 = PLANE ( 'NONE',  #6209 ) ;
#5220 = EDGE_LOOP ( 'NONE', ( #3989, #5490, #4123, #3840 ) ) ;
#5221 = LINE ( 'NONE', #4131, #7083 ) ;
#5222 = ORIENTED_EDGE ( 'NONE', *, *, #2345, .T. ) ;
#5223 = DIRECTION ( 'NONE',  ( 1.000000000000000000, 0.000000000000000000, 0.000000000000000000 ) ) ;
#5224 = CARTESIAN_POINT ( 'NONE',  ( 3.600000000000000089, 3.100000000000000089, 5.549999999999999822 ) ) ;
#5225 = FACE_OUTER_BOUND ( 'NONE', #3048, .T. ) ;
#5226 = DIRECTION ( 'NONE',  ( 0.000000000000000000, 0.000000000000000000, 1.000000000000000000 ) ) ;
#5227 = ORIENTED_EDGE ( 'NONE', *, *, #4351, .F. ) ;
#5228 = COORDINATED_UNIVERSAL_TIME_OFFSET ( 0, 0, .AHEAD. ) ;
#5229 = VERTEX_POINT ( 'NONE', #4051 ) ;
#5230 = ORIENTED_EDGE ( 'NONE', *, *, #5241, .F. ) ;
#5231 = ORIENTED_EDGE ( 'NONE', *, *, #1243, .T. ) ;
#5232 = EDGE_CURVE ( 'NONE', #1843, #4594, #3484, .T. ) ;
#5233 = EDGE_CURVE ( 'NONE', #5906, #4100, #5407, .T. ) ;
#5234 = CARTESIAN_POINT ( 'NONE',  ( 5.000000000000000000, -4.899999999999999467, -5.799999999999999822 ) ) ;
#5235 = DIRECTION ( 'NONE',  ( -1.000000000000000000, 0.000000000000000000, 0.000000000000000000 ) ) ;
#5236 = DIRECTION ( 'NONE',  ( 1.000000000000000000, 0.000000000000000000, 0.000000000000000000 ) ) ;
#5237 = CYLINDRICAL_SURFACE ( 'NONE', #5974, 0.2000000000000000944 ) ;
#5238 = ORIENTED_EDGE ( 'NONE', *, *, #771, .T. ) ;
#5239 = ORIENTED_EDGE ( 'NONE', *, *, #3539, .T. ) ;
#5240 = VECTOR ( 'NONE', #407, 1000.000000000000000 ) ;
#5241 = EDGE_CURVE ( 'NONE', #5448, #1053, #5253, .T. ) ;
#5242 = DIRECTION ( 'NONE',  ( 0.000000000000000000, -1.000000000000000000, 0.000000000000000000 ) ) ;
#5243 = DIRECTION ( 'NONE',  ( 0.000000000000000000, 1.000000000000000000, 0.000000000000000000 ) ) ;
#5244 = ADVANCED_FACE ( 'NONE', ( #4617 ), #4687, .T. ) ;
#5245 = EDGE_CURVE ( 'NONE', #1487, #3825, #4900, .T. ) ;
#5246 = VECTOR ( 'NONE', #4878, 1000.000000000000000 ) ;
#5247 = DIRECTION ( 'NONE',  ( 0.000000000000000000, 0.000000000000000000, -1.000000000000000000 ) ) ;
#5248 = FACE_BOUND ( 'NONE', #6698, .T. ) ;
#5249 = ORIENTED_EDGE ( 'NONE', *, *, #3129, .T. ) ;
#5250 = CIRCLE ( 'NONE', #685, 0.5000000000000000000 ) ;
#5251 = DIRECTION ( 'NONE',  ( 0.000000000000000000, 0.000000000000000000, 1.000000000000000000 ) ) ;
#5252 = CARTESIAN_POINT ( 'NONE',  ( -4.510653744329410131, 3.299999999999999822, 4.675000000000000711 ) ) ;
#5253 = LINE ( 'NONE', #4085, #3137 ) ;
#5254 = CIRCLE ( 'NONE', #3216, 0.2000000000000000944 ) ;
#5255 = FACE_OUTER_BOUND ( 'NONE', #570, .T. ) ;
#5256 = LINE ( 'NONE', #74, #2023 ) ;
#5257 = EDGE_LOOP ( 'NONE', ( #6888, #5389 ) ) ;
#5258 = PLANE ( 'NONE',  #1219 ) ;
#5259 = CARTESIAN_POINT ( 'NONE',  ( 2.100000000000000089, -2.000000000000000000, 5.500000000000000000 ) ) ;
#5260 = FACE_OUTER_BOUND ( 'NONE', #1431, .T. ) ;
#5261 = DIRECTION ( 'NONE',  ( 0.000000000000000000, 1.000000000000000000, 0.000000000000000000 ) ) ;
#5262 = VERTEX_POINT ( 'NONE', #1786 ) ;
#5263 = PERSON_AND_ORGANIZATION_ROLE ( 'classification_officer' ) ;
#5264 = VERTEX_POINT ( 'NONE', #5779 ) ;
#5265 = EDGE_LOOP ( 'NONE', ( #3910, #5654, #6659, #4564, #4255, #1385, #5924 ) ) ;
#5266 = ORIENTED_EDGE ( 'NONE', *, *, #5650, .F. ) ;
#5267 = LINE ( 'NONE', #7016, #1593 ) ;
#5268 = PLANE ( 'NONE',  #512 ) ;
#5269 = CARTESIAN_POINT ( 'NONE',  ( -2.125000000000000000, -1.699999999999999956, -1.550000000000000044 ) ) ;
#5270 = EDGE_CURVE ( 'NONE', #6248, #4344, #5888, .T. ) ;
#5271 = DIRECTION ( 'NONE',  ( 1.000000000000000000, 0.000000000000000000, 0.000000000000000000 ) ) ;
#5272 = ORIENTED_EDGE ( 'NONE', *, *, #920, .F. ) ;
#5273 = VERTEX_POINT ( 'NONE', #4128 ) ;
#5274 = LINE ( 'NONE', #3551, #1452 ) ;
#5275 = DIRECTION ( 'NONE',  ( 0.000000000000000000, 0.000000000000000000, 1.000000000000000000 ) ) ;
#5276 = DIRECTION ( 'NONE',  ( 1.000000000000000000, 0.000000000000000000, 0.000000000000000000 ) ) ;
#5277 = ADVANCED_FACE ( 'NONE', ( #178, #141 ), #736, .F. ) ;
#5278 = FACE_OUTER_BOUND ( 'NONE', #6205, .T. ) ;
#5279 = CC_DESIGN_PERSON_AND_ORGANIZATION_ASSIGNMENT ( #3911, #340, ( #5562 ) ) ;
#5280 = EDGE_CURVE ( 'NONE', #5262, #5406, #3001, .T. ) ;
#5281 = ORIENTED_EDGE ( 'NONE', *, *, #6333, .F. ) ;
#5282 = DIRECTION ( 'NONE',  ( 0.000000000000000000, 0.000000000000000000, 1.000000000000000000 ) ) ;
#5283 = CARTESIAN_POINT ( 'NONE',  ( -4.349999999999999645, -1.699999999999999956, -2.500000000000000000 ) ) ;
#5284 = CARTESIAN_POINT ( 'NONE',  ( -2.461083660708000220, -1.800000000000000044, -0.6999999999999999556 ) ) ;
#5285 = CARTESIAN_POINT ( 'NONE',  ( -0.4000000000000000222, -2.504982500878000007, 5.355238724270999562 ) ) ;
#5286 = AXIS2_PLACEMENT_3D ( 'NONE', #3168, #831, #3127 ) ;
#5287 = AXIS2_PLACEMENT_3D ( 'NONE', #6965, #5792, #2401 ) ;
#5288 = CARTESIAN_POINT ( 'NONE',  ( -1.699999999999999956, -1.800000000000000044, 5.813145250178000545 ) ) ;
#5289 = VERTEX_POINT ( 'NONE', #2394 ) ;
#5290 = CARTESIAN_POINT ( 'NONE',  ( -4.750000000000000000, 2.500000000000000000, 2.850000000000000089 ) ) ;
#5291 = VECTOR ( 'NONE', #5965, 1000.000000000000000 ) ;
#5292 = AXIS2_PLACEMENT_3D ( 'NONE', #7445, #1362, #2535 ) ;
#5293 = DIRECTION ( 'NONE',  ( -0.000000000000000000, 1.000000000000000000, 0.000000000000000000 ) ) ;
#5294 = LINE ( 'NONE', #5189, #3628 ) ;
#5295 = CARTESIAN_POINT ( 'NONE',  ( -4.299999999999999822, 3.100000000000000089, 4.675000000000000711 ) ) ;
#5296 = ORIENTED_EDGE ( 'NONE', *, *, #5690, .T. ) ;
#5297 = ORIENTED_EDGE ( 'NONE', *, *, #4444, .F. ) ;
#5298 = VECTOR ( 'NONE', #1856, 1000.000000000000000 ) ;
#5299 = AXIS2_PLACEMENT_3D ( 'NONE', #2053, #1482, #3783 ) ;
#5300 = VECTOR ( 'NONE', #3360, 1000.000000000000114 ) ;
#5301 = ORIENTED_EDGE ( 'NONE', *, *, #3492, .T. ) ;
#5302 = ORIENTED_EDGE ( 'NONE', *, *, #809, .T. ) ;
#5303 = CARTESIAN_POINT ( 'NONE',  ( -4.299999999999999822, 2.575000000050999827, 5.549999999999999822 ) ) ;
#5304 = CARTESIAN_POINT ( 'NONE',  ( 0.8000000000000000444, -4.899999999999999467, 5.000000000000000000 ) ) ;
#5305 = CIRCLE ( 'NONE', #1820, 0.5250000000000002442 ) ;
#5306 = CYLINDRICAL_SURFACE ( 'NONE', #6633, 0.3000000000000000444 ) ;
#5307 = VECTOR ( 'NONE', #1495, 1000.000000000000000 ) ;
#5308 = CARTESIAN_POINT ( 'NONE',  ( 5.049999999999999822, -2.500000000000000000, -5.774999999999999467 ) ) ;
#5309 = VERTEX_POINT ( 'NONE', #5326 ) ;
#5310 = ORIENTED_EDGE ( 'NONE', *, *, #3542, .T. ) ;
#5311 = CIRCLE ( 'NONE', #5915, 0.2999999999999999334 ) ;
#5312 = VECTOR ( 'NONE', #5242, 1000.000000000000000 ) ;
#5313 = LINE ( 'NONE', #1176, #1233 ) ;
#5314 = DIRECTION ( 'NONE',  ( 0.3296118453156096639, 0.9441165348767273091, 0.000000000000000000 ) ) ;
#5315 = CARTESIAN_POINT ( 'NONE',  ( -1.350000000000000089, -1.699999999999999956, -1.550000000000000044 ) ) ;
#5316 = AXIS2_PLACEMENT_3D ( 'NONE', #2948, #1277, #7049 ) ;
#5317 = DIRECTION ( 'NONE',  ( 0.000000000000000000, 1.000000000000000000, 0.000000000000000000 ) ) ;
#5318 = CARTESIAN_POINT ( 'NONE',  ( -5.349999999999999645, 0.4000000000000000222, -1.300000000000000044 ) ) ;
#5319 = ORIENTED_EDGE ( 'NONE', *, *, #3210, .F. ) ;
#5320 = CYLINDRICAL_SURFACE ( 'NONE', #5796, 0.8999999999999998002 ) ;
#5321 = AXIS2_PLACEMENT_3D ( 'NONE', #323, #2011, #396 ) ;
#5322 = EDGE_CURVE ( 'NONE', #7207, #5229, #5218, .T. ) ;
#5323 = PLANE ( 'NONE',  #6044 ) ;
#5324 = ADVANCED_FACE ( 'NONE', ( #4760 ), #1259, .F. ) ;
#5325 = ADVANCED_FACE ( 'NONE', ( #1226 ), #3526, .F. ) ;
#5326 = CARTESIAN_POINT ( 'NONE',  ( 3.050000000000000266, 2.500000000000000000, 4.950000000000000178 ) ) ;
#5327 = EDGE_CURVE ( 'NONE', #3788, #4862, #5821, .T. ) ;
#5328 = DIRECTION ( 'NONE',  ( 0.000000000000000000, 1.000000000000000000, 0.000000000000000000 ) ) ;
#5329 = EDGE_LOOP ( 'NONE', ( #7399, #5653, #68, #5231 ) ) ;
#5330 = DIRECTION ( 'NONE',  ( 1.000000000000000000, 0.000000000000000000, 0.000000000000000000 ) ) ;
#5331 = ORIENTED_EDGE ( 'NONE', *, *, #2658, .F. ) ;
#5332 = LINE ( 'NONE', #2970, #5663 ) ;
#5333 = CARTESIAN_POINT ( 'NONE',  ( -2.200000000000000178, 1.500000000000000000, 6.387500000000000178 ) ) ;
#5334 = EDGE_CURVE ( 'NONE', #5016, #7106, #2889, .T. ) ;
#5335 = ADVANCED_FACE ( 'NONE', ( #4796 ), #5506, .T. ) ;
#5336 = DIRECTION ( 'NONE',  ( 1.000000000000000000, 0.000000000000000000, 0.000000000000000000 ) ) ;
#5337 = CARTESIAN_POINT ( 'NONE',  ( 2.550000000000000266, 1.649999999999999911, 6.949999999999999289 ) ) ;
#5338 = ORIENTED_EDGE ( 'NONE', *, *, #4410, .F. ) ;
#5339 = VERTEX_POINT ( 'NONE', #212 ) ;
#5340 = VERTEX_POINT ( 'NONE', #248 ) ;
#5341 = ORIENTED_EDGE ( 'NONE', *, *, #6103, .T. ) ;
#5342 = CARTESIAN_POINT ( 'NONE',  ( 2.339999999999999858, 0.5000000000000000000, 5.486854749822000166 ) ) ;
#5343 = DIRECTION ( 'NONE',  ( 1.000000000000000000, 0.000000000000000000, 0.000000000000000000 ) ) ;
#5344 = LINE ( 'NONE', #1206, #7243 ) ;
#5345 = LINE ( 'NONE', #5420, #3574 ) ;
#5346 = ORIENTED_EDGE ( 'NONE', *, *, #4373, .T. ) ;
#5347 = ORIENTED_EDGE ( 'NONE', *, *, #235, .F. ) ;
#5348 = DIRECTION ( 'NONE',  ( -1.000000000000000000, 0.000000000000000000, 4.077280664037000002E-14 ) ) ;
#5349 = CARTESIAN_POINT ( 'NONE',  ( 0.8349954426310000066, 1.038233069753999871, 5.974000000000000199 ) ) ;
#5350 = CARTESIAN_POINT ( 'NONE',  ( -3.775000000000000355, 3.100000000000000089, 5.549999999999999822 ) ) ;
#5351 = DIRECTION ( 'NONE',  ( 0.000000000000000000, 1.000000000000000000, 0.000000000000000000 ) ) ;
#5352 = DIRECTION ( 'NONE',  ( 1.000000000000000000, 0.000000000000000000, 0.000000000000000000 ) ) ;
#5353 = ORIENTED_EDGE ( 'NONE', *, *, #6712, .T. ) ;
#5354 = VERTEX_POINT ( 'NONE', #6045 ) ;
#5355 = CARTESIAN_POINT ( 'NONE',  ( 0.000000000000000000, -2.350000000000000089, -3.550000000000000266 ) ) ;
#5356 = AXIS2_PLACEMENT_3D ( 'NONE', #645, #5900, #749 ) ;
#5357 = DIRECTION ( 'NONE',  ( 1.000000000000000000, 0.000000000000000000, 0.000000000000000000 ) ) ;
#5358 = CARTESIAN_POINT ( 'NONE',  ( 0.01991645209477999751, -2.200000000000000178, -4.073676878215000130 ) ) ;
#5359 = LINE ( 'NONE', #213, #7294 ) ;
#5360 = AXIS2_PLACEMENT_3D ( 'NONE', #3002, #2932, #5328 ) ;
#5361 = ADVANCED_FACE ( 'NONE', ( #7102 ), #4277, .F. ) ;
#5362 = ORIENTED_EDGE ( 'NONE', *, *, #2582, .F. ) ;
#5363 = DIRECTION ( 'NONE',  ( 0.000000000000000000, 0.000000000000000000, -1.000000000000000000 ) ) ;
#5364 = ORIENTED_EDGE ( 'NONE', *, *, #560, .F. ) ;
#5365 = FACE_OUTER_BOUND ( 'NONE', #2720, .T. ) ;
#5366 = VERTEX_POINT ( 'NONE', #4948 ) ;
#5367 = VECTOR ( 'NONE', #465, 1000.000000000000000 ) ;
#5368 = CARTESIAN_POINT ( 'NONE',  ( -3.400000000000000355, 3.100000000000000089, 5.549999999999999822 ) ) ;
#5369 = CARTESIAN_POINT ( 'NONE',  ( -5.349999999999999645, 2.399999999999999911, 0.7750000000000000222 ) ) ;
#5370 = CARTESIAN_POINT ( 'NONE',  ( -2.649999999999999911, 0.2000000000000000111, 5.062500000000000000 ) ) ;
#5371 = ORIENTED_EDGE ( 'NONE', *, *, #1316, .F. ) ;
#5372 = EDGE_CURVE ( 'NONE', #4381, #5340, #1897, .T. ) ;
#5373 = ORIENTED_EDGE ( 'NONE', *, *, #2763, .F. ) ;
#5374 = EDGE_LOOP ( 'NONE', ( #1200, #2730, #1377, #3431 ) ) ;
#5375 = EDGE_CURVE ( 'NONE', #1386, #6660, #4934, .T. ) ;
#5376 = EDGE_CURVE ( 'NONE', #2863, #6367, #6576, .T. ) ;
#5377 = ORIENTED_EDGE ( 'NONE', *, *, #97, .F. ) ;
#5378 = FACE_OUTER_BOUND ( 'NONE', #243, .T. ) ;
#5379 = CARTESIAN_POINT ( 'NONE',  ( -1.699999999999999956, 2.399999999999999911, 5.500000000000000000 ) ) ;
#5380 = DIRECTION ( 'NONE',  ( 1.000000000000000000, 0.000000000000000000, 0.000000000000000000 ) ) ;
#5381 = CARTESIAN_POINT ( 'NONE',  ( 0.2000000000000000111, 3.299999999999999822, -4.450000000000000178 ) ) ;
#5382 = VERTEX_POINT ( 'NONE', #3148 ) ;
#5383 = VERTEX_POINT ( 'NONE', #1405 ) ;
#5384 = CARTESIAN_POINT ( 'NONE',  ( 3.761803398874989934, -1.699999999999999956, -5.799999999999999822 ) ) ;
#5385 = DIRECTION ( 'NONE',  ( 1.000000000000000000, 0.000000000000000000, 0.000000000000000000 ) ) ;
#5386 = DIRECTION ( 'NONE',  ( 1.000000000000000000, 0.000000000000000000, 0.000000000000000000 ) ) ;
#5387 = CARTESIAN_POINT ( 'NONE',  ( 4.559442123160000193, -4.899999999999999467, 1.649999999999999911 ) ) ;
#5388 = DIRECTION ( 'NONE',  ( 0.000000000000000000, 0.000000000000000000, 1.000000000000000000 ) ) ;
#5389 = ORIENTED_EDGE ( 'NONE', *, *, #1498, .F. ) ;
#5390 = EDGE_LOOP ( 'NONE', ( #1799, #3984 ) ) ;
#5391 = CARTESIAN_POINT ( 'NONE',  ( 4.500000000000000000, 3.500000000000000000, 5.549999999999999822 ) ) ;
#5392 = DIRECTION ( 'NONE',  ( 0.000000000000000000, 0.000000000000000000, 1.000000000000000000 ) ) ;
#5393 = CYLINDRICAL_SURFACE ( 'NONE', #2301, 0.8500000000000000888 ) ;
#5394 = LINE ( 'NONE', #6652, #2122 ) ;
#5395 = ADVANCED_BREP_SHAPE_REPRESENTATION ( 'Same_Sky_SJ1-3515N', ( #5809, #811, #3227, #5108 ), #2704 ) ;
#5396 = VERTEX_POINT ( 'NONE', #6542 ) ;
#5397 = DIRECTION ( 'NONE',  ( 0.000000000000000000, -1.000000000000000000, 0.000000000000000000 ) ) ;
#5398 = ORIENTED_EDGE ( 'NONE', *, *, #804, .T. ) ;
#5399 = EDGE_CURVE ( 'NONE', #2845, #7106, #3109, .T. ) ;
#5400 = DIRECTION ( 'NONE',  ( 1.000000000000000000, 0.000000000000000000, 0.000000000000000000 ) ) ;
#5401 = CARTESIAN_POINT ( 'NONE',  ( 3.625000000000000000, 2.299999999999999822, 5.825000000000000178 ) ) ;
#5402 = AXIS2_PLACEMENT_3D ( 'NONE', #973, #567, #1128 ) ;
#5403 = LINE ( 'NONE', #3751, #3558 ) ;
#5404 = ORIENTED_EDGE ( 'NONE', *, *, #1920, .T. ) ;
#5405 = ORIENTED_EDGE ( 'NONE', *, *, #3081, .F. ) ;
#5406 = VERTEX_POINT ( 'NONE', #5471 ) ;
#5407 = CIRCLE ( 'NONE', #2165, 0.5250000000000002442 ) ;
#5408 = VECTOR ( 'NONE', #5127, 1000.000000000000000 ) ;
#5409 = VERTEX_POINT ( 'NONE', #3074 ) ;
#5410 = CARTESIAN_POINT ( 'NONE',  ( -3.200000000000000178, -0.5000000000000000000, 5.500000000000000000 ) ) ;
#5411 = ADVANCED_FACE ( 'NONE', ( #354 ), #5393, .T. ) ;
#5412 = DIRECTION ( 'NONE',  ( 0.000000000000000000, 0.000000000000000000, 1.000000000000000000 ) ) ;
#5413 = EDGE_CURVE ( 'NONE', #1726, #3326, #5438, .T. ) ;
#5414 = FACE_BOUND ( 'NONE', #6955, .T. ) ;
#5415 = CC_DESIGN_DATE_AND_TIME_ASSIGNMENT ( #2291, #4101, ( #4024 ) ) ;
#5416 = EDGE_CURVE ( 'NONE', #2487, #659, #846, .T. ) ;
#5417 = VECTOR ( 'NONE', #4196, 1000.000000000000000 ) ;
#5418 = VECTOR ( 'NONE', #4635, 1000.000000000000000 ) ;
#5419 = EDGE_CURVE ( 'NONE', #4246, #3194, #1436, .T. ) ;
#5420 = CARTESIAN_POINT ( 'NONE',  ( -3.425000000000000266, 2.500000000000000000, 6.025000000000000355 ) ) ;
#5421 = ORIENTED_EDGE ( 'NONE', *, *, #4500, .T. ) ;
#5422 = EDGE_LOOP ( 'NONE', ( #5696, #2554, #3876, #3015 ) ) ;
#5423 = DIRECTION ( 'NONE',  ( 0.000000000000000000, -0.6317418381932994320, -0.7751788502507993561 ) ) ;
#5424 = VECTOR ( 'NONE', #5937, 1000.000000000000000 ) ;
#5425 = AXIS2_PLACEMENT_3D ( 'NONE', #6174, #1016, #4136 ) ;
#5426 = CARTESIAN_POINT ( 'NONE',  ( 2.550000000000000266, 2.500000000000000000, 6.949999999999999289 ) ) ;
#5427 = DIRECTION ( 'NONE',  ( -1.000000000000000000, 2.216227403787000161E-13, 0.000000000000000000 ) ) ;
#5428 = EDGE_CURVE ( 'NONE', #1078, #2845, #2788, .T. ) ;
#5429 = FACE_OUTER_BOUND ( 'NONE', #5803, .T. ) ;
#5430 = CYLINDRICAL_SURFACE ( 'NONE', #5614, 0.5999999999999998668 ) ;
#5431 = AXIS2_PLACEMENT_3D ( 'NONE', #6479, #6370, #4212 ) ;
#5432 = ORIENTED_EDGE ( 'NONE', *, *, #2016, .F. ) ;
#5433 = VECTOR ( 'NONE', #3367, 1000.000000000000000 ) ;
#5434 = ORIENTED_EDGE ( 'NONE', *, *, #3263, .T. ) ;
#5435 = DIRECTION ( 'NONE',  ( 1.000000000000000000, 0.000000000000000000, 0.000000000000000000 ) ) ;
#5436 = LINE ( 'NONE', #290, #401 ) ;
#5437 = CIRCLE ( 'NONE', #5076, 0.2000000000000000944 ) ;
#5438 = LINE ( 'NONE', #5999, #3502 ) ;
#5439 = DIRECTION ( 'NONE',  ( 0.000000000000000000, -1.000000000000000000, 0.000000000000000000 ) ) ;
#5440 = AXIS2_PLACEMENT_3D ( 'NONE', #6973, #1308, #712 ) ;
#5441 = ORIENTED_EDGE ( 'NONE', *, *, #1267, .F. ) ;
#5442 = DIRECTION ( 'NONE',  ( 1.000000000000000000, 0.000000000000000000, 0.000000000000000000 ) ) ;
#5443 = FACE_OUTER_BOUND ( 'NONE', #1451, .T. ) ;
#5444 = LINE ( 'NONE', #331, #14 ) ;
#5445 = FACE_OUTER_BOUND ( 'NONE', #1262, .T. ) ;
#5446 = ORIENTED_EDGE ( 'NONE', *, *, #7046, .F. ) ;
#5447 = VERTEX_POINT ( 'NONE', #2012 ) ;
#5448 = VERTEX_POINT ( 'NONE', #3185 ) ;
#5449 = DIRECTION ( 'NONE',  ( 0.000000000000000000, 0.000000000000000000, 1.000000000000000000 ) ) ;
#5450 = EDGE_LOOP ( 'NONE', ( #6864, #479, #1275, #4666 ) ) ;
#5451 = CARTESIAN_POINT ( 'NONE',  ( -2.600000000000000089, -1.775000000000001021, -1.456350832690015418 ) ) ;
#5452 = CARTESIAN_POINT ( 'NONE',  ( -2.125000000000000000, -1.899999999999999911, -1.550000000000000044 ) ) ;
#5453 = EDGE_CURVE ( 'NONE', #5502, #6460, #2366, .T. ) ;
#5454 = CARTESIAN_POINT ( 'NONE',  ( 2.306537443294000234, 1.649999999999999911, 6.949999999999999289 ) ) ;
#5455 = ORIENTED_EDGE ( 'NONE', *, *, #7074, .F. ) ;
#5456 = ORIENTED_EDGE ( 'NONE', *, *, #3630, .F. ) ;
#5457 = ADVANCED_FACE ( 'NONE', ( #6610, #324 ), #2620, .F. ) ;
#5458 = CARTESIAN_POINT ( 'NONE',  ( -2.674999999999999822, -1.699999999999999956, -0.6499999999997999600 ) ) ;
#5459 = AXIS2_PLACEMENT_3D ( 'NONE', #2682, #3947, #5569 ) ;
#5460 = CARTESIAN_POINT ( 'NONE',  ( 0.8499999999999999778, -2.500000000000000000, -5.250000000000000000 ) ) ;
#5461 = DIRECTION ( 'NONE',  ( -2.829012744230000060E-14, -1.000000000000000000, 0.000000000000000000 ) ) ;
#5462 = CARTESIAN_POINT ( 'NONE',  ( -4.675000000000000711, -1.500000000000000000, -3.850000000000000089 ) ) ;
#5463 = FACE_OUTER_BOUND ( 'NONE', #5093, .T. ) ;
#5464 = ORIENTED_EDGE ( 'NONE', *, *, #143, .T. ) ;
#5465 = EDGE_CURVE ( 'NONE', #5382, #5938, #4349, .T. ) ;
#5466 = ORIENTED_EDGE ( 'NONE', *, *, #6070, .T. ) ;
#5467 = EDGE_CURVE ( 'NONE', #4428, #4594, #6993, .T. ) ;
#5468 = EDGE_CURVE ( 'NONE', #2827, #3193, #514, .T. ) ;
#5469 = CARTESIAN_POINT ( 'NONE',  ( -4.950000000000000178, -1.899999999999999911, -3.799999999999999822 ) ) ;
#5470 = DIRECTION ( 'NONE',  ( 0.000000000000000000, -2.423715064466999725E-13, -1.000000000000000000 ) ) ;
#5471 = CARTESIAN_POINT ( 'NONE',  ( -3.425000000000000266, 2.500000000000000000, 6.025000000000000355 ) ) ;
#5472 = FACE_OUTER_BOUND ( 'NONE', #2417, .T. ) ;
#5473 = EDGE_LOOP ( 'NONE', ( #3070, #1998, #3791, #4553 ) ) ;
#5474 = AXIS2_PLACEMENT_3D ( 'NONE', #7246, #7279, #2082 ) ;
#5475 = PLANE ( 'NONE',  #6511 ) ;
#5476 = DIRECTION ( 'NONE',  ( 0.000000000000000000, 0.000000000000000000, 1.000000000000000000 ) ) ;
#5477 = LINE ( 'NONE', #3190, #612 ) ;
#5478 = AXIS2_PLACEMENT_3D ( 'NONE', #7325, #2159, #1036 ) ;
#5479 = FACE_OUTER_BOUND ( 'NONE', #4382, .T. ) ;
#5480 = ORIENTED_EDGE ( 'NONE', *, *, #6355, .T. ) ;
#5481 = ORIENTED_EDGE ( 'NONE', *, *, #2526, .T. ) ;
#5482 = ORIENTED_EDGE ( 'NONE', *, *, #281, .T. ) ;
#5483 = FACE_OUTER_BOUND ( 'NONE', #6551, .T. ) ;
#5484 = EDGE_LOOP ( 'NONE', ( #6773, #6238, #5301, #1643 ) ) ;
#5485 = AXIS2_PLACEMENT_3D ( 'NONE', #4605, #5871, #5271 ) ;
#5486 = FACE_OUTER_BOUND ( 'NONE', #5767, .T. ) ;
#5487 = DIRECTION ( 'NONE',  ( 0.000000000000000000, -1.000000000000000000, 0.000000000000000000 ) ) ;
#5488 = AXIS2_PLACEMENT_3D ( 'NONE', #197, #3097, #2569 ) ;
#5489 = CYLINDRICAL_SURFACE ( 'NONE', #2341, 0.8500000000000000888 ) ;
#5490 = ORIENTED_EDGE ( 'NONE', *, *, #5179, .F. ) ;
#5491 = ORIENTED_EDGE ( 'NONE', *, *, #3576, .T. ) ;
#5492 = ADVANCED_FACE ( 'NONE', ( #6758, #398 ), #5700, .T. ) ;
#5493 = CARTESIAN_POINT ( 'NONE',  ( 0.2000000000000000111, 0.5000000000000000000, 10.14999999999999858 ) ) ;
#5494 = PLANE ( 'NONE',  #39 ) ;
#5495 = CARTESIAN_POINT ( 'NONE',  ( 0.2000000000000000111, 0.5000000000000000000, 10.55000000000000071 ) ) ;
#5496 = EDGE_CURVE ( 'NONE', #6212, #6075, #5060, .T. ) ;
#5497 = ADVANCED_FACE ( 'NONE', ( #7324 ), #6230, .T. ) ;
#5498 = DIRECTION ( 'NONE',  ( 0.000000000000000000, 1.000000000000000000, 0.000000000000000000 ) ) ;
#5499 = DIRECTION ( 'NONE',  ( 5.625129991434000464E-14, -1.000000000000000000, 0.000000000000000000 ) ) ;
#5500 = EDGE_LOOP ( 'NONE', ( #2676, #4205, #1080, #4326 ) ) ;
#5501 = VERTEX_POINT ( 'NONE', #2773 ) ;
#5502 = VERTEX_POINT ( 'NONE', #4532 ) ;
#5503 = CARTESIAN_POINT ( 'NONE',  ( -0.8499999999999999778, -2.500000000000000000, -3.550000000000000266 ) ) ;
#5504 = CARTESIAN_POINT ( 'NONE',  ( 4.559442123160000193, -4.850000000000000533, 1.649999999999999911 ) ) ;
#5505 = ADVANCED_FACE ( 'NONE', ( #6267 ), #4457, .F. ) ;
#5506 = PLANE ( 'NONE',  #4695 ) ;
#5507 = DIRECTION ( 'NONE',  ( 0.000000000000000000, -1.000000000000000000, 0.000000000000000000 ) ) ;
#5508 = EDGE_CURVE ( 'NONE', #3304, #393, #7286, .T. ) ;
#5509 = EDGE_CURVE ( 'NONE', #3788, #606, #1213, .T. ) ;
#5510 = ORIENTED_EDGE ( 'NONE', *, *, #5933, .T. ) ;
#5511 = CARTESIAN_POINT ( 'NONE',  ( 3.750000000000000000, -2.500000000000000000, -6.125000000000000000 ) ) ;
#5512 = DIRECTION ( 'NONE',  ( -1.000000000000000000, 0.000000000000000000, 0.000000000000000000 ) ) ;
#5513 = DIRECTION ( 'NONE',  ( 0.000000000000000000, -1.000000000000000000, 0.000000000000000000 ) ) ;
#5514 = LINE ( 'NONE', #1382, #1756 ) ;
#5515 = ORIENTED_EDGE ( 'NONE', *, *, #6677, .T. ) ;
#5516 = ORIENTED_EDGE ( 'NONE', *, *, #3492, .F. ) ;
#5517 = EDGE_LOOP ( 'NONE', ( #4528, #2752, #7079, #5139 ) ) ;
#5518 = CARTESIAN_POINT ( 'NONE',  ( 5.025000000000000355, 3.100000000000000089, 5.549999999999999822 ) ) ;
#5519 = VERTEX_POINT ( 'NONE', #2158 ) ;
#5520 = DIRECTION ( 'NONE',  ( 0.000000000000000000, 0.7071067811865475727, -0.7071067811865475727 ) ) ;
#5521 = DIRECTION ( 'NONE',  ( 1.000000000000000000, 0.000000000000000000, 0.000000000000000000 ) ) ;
#5522 = EDGE_LOOP ( 'NONE', ( #1211, #3237, #3959 ) ) ;
#5523 = VECTOR ( 'NONE', #2713, 1000.000000000000000 ) ;
#5524 = VERTEX_POINT ( 'NONE', #1627 ) ;
#5525 = CARTESIAN_POINT ( 'NONE',  ( 5.150000000000000355, -1.699999999999999956, 2.500000000000000000 ) ) ;
#5526 = CARTESIAN_POINT ( 'NONE',  ( 0.2000000000000000111, 0.5000000000000000000, 4.850000000000000533 ) ) ;
#5527 = VECTOR ( 'NONE', #7203, 1000.000000000000000 ) ;
#5528 = DIRECTION ( 'NONE',  ( -0.000000000000000000, 1.000000000000000000, 0.000000000000000000 ) ) ;
#5529 = CIRCLE ( 'NONE', #251, 2.200000000005000178 ) ;
#5530 = CARTESIAN_POINT ( 'NONE',  ( -4.675000000000000711, -4.850000000000000533, -2.850000000000000089 ) ) ;
#5531 = CARTESIAN_POINT ( 'NONE',  ( -0.4000000000000000222, -2.272428845803000197, 5.165716172814000196 ) ) ;
#5532 = ORIENTED_EDGE ( 'NONE', *, *, #6808, .T. ) ;
#5533 = ORIENTED_EDGE ( 'NONE', *, *, #6065, .F. ) ;
#5534 = VECTOR ( 'NONE', #2036, 1000.000000000000000 ) ;
#5535 = ORIENTED_EDGE ( 'NONE', *, *, #5453, .F. ) ;
#5536 = VECTOR ( 'NONE', #231, 1000.000000000000000 ) ;
#5537 = EDGE_CURVE ( 'NONE', #2374, #5339, #2661, .T. ) ;
#5538 = DIRECTION ( 'NONE',  ( 0.000000000000000000, 1.315187275325000119E-14, 1.000000000000000000 ) ) ;
#5539 = DIRECTION ( 'NONE',  ( 0.000000000000000000, -0.1583540631465048809, 0.9873823933436288725 ) ) ;
#5540 = VECTOR ( 'NONE', #202, 1000.000000000000000 ) ;
#5541 = VECTOR ( 'NONE', #4274, 1000.000000000000000 ) ;
#5542 = DIRECTION ( 'NONE',  ( 1.000000000000000000, 0.000000000000000000, 0.000000000000000000 ) ) ;
#5543 = AXIS2_PLACEMENT_3D ( 'NONE', #3829, #6018, #4329 ) ;
#5544 = DIRECTION ( 'NONE',  ( 0.000000000000000000, -1.000000000000000000, 0.000000000000000000 ) ) ;
#5545 = ORIENTED_EDGE ( 'NONE', *, *, #1677, .F. ) ;
#5546 = ADVANCED_FACE ( 'NONE', ( #3370 ), #7368, .T. ) ;
#5547 = EDGE_CURVE ( 'NONE', #1221, #6226, #4940, .T. ) ;
#5548 = CIRCLE ( 'NONE', #2808, 0.2000000000000000944 ) ;
#5549 = LINE ( 'NONE', #5587, #1444 ) ;
#5550 = AXIS2_PLACEMENT_3D ( 'NONE', #798, #3100, #238 ) ;
#5551 = LINE ( 'NONE', #404, #3877 ) ;
#5552 = ADVANCED_FACE ( 'NONE', ( #1035 ), #5659, .T. ) ;
#5553 = DIRECTION ( 'NONE',  ( 1.000000000000000000, 1.717144944752999980E-13, 0.000000000000000000 ) ) ;
#5554 = LINE ( 'NONE', #406, #1320 ) ;
#5555 = DIRECTION ( 'NONE',  ( 0.000000000000000000, 0.000000000000000000, 1.000000000000000000 ) ) ;
#5556 = AXIS2_PLACEMENT_3D ( 'NONE', #5202, #6478, #6901 ) ;
#5557 = EDGE_LOOP ( 'NONE', ( #1287, #596, #5003, #3842 ) ) ;
#5558 = ORIENTED_EDGE ( 'NONE', *, *, #5112, .F. ) ;
#5559 = ORIENTED_EDGE ( 'NONE', *, *, #1056, .T. ) ;
#5560 = ADVANCED_FACE ( 'NONE', ( #2236 ), #1666, .F. ) ;
#5561 = FACE_OUTER_BOUND ( 'NONE', #6476, .T. ) ;
#5562 = PRODUCT ( 'Same_Sky_SJ1-3515N', 'Same_Sky_SJ1-3515N', '', ( #6778 ) ) ;
#5563 = VERTEX_POINT ( 'NONE', #3332 ) ;
#5564 = EDGE_CURVE ( 'NONE', #3274, #82, #3814, .T. ) ;
#5565 = EDGE_CURVE ( 'NONE', #3664, #2811, #139, .T. ) ;
#5566 = AXIS2_PLACEMENT_3D ( 'NONE', #3101, #5879, #5385 ) ;
#5567 = DIRECTION ( 'NONE',  ( 0.000000000000000000, -0.7071067811865474617, -0.7071067811865474617 ) ) ;
#5568 = CARTESIAN_POINT ( 'NONE',  ( -2.149999999999999911, 2.500000000000000000, 6.949999999999999289 ) ) ;
#5569 = DIRECTION ( 'NONE',  ( 1.000000000000000000, 0.000000000000000000, 0.000000000000000000 ) ) ;
#5570 = ORIENTED_EDGE ( 'NONE', *, *, #3848, .F. ) ;
#5571 = ORIENTED_EDGE ( 'NONE', *, *, #4360, .T. ) ;
#5572 = DIRECTION ( 'NONE',  ( 0.000000000000000000, 0.000000000000000000, -1.000000000000000000 ) ) ;
#5573 = FACE_OUTER_BOUND ( 'NONE', #2939, .T. ) ;
#5574 = PLANE ( 'NONE',  #2414 ) ;
#5575 = PLANE ( 'NONE',  #4159 ) ;
#5576 = CARTESIAN_POINT ( 'NONE',  ( -2.125000000000000000, -1.899999999999999911, -2.050000000000000266 ) ) ;
#5577 = ORIENTED_EDGE ( 'NONE', *, *, #6808, .F. ) ;
#5578 = ORIENTED_EDGE ( 'NONE', *, *, #4410, .T. ) ;
#5579 = EDGE_LOOP ( 'NONE', ( #2453, #1174, #6011, #803 ) ) ;
#5580 = CARTESIAN_POINT ( 'NONE',  ( -5.250000000000000000, -1.699999999999999956, -4.000000000000000000 ) ) ;
#5581 = CARTESIAN_POINT ( 'NONE',  ( 0.4573119502515000101, -2.250000000000000000, -4.950000000000000178 ) ) ;
#5582 = DIRECTION ( 'NONE',  ( 0.000000000000000000, 0.000000000000000000, 1.000000000000000000 ) ) ;
#5583 = EDGE_CURVE ( 'NONE', #2869, #2038, #1594, .T. ) ;
#5584 = DIRECTION ( 'NONE',  ( 0.000000000000000000, -1.000000000000000000, 0.000000000000000000 ) ) ;
#5585 = B_SPLINE_CURVE_WITH_KNOTS ( 'NONE', 3,
 ( #1334, #3561, #179, #4197 ),
 .UNSPECIFIED., .F., .F.,
 ( 4, 4 ),
 ( 0.000000000000000000, 1.000000000000000000 ),
 .UNSPECIFIED. ) ;
#5586 = EDGE_LOOP ( 'NONE', ( #5902, #4773, #1543, #42 ) ) ;
#5587 = CARTESIAN_POINT ( 'NONE',  ( -2.461083660708000220, -1.699999999999999956, -0.8118033988749889795 ) ) ;
#5588 = CARTESIAN_POINT ( 'NONE',  ( 4.700000000000000178, -3.350000000000000089, 1.050000000000000044 ) ) ;
#5589 = EDGE_CURVE ( 'NONE', #1952, #4106, #6424, .T. ) ;
#5590 = CARTESIAN_POINT ( 'NONE',  ( -4.649999999999999467, -1.899999999999999911, -3.799999999999999822 ) ) ;
#5591 = CARTESIAN_POINT ( 'NONE',  ( -2.600000000000000089, -1.699999999999999956, -1.443649167309905890 ) ) ;
#5592 = EDGE_CURVE ( 'NONE', #429, #2250, #2540, .T. ) ;
#5593 = DIRECTION ( 'NONE',  ( 0.000000000000000000, 0.000000000000000000, -1.000000000000000000 ) ) ;
#5594 = ORIENTED_EDGE ( 'NONE', *, *, #412, .T. ) ;
#5595 = VECTOR ( 'NONE', #2323, 1000.000000000000000 ) ;
#5596 = CARTESIAN_POINT ( 'NONE',  ( -0.4316504204180000026, -2.250000000000000000, -4.950000000000000178 ) ) ;
#5597 = ORIENTED_EDGE ( 'NONE', *, *, #647, .T. ) ;
#5598 = DIRECTION ( 'NONE',  ( 0.000000000000000000, -1.000000000000000000, 0.000000000000000000 ) ) ;
#5599 = VECTOR ( 'NONE', #2048, 1000.000000000000227 ) ;
#5600 = CARTESIAN_POINT ( 'NONE',  ( -2.125000000000000000, -1.899999999999999911, -0.8500000000000998979 ) ) ;
#5601 = CARTESIAN_POINT ( 'NONE',  ( 0.000000000000000000, 2.500000000000000000, 4.675000000000000711 ) ) ;
#5602 = EDGE_CURVE ( 'NONE', #5409, #5053, #4568, .T. ) ;
#5603 = EDGE_LOOP ( 'NONE', ( #5446, #5642, #3931, #6924 ) ) ;
#5604 = ADVANCED_FACE ( 'NONE', ( #662 ), #5169, .F. ) ;
#5605 = ADVANCED_FACE ( 'NONE', ( #5737 ), #2425, .F. ) ;
#5606 = ORIENTED_EDGE ( 'NONE', *, *, #3670, .T. ) ;
#5607 = ORIENTED_EDGE ( 'NONE', *, *, #5245, .T. ) ;
#5608 = CIRCLE ( 'NONE', #7060, 2.100000000000000089 ) ;
#5609 = ORIENTED_EDGE ( 'NONE', *, *, #2046, .F. ) ;
#5610 = DIRECTION ( 'NONE',  ( 0.000000000000000000, 1.000000000000000000, 0.000000000000000000 ) ) ;
#5611 = FACE_OUTER_BOUND ( 'NONE', #6728, .T. ) ;
#5612 = DIRECTION ( 'NONE',  ( 0.000000000000000000, 1.000000000000000000, 0.000000000000000000 ) ) ;
#5613 = FACE_OUTER_BOUND ( 'NONE', #7224, .T. ) ;
#5614 = AXIS2_PLACEMENT_3D ( 'NONE', #1929, #6533, #5958 ) ;
#5615 = DIRECTION ( 'NONE',  ( 0.000000000000000000, 0.000000000000000000, -1.000000000000000000 ) ) ;
#5616 = CARTESIAN_POINT ( 'NONE',  ( 5.000000000000000000, -1.699999999999999956, -5.950000000000000178 ) ) ;
#5617 = EDGE_LOOP ( 'NONE', ( #293, #1738, #3078, #2141 ) ) ;
#5618 = ORIENTED_EDGE ( 'NONE', *, *, #326, .F. ) ;
#5619 = ORIENTED_EDGE ( 'NONE', *, *, #3762, .T. ) ;
#5620 = CARTESIAN_POINT ( 'NONE',  ( -5.450000000000000178, 2.500000000000000000, 2.850000000000000089 ) ) ;
#5621 = PLANE ( 'NONE',  #2308 ) ;
#5622 = DIRECTION ( 'NONE',  ( 0.000000000000000000, -1.000000000000000000, 0.000000000000000000 ) ) ;
#5623 = CARTESIAN_POINT ( 'NONE',  ( -4.089346255670589514, 3.078237858560999740, 4.675000000000000711 ) ) ;
#5624 = ORIENTED_EDGE ( 'NONE', *, *, #1402, .F. ) ;
#5625 = DIRECTION ( 'NONE',  ( 0.000000000000000000, 0.000000000000000000, 1.000000000000000000 ) ) ;
#5626 = DIRECTION ( 'NONE',  ( 1.000000000000000000, 0.000000000000000000, 0.000000000000000000 ) ) ;
#5627 = CARTESIAN_POINT ( 'NONE',  ( -4.299999999999999822, 2.649999999999999911, 6.075000000000000178 ) ) ;
#5628 = CARTESIAN_POINT ( 'NONE',  ( 0.3270891200751999683, -2.299999999999999822, -4.950000000000000178 ) ) ;
#5629 = CARTESIAN_POINT ( 'NONE',  ( -0.4500000000000000111, -2.500000000000000000, 5.825000000000000178 ) ) ;
#5630 = VERTEX_POINT ( 'NONE', #4720 ) ;
#5631 = DIRECTION ( 'NONE',  ( 0.7071067811813830373, 0.000000000000000000, 0.7071067811917121082 ) ) ;
#5632 = ORIENTED_EDGE ( 'NONE', *, *, #2980, .T. ) ;
#5633 = CARTESIAN_POINT ( 'NONE',  ( -4.299999999999999822, 3.078237858560999740, 5.549999999999999822 ) ) ;
#5634 = EDGE_CURVE ( 'NONE', #3631, #789, #6458, .T. ) ;
#5635 = DIRECTION ( 'NONE',  ( -1.000000000000000000, 1.754152378908000012E-11, 5.115907697473000027E-12 ) ) ;
#5636 = DIRECTION ( 'NONE',  ( 0.000000000000000000, 0.000000000000000000, -1.000000000000000000 ) ) ;
#5637 = ORIENTED_EDGE ( 'NONE', *, *, #1093, .F. ) ;
#5638 = DIRECTION ( 'NONE',  ( 0.000000000000000000, 1.000000000000000000, 0.000000000000000000 ) ) ;
#5639 = EDGE_CURVE ( 'NONE', #1086, #1596, #2386, .T. ) ;
#5640 = ORIENTED_EDGE ( 'NONE', *, *, #822, .F. ) ;
#5641 = ORIENTED_EDGE ( 'NONE', *, *, #96, .T. ) ;
#5642 = ORIENTED_EDGE ( 'NONE', *, *, #4276, .T. ) ;
#5643 = EDGE_CURVE ( 'NONE', #4514, #4064, #2419, .T. ) ;
#5644 = EDGE_CURVE ( 'NONE', #2182, #1997, #5849, .T. ) ;
#5645 = LINE ( 'NONE', #4484, #1709 ) ;
#5646 = FACE_OUTER_BOUND ( 'NONE', #2153, .T. ) ;
#5647 = EDGE_CURVE ( 'NONE', #5519, #1245, #5136, .T. ) ;
#5648 = DIRECTION ( 'NONE',  ( 1.000000000000000000, 0.000000000000000000, 0.000000000000000000 ) ) ;
#5649 = CARTESIAN_POINT ( 'NONE',  ( 4.549999999999999822, -1.899999999999999911, 1.000000000000000000 ) ) ;
#5650 = EDGE_CURVE ( 'NONE', #4428, #7360, #4611, .T. ) ;
#5651 = PLANE ( 'NONE',  #6216 ) ;
#5652 = ORIENTED_EDGE ( 'NONE', *, *, #3907, .T. ) ;
#5653 = ORIENTED_EDGE ( 'NONE', *, *, #7006, .F. ) ;
#5654 = ORIENTED_EDGE ( 'NONE', *, *, #597, .F. ) ;
#5655 = CARTESIAN_POINT ( 'NONE',  ( -4.649999999999999467, -2.500000000000000000, -3.799999999999999822 ) ) ;
#5656 = VECTOR ( 'NONE', #6602, 1000.000000000000000 ) ;
#5657 = CYLINDRICAL_SURFACE ( 'NONE', #1719, 0.8999999999999998002 ) ;
#5658 = EDGE_CURVE ( 'NONE', #5501, #1065, #3553, .T. ) ;
#5659 = PLANE ( 'NONE',  #6631 ) ;
#5660 = PLANE ( 'NONE',  #6334 ) ;
#5661 = VECTOR ( 'NONE', #5247, 1000.000000000000000 ) ;
#5662 = CIRCLE ( 'NONE', #2420, 2.399999999999999911 ) ;
#5663 = VECTOR ( 'NONE', #2552, 1000.000000000000000 ) ;
#5664 = CIRCLE ( 'NONE', #3387, 0.5999999999999998668 ) ;
#5665 = ORIENTED_EDGE ( 'NONE', *, *, #3175, .T. ) ;
#5666 = CYLINDRICAL_SURFACE ( 'NONE', #6274, 2.399999999999999911 ) ;
#5667 = CARTESIAN_POINT ( 'NONE',  ( 0.2000000000000000111, 0.5000000000000000000, 5.825000000000000178 ) ) ;
#5668 = AXIS2_PLACEMENT_3D ( 'NONE', #1510, #2543, #6572 ) ;
#5669 = AXIS2_PLACEMENT_3D ( 'NONE', #1422, #4259, #2681 ) ;
#5670 = DIRECTION ( 'NONE',  ( 0.000000000000000000, 1.000000000000000000, 0.000000000000000000 ) ) ;
#5671 = CARTESIAN_POINT ( 'NONE',  ( 4.850000000000000533, -2.500000000000000000, 2.299999999999999822 ) ) ;
#5672 = DIRECTION ( 'NONE',  ( -0.000000000000000000, 1.000000000000000000, 0.000000000000000000 ) ) ;
#5673 = ORIENTED_EDGE ( 'NONE', *, *, #4500, .F. ) ;
#5674 = VECTOR ( 'NONE', #2758, 1000.000000000000114 ) ;
#5675 = CARTESIAN_POINT ( 'NONE',  ( 4.575000000000000178, -1.699999999999999956, 1.011803398874989934 ) ) ;
#5676 = AXIS2_PLACEMENT_3D ( 'NONE', #5493, #343, #7241 ) ;
#5677 = VERTEX_POINT ( 'NONE', #1710 ) ;
#5678 = DIRECTION ( 'NONE',  ( 1.000000000000000000, 0.000000000000000000, 0.000000000000000000 ) ) ;
#5679 = CARTESIAN_POINT ( 'NONE',  ( -2.200000000000000178, 0.5000000000000000000, 5.825000000000000178 ) ) ;
#5680 = CIRCLE ( 'NONE', #3166, 3.101923076922998845 ) ;
#5681 = CARTESIAN_POINT ( 'NONE',  ( 3.799999999999999822, -1.800000000000000044, -5.799999999999999822 ) ) ;
#5682 = EDGE_LOOP ( 'NONE', ( #4422, #1509, #6972, #4091 ) ) ;
#5683 = EDGE_CURVE ( 'NONE', #4887, #4930, #583, .T. ) ;
#5684 = VERTEX_POINT ( 'NONE', #6914 ) ;
#5685 = VERTEX_POINT ( 'NONE', #1746 ) ;
#5686 = VECTOR ( 'NONE', #6608, 1000.000000000000000 ) ;
#5687 = ORIENTED_EDGE ( 'NONE', *, *, #5036, .T. ) ;
#5688 = CARTESIAN_POINT ( 'NONE',  ( -2.649999999999999911, -1.699999999999999956, 4.850000000000000533 ) ) ;
#5689 = DIRECTION ( 'NONE',  ( 1.000000000000000000, 0.000000000000000000, 0.000000000000000000 ) ) ;
#5690 = EDGE_CURVE ( 'NONE', #2476, #1531, #4681, .T. ) ;
#5691 = PLANE ( 'NONE',  #1214 ) ;
#5692 = FACE_OUTER_BOUND ( 'NONE', #3912, .T. ) ;
#5693 = ADVANCED_FACE ( 'NONE', ( #2994 ), #4121, .T. ) ;
#5694 = CARTESIAN_POINT ( 'NONE',  ( 3.625000000000000000, -2.100000000000000089, 5.474999999999999645 ) ) ;
#5695 = VERTEX_POINT ( 'NONE', #620 ) ;
#5696 = ORIENTED_EDGE ( 'NONE', *, *, #7449, .T. ) ;
#5697 = VERTEX_POINT ( 'NONE', #1179 ) ;
#5698 = CARTESIAN_POINT ( 'NONE',  ( -1.699999999999999956, -2.000000000000000000, 5.799999999999999822 ) ) ;
#5699 = DIRECTION ( 'NONE',  ( -1.000000000000000000, 0.000000000000000000, 0.000000000000000000 ) ) ;
#5700 = PLANE ( 'NONE',  #497 ) ;
#5701 = AXIS2_PLACEMENT_3D ( 'NONE', #480, #1046, #6727 ) ;
#5702 = EDGE_CURVE ( 'NONE', #473, #4374, #1564, .T. ) ;
#5703 = CARTESIAN_POINT ( 'NONE',  ( -4.299999999999999822, 3.100000000000000089, 5.549999999999999822 ) ) ;
#5704 = EDGE_CURVE ( 'NONE', #2324, #6214, #65, .T. ) ;
#5705 = EDGE_CURVE ( 'NONE', #5968, #265, #6950, .T. ) ;
#5706 = ORIENTED_EDGE ( 'NONE', *, *, #59, .F. ) ;
#5707 = DIRECTION ( 'NONE',  ( -0.000000000000000000, 1.000000000000000000, 0.000000000000000000 ) ) ;
#5708 = DIRECTION ( 'NONE',  ( 0.000000000000000000, 1.000000000000000000, 0.000000000000000000 ) ) ;
#5709 = ORGANIZATION ( 'UNSPECIFIED', 'UNSPECIFIED', '' ) ;
#5710 = DIRECTION ( 'NONE',  ( 1.000000000000000000, 0.000000000000000000, 0.000000000000000000 ) ) ;
#5711 = DIRECTION ( 'NONE',  ( 0.000000000000000000, 0.000000000000000000, 1.000000000000000000 ) ) ;
#5712 = DIRECTION ( 'NONE',  ( 1.000000000000000000, 0.000000000000000000, 0.000000000000000000 ) ) ;
#5713 = EDGE_LOOP ( 'NONE', ( #5227, #3776, #6779, #4960 ) ) ;
#5714 = DIRECTION ( 'NONE',  ( 0.000000000000000000, 0.000000000000000000, -1.000000000000000000 ) ) ;
#5715 = ORIENTED_EDGE ( 'NONE', *, *, #1591, .F. ) ;
#5716 = CARTESIAN_POINT ( 'NONE',  ( 0.2000000000000000111, 2.899999999999999911, 5.928237858561000273 ) ) ;
#5717 = CARTESIAN_POINT ( 'NONE',  ( 5.049999999999999822, -1.699999999999999956, -6.125000000000000000 ) ) ;
#5718 = DIRECTION ( 'NONE',  ( -1.000000000000000000, 0.000000000000000000, 0.000000000000000000 ) ) ;
#5719 = ORIENTED_EDGE ( 'NONE', *, *, #547, .F. ) ;
#5720 = COORDINATED_UNIVERSAL_TIME_OFFSET ( 0, 0, .AHEAD. ) ;
#5721 = ORIENTED_EDGE ( 'NONE', *, *, #1591, .T. ) ;
#5722 = VERTEX_POINT ( 'NONE', #3623 ) ;
#5723 = ORIENTED_EDGE ( 'NONE', *, *, #409, .F. ) ;
#5724 = AXIS2_PLACEMENT_3D ( 'NONE', #3973, #5672, #523 ) ;
#5725 = CYLINDRICAL_SURFACE ( 'NONE', #7376, 0.8500000000000000888 ) ;
#5726 = CARTESIAN_POINT ( 'NONE',  ( 0.1784818660467995255, -2.299999999999999822, -4.532520887255789610 ) ) ;
#5727 = LINE ( 'NONE', #6941, #4586 ) ;
#5728 = DIRECTION ( 'NONE',  ( -1.000000000000000000, 0.000000000000000000, 0.000000000000000000 ) ) ;
#5729 = VECTOR ( 'NONE', #1781, 1000.000000000000000 ) ;
#5730 = LINE ( 'NONE', #5843, #2860 ) ;
#5731 = ORIENTED_EDGE ( 'NONE', *, *, #5372, .F. ) ;
#5732 = ORIENTED_EDGE ( 'NONE', *, *, #3548, .T. ) ;
#5733 = CARTESIAN_POINT ( 'NONE',  ( 3.750000000000000000, -2.500000000000000000, -6.125000000000000000 ) ) ;
#5734 = CIRCLE ( 'NONE', #2491, 0.4499999999995002997 ) ;
#5735 = EDGE_CURVE ( 'NONE', #120, #5366, #6567, .T. ) ;
#5736 = FACE_OUTER_BOUND ( 'NONE', #5085, .T. ) ;
#5737 = FACE_OUTER_BOUND ( 'NONE', #5617, .T. ) ;
#5738 = CARTESIAN_POINT ( 'NONE',  ( -3.225000000000000089, 0.1000000000000000056, 5.649999999999999467 ) ) ;
#5739 = EDGE_LOOP ( 'NONE', ( #824, #5083, #1866, #7266 ) ) ;
#5740 = DIRECTION ( 'NONE',  ( 1.000000000000000000, 0.000000000000000000, 0.000000000000000000 ) ) ;
#5741 = EDGE_CURVE ( 'NONE', #5759, #2869, #3734, .T. ) ;
#5742 = CARTESIAN_POINT ( 'NONE',  ( 3.625000000000000000, -2.100000000000000089, 5.825000000000000178 ) ) ;
#5743 = CARTESIAN_POINT ( 'NONE',  ( -2.649999999999999911, -2.100000000000000089, 4.649999999999999467 ) ) ;
#5744 = CC_DESIGN_PERSON_AND_ORGANIZATION_ASSIGNMENT ( #1844, #4063, ( #4864 ) ) ;
#5745 = EDGE_CURVE ( 'NONE', #49, #6248, #3031, .T. ) ;
#5746 = DIRECTION ( 'NONE',  ( 0.000000000000000000, -1.000000000000000000, 0.000000000000000000 ) ) ;
#5747 = EDGE_CURVE ( 'NONE', #709, #5979, #2612, .T. ) ;
#5748 = CARTESIAN_POINT ( 'NONE',  ( 3.475549786411999964, -1.329668090586000107, 5.799999999999999822 ) ) ;
#5749 = EDGE_LOOP ( 'NONE', ( #7401, #6935, #5844, #5791 ) ) ;
#5750 = CARTESIAN_POINT ( 'NONE',  ( 5.100000000000000533, 2.299999999999999822, -1.550000000000000044 ) ) ;
#5751 = ORIENTED_EDGE ( 'NONE', *, *, #4142, .T. ) ;
#5752 = CARTESIAN_POINT ( 'NONE',  ( 0.8499999999999999778, -2.500000000000000000, 4.649999999999999467 ) ) ;
#5753 = FACE_OUTER_BOUND ( 'NONE', #1155, .T. ) ;
#5754 = FACE_OUTER_BOUND ( 'NONE', #817, .T. ) ;
#5755 = VECTOR ( 'NONE', #4055, 1000.000000000000000 ) ;
#5756 = DIRECTION ( 'NONE',  ( 1.000000000000000000, 0.000000000000000000, 0.000000000000000000 ) ) ;
#5757 = ORIENTED_EDGE ( 'NONE', *, *, #2855, .F. ) ;
#5758 = APPROVAL_STATUS ( 'not_yet_approved' ) ;
#5759 = VERTEX_POINT ( 'NONE', #766 ) ;
#5760 = ORIENTED_EDGE ( 'NONE', *, *, #1587, .T. ) ;
#5761 = ORIENTED_EDGE ( 'NONE', *, *, #2016, .T. ) ;
#5762 = LINE ( 'NONE', #4633, #2319 ) ;
#5763 = LINE ( 'NONE', #163, #3746 ) ;
#5764 = PLANE ( 'NONE',  #1333 ) ;
#5765 = CARTESIAN_POINT ( 'NONE',  ( 3.050000000000000266, -2.100000000000000089, 5.474999999999999645 ) ) ;
#5766 = ORIENTED_EDGE ( 'NONE', *, *, #3850, .F. ) ;
#5767 = EDGE_LOOP ( 'NONE', ( #4853, #2460, #350, #2955 ) ) ;
#5768 = DIRECTION ( 'NONE',  ( -1.000000000000000000, 0.000000000000000000, 0.000000000000000000 ) ) ;
#5769 = DIRECTION ( 'NONE',  ( 0.000000000000000000, -1.000000000000000000, 0.000000000000000000 ) ) ;
#5770 = AXIS2_PLACEMENT_3D ( 'NONE', #1484, #5512, #257 ) ;
#5771 = CARTESIAN_POINT ( 'NONE',  ( -0.4000000000000000222, -4.899999999999999467, 5.299999999999999822 ) ) ;
#5772 = CARTESIAN_POINT ( 'NONE',  ( -3.000000000000000000, 2.399999999999999911, 5.799999999999999822 ) ) ;
#5773 = VECTOR ( 'NONE', #6005, 1000.000000000000000 ) ;
#5774 = VERTEX_POINT ( 'NONE', #3700 ) ;
#5775 = VECTOR ( 'NONE', #4391, 1000.000000000000000 ) ;
#5776 = CARTESIAN_POINT ( 'NONE',  ( -5.100000000000000533, 2.350000000000000089, -6.125000000000000000 ) ) ;
#5777 = CARTESIAN_POINT ( 'NONE',  ( 0.8499999999999999778, -2.100000000000000089, 4.649999999999999467 ) ) ;
#5778 = AXIS2_PLACEMENT_3D ( 'NONE', #2586, #4877, #7178 ) ;
#5779 = CARTESIAN_POINT ( 'NONE',  ( 2.550000000000000266, 2.500000000000000000, 5.950000000000000178 ) ) ;
#5780 = VECTOR ( 'NONE', #5992, 1000.000000000000000 ) ;
#5781 = FACE_OUTER_BOUND ( 'NONE', #615, .T. ) ;
#5782 = ORIENTED_EDGE ( 'NONE', *, *, #2191, .T. ) ;
#5783 = ADVANCED_FACE ( 'NONE', ( #3179, #5429 ), #4903, .T. ) ;
#5784 = EDGE_CURVE ( 'NONE', #4514, #3123, #1472, .T. ) ;
#5785 = DIRECTION ( 'NONE',  ( 0.000000000000000000, 1.000000000000000000, 0.000000000000000000 ) ) ;
#5786 = ORIENTED_EDGE ( 'NONE', *, *, #867, .T. ) ;
#5787 = CARTESIAN_POINT ( 'NONE',  ( -3.400000000000000355, 3.078237858560999740, 5.549999999999999822 ) ) ;
#5788 = AXIS2_PLACEMENT_3D ( 'NONE', #2192, #2642, #4413 ) ;
#5789 = AXIS2_PLACEMENT_3D ( 'NONE', #5633, #2787, #5078 ) ;
#5790 = CIRCLE ( 'NONE', #4224, 0.6750000000000002665 ) ;
#5791 = ORIENTED_EDGE ( 'NONE', *, *, #2819, .F. ) ;
#5792 = DIRECTION ( 'NONE',  ( 0.000000000000000000, 1.000000000000000000, 0.000000000000000000 ) ) ;
#5793 = CARTESIAN_POINT ( 'NONE',  ( -1.699999999999999956, -2.000000000000000000, 5.500000000000000000 ) ) ;
#5794 = VECTOR ( 'NONE', #1280, 1000.000000000000000 ) ;
#5795 = PLANE ( 'NONE',  #5356 ) ;
#5796 = AXIS2_PLACEMENT_3D ( 'NONE', #176, #4237, #1369 ) ;
#5797 = ORIENTED_EDGE ( 'NONE', *, *, #55, .T. ) ;
#5798 = EDGE_CURVE ( 'NONE', #6395, #542, #970, .T. ) ;
#5799 = VERTEX_POINT ( 'NONE', #2465 ) ;
#5800 = ORIENTED_EDGE ( 'NONE', *, *, #3721, .F. ) ;
#5801 = EDGE_CURVE ( 'NONE', #5906, #3939, #6603, .T. ) ;
#5802 = EDGE_CURVE ( 'NONE', #3326, #5005, #838, .T. ) ;
#5803 = EDGE_LOOP ( 'NONE', ( #6932, #7428, #2222, #777, #678, #3202 ) ) ;
#5804 = VECTOR ( 'NONE', #1, 1000.000000000000000 ) ;
#5805 = FACE_OUTER_BOUND ( 'NONE', #4093, .T. ) ;
#5806 = CIRCLE ( 'NONE', #3994, 0.2999999999999999889 ) ;
#5807 = DIRECTION ( 'NONE',  ( -1.000000000000000000, 0.000000000000000000, 0.000000000000000000 ) ) ;
#5808 = LINE ( 'NONE', #196, #6880 ) ;
#5809 = MANIFOLD_SOLID_BREP ( 'NONE', #3299 ) ;
#5810 = PLANE ( 'NONE',  #6092 ) ;
#5811 = ORIENTED_EDGE ( 'NONE', *, *, #855, .T. ) ;
#5812 = AXIS2_PLACEMENT_3D ( 'NONE', #1554, #6161, #229 ) ;
#5813 = ORIENTED_EDGE ( 'NONE', *, *, #412, .F. ) ;
#5814 = CARTESIAN_POINT ( 'NONE',  ( -2.488881257919000056, -1.500000000000000000, 5.649999999999999467 ) ) ;
#5815 = CARTESIAN_POINT ( 'NONE',  ( 4.825000000000000178, -4.850000000000000533, 1.649999999999999911 ) ) ;
#5816 = CARTESIAN_POINT ( 'NONE',  ( -5.250000000000000000, 2.500000000000000000, -4.000000000000000000 ) ) ;
#5817 = FACE_BOUND ( 'NONE', #2404, .T. ) ;
#5818 = VERTEX_POINT ( 'NONE', #4789 ) ;
#5819 = CARTESIAN_POINT ( 'NONE',  ( -2.475000000000000089, -1.899999999999999911, -0.8500000000000998979 ) ) ;
#5820 = CARTESIAN_POINT ( 'NONE',  ( 4.950000000000000178, 0.4000000000000000222, -4.975000000000000533 ) ) ;
#5821 = LINE ( 'NONE', #7067, #3377 ) ;
#5822 = DIRECTION ( 'NONE',  ( 1.000000000000000000, 0.000000000000000000, 0.000000000000000000 ) ) ;
#5823 = DIRECTION ( 'NONE',  ( 0.000000000000000000, 1.000000000000000000, 0.000000000000000000 ) ) ;
#5824 = ORIENTED_EDGE ( 'NONE', *, *, #1982, .T. ) ;
#5825 = CARTESIAN_POINT ( 'NONE',  ( -2.649999999999999911, -1.699999999999999956, 4.649999999999999467 ) ) ;
#5826 = LOCAL_TIME ( 19, 12, 47.00000000000000000, #5720 ) ;
#5827 = ADVANCED_FACE ( 'NONE', ( #1429 ), #1928, .T. ) ;
#5828 = CARTESIAN_POINT ( 'NONE',  ( 4.559442123160000193, -4.850000000000000533, 1.649999999999999911 ) ) ;
#5829 = PLANE ( 'NONE',  #2181 ) ;
#5830 = DIRECTION ( 'NONE',  ( 1.000000000000000000, 0.000000000000000000, 0.000000000000000000 ) ) ;
#5831 = EDGE_LOOP ( 'NONE', ( #833, #7162, #5281 ) ) ;
#5832 = CALENDAR_DATE ( 2025, 11, 9 ) ;
#5833 = ORIENTED_EDGE ( 'NONE', *, *, #4690, .F. ) ;
#5834 = ORIENTED_EDGE ( 'NONE', *, *, #804, .F. ) ;
#5835 = ORIENTED_EDGE ( 'NONE', *, *, #3165, .T. ) ;
#5836 = DIRECTION ( 'NONE',  ( 0.000000000000000000, 4.101294467439000004E-14, 1.000000000000000000 ) ) ;
#5837 = EDGE_CURVE ( 'NONE', #3571, #1392, #1937, .T. ) ;
#5838 = CARTESIAN_POINT ( 'NONE',  ( -0.3133008409292000196, -2.299999999999999822, -4.950000000000000178 ) ) ;
#5839 = CARTESIAN_POINT ( 'NONE',  ( -2.125000000000000000, -1.699999999999999956, -0.6499999999997999600 ) ) ;
#5840 = ADVANCED_FACE ( 'NONE', ( #4303, #7061 ), #5957, .T. ) ;
#5841 = ADVANCED_FACE ( 'NONE', ( #884, #3067 ), #2499, .T. ) ;
#5842 = ADVANCED_FACE ( 'NONE', ( #3103 ), #3140, .T. ) ;
#5843 = CARTESIAN_POINT ( 'NONE',  ( -2.674999999999999822, -1.699999999999999956, -0.6499999999997999600 ) ) ;
#5844 = ORIENTED_EDGE ( 'NONE', *, *, #7, .F. ) ;
#5845 = ORIENTED_EDGE ( 'NONE', *, *, #3040, .T. ) ;
#5846 = CARTESIAN_POINT ( 'NONE',  ( 0.3270891200751999683, -2.200000000000000178, -4.950000000000000178 ) ) ;
#5847 = CARTESIAN_POINT ( 'NONE',  ( -2.149999999999999911, -1.274998983693000021, -0.8499999999999999778 ) ) ;
#5848 = AXIS2_PLACEMENT_3D ( 'NONE', #3221, #5507, #6686 ) ;
#5849 = LINE ( 'NONE', #5816, #5661 ) ;
#5850 = DIRECTION ( 'NONE',  ( 1.000000000000000000, 0.000000000000000000, 0.000000000000000000 ) ) ;
#5851 = VERTEX_POINT ( 'NONE', #7169 ) ;
#5852 = VECTOR ( 'NONE', #1971, 1000.000000000000114 ) ;
#5853 = DIRECTION ( 'NONE',  ( 0.000000000000000000, 0.000000000000000000, 1.000000000000000000 ) ) ;
#5854 = CARTESIAN_POINT ( 'NONE',  ( -3.037499999999999645, 2.399999999999999911, 5.375000000000000000 ) ) ;
#5855 = DIRECTION ( 'NONE',  ( 1.000000000000000000, 0.000000000000000000, 0.000000000000000000 ) ) ;
#5856 = AXIS2_PLACEMENT_3D ( 'NONE', #759, #6025, #794 ) ;
#5857 = CYLINDRICAL_SURFACE ( 'NONE', #4406, 0.4499999999994993560 ) ;
#5858 = DIRECTION ( 'NONE',  ( 0.000000000000000000, 0.000000000000000000, 1.000000000000000000 ) ) ;
#5859 = ORIENTED_EDGE ( 'NONE', *, *, #5972, .F. ) ;
#5860 = DIRECTION ( 'NONE',  ( 1.000000000000000000, 0.000000000000000000, 0.000000000000000000 ) ) ;
#5861 = PLANE ( 'NONE',  #2650 ) ;
#5862 = CARTESIAN_POINT ( 'NONE',  ( 0.2443593274800999748, -2.299999999999999822, -4.717896939814000490 ) ) ;
#5863 = DIRECTION ( 'NONE',  ( 0.000000000000000000, -1.000000000000000000, 0.000000000000000000 ) ) ;
#5864 = ORIENTED_EDGE ( 'NONE', *, *, #3837, .F. ) ;
#5865 = ORIENTED_EDGE ( 'NONE', *, *, #7371, .F. ) ;
#5866 = VERTEX_POINT ( 'NONE', #2004 ) ;
#5867 = ORIENTED_EDGE ( 'NONE', *, *, #1641, .F. ) ;
#5868 = DIRECTION ( 'NONE',  ( 0.000000000000000000, 0.000000000000000000, -1.000000000000000000 ) ) ;
#5869 = DIRECTION ( 'NONE',  ( 0.000000000000000000, 0.000000000000000000, 1.000000000000000000 ) ) ;
#5870 = CARTESIAN_POINT ( 'NONE',  ( 4.000000000000000000, 3.100000000000000089, 5.549999999999999822 ) ) ;
#5871 = DIRECTION ( 'NONE',  ( -0.000000000000000000, 1.000000000000000000, 0.000000000000000000 ) ) ;
#5872 = ORIENTED_EDGE ( 'NONE', *, *, #773, .F. ) ;
#5873 = ORIENTED_EDGE ( 'NONE', *, *, #1111, .T. ) ;
#5874 = ADVANCED_FACE ( 'NONE', ( #1536 ), #6678, .F. ) ;
#5875 = EDGE_CURVE ( 'NONE', #6147, #3631, #4825, .T. ) ;
#5876 = EDGE_CURVE ( 'NONE', #5120, #5264, #6102, .T. ) ;
#5877 = DIRECTION ( 'NONE',  ( 1.000000000000000000, 0.000000000000000000, 0.000000000000000000 ) ) ;
#5878 = EDGE_CURVE ( 'NONE', #7193, #2476, #7316, .T. ) ;
#5879 = DIRECTION ( 'NONE',  ( 0.000000000000000000, 0.000000000000000000, 1.000000000000000000 ) ) ;
#5880 = PLANE ( 'NONE',  #5292 ) ;
#5881 = CARTESIAN_POINT ( 'NONE',  ( 2.600000000000000089, 2.299999999999999822, 5.825000000000000178 ) ) ;
#5882 = CARTESIAN_POINT ( 'NONE',  ( 0.000000000000000000, -2.500000000000000000, 0.000000000000000000 ) ) ;
#5883 = ORIENTED_EDGE ( 'NONE', *, *, #648, .F. ) ;
#5884 = EDGE_CURVE ( 'NONE', #49, #6863, #2913, .T. ) ;
#5885 = EDGE_CURVE ( 'NONE', #5519, #4649, #3838, .T. ) ;
#5886 = DIRECTION ( 'NONE',  ( 0.000000000000000000, 0.000000000000000000, -1.000000000000000000 ) ) ;
#5887 = PLANE ( 'NONE',  #4959 ) ;
#5888 = LINE ( 'NONE', #4015, #7343 ) ;
#5889 = CARTESIAN_POINT ( 'NONE',  ( 4.549999999999999822, -1.899999999999999911, 2.299999999999999822 ) ) ;
#5890 = VECTOR ( 'NONE', #6776, 1000.000000000000000 ) ;
#5891 = AXIS2_PLACEMENT_3D ( 'NONE', #6434, #4059, #6891 ) ;
#5892 = VERTEX_POINT ( 'NONE', #4626 ) ;
#5893 = CARTESIAN_POINT ( 'NONE',  ( -0.2313370455056000252, -2.299999999999999822, -4.717896939814000490 ) ) ;
#5894 = VERTEX_POINT ( 'NONE', #4488 ) ;
#5895 = DIRECTION ( 'NONE',  ( 1.000000000000000000, 0.000000000000000000, 0.000000000000000000 ) ) ;
#5896 = CONICAL_SURFACE ( 'NONE', #1687, 0.5999999999489998848, 0.7853981633972990650 ) ;
#5897 = VECTOR ( 'NONE', #5427, 1000.000000000000000 ) ;
#5898 = LINE ( 'NONE', #5188, #4443 ) ;
#5899 = DIRECTION ( 'NONE',  ( -1.000000000000000000, -3.469446951953615175E-16, 0.000000000000000000 ) ) ;
#5900 = DIRECTION ( 'NONE',  ( -0.000000000000000000, 0.7071067811865475727, 0.7071067811865475727 ) ) ;
#5901 = ORIENTED_EDGE ( 'NONE', *, *, #6854, .T. ) ;
#5902 = ORIENTED_EDGE ( 'NONE', *, *, #1698, .T. ) ;
#5903 = CIRCLE ( 'NONE', #1814, 0.1999999999999999001 ) ;
#5904 = AXIS2_PLACEMENT_3D ( 'NONE', #2762, #6785, #1618 ) ;
#5905 = ORIENTED_EDGE ( 'NONE', *, *, #320, .T. ) ;
#5906 = VERTEX_POINT ( 'NONE', #48 ) ;
#5907 = LINE ( 'NONE', #1880, #1352 ) ;
#5908 = LINE ( 'NONE', #123, #2435 ) ;
#5909 = AXIS2_PLACEMENT_3D ( 'NONE', #5962, #6386, #4194 ) ;
#5910 = DIRECTION ( 'NONE',  ( 0.000000000000000000, 0.000000000000000000, 1.000000000000000000 ) ) ;
#5911 = VECTOR ( 'NONE', #1906, 1000.000000000000000 ) ;
#5912 = LINE ( 'NONE', #5454, #2008 ) ;
#5913 = ORIENTED_EDGE ( 'NONE', *, *, #2952, .T. ) ;
#5914 = ORIENTED_EDGE ( 'NONE', *, *, #3612, .F. ) ;
#5915 = AXIS2_PLACEMENT_3D ( 'NONE', #5010, #4521, #2875 ) ;
#5916 = CIRCLE ( 'NONE', #4120, 0.1499999999999999667 ) ;
#5917 = DIRECTION ( 'NONE',  ( 0.7071067811865475727, -0.7071067811865475727, 0.000000000000000000 ) ) ;
#5918 = FACE_OUTER_BOUND ( 'NONE', #3351, .T. ) ;
#5919 = DIRECTION ( 'NONE',  ( 0.000000000000000000, 1.000000000000000000, 0.000000000000000000 ) ) ;
#5920 = EDGE_CURVE ( 'NONE', #5113, #5339, #6744, .T. ) ;
#5921 = VECTOR ( 'NONE', #2433, 1000.000000000000000 ) ;
#5922 = CARTESIAN_POINT ( 'NONE',  ( -0.4000000000000000222, -2.000000000000000000, 5.794322077004999905 ) ) ;
#5923 = CARTESIAN_POINT ( 'NONE',  ( 4.500000000000000000, 3.100000000000000089, 5.549999999999999822 ) ) ;
#5924 = ORIENTED_EDGE ( 'NONE', *, *, #232, .F. ) ;
#5925 = EDGE_LOOP ( 'NONE', ( #5371, #6445, #487 ) ) ;
#5926 = DIRECTION ( 'NONE',  ( -1.000000000000000000, 0.000000000000000000, 0.000000000000000000 ) ) ;
#5927 = AXIS2_PLACEMENT_3D ( 'NONE', #5097, #6229, #3368 ) ;
#5928 = DIRECTION ( 'NONE',  ( 0.000000000000000000, -1.000000000000000000, 0.000000000000000000 ) ) ;
#5929 = ADVANCED_FACE ( 'NONE', ( #3804 ), #425, .F. ) ;
#5930 = DIRECTION ( 'NONE',  ( 0.000000000000000000, 0.000000000000000000, -1.000000000000000000 ) ) ;
#5931 = ADVANCED_FACE ( 'NONE', ( #6931 ), #3883, .T. ) ;
#5932 = LINE ( 'NONE', #5889, #3092 ) ;
#5933 = EDGE_CURVE ( 'NONE', #391, #6907, #2115, .T. ) ;
#5934 = ORIENTED_EDGE ( 'NONE', *, *, #5012, .T. ) ;
#5935 = CARTESIAN_POINT ( 'NONE',  ( 0.8499999999999999778, -2.500000000000000000, -5.250000000000000000 ) ) ;
#5936 = ORIENTED_EDGE ( 'NONE', *, *, #458, .F. ) ;
#5937 = DIRECTION ( 'NONE',  ( 0.000000000000000000, 0.000000000000000000, -1.000000000000000000 ) ) ;
#5938 = VERTEX_POINT ( 'NONE', #5047 ) ;
#5939 = CARTESIAN_POINT ( 'NONE',  ( 3.399999999999999911, 2.399999999999999911, 5.799999999999999822 ) ) ;
#5940 = CARTESIAN_POINT ( 'NONE',  ( 5.200000000000000178, -1.699999999999999956, 4.675000000000000711 ) ) ;
#5941 = LINE ( 'NONE', #4738, #313 ) ;
#5942 = ORIENTED_EDGE ( 'NONE', *, *, #4372, .F. ) ;
#5943 = VERTEX_POINT ( 'NONE', #6708 ) ;
#5944 = ORIENTED_EDGE ( 'NONE', *, *, #3311, .T. ) ;
#5945 = CC_DESIGN_APPROVAL ( #3629, ( #6623 ) ) ;
#5946 = VERTEX_POINT ( 'NONE', #5530 ) ;
#5947 = DIRECTION ( 'NONE',  ( 0.000000000000000000, 0.000000000000000000, 1.000000000000000000 ) ) ;
#5948 = CARTESIAN_POINT ( 'NONE',  ( -2.000000000002078782, 0.5000000000000002220, 10.55000000000000071 ) ) ;
#5949 = FACE_OUTER_BOUND ( 'NONE', #1072, .T. ) ;
#5950 = VECTOR ( 'NONE', #6523, 1000.000000000000000 ) ;
#5951 = CYLINDRICAL_SURFACE ( 'NONE', #5856, 1.800000000000000044 ) ;
#5952 = ORIENTED_EDGE ( 'NONE', *, *, #1230, .F. ) ;
#5953 = ORIENTED_EDGE ( 'NONE', *, *, #5000, .F. ) ;
#5954 = DIRECTION ( 'NONE',  ( 0.000000000000000000, 0.000000000000000000, 1.000000000000000000 ) ) ;
#5955 = PLANE ( 'NONE',  #4946 ) ;
#5956 = DIRECTION ( 'NONE',  ( 0.000000000000000000, 1.000000000000000000, 0.000000000000000000 ) ) ;
#5957 = PLANE ( 'NONE',  #622 ) ;
#5958 = DIRECTION ( 'NONE',  ( 0.000000000000000000, -1.000000000000000000, 0.000000000000000000 ) ) ;
#5959 = VERTEX_POINT ( 'NONE', #388 ) ;
#5960 = ORIENTED_EDGE ( 'NONE', *, *, #2715, .T. ) ;
#5961 = ADVANCED_FACE ( 'NONE', ( #1027 ), #7355, .T. ) ;
#5962 = CARTESIAN_POINT ( 'NONE',  ( 4.500000000000000000, 2.649999999999999911, 5.549999999999999822 ) ) ;
#5963 = VECTOR ( 'NONE', #1559, 1000.000000000000000 ) ;
#5964 = DIRECTION ( 'NONE',  ( -0.000000000000000000, 1.000000000000000000, 0.000000000000000000 ) ) ;
#5965 = DIRECTION ( 'NONE',  ( -1.000000000000000000, 0.000000000000000000, -1.776356839400000238E-14 ) ) ;
#5966 = LINE ( 'NONE', #7211, #1160 ) ;
#5967 = VECTOR ( 'NONE', #812, 1000.000000000000000 ) ;
#5968 = VERTEX_POINT ( 'NONE', #1619 ) ;
#5969 = ADVANCED_FACE ( 'NONE', ( #4978 ), #3920, .F. ) ;
#5970 = EDGE_CURVE ( 'NONE', #1720, #3134, #7170, .T. ) ;
#5971 = LINE ( 'NONE', #3565, #6389 ) ;
#5972 = EDGE_CURVE ( 'NONE', #5366, #2507, #6140, .T. ) ;
#5973 = ORIENTED_EDGE ( 'NONE', *, *, #1886, .T. ) ;
#5974 = AXIS2_PLACEMENT_3D ( 'NONE', #2985, #1773, #6299 ) ;
#5975 = ADVANCED_FACE ( 'NONE', ( #3287 ), #5575, .F. ) ;
#5976 = CYLINDRICAL_SURFACE ( 'NONE', #723, 2.100000000000000089 ) ;
#5977 = DIRECTION ( 'NONE',  ( 0.000000000000000000, 1.000000000000000000, 0.000000000000000000 ) ) ;
#5978 = DIRECTION ( 'NONE',  ( 0.000000000000000000, 1.000000000000000000, 0.000000000000000000 ) ) ;
#5979 = VERTEX_POINT ( 'NONE', #786 ) ;
#5980 = VERTEX_POINT ( 'NONE', #1197 ) ;
#5981 = ORIENTED_EDGE ( 'NONE', *, *, #2892, .F. ) ;
#5982 = ORIENTED_EDGE ( 'NONE', *, *, #5399, .F. ) ;
#5983 = CARTESIAN_POINT ( 'NONE',  ( 2.600000000000000089, 0.5000000000000000000, 5.825000000000000178 ) ) ;
#5984 = EDGE_CURVE ( 'NONE', #6492, #5524, #4173, .T. ) ;
#5985 = CARTESIAN_POINT ( 'NONE',  ( -0.4000000000000000222, -2.277571154197000070, 5.634283827185999627 ) ) ;
#5986 = FACE_OUTER_BOUND ( 'NONE', #2293, .T. ) ;
#5987 = LINE ( 'NONE', #1463, #1289 ) ;
#5988 = ORIENTED_EDGE ( 'NONE', *, *, #1740, .F. ) ;
#5989 = ORIENTED_EDGE ( 'NONE', *, *, #631, .F. ) ;
#5990 = PLANE ( 'NONE',  #4955 ) ;
#5991 = LINE ( 'NONE', #2575, #270 ) ;
#5992 = DIRECTION ( 'NONE',  ( -1.000000000000000000, 0.000000000000000000, 0.000000000000000000 ) ) ;
#5993 = CARTESIAN_POINT ( 'NONE',  ( 3.974999999999999201, 3.121762141438999993, 5.549999999999999822 ) ) ;
#5994 = DIRECTION ( 'NONE',  ( 0.000000000000000000, -1.000000000000000000, 0.000000000000000000 ) ) ;
#5995 = ORIENTED_EDGE ( 'NONE', *, *, #871, .F. ) ;
#5996 = VERTEX_POINT ( 'NONE', #4664 ) ;
#5997 = LINE ( 'NONE', #5469, #3627 ) ;
#5998 = PLANE ( 'NONE',  #6653 ) ;
#5999 = CARTESIAN_POINT ( 'NONE',  ( 3.799999999999999822, -4.899999999999999467, -5.799999999999999822 ) ) ;
#6000 = ADVANCED_FACE ( 'NONE', ( #3087 ), #2403, .T. ) ;
#6001 = DIRECTION ( 'NONE',  ( 0.000000000000000000, 0.000000000000000000, 1.000000000000000000 ) ) ;
#6002 = ORIENTED_EDGE ( 'NONE', *, *, #6624, .T. ) ;
#6003 = LINE ( 'NONE', #3153, #498 ) ;
#6004 = CARTESIAN_POINT ( 'NONE',  ( 4.500000000000000000, 2.500000000000000000, 6.224999999999978328 ) ) ;
#6005 = DIRECTION ( 'NONE',  ( 0.000000000000000000, 0.000000000000000000, -1.000000000000000000 ) ) ;
#6006 = VECTOR ( 'NONE', #3869, 1000.000000000000000 ) ;
#6007 = EDGE_CURVE ( 'NONE', #3664, #1574, #1797, .T. ) ;
#6008 = EDGE_CURVE ( 'NONE', #1348, #7326, #2450, .T. ) ;
#6009 = CARTESIAN_POINT ( 'NONE',  ( 0.2000000000000000111, 0.5000000000000000000, 10.55000000000000071 ) ) ;
#6010 = VERTEX_POINT ( 'NONE', #7009 ) ;
#6011 = ORIENTED_EDGE ( 'NONE', *, *, #2988, .T. ) ;
#6012 = ORIENTED_EDGE ( 'NONE', *, *, #1740, .T. ) ;
#6013 = CIRCLE ( 'NONE', #2654, 0.2000000000000000944 ) ;
#6014 = AXIS2_PLACEMENT_3D ( 'NONE', #4902, #1502, #943 ) ;
#6015 = VERTEX_POINT ( 'NONE', #2974 ) ;
#6016 = DIRECTION ( 'NONE',  ( 1.000000000000000000, 0.000000000000000000, 0.000000000000000000 ) ) ;
#6017 = EDGE_CURVE ( 'NONE', #6326, #3304, #1303, .T. ) ;
#6018 = DIRECTION ( 'NONE',  ( -0.000000000000000000, 1.000000000000000000, 0.000000000000000000 ) ) ;
#6019 = ADVANCED_FACE ( 'NONE', ( #6438 ), #707, .F. ) ;
#6020 = VECTOR ( 'NONE', #4647, 1000.000000000000000 ) ;
#6021 = CIRCLE ( 'NONE', #4703, 0.1499999999999999944 ) ;
#6022 = CONICAL_SURFACE ( 'NONE', #3737, 0.5999999999489998848, 0.7853981633972990650 ) ;
#6023 = VECTOR ( 'NONE', #1012, 1000.000000000000227 ) ;
#6024 = ADVANCED_FACE ( 'NONE', ( #4137 ), #3537, .F. ) ;
#6025 = DIRECTION ( 'NONE',  ( 0.000000000000000000, 0.000000000000000000, 1.000000000000000000 ) ) ;
#6026 = EDGE_CURVE ( 'NONE', #6040, #679, #1271, .T. ) ;
#6027 = ORIENTED_EDGE ( 'NONE', *, *, #3576, .F. ) ;
#6028 = ORIENTED_EDGE ( 'NONE', *, *, #2583, .T. ) ;
#6029 = DIRECTION ( 'NONE',  ( -1.000000000000000000, 0.000000000000000000, 0.000000000000000000 ) ) ;
#6030 = AXIS2_PLACEMENT_3D ( 'NONE', #921, #6649, #7284 ) ;
#6031 = VECTOR ( 'NONE', #5035, 1000.000000000000000 ) ;
#6032 = CARTESIAN_POINT ( 'NONE',  ( 5.750000000000000000, 3.000000000000000000, 0.000000000000000000 ) ) ;
#6033 = B_SPLINE_CURVE_WITH_KNOTS ( 'NONE', 3,
 ( #4467, #6766, #1600, #35 ),
 .UNSPECIFIED., .F., .F.,
 ( 4, 4 ),
 ( 0.000000000000000000, 1.000000000000000000 ),
 .UNSPECIFIED. ) ;
#6034 = LINE ( 'NONE', #7245, #6736 ) ;
#6035 = DIRECTION ( 'NONE',  ( -0.000000000000000000, 1.000000000000000000, 0.000000000000000000 ) ) ;
#6036 = DIRECTION ( 'NONE',  ( 1.000000000000000000, 0.000000000000000000, 0.000000000000000000 ) ) ;
#6037 = VECTOR ( 'NONE', #4153, 1000.000000000000000 ) ;
#6038 = ORIENTED_EDGE ( 'NONE', *, *, #3172, .T. ) ;
#6039 = VECTOR ( 'NONE', #941, 1000.000000000000000 ) ;
#6040 = VERTEX_POINT ( 'NONE', #2515 ) ;
#6041 = DIRECTION ( 'NONE',  ( -1.000000000000000000, 0.000000000000000000, 0.000000000000000000 ) ) ;
#6042 = CARTESIAN_POINT ( 'NONE',  ( 3.475549786411999964, -1.329668090586000107, 5.500000000000000000 ) ) ;
#6043 = VECTOR ( 'NONE', #338, 1000.000000000000000 ) ;
#6044 = AXIS2_PLACEMENT_3D ( 'NONE', #1860, #3073, #4795 ) ;
#6045 = CARTESIAN_POINT ( 'NONE',  ( 2.299999999999999822, -1.800000000000000044, 5.500000000000000000 ) ) ;
#6046 = CARTESIAN_POINT ( 'NONE',  ( 3.761803398874989934, -1.699999999999999956, -6.100000000000000533 ) ) ;
#6047 = CIRCLE ( 'NONE', #1471, 0.8500000000000000888 ) ;
#6048 = VERTEX_POINT ( 'NONE', #675 ) ;
#6049 = DIRECTION ( 'NONE',  ( 0.000000000000000000, 0.000000000000000000, -1.000000000000000000 ) ) ;
#6050 = DIRECTION ( 'NONE',  ( 1.000000000000000000, 0.000000000000000000, 0.000000000000000000 ) ) ;
#6051 = DIRECTION ( 'NONE',  ( -1.000000000000000000, 0.000000000000000000, 0.000000000000000000 ) ) ;
#6052 = DIRECTION ( 'NONE',  ( 0.000000000000000000, 0.000000000000000000, -1.000000000000000000 ) ) ;
#6053 = ORIENTED_EDGE ( 'NONE', *, *, #4031, .F. ) ;
#6054 = EDGE_CURVE ( 'NONE', #1838, #5447, #2963, .T. ) ;
#6055 = VERTEX_POINT ( 'NONE', #3602 ) ;
#6056 = ORIENTED_EDGE ( 'NONE', *, *, #1408, .F. ) ;
#6057 = CARTESIAN_POINT ( 'NONE',  ( 0.2000000000000000111, 0.5249986853333999948, 5.500000000000000000 ) ) ;
#6058 = ORIENTED_EDGE ( 'NONE', *, *, #3836, .T. ) ;
#6059 = EDGE_CURVE ( 'NONE', #4374, #473, #4040, .T. ) ;
#6060 = CARTESIAN_POINT ( 'NONE',  ( 5.200000000000000178, 2.399999999999999911, -1.550000000000000044 ) ) ;
#6061 = DIRECTION ( 'NONE',  ( -9.499238001433084776E-09, 0.000000000000000000, 0.9999999999999997780 ) ) ;
#6062 = DIRECTION ( 'NONE',  ( 8.673617379884035472E-16, 0.000000000000000000, 1.000000000000000000 ) ) ;
#6063 = ORIENTED_EDGE ( 'NONE', *, *, #1537, .F. ) ;
#6064 = VERTEX_POINT ( 'NONE', #1950 ) ;
#6065 = EDGE_CURVE ( 'NONE', #992, #5262, #5941, .T. ) ;
#6066 = LINE ( 'NONE', #879, #3039 ) ;
#6067 = VECTOR ( 'NONE', #1530, 1000.000000000000000 ) ;
#6068 = LINE ( 'NONE', #3730, #4240 ) ;
#6069 = ADVANCED_FACE ( 'NONE', ( #1872 ), #5795, .T. ) ;
#6070 = EDGE_CURVE ( 'NONE', #4165, #5120, #3053, .T. ) ;
#6071 = DIRECTION ( 'NONE',  ( 0.8777239347058632957, 0.4791666666666801744, 0.000000000000000000 ) ) ;
#6072 = DIRECTION ( 'NONE',  ( 0.000000000000000000, 0.000000000000000000, 1.000000000000000000 ) ) ;
#6073 = CARTESIAN_POINT ( 'NONE',  ( 2.550000000000000266, 2.500000000000000000, 5.950000000000000178 ) ) ;
#6074 = ORIENTED_EDGE ( 'NONE', *, *, #1884, .F. ) ;
#6075 = VERTEX_POINT ( 'NONE', #2480 ) ;
#6076 = ORIENTED_EDGE ( 'NONE', *, *, #400, .F. ) ;
#6077 = PLANE ( 'NONE',  #1945 ) ;
#6078 = DIRECTION ( 'NONE',  ( -1.000000000000000000, 0.000000000000000000, 0.000000000000000000 ) ) ;
#6079 = CARTESIAN_POINT ( 'NONE',  ( -3.075549786411999609, -1.329668090586000107, 5.799999999999999822 ) ) ;
#6080 = CYLINDRICAL_SURFACE ( 'NONE', #5848, 0.5250000000000002442 ) ;
#6081 = VERTEX_POINT ( 'NONE', #7077 ) ;
#6082 = AXIS2_PLACEMENT_3D ( 'NONE', #365, #332, #1521 ) ;
#6083 = DIRECTION ( 'NONE',  ( 0.000000000000000000, 1.000000000000000000, 0.000000000000000000 ) ) ;
#6084 = DIRECTION ( 'NONE',  ( 0.000000000000000000, -1.000000000000000000, 0.000000000000000000 ) ) ;
#6085 = LINE ( 'NONE', #7261, #2049 ) ;
#6086 = DIRECTION ( 'NONE',  ( 1.000000000000000000, 0.000000000000000000, 0.000000000000000000 ) ) ;
#6087 = ORIENTED_EDGE ( 'NONE', *, *, #3128, .T. ) ;
#6088 = ORIENTED_EDGE ( 'NONE', *, *, #3906, .T. ) ;
#6089 = VERTEX_POINT ( 'NONE', #1907 ) ;
#6090 = CARTESIAN_POINT ( 'NONE',  ( 0.1532033693045000144, -2.299999999999999822, -3.850000000000000089 ) ) ;
#6091 = ORIENTED_EDGE ( 'NONE', *, *, #6900, .F. ) ;
#6092 = AXIS2_PLACEMENT_3D ( 'NONE', #3547, #3580, #4149 ) ;
#6093 = DIRECTION ( 'NONE',  ( -0.5773502691896257311, 0.5773502691896257311, 0.5773502691896257311 ) ) ;
#6094 = LINE ( 'NONE', #937, #4592 ) ;
#6095 = EDGE_CURVE ( 'NONE', #3432, #2728, #1869, .T. ) ;
#6096 = DIRECTION ( 'NONE',  ( 1.000000000000000000, 0.000000000000000000, 0.000000000000000000 ) ) ;
#6097 = VERTEX_POINT ( 'NONE', #6507 ) ;
#6098 = ORIENTED_EDGE ( 'NONE', *, *, #138, .T. ) ;
#6099 = PLANE ( 'NONE',  #1827 ) ;
#6100 = DIRECTION ( 'NONE',  ( 1.000000000000000000, 0.000000000000000000, 0.000000000000000000 ) ) ;
#6101 = CARTESIAN_POINT ( 'NONE',  ( 2.500000000000000000, -1.699999999999999956, 5.799999999999999822 ) ) ;
#6102 = LINE ( 'NONE', #945, #6748 ) ;
#6103 = EDGE_CURVE ( 'NONE', #6055, #5563, #2558, .T. ) ;
#6104 = EDGE_CURVE ( 'NONE', #6294, #4674, #1394, .T. ) ;
#6105 = CARTESIAN_POINT ( 'NONE',  ( 2.200000000000000178, 2.500000000000000000, 5.950000000000000178 ) ) ;
#6106 = ORIENTED_EDGE ( 'NONE', *, *, #1960, .F. ) ;
#6107 = ORIENTED_EDGE ( 'NONE', *, *, #7369, .T. ) ;
#6108 = ADVANCED_FACE ( 'NONE', ( #5479 ), #4958, .T. ) ;
#6109 = EDGE_LOOP ( 'NONE', ( #3797, #899, #4023 ) ) ;
#6110 = LINE ( 'NONE', #321, #7242 ) ;
#6111 = LINE ( 'NONE', #4385, #2920 ) ;
#6112 = CARTESIAN_POINT ( 'NONE',  ( 3.600000000000000089, 3.078237858560999740, 5.549999999999999822 ) ) ;
#6113 = DIRECTION ( 'NONE',  ( 0.000000000000000000, 1.000000000000000000, 0.000000000000000000 ) ) ;
#6114 = ADVANCED_FACE ( 'NONE', ( #3683 ), #1486, .F. ) ;
#6115 = ADVANCED_FACE ( 'NONE', ( #4919, #4886 ), #4850, .T. ) ;
#6116 = ORIENTED_EDGE ( 'NONE', *, *, #4724, .F. ) ;
#6117 = LINE ( 'NONE', #3817, #1938 ) ;
#6118 = FACE_BOUND ( 'NONE', #6554, .T. ) ;
#6119 = CARTESIAN_POINT ( 'NONE',  ( 4.850000000000000533, -1.899999999999999911, 1.000000000000000000 ) ) ;
#6120 = DIRECTION ( 'NONE',  ( 1.000000000000000000, 0.000000000000000000, 0.000000000000000000 ) ) ;
#6121 = DIRECTION ( 'NONE',  ( 0.000000000000000000, -1.000000000000000000, 0.000000000000000000 ) ) ;
#6122 = ORIENTED_EDGE ( 'NONE', *, *, #1188, .F. ) ;
#6123 = ORIENTED_EDGE ( 'NONE', *, *, #1877, .F. ) ;
#6124 = ORIENTED_EDGE ( 'NONE', *, *, #2660, .F. ) ;
#6125 = LINE ( 'NONE', #6090, #6023 ) ;
#6126 = EDGE_LOOP ( 'NONE', ( #4011, #4324, #5310, #1748 ) ) ;
#6127 = LINE ( 'NONE', #6210, #1202 ) ;
#6128 = LINE ( 'NONE', #4402, #745 ) ;
#6129 = LINE ( 'NONE', #5038, #3897 ) ;
#6130 = ORIENTED_EDGE ( 'NONE', *, *, #4411, .T. ) ;
#6131 = VECTOR ( 'NONE', #3935, 1000.000000000000000 ) ;
#6132 = AXIS2_PLACEMENT_3D ( 'NONE', #4768, #7112, #1947 ) ;
#6133 = ORIENTED_EDGE ( 'NONE', *, *, #4444, .T. ) ;
#6134 = PLANE ( 'NONE',  #513 ) ;
#6135 = ADVANCED_FACE ( 'NONE', ( #3266 ), #7188, .T. ) ;
#6136 = DIRECTION ( 'NONE',  ( 0.000000000000000000, 1.000000000000000000, 0.000000000000000000 ) ) ;
#6137 = AXIS2_PLACEMENT_3D ( 'NONE', #6495, #5542, #1114 ) ;
#6138 = CARTESIAN_POINT ( 'NONE',  ( -2.475000000000000089, 0.3020000000000000462, -1.787069746573074935 ) ) ;
#6139 = CIRCLE ( 'NONE', #1208, 1.800000000000000044 ) ;
#6140 = LINE ( 'NONE', #3464, #3197 ) ;
#6141 = DIRECTION ( 'NONE',  ( 0.000000000000000000, 1.000000000000000000, 0.000000000000000000 ) ) ;
#6142 = VERTEX_POINT ( 'NONE', #3715 ) ;
#6143 = ORIENTED_EDGE ( 'NONE', *, *, #6304, .T. ) ;
#6144 = EDGE_CURVE ( 'NONE', #4667, #6907, #4321, .T. ) ;
#6145 = AXIS2_PLACEMENT_3D ( 'NONE', #2577, #4832, #4867 ) ;
#6146 = VECTOR ( 'NONE', #6158, 1000.000000000000000 ) ;
#6147 = VERTEX_POINT ( 'NONE', #7263 ) ;
#6148 = VECTOR ( 'NONE', #1734, 1000.000000000000000 ) ;
#6149 = DIRECTION ( 'NONE',  ( -8.659560562353641098E-17, -0.7071067811866530439, -0.7071067811864419905 ) ) ;
#6150 = EDGE_CURVE ( 'NONE', #3112, #5158, #6454, .T. ) ;
#6151 = CYLINDRICAL_SURFACE ( 'NONE', #52, 0.2999999999999999334 ) ;
#6152 = AXIS2_PLACEMENT_3D ( 'NONE', #2234, #6341, #3889 ) ;
#6153 = VECTOR ( 'NONE', #1032, 1000.000000000000227 ) ;
#6154 = CARTESIAN_POINT ( 'NONE',  ( 0.2000000000000000111, -4.850000000000000533, 5.000000000000000000 ) ) ;
#6155 = CARTESIAN_POINT ( 'NONE',  ( 4.825000000000000178, -1.800000000000000044, 2.250000000000000000 ) ) ;
#6156 = ORIENTED_EDGE ( 'NONE', *, *, #4829, .T. ) ;
#6157 = CIRCLE ( 'NONE', #4715, 0.3000000000000000444 ) ;
#6158 = DIRECTION ( 'NONE',  ( 0.000000000000000000, 0.000000000000000000, 1.000000000000000000 ) ) ;
#6159 = VECTOR ( 'NONE', #5088, 1000.000000000000000 ) ;
#6160 = EDGE_CURVE ( 'NONE', #6898, #2919, #7295, .T. ) ;
#6161 = DIRECTION ( 'NONE',  ( 0.000000000000000000, 0.000000000000000000, 1.000000000000000000 ) ) ;
#6162 = CARTESIAN_POINT ( 'NONE',  ( 0.5875347804278000519, -2.200000000000000178, -4.950000000000000178 ) ) ;
#6163 = ADVANCED_FACE ( 'NONE', ( #7152 ), #3229, .F. ) ;
#6164 = EDGE_CURVE ( 'NONE', #7223, #6806, #5514, .T. ) ;
#6165 = CARTESIAN_POINT ( 'NONE',  ( -0.4239999999999999880, -1.928740671584000088, 5.349999999999999645 ) ) ;
#6166 = DIRECTION ( 'NONE',  ( -0.5547001962240989403, 0.8320502943385971184, 0.000000000000000000 ) ) ;
#6167 = VECTOR ( 'NONE', #2276, 1000.000000000000000 ) ;
#6168 = EDGE_LOOP ( 'NONE', ( #5148, #2331, #4448, #2835 ) ) ;
#6169 = ORIENTED_EDGE ( 'NONE', *, *, #3406, .F. ) ;
#6170 = ORIENTED_EDGE ( 'NONE', *, *, #882, .T. ) ;
#6171 = CARTESIAN_POINT ( 'NONE',  ( -2.475000000000000089, -5.500000000000000000, -0.8499999999999999778 ) ) ;
#6172 = CIRCLE ( 'NONE', #382, 0.1999999999999999001 ) ;
#6173 = DIRECTION ( 'NONE',  ( 0.000000000000000000, -1.000000000000000000, 0.000000000000000000 ) ) ;
#6174 = CARTESIAN_POINT ( 'NONE',  ( 0.2000000000000000111, 0.5000000000000000000, 5.486854749822000166 ) ) ;
#6175 = ORIENTED_EDGE ( 'NONE', *, *, #3710, .T. ) ;
#6176 = PERSON_AND_ORGANIZATION_ROLE ( 'creator' ) ;
#6177 = ORIENTED_EDGE ( 'NONE', *, *, #6704, .F. ) ;
#6178 = ORIENTED_EDGE ( 'NONE', *, *, #2908, .F. ) ;
#6179 = ORIENTED_EDGE ( 'NONE', *, *, #5041, .T. ) ;
#6180 = CARTESIAN_POINT ( 'NONE',  ( -1.800000000004999823, 0.5000000000000002220, 10.34999999999999964 ) ) ;
#6181 = DIRECTION ( 'NONE',  ( 0.000000000000000000, 1.000000000000000000, 0.000000000000000000 ) ) ;
#6182 = DIRECTION ( 'NONE',  ( -1.000000000000000000, 0.000000000000000000, 0.000000000000000000 ) ) ;
#6183 = FACE_BOUND ( 'NONE', #1130, .T. ) ;
#6184 = DIRECTION ( 'NONE',  ( 0.000000000000000000, -1.000000000000000000, 2.393093793796000030E-12 ) ) ;
#6185 = DIRECTION ( 'NONE',  ( 0.000000000000000000, 0.000000000000000000, -1.000000000000000000 ) ) ;
#6186 = ORIENTED_EDGE ( 'NONE', *, *, #1744, .T. ) ;
#6187 = ORIENTED_EDGE ( 'NONE', *, *, #2255, .T. ) ;
#6188 = EDGE_LOOP ( 'NONE', ( #3192, #6562, #3465, #2768 ) ) ;
#6189 = CARTESIAN_POINT ( 'NONE',  ( 1.100000000000000089, 3.078237858560999740, -4.450000000000000178 ) ) ;
#6190 = LINE ( 'NONE', #4495, #2448 ) ;
#6191 = DIRECTION ( 'NONE',  ( 0.000000000000000000, 0.000000000000000000, 1.000000000000000000 ) ) ;
#6192 = DIRECTION ( 'NONE',  ( 0.8320502943380743144, -0.5547001962248832019, 0.000000000000000000 ) ) ;
#6193 = EDGE_CURVE ( 'NONE', #5209, #1466, #4881, .T. ) ;
#6194 = VERTEX_POINT ( 'NONE', #4393 ) ;
#6195 = DIRECTION ( 'NONE',  ( 0.000000000000000000, 0.000000000000000000, 1.000000000000000000 ) ) ;
#6196 = CARTESIAN_POINT ( 'NONE',  ( 3.750000000000000000, -2.500000000000000000, -5.774999999999999467 ) ) ;
#6197 = CARTESIAN_POINT ( 'NONE',  ( 2.299999999999999822, -1.800000000000000044, 5.799999999999999822 ) ) ;
#6198 = CARTESIAN_POINT ( 'NONE',  ( 2.550000000000000266, 1.649999999999999911, 5.950000000000000178 ) ) ;
#6199 = CARTESIAN_POINT ( 'NONE',  ( 0.2000000000000000111, 0.5000000000000000000, 5.841499999999999915 ) ) ;
#6200 = ORIENTED_EDGE ( 'NONE', *, *, #493, .F. ) ;
#6201 = VECTOR ( 'NONE', #6968, 1000.000000000000000 ) ;
#6202 = ADVANCED_FACE ( 'NONE', ( #3822 ), #4992, .T. ) ;
#6203 = EDGE_CURVE ( 'NONE', #287, #2169, #820, .T. ) ;
#6204 = CARTESIAN_POINT ( 'NONE',  ( 4.840557876839999274, -1.699999999999999956, 2.288196601125009888 ) ) ;
#6205 = EDGE_LOOP ( 'NONE', ( #516, #1009, #6589 ) ) ;
#6206 = EDGE_CURVE ( 'NONE', #1614, #3468, #5403, .T. ) ;
#6207 = FACE_OUTER_BOUND ( 'NONE', #7346, .T. ) ;
#6208 = ADVANCED_FACE ( 'NONE', ( #259, #5445 ), #297, .F. ) ;
#6209 = AXIS2_PLACEMENT_3D ( 'NONE', #110, #1829, #5822 ) ;
#6210 = CARTESIAN_POINT ( 'NONE',  ( 3.625000000000000000, -2.100000000000000089, 5.474999999999999645 ) ) ;
#6211 = CARTESIAN_POINT ( 'NONE',  ( -1.449999999999999956, 2.500000000000000000, -6.424999999999999822 ) ) ;
#6212 = VERTEX_POINT ( 'NONE', #2742 ) ;
#6213 = CARTESIAN_POINT ( 'NONE',  ( 3.475549786411999964, -1.329668090586000107, 5.500000000000000000 ) ) ;
#6214 = VERTEX_POINT ( 'NONE', #2890 ) ;
#6215 = ORIENTED_EDGE ( 'NONE', *, *, #917, .F. ) ;
#6216 = AXIS2_PLACEMENT_3D ( 'NONE', #2117, #2807, #2727 ) ;
#6217 = EDGE_CURVE ( 'NONE', #2799, #664, #2168, .T. ) ;
#6218 = ORIENTED_EDGE ( 'NONE', *, *, #2660, .T. ) ;
#6219 = CARTESIAN_POINT ( 'NONE',  ( -2.449999999999999734, -1.800000000000000044, -0.6999999999999999556 ) ) ;
#6220 = CARTESIAN_POINT ( 'NONE',  ( -0.4000000000000000222, -2.621259328415999956, 5.299999999999999822 ) ) ;
#6221 = CARTESIAN_POINT ( 'NONE',  ( 3.625000000000000000, 2.299999999999999822, 5.474999999999999645 ) ) ;
#6222 = CARTESIAN_POINT ( 'NONE',  ( -3.000000000000000000, 2.200000000000000178, 5.813145250178000545 ) ) ;
#6223 = AXIS2_PLACEMENT_3D ( 'NONE', #5381, #7090, #7161 ) ;
#6224 = DIRECTION ( 'NONE',  ( 1.000000000000000000, 0.000000000000000000, 0.000000000000000000 ) ) ;
#6225 = ORIENTED_EDGE ( 'NONE', *, *, #6841, .F. ) ;
#6226 = VERTEX_POINT ( 'NONE', #3420 ) ;
#6227 = ORIENTED_EDGE ( 'NONE', *, *, #1448, .T. ) ;
#6228 = DIRECTION ( 'NONE',  ( 0.000000000000000000, -1.000000000000000000, 0.000000000000000000 ) ) ;
#6229 = DIRECTION ( 'NONE',  ( 0.000000000000000000, -1.000000000000000000, 0.000000000000000000 ) ) ;
#6230 = CYLINDRICAL_SURFACE ( 'NONE', #255, 2.350000000000000089 ) ;
#6231 = DIRECTION ( 'NONE',  ( 0.000000000000000000, 0.000000000000000000, 1.000000000000000000 ) ) ;
#6232 = EDGE_LOOP ( 'NONE', ( #4003, #298, #3777, #402 ) ) ;
#6233 = CARTESIAN_POINT ( 'NONE',  ( 0.1757717520002999856, -0.8499999999999999778, 5.950000000000000178 ) ) ;
#6234 = DIRECTION ( 'NONE',  ( 1.000000000000000000, 0.000000000000000000, 0.000000000000000000 ) ) ;
#6235 = CARTESIAN_POINT ( 'NONE',  ( -2.649999999999999911, -1.699999999999999956, 5.062500000000000000 ) ) ;
#6236 = DIRECTION ( 'NONE',  ( 1.000000000000000000, 0.000000000000000000, 0.000000000000000000 ) ) ;
#6237 = CARTESIAN_POINT ( 'NONE',  ( 4.500000000000000000, 3.500000000000000000, 4.700000000000000178 ) ) ;
#6238 = ORIENTED_EDGE ( 'NONE', *, *, #5583, .T. ) ;
#6239 = ORIENTED_EDGE ( 'NONE', *, *, #1837, .T. ) ;
#6240 = VERTEX_POINT ( 'NONE', #5180 ) ;
#6241 = AXIS2_PLACEMENT_3D ( 'NONE', #7420, #6889, #4548 ) ;
#6242 = CARTESIAN_POINT ( 'NONE',  ( 0.8000000000000000444, -2.000000000000000000, 5.794322077004999905 ) ) ;
#6243 = EDGE_CURVE ( 'NONE', #5968, #2844, #6938, .T. ) ;
#6244 = CARTESIAN_POINT ( 'NONE',  ( 0.2000000000000000111, 2.899999999999999911, 5.950000000000000178 ) ) ;
#6245 = LINE ( 'NONE', #1683, #6639 ) ;
#6246 = ORIENTED_EDGE ( 'NONE', *, *, #6164, .F. ) ;
#6247 = VERTEX_POINT ( 'NONE', #1604 ) ;
#6248 = VERTEX_POINT ( 'NONE', #6725 ) ;
#6249 = ORIENTED_EDGE ( 'NONE', *, *, #6900, .T. ) ;
#6250 = CARTESIAN_POINT ( 'NONE',  ( -2.100000000000000089, -1.500000000000000000, 5.799999999999999822 ) ) ;
#6251 = ADVANCED_FACE ( 'NONE', ( #4016 ), #2783, .F. ) ;
#6252 = DIRECTION ( 'NONE',  ( 1.000000000000000000, 1.110223024625000030E-14, 0.000000000000000000 ) ) ;
#6253 = LINE ( 'NONE', #4601, #854 ) ;
#6254 = DIRECTION ( 'NONE',  ( 0.7071067811865474617, 0.7071067811865474617, 0.000000000000000000 ) ) ;
#6255 = ADVANCED_FACE ( 'NONE', ( #1673 ), #3900, .T. ) ;
#6256 = EDGE_CURVE ( 'NONE', #2085, #2250, #1044, .T. ) ;
#6257 = CIRCLE ( 'NONE', #3392, 2.399999999999999911 ) ;
#6258 = AXIS2_PLACEMENT_3D ( 'NONE', #330, #4803, #2626 ) ;
#6259 = CARTESIAN_POINT ( 'NONE',  ( 0.8000000000000000444, -2.621259328415999956, 5.000000000001000089 ) ) ;
#6260 = ORIENTED_EDGE ( 'NONE', *, *, #1503, .T. ) ;
#6261 = ORIENTED_EDGE ( 'NONE', *, *, #2114, .F. ) ;
#6262 = ORIENTED_EDGE ( 'NONE', *, *, #85, .F. ) ;
#6263 = CYLINDRICAL_SURFACE ( 'NONE', #744, 2.350000000000000089 ) ;
#6264 = VECTOR ( 'NONE', #6051, 1000.000000000000000 ) ;
#6265 = VECTOR ( 'NONE', #7135, 1000.000000000000000 ) ;
#6266 = DIRECTION ( 'NONE',  ( 0.000000000000000000, 0.000000000000000000, 1.000000000000000000 ) ) ;
#6267 = FACE_OUTER_BOUND ( 'NONE', #1304, .T. ) ;
#6268 = CYLINDRICAL_SURFACE ( 'NONE', #6812, 2.399999999999999911 ) ;
#6269 = AXIS2_PLACEMENT_3D ( 'NONE', #3962, #5582, #4420 ) ;
#6270 = VECTOR ( 'NONE', #934, 1000.000000000000000 ) ;
#6271 = ORIENTED_EDGE ( 'NONE', *, *, #7453, .F. ) ;
#6272 = PLANE ( 'NONE',  #4941 ) ;
#6273 = CYLINDRICAL_SURFACE ( 'NONE', #2442, 0.5999999999999998668 ) ;
#6274 = AXIS2_PLACEMENT_3D ( 'NONE', #4462, #6195, #5105 ) ;
#6275 = AXIS2_PLACEMENT_3D ( 'NONE', #5940, #5899, #1196 ) ;
#6276 = LINE ( 'NONE', #2740, #246 ) ;
#6277 = PLANE ( 'NONE',  #2534 ) ;
#6278 = CARTESIAN_POINT ( 'NONE',  ( -1.449999999999999956, 2.500000000000000000, -6.125000000000000000 ) ) ;
#6279 = ORIENTED_EDGE ( 'NONE', *, *, #145, .F. ) ;
#6280 = AXIS2_PLACEMENT_3D ( 'NONE', #3507, #1247, #2950 ) ;
#6281 = LINE ( 'NONE', #6204, #3424 ) ;
#6282 = CIRCLE ( 'NONE', #1585, 0.2000000000000000944 ) ;
#6283 = VERTEX_POINT ( 'NONE', #2826 ) ;
#6284 = CARTESIAN_POINT ( 'NONE',  ( -0.8499999999999999778, -2.200000000000000178, -5.250000000000000000 ) ) ;
#6285 = CARTESIAN_POINT ( 'NONE',  ( -5.250000000000000000, -1.699999999999999956, -2.500000000000000000 ) ) ;
#6286 = AXIS2_PLACEMENT_3D ( 'NONE', #7410, #7444, #2243 ) ;
#6287 = DIRECTION ( 'NONE',  ( 0.000000000000000000, 0.000000000000000000, -1.000000000000000000 ) ) ;
#6288 = ORIENTED_EDGE ( 'NONE', *, *, #727, .T. ) ;
#6289 = DATE_AND_TIME ( #4593, #2587 ) ;
#6290 = ORIENTED_EDGE ( 'NONE', *, *, #2937, .T. ) ;
#6291 = ORIENTED_EDGE ( 'NONE', *, *, #2138, .F. ) ;
#6292 = ADVANCED_FACE ( 'NONE', ( #4541 ), #6316, .F. ) ;
#6293 = AXIS2_PLACEMENT_3D ( 'NONE', #1435, #995, #889 ) ;
#6294 = VERTEX_POINT ( 'NONE', #6237 ) ;
#6295 = DIRECTION ( 'NONE',  ( 1.000000000000000000, 0.000000000000000000, 0.000000000000000000 ) ) ;
#6296 = LINE ( 'NONE', #6220, #5201 ) ;
#6297 = DIRECTION ( 'NONE',  ( -1.000000000000000000, 0.000000000000000000, 7.502495993580000853E-14 ) ) ;
#6298 = DIRECTION ( 'NONE',  ( 1.000000000000000000, 0.000000000000000000, 0.000000000000000000 ) ) ;
#6299 = DIRECTION ( 'NONE',  ( 0.000000000000000000, -1.000000000000000000, 0.000000000000000000 ) ) ;
#6300 = EDGE_LOOP ( 'NONE', ( #6844, #2289, #7251, #1798 ) ) ;
#6301 = VERTEX_POINT ( 'NONE', #6278 ) ;
#6302 = EDGE_CURVE ( 'NONE', #5774, #5894, #4639, .T. ) ;
#6303 = ORIENTED_CLOSED_SHELL ( 'NONE', *, #2701, .F. );
#6304 = EDGE_CURVE ( 'NONE', #4880, #5066, #593, .T. ) ;
#6305 = DIRECTION ( 'NONE',  ( 0.000000000000000000, 0.000000000000000000, 1.000000000000000000 ) ) ;
#6306 = ADVANCED_FACE ( 'NONE', ( #478 ), #5111, .T. ) ;
#6307 = DIRECTION ( 'NONE',  ( -1.000000000000000000, 3.211106594300000224E-14, 0.000000000000000000 ) ) ;
#6308 = CARTESIAN_POINT ( 'NONE',  ( 4.575000000000000178, -4.899999999999999467, 2.250000000000000000 ) ) ;
#6309 = DIRECTION ( 'NONE',  ( 0.000000000000000000, 0.000000000000000000, -1.000000000000000000 ) ) ;
#6310 = ORIENTED_EDGE ( 'NONE', *, *, #2473, .T. ) ;
#6311 = CARTESIAN_POINT ( 'NONE',  ( -2.125000000000000000, -2.500000000000000000, -0.8499999999999999778 ) ) ;
#6312 = CARTESIAN_POINT ( 'NONE',  ( 0.8000000000000000444, -2.000000000000000000, 5.500000000000000000 ) ) ;
#6313 = CIRCLE ( 'NONE', #6791, 0.2999999999999999334 ) ;
#6314 = CARTESIAN_POINT ( 'NONE',  ( 2.237499999999999822, -2.100000000000000089, 5.237499999999999822 ) ) ;
#6315 = DIRECTION ( 'NONE',  ( 1.000000000000000000, 0.000000000000000000, 0.000000000000000000 ) ) ;
#6316 = CYLINDRICAL_SURFACE ( 'NONE', #1156, 0.5249999999999999112 ) ;
#6317 = ORIENTED_EDGE ( 'NONE', *, *, #1402, .T. ) ;
#6318 = LINE ( 'NONE', #563, #3556 ) ;
#6319 = ORIENTED_EDGE ( 'NONE', *, *, #7140, .F. ) ;
#6320 = CARTESIAN_POINT ( 'NONE',  ( 0.2000000000000000111, 0.5000000000000000000, 5.799999999999999822 ) ) ;
#6321 = CARTESIAN_POINT ( 'NONE',  ( 3.799999999999999822, -3.350000000000000089, -5.950000000000000178 ) ) ;
#6322 = DIRECTION ( 'NONE',  ( 2.368475785867000094E-14, 0.000000000000000000, -1.000000000000000000 ) ) ;
#6323 = DIRECTION ( 'NONE',  ( 1.000000000000000000, 0.000000000000000000, 0.000000000000000000 ) ) ;
#6324 = EDGE_LOOP ( 'NONE', ( #3144, #3404 ) ) ;
#6325 = ORIENTED_EDGE ( 'NONE', *, *, #486, .T. ) ;
#6326 = VERTEX_POINT ( 'NONE', #5629 ) ;
#6327 = ORIENTED_EDGE ( 'NONE', *, *, #5199, .F. ) ;
#6328 = VECTOR ( 'NONE', #4772, 1000.000000000000000 ) ;
#6329 = DIRECTION ( 'NONE',  ( 0.6825022786845929001, 0.7308834651230921020, 0.000000000000000000 ) ) ;
#6330 = PLANE ( 'NONE',  #3870 ) ;
#6331 = CARTESIAN_POINT ( 'NONE',  ( -5.349999999999999645, 3.299999999999999822, 4.675000000000000711 ) ) ;
#6332 = CARTESIAN_POINT ( 'NONE',  ( -4.825000000000000178, 2.649999999999999911, 5.549999999999999822 ) ) ;
#6333 = EDGE_CURVE ( 'NONE', #1021, #4613, #7380, .T. ) ;
#6334 = AXIS2_PLACEMENT_3D ( 'NONE', #515, #2774, #6833 ) ;
#6335 = DIRECTION ( 'NONE',  ( 0.000000000000000000, 0.000000000000000000, -1.000000000000000000 ) ) ;
#6336 = VERTEX_POINT ( 'NONE', #4507 ) ;
#6337 = ORIENTED_EDGE ( 'NONE', *, *, #1960, .T. ) ;
#6338 = ADVANCED_FACE ( 'NONE', ( #6803 ), #1007, .F. ) ;
#6339 = CARTESIAN_POINT ( 'NONE',  ( -2.475000000000000089, -1.900000000000031886, -1.112930253426908322 ) ) ;
#6340 = VECTOR ( 'NONE', #1173, 1000.000000000000000 ) ;
#6341 = DIRECTION ( 'NONE',  ( 0.000000000000000000, 0.000000000000000000, -1.000000000000000000 ) ) ;
#6342 = EDGE_CURVE ( 'NONE', #4470, #6374, #3937, .T. ) ;
#6343 = EDGE_CURVE ( 'NONE', #5, #3684, #3682, .T. ) ;
#6344 = DIRECTION ( 'NONE',  ( 0.000000000000000000, 0.000000000000000000, 1.000000000000000000 ) ) ;
#6345 = DIRECTION ( 'NONE',  ( 1.000000000000000000, 0.000000000000000000, 0.000000000000000000 ) ) ;
#6346 = EDGE_CURVE ( 'NONE', #606, #2091, #4646, .T. ) ;
#6347 = ORIENTED_EDGE ( 'NONE', *, *, #7413, .T. ) ;
#6348 = CARTESIAN_POINT ( 'NONE',  ( -0.4500000000000000111, -2.100000000000000089, 4.649999999999999467 ) ) ;
#6349 = CARTESIAN_POINT ( 'NONE',  ( -0.1325208861381000081, -2.200000000000000178, -3.850000000000000089 ) ) ;
#6350 = EDGE_CURVE ( 'NONE', #2139, #2207, #37, .T. ) ;
#6351 = CARTESIAN_POINT ( 'NONE',  ( 2.550000000000000266, 1.649999999999999911, 6.949999999999999289 ) ) ;
#6352 = DIRECTION ( 'NONE',  ( 0.000000000000000000, -1.000000000000000000, 0.000000000000000000 ) ) ;
#6353 = EDGE_CURVE ( 'NONE', #1755, #1726, #6568, .T. ) ;
#6354 = CARTESIAN_POINT ( 'NONE',  ( 3.050000000000000266, 0.2000000000000000111, 4.675000000000000711 ) ) ;
#6355 = EDGE_CURVE ( 'NONE', #6283, #1622, #5585, .T. ) ;
#6356 = EDGE_LOOP ( 'NONE', ( #6027, #3438, #5619, #5421 ) ) ;
#6357 = DIRECTION ( 'NONE',  ( 0.000000000000000000, -0.7071067811865474617, 0.7071067811865474617 ) ) ;
#6358 = ORIENTED_EDGE ( 'NONE', *, *, #2525, .T. ) ;
#6359 = DIRECTION ( 'NONE',  ( -0.5773502691896257311, 0.5773502691896257311, -0.5773502691896257311 ) ) ;
#6360 = ORIENTED_EDGE ( 'NONE', *, *, #7356, .F. ) ;
#6361 = CARTESIAN_POINT ( 'NONE',  ( 2.299999999999999822, -1.800000000000000044, 5.500000000000000000 ) ) ;
#6362 = DIRECTION ( 'NONE',  ( 0.000000000000000000, 1.000000000000000000, 0.000000000000000000 ) ) ;
#6363 = AXIS2_PLACEMENT_3D ( 'NONE', #3563, #5858, #4090 ) ;
#6364 = DIRECTION ( 'NONE',  ( 1.000000000000000000, -1.467425215157000219E-14, 0.000000000000000000 ) ) ;
#6365 = ORIENTED_EDGE ( 'NONE', *, *, #1982, .F. ) ;
#6366 = ORIENTED_EDGE ( 'NONE', *, *, #5416, .F. ) ;
#6367 = VERTEX_POINT ( 'NONE', #4761 ) ;
#6368 = EDGE_LOOP ( 'NONE', ( #1131, #5766, #7212, #790, #2352, #126, #4430, #2716, #2317, #5222, #1560, #7073, #4415, #6056, #7053, #2142, #3099, #7274, #2006, #3753, #2232, #105, #5296, #3722 ) ) ;
#6369 = DIRECTION ( 'NONE',  ( 0.000000000000000000, -1.000000000000000000, 0.000000000000000000 ) ) ;
#6370 = DIRECTION ( 'NONE',  ( 1.000000000000000000, 0.000000000000000000, 0.000000000000000000 ) ) ;
#6371 = LINE ( 'NONE', #2490, #5536 ) ;
#6372 = FACE_OUTER_BOUND ( 'NONE', #7382, .T. ) ;
#6373 = VERTEX_POINT ( 'NONE', #5285 ) ;
#6374 = VERTEX_POINT ( 'NONE', #7033 ) ;
#6375 = FACE_OUTER_BOUND ( 'NONE', #4701, .T. ) ;
#6376 = FACE_OUTER_BOUND ( 'NONE', #989, .T. ) ;
#6377 = AXIS2_PLACEMENT_3D ( 'NONE', #6928, #2365, #4135 ) ;
#6378 = CARTESIAN_POINT ( 'NONE',  ( 4.100000000000000533, -1.699999999999999956, -5.575000000000000178 ) ) ;
#6379 = CARTESIAN_POINT ( 'NONE',  ( 2.600000000000000089, 2.500000000000000000, 6.025000000000000355 ) ) ;
#6380 = EDGE_CURVE ( 'NONE', #542, #6294, #4729, .T. ) ;
#6381 = CIRCLE ( 'NONE', #3495, 0.5000000000000000000 ) ;
#6382 = ORIENTED_EDGE ( 'NONE', *, *, #4829, .F. ) ;
#6383 = CIRCLE ( 'NONE', #21, 0.5999999999999998668 ) ;
#6384 = ADVANCED_FACE ( 'NONE', ( #1788 ), #668, .F. ) ;
#6385 = EDGE_CURVE ( 'NONE', #6710, #1356, #1879, .T. ) ;
#6386 = DIRECTION ( 'NONE',  ( 0.000000000000000000, -1.000000000000000000, 0.000000000000000000 ) ) ;
#6387 = CARTESIAN_POINT ( 'NONE',  ( -4.299999999999999822, 3.100000000000000089, 5.549999999999999822 ) ) ;
#6388 = AXIS2_PLACEMENT_3D ( 'NONE', #6794, #997, #6685 ) ;
#6389 = VECTOR ( 'NONE', #6546, 1000.000000000000000 ) ;
#6390 = DIRECTION ( 'NONE',  ( 0.000000000000000000, -1.000000000000000000, 0.000000000000000000 ) ) ;
#6391 = VECTOR ( 'NONE', #1248, 1000.000000000000000 ) ;
#6392 = DIRECTION ( 'NONE',  ( 1.000000000000000000, -5.878785113032513212E-14, 0.000000000000000000 ) ) ;
#6393 = ORIENTED_EDGE ( 'NONE', *, *, #5644, .F. ) ;
#6394 = LINE ( 'NONE', #2475, #5030 ) ;
#6395 = VERTEX_POINT ( 'NONE', #1227 ) ;
#6396 = ADVANCED_FACE ( 'NONE', ( #3528 ), #5219, .F. ) ;
#6397 = CARTESIAN_POINT ( 'NONE',  ( -2.475000000000000089, -1.899999999999999911, -1.787069746572999884 ) ) ;
#6398 = VECTOR ( 'NONE', #6184, 1000.000000000000000 ) ;
#6399 = AXIS2_PLACEMENT_3D ( 'NONE', #114, #2398, #1553 ) ;
#6400 = AXIS2_PLACEMENT_3D ( 'NONE', #2714, #1959, #3278 ) ;
#6401 = EDGE_CURVE ( 'NONE', #3614, #1531, #7175, .T. ) ;
#6402 = EDGE_CURVE ( 'NONE', #2644, #2631, #3595, .T. ) ;
#6403 = FACE_OUTER_BOUND ( 'NONE', #6734, .T. ) ;
#6404 = DIRECTION ( 'NONE',  ( 0.000000000000000000, 0.000000000000000000, -1.000000000000000000 ) ) ;
#6405 = AXIS2_PLACEMENT_3D ( 'NONE', #7277, #2111, #6674 ) ;
#6406 = DIRECTION ( 'NONE',  ( 1.000000000000000000, 0.000000000000000000, 0.000000000000000000 ) ) ;
#6407 = AXIS2_PLACEMENT_3D ( 'NONE', #4158, #7065, #3523 ) ;
#6408 = EDGE_LOOP ( 'NONE', ( #5373, #1782 ) ) ;
#6409 = APPROVAL_ROLE ( '' ) ;
#6410 = ORIENTED_EDGE ( 'NONE', *, *, #7308, .F. ) ;
#6411 = ORIENTED_EDGE ( 'NONE', *, *, #2573, .F. ) ;
#6412 = ORIENTED_EDGE ( 'NONE', *, *, #5537, .T. ) ;
#6413 = AXIS2_PLACEMENT_3D ( 'NONE', #3690, #5520, #6665 ) ;
#6414 = CARTESIAN_POINT ( 'NONE',  ( -1.699999999999999956, 2.399999999999999911, 5.799999999999999822 ) ) ;
#6415 = AXIS2_PLACEMENT_3D ( 'NONE', #6485, #5917, #1317 ) ;
#6416 = DIRECTION ( 'NONE',  ( 7.697546304066998914E-14, -1.000000000000000000, 0.000000000000000000 ) ) ;
#6417 = CARTESIAN_POINT ( 'NONE',  ( 0.2000000000000000111, 0.5000000000000000000, 5.825000000000000178 ) ) ;
#6418 = DIRECTION ( 'NONE',  ( 0.000000000000000000, -1.000000000000000000, 0.000000000000000000 ) ) ;
#6419 = ORIENTED_EDGE ( 'NONE', *, *, #4314, .F. ) ;
#6420 = AXIS2_PLACEMENT_3D ( 'NONE', #268, #4855, #6765 ) ;
#6421 = ORIENTED_EDGE ( 'NONE', *, *, #2379, .F. ) ;
#6422 = LINE ( 'NONE', #1854, #4116 ) ;
#6423 = CARTESIAN_POINT ( 'NONE',  ( -1.899999999999999911, -1.699999999999999956, 5.500000000000000000 ) ) ;
#6424 = LINE ( 'NONE', #6378, #5298 ) ;
#6425 = CARTESIAN_POINT ( 'NONE',  ( -0.07660168297609040722, -2.200000000000000178, -4.261350971460575288 ) ) ;
#6426 = ORIENTED_EDGE ( 'NONE', *, *, #4045, .F. ) ;
#6427 = CARTESIAN_POINT ( 'NONE',  ( 4.575000000000000178, -1.499998983692999888, 1.500000000000000000 ) ) ;
#6428 = PLANE ( 'NONE',  #162 ) ;
#6429 = CARTESIAN_POINT ( 'NONE',  ( -3.225000000000000089, 2.299999999999999822, 5.825000000000000178 ) ) ;
#6430 = DIRECTION ( 'NONE',  ( -1.000000000000000000, 0.000000000000000000, 0.000000000000000000 ) ) ;
#6431 = DIRECTION ( 'NONE',  ( 0.5773502691896257311, 0.5773502691896257311, 0.5773502691896257311 ) ) ;
#6432 = ORIENTED_EDGE ( 'NONE', *, *, #3214, .F. ) ;
#6433 = PLANE ( 'NONE',  #3509 ) ;
#6434 = CARTESIAN_POINT ( 'NONE',  ( 3.399999999999999911, 2.200000000000000178, 5.813145250178000545 ) ) ;
#6435 = DIRECTION ( 'NONE',  ( 0.9701425001454377917, 0.000000000000000000, 0.2425356250359094468 ) ) ;
#6436 = EDGE_CURVE ( 'NONE', #739, #1612, #5932, .T. ) ;
#6437 = ADVANCED_FACE ( 'NONE', ( #5255 ), #632, .F. ) ;
#6438 = FACE_OUTER_BOUND ( 'NONE', #5713, .T. ) ;
#6439 = EDGE_LOOP ( 'NONE', ( #5130, #4891, #1242, #73, #2307, #4144, #4289, #5995 ) ) ;
#6440 = PERSON_AND_ORGANIZATION ( #3699, #5709 ) ;
#6441 = ADVANCED_FACE ( 'NONE', ( #4618 ), #6998, .F. ) ;
#6442 = VERTEX_POINT ( 'NONE', #6923 ) ;
#6443 = VERTEX_POINT ( 'NONE', #4129 ) ;
#6444 = ADVANCED_FACE ( 'NONE', ( #1754 ), #5857, .T. ) ;
#6445 = ORIENTED_EDGE ( 'NONE', *, *, #5002, .F. ) ;
#6446 = DIRECTION ( 'NONE',  ( -1.000000000000000000, 0.000000000000000000, 0.000000000000000000 ) ) ;
#6447 = LINE ( 'NONE', #7085, #5794 ) ;
#6448 = DIRECTION ( 'NONE',  ( -2.028361564358297984E-14, 1.000000000000000000, 0.000000000000000000 ) ) ;
#6449 = VECTOR ( 'NONE', #595, 1000.000000000000114 ) ;
#6450 = CARTESIAN_POINT ( 'NONE',  ( 3.050000000000000266, 2.500000000000000000, 5.275000000000000355 ) ) ;
#6451 = ADVANCED_FACE ( 'NONE', ( #5781 ), #701, .F. ) ;
#6452 = ORIENTED_EDGE ( 'NONE', *, *, #1823, .T. ) ;
#6453 = EDGE_LOOP ( 'NONE', ( #2183, #3291, #6592, #3473 ) ) ;
#6454 = CIRCLE ( 'NONE', #6805, 2.200000000005000178 ) ;
#6455 = DIRECTION ( 'NONE',  ( -1.000000000000000000, 0.000000000000000000, 0.000000000000000000 ) ) ;
#6456 = CYLINDRICAL_SURFACE ( 'NONE', #524, 1.999999999998999245 ) ;
#6457 = VECTOR ( 'NONE', #3478, 1000.000000000000227 ) ;
#6458 = LINE ( 'NONE', #5771, #1443 ) ;
#6459 = CARTESIAN_POINT ( 'NONE',  ( 4.575000000000000178, -1.800000000000000044, 1.050000000000000044 ) ) ;
#6460 = VERTEX_POINT ( 'NONE', #2440 ) ;
#6461 = VECTOR ( 'NONE', #3180, 1000.000000000000114 ) ;
#6462 = CARTESIAN_POINT ( 'NONE',  ( 4.500000000000000000, 3.100000000000000089, 5.549999999999999822 ) ) ;
#6463 = CARTESIAN_POINT ( 'NONE',  ( -0.2723189432173999669, -2.250000000000000000, -4.833948469906999890 ) ) ;
#6464 = CARTESIAN_POINT ( 'NONE',  ( 3.849999998349485697, 2.224999999997689049, 4.675000000000000711 ) ) ;
#6465 = CIRCLE ( 'NONE', #5488, 3.000000000000000000 ) ;
#6466 = CARTESIAN_POINT ( 'NONE',  ( 2.100000000000000089, -1.800000000000000044, 5.799999999999999822 ) ) ;
#6467 = LINE ( 'NONE', #6999, #3117 ) ;
#6468 = ORIENTED_EDGE ( 'NONE', *, *, #2439, .T. ) ;
#6469 = FACE_OUTER_BOUND ( 'NONE', #7345, .T. ) ;
#6470 = FACE_OUTER_BOUND ( 'NONE', #6908, .T. ) ;
#6471 = CARTESIAN_POINT ( 'NONE',  ( -4.675000000000000711, -4.899999999999999467, -2.550000000000000266 ) ) ;
#6472 = CARTESIAN_POINT ( 'NONE',  ( -0.09999999999999996392, -4.850000000000000533, 4.986854749822000166 ) ) ;
#6473 = EDGE_LOOP ( 'NONE', ( #75, #5157, #7120, #1305 ) ) ;
#6474 = ORIENTED_EDGE ( 'NONE', *, *, #3044, .F. ) ;
#6475 = ORIENTED_EDGE ( 'NONE', *, *, #1148, .F. ) ;
#6476 = EDGE_LOOP ( 'NONE', ( #4784, #1475, #3161, #5023 ) ) ;
#6477 = EDGE_CURVE ( 'NONE', #3022, #2843, #7256, .T. ) ;
#6478 = DIRECTION ( 'NONE',  ( 0.000000000000000000, 0.000000000000000000, -1.000000000000000000 ) ) ;
#6479 = CARTESIAN_POINT ( 'NONE',  ( -2.600000000000000089, -1.050000000000000044, -1.449999999999999956 ) ) ;
#6480 = LINE ( 'NONE', #3610, #2175 ) ;
#6481 = DIRECTION ( 'NONE',  ( 0.000000000000000000, 0.000000000000000000, 1.000000000000000000 ) ) ;
#6482 = EDGE_LOOP ( 'NONE', ( #7275, #3875, #3181, #2197, #3581, #5272, #6936, #859 ) ) ;
#6483 = VERTEX_POINT ( 'NONE', #6611 ) ;
#6484 = EDGE_CURVE ( 'NONE', #4106, #2827, #925, .T. ) ;
#6485 = CARTESIAN_POINT ( 'NONE',  ( 5.200000000000000178, 2.350000000000000089, -5.950000000000000178 ) ) ;
#6486 = LINE ( 'NONE', #5847, #4726 ) ;
#6487 = EDGE_CURVE ( 'NONE', #3354, #3639, #249, .T. ) ;
#6488 = EDGE_CURVE ( 'NONE', #6499, #2085, #5966, .T. ) ;
#6489 = PLANE ( 'NONE',  #3379 ) ;
#6490 = DIRECTION ( 'NONE',  ( 1.000000000000000000, 0.000000000000000000, 0.000000000000000000 ) ) ;
#6491 = CARTESIAN_POINT ( 'NONE',  ( -1.449999999999999956, 2.200000000000000178, -6.125000000000000000 ) ) ;
#6492 = VERTEX_POINT ( 'NONE', #4911 ) ;
#6493 = DIRECTION ( 'NONE',  ( -0.5773502691895257000, 0.5773502691891259087, 0.5773502691902258066 ) ) ;
#6494 = LINE ( 'NONE', #5283, #5921 ) ;
#6495 = CARTESIAN_POINT ( 'NONE',  ( 4.825000000000000178, -1.800000000000000044, 0.9000000000000000222 ) ) ;
#6496 = DIRECTION ( 'NONE',  ( 0.3296118453154002204, 0.9441165348768004728, 0.000000000000000000 ) ) ;
#6497 = AXIS2_PLACEMENT_3D ( 'NONE', #3742, #3637, #291 ) ;
#6498 = AXIS2_PLACEMENT_3D ( 'NONE', #705, #5293, #152 ) ;
#6499 = VERTEX_POINT ( 'NONE', #292 ) ;
#6500 = PLANE ( 'NONE',  #4794 ) ;
#6501 = EDGE_LOOP ( 'NONE', ( #3230, #754 ) ) ;
#6502 = DIRECTION ( 'NONE',  ( 0.000000000000000000, 0.7071067811865475727, -0.7071067811865475727 ) ) ;
#6503 = VECTOR ( 'NONE', #5317, 1000.000000000000000 ) ;
#6504 = VECTOR ( 'NONE', #4425, 1000.000000000000000 ) ;
#6505 = DIRECTION ( 'NONE',  ( 0.000000000000000000, -1.000000000000000000, 0.000000000000000000 ) ) ;
#6506 = FACE_OUTER_BOUND ( 'NONE', #3914, .T. ) ;
#6507 = CARTESIAN_POINT ( 'NONE',  ( 0.8000000000000000444, -2.045017499121999816, 5.444761275728999372 ) ) ;
#6508 = ORIENTED_EDGE ( 'NONE', *, *, #693, .T. ) ;
#6509 = VERTEX_POINT ( 'NONE', #4352 ) ;
#6510 = VECTOR ( 'NONE', #1581, 1000.000000000000000 ) ;
#6511 = AXIS2_PLACEMENT_3D ( 'NONE', #3712, #927, #959 ) ;
#6512 = VECTOR ( 'NONE', #1735, 1000.000000000000000 ) ;
#6513 = ORIENTED_EDGE ( 'NONE', *, *, #1267, .T. ) ;
#6514 = EDGE_LOOP ( 'NONE', ( #1901, #796, #3056, #6310, #5194, #7452, #6218, #3901 ) ) ;
#6515 = CARTESIAN_POINT ( 'NONE',  ( 5.200000000000000178, -1.699999999999999956, -6.125000000000000000 ) ) ;
#6516 = CARTESIAN_POINT ( 'NONE',  ( -0.4500000000000000111, -2.500000000000000000, 4.649999999999999467 ) ) ;
#6517 = AXIS2_PLACEMENT_3D ( 'NONE', #845, #3251, #5539 ) ;
#6518 = VECTOR ( 'NONE', #6041, 1000.000000000000000 ) ;
#6519 = PLANE ( 'NONE',  #977 ) ;
#6520 = VECTOR ( 'NONE', #6404, 1000.000000000000000 ) ;
#6521 = EDGE_CURVE ( 'NONE', #1133, #2919, #2549, .T. ) ;
#6522 = EDGE_CURVE ( 'NONE', #4447, #6010, #4797, .T. ) ;
#6523 = DIRECTION ( 'NONE',  ( 0.000000000000000000, 0.000000000000000000, -1.000000000000000000 ) ) ;
#6524 = VERTEX_POINT ( 'NONE', #3111 ) ;
#6525 = EDGE_LOOP ( 'NONE', ( #6661, #1964, #2750, #5238 ) ) ;
#6526 = CIRCLE ( 'NONE', #4471, 0.5249999999999999112 ) ;
#6527 = DIRECTION ( 'NONE',  ( 0.000000000000000000, 0.7071067811865475727, -0.7071067811865475727 ) ) ;
#6528 = DIRECTION ( 'NONE',  ( 0.000000000000000000, 0.000000000000000000, 1.000000000000000000 ) ) ;
#6529 = CARTESIAN_POINT ( 'NONE',  ( -4.924999999999999822, -4.899999999999999467, -3.149999999999999911 ) ) ;
#6530 = CIRCLE ( 'NONE', #5556, 2.100000000000000089 ) ;
#6531 = DIRECTION ( 'NONE',  ( 1.000000000000000000, 0.000000000000000000, 0.000000000000000000 ) ) ;
#6532 = EDGE_CURVE ( 'NONE', #302, #1843, #1437, .T. ) ;
#6533 = DIRECTION ( 'NONE',  ( -1.000000000000000000, 0.000000000000000000, 0.000000000000000000 ) ) ;
#6534 = VERTEX_POINT ( 'NONE', #4311 ) ;
#6535 = ORIENTED_CLOSED_SHELL ( 'NONE', *, #4622, .F. );
#6536 = EDGE_CURVE ( 'NONE', #5938, #2032, #325, .T. ) ;
#6537 = ORIENTED_EDGE ( 'NONE', *, *, #2806, .T. ) ;
#6538 = EDGE_CURVE ( 'NONE', #5684, #6780, #5394, .T. ) ;
#6539 = CYLINDRICAL_SURFACE ( 'NONE', #3033, 0.2999999999999999334 ) ;
#6540 = CIRCLE ( 'NONE', #742, 0.2000000000000000944 ) ;
#6541 = LINE ( 'NONE', #2504, #4368 ) ;
#6542 = CARTESIAN_POINT ( 'NONE',  ( -2.649999999999999911, -2.100000000000000089, 4.649999999999999467 ) ) ;
#6543 = CARTESIAN_POINT ( 'NONE',  ( -3.000000000000000000, 2.399999999999999911, 5.799999999999999822 ) ) ;
#6544 = FACE_BOUND ( 'NONE', #2987, .T. ) ;
#6545 = ORIENTED_EDGE ( 'NONE', *, *, #6385, .T. ) ;
#6546 = DIRECTION ( 'NONE',  ( 0.000000000000000000, 1.000000000000000000, 6.052771452770999512E-14 ) ) ;
#6547 = ORIENTED_EDGE ( 'NONE', *, *, #1834, .T. ) ;
#6548 = PLANE ( 'NONE',  #6132 ) ;
#6549 = LINE ( 'NONE', #2667, #7227 ) ;
#6550 = DIRECTION ( 'NONE',  ( 1.000000000000000000, 0.000000000000000000, 0.000000000000000000 ) ) ;
#6551 = EDGE_LOOP ( 'NONE', ( #3318, #4800, #7265, #1674, #4939, #266, #1983, #3421, #5087, #5338, #2267 ) ) ;
#6552 = CLOSED_SHELL ( 'NONE', ( #3493, #3369, #352, #7262, #2066, #1186, #3808, #6115, #2018, #6208, #5497, #3996, #3131, #4506, #6255, #1547 ) ) ;
#6553 = ORIENTED_EDGE ( 'NONE', *, *, #1373, .F. ) ;
#6554 = EDGE_LOOP ( 'NONE', ( #4777, #6271 ) ) ;
#6555 = APPROVAL_PERSON_ORGANIZATION ( #2140, #3629, #2074 ) ;
#6556 = EDGE_LOOP ( 'NONE', ( #3215, #2961, #3572, #2570, #2519 ) ) ;
#6557 = CARTESIAN_POINT ( 'NONE',  ( -1.449999999999999956, 2.200000000000000178, -6.125000000000000000 ) ) ;
#6558 = CARTESIAN_POINT ( 'NONE',  ( 0.2000000000000000111, 3.078237858560999740, -4.450000000000000178 ) ) ;
#6559 = CARTESIAN_POINT ( 'NONE',  ( 0.1532033693045000144, -2.299999999999999822, -3.850000000000000089 ) ) ;
#6560 = DIRECTION ( 'NONE',  ( 0.000000000000000000, 1.000000000000000000, 0.000000000000000000 ) ) ;
#6561 = EDGE_LOOP ( 'NONE', ( #2595, #7390, #4619, #4546 ) ) ;
#6562 = ORIENTED_EDGE ( 'NONE', *, *, #5151, .F. ) ;
#6563 = LINE ( 'NONE', #3800, #6039 ) ;
#6564 = ADVANCED_FACE ( 'NONE', ( #3186 ), #355, .T. ) ;
#6565 = DIRECTION ( 'NONE',  ( 0.000000000000000000, 0.000000000000000000, -1.000000000000000000 ) ) ;
#6566 = DIRECTION ( 'NONE',  ( 0.000000000000000000, -1.366428338000000062E-14, -1.000000000000000000 ) ) ;
#6567 = LINE ( 'NONE', #7137, #5527 ) ;
#6568 = CIRCLE ( 'NONE', #80, 0.5999999999999998668 ) ;
#6569 = FACE_OUTER_BOUND ( 'NONE', #7249, .T. ) ;
#6570 = ORIENTED_EDGE ( 'NONE', *, *, #5112, .T. ) ;
#6571 = ORIENTED_EDGE ( 'NONE', *, *, #4007, .F. ) ;
#6572 = DIRECTION ( 'NONE',  ( 1.000000000000000000, 0.000000000000000000, 0.000000000000000000 ) ) ;
#6573 = EDGE_CURVE ( 'NONE', #7014, #3605, #680, .T. ) ;
#6574 = CARTESIAN_POINT ( 'NONE',  ( -4.299999999999999822, 3.100000000000000089, 5.549999999999999822 ) ) ;
#6575 = ADVANCED_FACE ( 'NONE', ( #1480, #2090 ), #847, .F. ) ;
#6576 = LINE ( 'NONE', #4242, #3248 ) ;
#6577 = DIRECTION ( 'NONE',  ( -1.000000000000000000, -4.468935917101000410E-14, 0.000000000000000000 ) ) ;
#6578 = VECTOR ( 'NONE', #4937, 1000.000000000000000 ) ;
#6579 = VERTEX_POINT ( 'NONE', #6046 ) ;
#6580 = EDGE_CURVE ( 'NONE', #1575, #5396, #7103, .T. ) ;
#6581 = DIRECTION ( 'NONE',  ( 1.000000000000000000, 0.000000000000000000, 0.000000000000000000 ) ) ;
#6582 = ADVANCED_FACE ( 'NONE', ( #5472 ), #6080, .F. ) ;
#6583 = AXIS2_PLACEMENT_3D ( 'NONE', #2037, #4339, #5352 ) ;
#6584 = DIRECTION ( 'NONE',  ( 0.000000000000000000, -1.000000000000000000, 0.000000000000000000 ) ) ;
#6585 = EDGE_CURVE ( 'NONE', #979, #2132, #2853, .T. ) ;
#6586 = EDGE_CURVE ( 'NONE', #1166, #3988, #5359, .T. ) ;
#6587 = DIRECTION ( 'NONE',  ( 0.000000000000000000, 0.000000000000000000, -1.000000000000000000 ) ) ;
#6588 = CARTESIAN_POINT ( 'NONE',  ( 2.299999999999999822, -1.750000000000000000, 5.649999999999999467 ) ) ;
#6589 = ORIENTED_EDGE ( 'NONE', *, *, #6913, .T. ) ;
#6590 = VERTEX_POINT ( 'NONE', #6543 ) ;
#6591 = ORIENTED_EDGE ( 'NONE', *, *, #267, .T. ) ;
#6592 = ORIENTED_EDGE ( 'NONE', *, *, #2949, .T. ) ;
#6593 = LINE ( 'NONE', #1518, #397 ) ;
#6594 = CARTESIAN_POINT ( 'NONE',  ( -4.950000000000000178, -2.500000000000000000, -2.500000000000000000 ) ) ;
#6595 = CARTESIAN_POINT ( 'NONE',  ( -2.200000000000000178, 2.500000000000000000, 6.949999999999999289 ) ) ;
#6596 = VECTOR ( 'NONE', #4164, 1000.000000000000000 ) ;
#6597 = CARTESIAN_POINT ( 'NONE',  ( 2.306537443294000234, 1.649999999999999911, 6.949999999999999289 ) ) ;
#6598 = ORIENTED_EDGE ( 'NONE', *, *, #1138, .T. ) ;
#6599 = ORIENTED_EDGE ( 'NONE', *, *, #4672, .T. ) ;
#6600 = CARTESIAN_POINT ( 'NONE',  ( -4.658590997241000231, -5.500000000000000000, -3.149999999999999911 ) ) ;
#6601 = FACE_OUTER_BOUND ( 'NONE', #1653, .T. ) ;
#6602 = DIRECTION ( 'NONE',  ( 0.000000000000000000, 0.000000000000000000, 1.000000000000000000 ) ) ;
#6603 = LINE ( 'NONE', #5993, #1932 ) ;
#6604 = DIRECTION ( 'NONE',  ( 0.000000000000000000, 1.000000000000000000, 0.000000000000000000 ) ) ;
#6605 = ORIENTED_EDGE ( 'NONE', *, *, #1677, .T. ) ;
#6606 = ORIENTED_EDGE ( 'NONE', *, *, #5837, .T. ) ;
#6607 = CARTESIAN_POINT ( 'NONE',  ( 4.575000000000000178, -4.850000000000000533, 1.350000000000000089 ) ) ;
#6608 = DIRECTION ( 'NONE',  ( -1.000000000000000000, 0.000000000000000000, 0.000000000000000000 ) ) ;
#6609 = ADVANCED_FACE ( 'NONE', ( #1374 ), #6268, .F. ) ;
#6610 = FACE_BOUND ( 'NONE', #677, .T. ) ;
#6611 = CARTESIAN_POINT ( 'NONE',  ( -2.649999999999999911, -1.699999999999999956, 4.675000000000000711 ) ) ;
#6612 = ADVANCED_FACE ( 'NONE', ( #2204 ), #2818, .F. ) ;
#6613 = ORIENTED_EDGE ( 'NONE', *, *, #5583, .F. ) ;
#6614 = CARTESIAN_POINT ( 'NONE',  ( 3.277762515837999935, -1.300000000000000044, 5.799999999999999822 ) ) ;
#6615 = CARTESIAN_POINT ( 'NONE',  ( 3.050000000000000266, 2.299999999999999822, 5.474999999999999645 ) ) ;
#6616 = DIRECTION ( 'NONE',  ( -1.000000000000000000, 0.000000000000000000, 0.000000000000000000 ) ) ;
#6617 = VECTOR ( 'NONE', #3226, 1000.000000000000000 ) ;
#6618 = DIRECTION ( 'NONE',  ( 1.000000000000000000, 0.000000000000000000, 0.000000000000000000 ) ) ;
#6619 = ORIENTED_EDGE ( 'NONE', *, *, #4143, .T. ) ;
#6620 = EDGE_CURVE ( 'NONE', #3501, #3423, #322, .T. ) ;
#6621 = ORIENTED_EDGE ( 'NONE', *, *, #6343, .T. ) ;
#6622 = VERTEX_POINT ( 'NONE', #7441 ) ;
#6623 = PRODUCT_DEFINITION ( 'UNKNOWN', '', #4864, #4134 ) ;
#6624 = EDGE_CURVE ( 'NONE', #5524, #2969, #7421, .T. ) ;
#6625 = CARTESIAN_POINT ( 'NONE',  ( -4.825000000000000178, 3.100000000000000089, 5.549999999999999822 ) ) ;
#6626 = VECTOR ( 'NONE', #3821, 1000.000000000000000 ) ;
#6627 = VECTOR ( 'NONE', #5175, 1000.000000000000000 ) ;
#6628 = VERTEX_POINT ( 'NONE', #3849 ) ;
#6629 = LINE ( 'NONE', #4816, #4119 ) ;
#6630 = LINE ( 'NONE', #3236, #1705 ) ;
#6631 = AXIS2_PLACEMENT_3D ( 'NONE', #7405, #1546, #3413 ) ;
#6632 = CIRCLE ( 'NONE', #2546, 0.5250000000000002442 ) ;
#6633 = AXIS2_PLACEMENT_3D ( 'NONE', #7019, #7051, #1882 ) ;
#6634 = DIRECTION ( 'NONE',  ( 0.000000000000000000, 0.000000000000000000, 1.000000000000000000 ) ) ;
#6635 = VERTEX_POINT ( 'NONE', #6155 ) ;
#6636 = ORIENTED_EDGE ( 'NONE', *, *, #278, .F. ) ;
#6637 = CARTESIAN_POINT ( 'NONE',  ( 3.824999999999999734, 2.500000000000000000, 6.025000000000000355 ) ) ;
#6638 = VECTOR ( 'NONE', #3704, 1000.000000000000000 ) ;
#6639 = VECTOR ( 'NONE', #1649, 1000.000000000000227 ) ;
#6640 = FACE_OUTER_BOUND ( 'NONE', #4062, .T. ) ;
#6641 = LINE ( 'NONE', #7278, #3733 ) ;
#6642 = DIRECTION ( 'NONE',  ( 0.000000000000000000, 0.000000000000000000, -1.000000000000000000 ) ) ;
#6643 = LINE ( 'NONE', #4228, #6461 ) ;
#6644 = VECTOR ( 'NONE', #2411, 1000.000000000000000 ) ;
#6645 = ORIENTED_EDGE ( 'NONE', *, *, #486, .F. ) ;
#6646 = AXIS2_PLACEMENT_3D ( 'NONE', #5160, #1533, #3833 ) ;
#6647 = VERTEX_POINT ( 'NONE', #2237 ) ;
#6648 = VERTEX_POINT ( 'NONE', #3333 ) ;
#6649 = DIRECTION ( 'NONE',  ( -0.000000000000000000, 1.000000000000000000, 0.000000000000000000 ) ) ;
#6650 = LINE ( 'NONE', #3219, #6878 ) ;
#6651 = DIRECTION ( 'NONE',  ( 1.000000000000000000, 0.000000000000000000, 0.000000000000000000 ) ) ;
#6652 = CARTESIAN_POINT ( 'NONE',  ( -1.906537443294000100, 1.649999999999999911, 5.950000000000000178 ) ) ;
#6653 = AXIS2_PLACEMENT_3D ( 'NONE', #5581, #1512, #951 ) ;
#6654 = ORIENTED_EDGE ( 'NONE', *, *, #3612, .T. ) ;
#6655 = DIRECTION ( 'NONE',  ( 0.9889363528683650095, -0.1483404529297947250, 0.000000000000000000 ) ) ;
#6656 = CYLINDRICAL_SURFACE ( 'NONE', #130, 0.5999999999999998668 ) ;
#6657 = LINE ( 'NONE', #3785, #1807 ) ;
#6658 = DIRECTION ( 'NONE',  ( 0.000000000000000000, 0.000000000000000000, 1.000000000000000000 ) ) ;
#6659 = ORIENTED_EDGE ( 'NONE', *, *, #7357, .F. ) ;
#6660 = VERTEX_POINT ( 'NONE', #3930 ) ;
#6661 = ORIENTED_EDGE ( 'NONE', *, *, #1913, .F. ) ;
#6662 = LINE ( 'NONE', #2135, #6996 ) ;
#6663 = ORIENTED_EDGE ( 'NONE', *, *, #6909, .T. ) ;
#6664 = EDGE_CURVE ( 'NONE', #6622, #288, #6942, .T. ) ;
#6665 = DIRECTION ( 'NONE',  ( -1.000000000000000000, 0.000000000000000000, 0.000000000000000000 ) ) ;
#6666 = ADVANCED_FACE ( 'NONE', ( #3253 ), #3963, .F. ) ;
#6667 = FACE_OUTER_BOUND ( 'NONE', #2633, .T. ) ;
#6668 = EDGE_CURVE ( 'NONE', #6040, #979, #998, .T. ) ;
#6669 = ADVANCED_FACE ( 'NONE', ( #4533 ), #5660, .T. ) ;
#6670 = COORDINATED_UNIVERSAL_TIME_OFFSET ( 0, 0, .AHEAD. ) ;
#6671 = ORIENTED_EDGE ( 'NONE', *, *, #4269, .F. ) ;
#6672 = ORIENTED_EDGE ( 'NONE', *, *, #3799, .T. ) ;
#6673 = FACE_BOUND ( 'NONE', #5390, .T. ) ;
#6674 = DIRECTION ( 'NONE',  ( 0.000000000000000000, -0.7751788502517846791, 0.6317418381920902881 ) ) ;
#6675 = LINE ( 'NONE', #985, #5656 ) ;
#6676 = EDGE_CURVE ( 'NONE', #5892, #6647, #4569, .T. ) ;
#6677 = EDGE_CURVE ( 'NONE', #3134, #4739, #1115, .T. ) ;
#6678 = PLANE ( 'NONE',  #5185 ) ;
#6679 = LINE ( 'NONE', #4380, #4767 ) ;
#6680 = ORIENTED_EDGE ( 'NONE', *, *, #7301, .F. ) ;
#6681 = ORIENTED_EDGE ( 'NONE', *, *, #5972, .T. ) ;
#6682 = ORIENTED_EDGE ( 'NONE', *, *, #1001, .F. ) ;
#6683 = DIRECTION ( 'NONE',  ( 0.000000000000000000, 1.000000000000000000, 0.000000000000000000 ) ) ;
#6684 = FACE_OUTER_BOUND ( 'NONE', #5603, .T. ) ;
#6685 = DIRECTION ( 'NONE',  ( 0.000000000000000000, 1.000000000000000000, 0.000000000000000000 ) ) ;
#6686 = DIRECTION ( 'NONE',  ( 1.000000000000000000, 0.000000000000000000, 0.000000000000000000 ) ) ;
#6687 = ORIENTED_EDGE ( 'NONE', *, *, #826, .T. ) ;
#6688 = VECTOR ( 'NONE', #2212, 1000.000000000000000 ) ;
#6689 = PLANE ( 'NONE',  #1331 ) ;
#6690 = DIRECTION ( 'NONE',  ( 0.000000000000000000, 1.000000000000000000, 0.000000000000000000 ) ) ;
#6691 = CARTESIAN_POINT ( 'NONE',  ( 0.8000000000000000444, -4.899999999999999467, 5.299999999999999822 ) ) ;
#6692 = AXIS2_PLACEMENT_3D ( 'NONE', #2698, #7370, #5101 ) ;
#6693 = DIRECTION ( 'NONE',  ( 1.000000000000000000, 0.000000000000000000, 0.000000000000000000 ) ) ;
#6694 = ORIENTED_EDGE ( 'NONE', *, *, #6487, .T. ) ;
#6695 = ORIENTED_EDGE ( 'NONE', *, *, #1699, .T. ) ;
#6696 = ORIENTED_EDGE ( 'NONE', *, *, #6103, .F. ) ;
#6697 = LINE ( 'NONE', #3195, #7119 ) ;
#6698 = EDGE_LOOP ( 'NONE', ( #2096, #4889, #6088, #3873 ) ) ;
#6699 = CYLINDRICAL_SURFACE ( 'NONE', #1231, 2.140000000000000124 ) ;
#6700 = CARTESIAN_POINT ( 'NONE',  ( 3.850000000000000089, 2.500000000000000000, 3.649999999999999911 ) ) ;
#6701 = LINE ( 'NONE', #6213, #6067 ) ;
#6702 = ORIENTED_EDGE ( 'NONE', *, *, #3165, .F. ) ;
#6703 = ORIENTED_EDGE ( 'NONE', *, *, #5467, .T. ) ;
#6704 = EDGE_CURVE ( 'NONE', #3796, #4187, #3688, .T. ) ;
#6705 = DIRECTION ( 'NONE',  ( 0.000000000000000000, 1.000000000000000000, 0.000000000000000000 ) ) ;
#6706 = DIRECTION ( 'NONE',  ( -1.000000000000000000, 0.000000000000000000, 0.000000000000000000 ) ) ;
#6707 = LINE ( 'NONE', #7167, #5780 ) ;
#6708 = CARTESIAN_POINT ( 'NONE',  ( 0.5875347804278000519, -2.299999999999999822, -4.950000000000000178 ) ) ;
#6709 = DIRECTION ( 'NONE',  ( 1.000000000000000000, 0.000000000000000000, 0.000000000000000000 ) ) ;
#6710 = VERTEX_POINT ( 'NONE', #5061 ) ;
#6711 = ORIENTED_EDGE ( 'NONE', *, *, #4549, .F. ) ;
#6712 = EDGE_CURVE ( 'NONE', #3171, #2258, #6871, .T. ) ;
#6713 = ORIENTED_EDGE ( 'NONE', *, *, #6484, .T. ) ;
#6714 = EDGE_CURVE ( 'NONE', #939, #2852, #5608, .T. ) ;
#6715 = EDGE_CURVE ( 'NONE', #4398, #3238, #4986, .T. ) ;
#6716 = FACE_OUTER_BOUND ( 'NONE', #4140, .T. ) ;
#6717 = DIRECTION ( 'NONE',  ( 0.000000000000000000, 0.000000000000000000, -1.000000000000000000 ) ) ;
#6718 = DIRECTION ( 'NONE',  ( -1.000000000000000000, 0.000000000000000000, 0.000000000000000000 ) ) ;
#6719 = FACE_OUTER_BOUND ( 'NONE', #411, .T. ) ;
#6720 = ORIENTED_EDGE ( 'NONE', *, *, #3991, .T. ) ;
#6721 = LINE ( 'NONE', #4316, #26 ) ;
#6722 = DIRECTION ( 'NONE',  ( 0.6125232486051080949, 0.7904525728456103240, 0.000000000000000000 ) ) ;
#6723 = CARTESIAN_POINT ( 'NONE',  ( 0.8000000000000000444, -1.964370335792000155, 5.797161038502000707 ) ) ;
#6724 = CARTESIAN_POINT ( 'NONE',  ( -3.200000000000000178, 2.200000000000000178, 5.799999999999999822 ) ) ;
#6725 = CARTESIAN_POINT ( 'NONE',  ( -4.675000000000000711, -1.800000000000000044, -3.750000000000000000 ) ) ;
#6726 = VERTEX_POINT ( 'NONE', #4421 ) ;
#6727 = DIRECTION ( 'NONE',  ( 1.000000000000000000, 0.000000000000000000, 0.000000000000000000 ) ) ;
#6728 = EDGE_LOOP ( 'NONE', ( #4341, #3500, #6179, #4474 ) ) ;
#6729 = LINE ( 'NONE', #3826, #2304 ) ;
#6730 = VECTOR ( 'NONE', #3898, 1000.000000000000000 ) ;
#6731 = DIRECTION ( 'NONE',  ( 0.000000000000000000, 1.000000000000000000, 0.000000000000000000 ) ) ;
#6732 = CARTESIAN_POINT ( 'NONE',  ( 4.100000000000000533, -4.850000000000000533, -6.100000000000000533 ) ) ;
#6733 = ORIENTED_EDGE ( 'NONE', *, *, #2572, .T. ) ;
#6734 = EDGE_LOOP ( 'NONE', ( #6410, #3316, #4693, #6591 ) ) ;
#6735 = AXIS2_PLACEMENT_3D ( 'NONE', #6165, #2781, #1006 ) ;
#6736 = VECTOR ( 'NONE', #5461, 1000.000000000000000 ) ;
#6737 = ORIENTED_EDGE ( 'NONE', *, *, #5009, .F. ) ;
#6738 = DIRECTION ( 'NONE',  ( 0.000000000000000000, -1.000000000000000000, 0.000000000000000000 ) ) ;
#6739 = LINE ( 'NONE', #3470, #7124 ) ;
#6740 = VECTOR ( 'NONE', #3294, 1000.000000000000000 ) ;
#6741 = DIRECTION ( 'NONE',  ( 0.000000000000000000, 1.000000000000000000, 0.000000000000000000 ) ) ;
#6742 = VECTOR ( 'NONE', #5648, 1000.000000000000000 ) ;
#6743 = ADVANCED_FACE ( 'NONE', ( #6719 ), #2735, .T. ) ;
#6744 = LINE ( 'NONE', #2330, #6510 ) ;
#6745 = PLANE ( 'NONE',  #2736 ) ;
#6746 = ORIENTED_EDGE ( 'NONE', *, *, #5151, .T. ) ;
#6747 = ORIENTED_EDGE ( 'NONE', *, *, #3999, .F. ) ;
#6748 = VECTOR ( 'NONE', #912, 1000.000000000000000 ) ;
#6749 = VECTOR ( 'NONE', #638, 1000.000000000000000 ) ;
#6750 = VERTEX_POINT ( 'NONE', #4456 ) ;
#6751 = VECTOR ( 'NONE', #5126, 1000.000000000000000 ) ;
#6752 = LINE ( 'NONE', #6189, #5193 ) ;
#6753 = PLANE ( 'NONE',  #2689 ) ;
#6754 = ADVANCED_FACE ( 'NONE', ( #6760, #2960, #621, #5248, #104, #5817, #2388 ), #4682, .F. ) ;
#6755 = ADVANCED_FACE ( 'NONE', ( #5278 ), #6984, .T. ) ;
#6756 = AXIS2_PLACEMENT_3D ( 'NONE', #1061, #4559, #5689 ) ;
#6757 = AXIS2_PLACEMENT_3D ( 'NONE', #6866, #5056, #1706 ) ;
#6758 = FACE_BOUND ( 'NONE', #1349, .T. ) ;
#6759 = ORIENTED_CLOSED_SHELL ( 'NONE', *, #66, .F. );
#6760 = FACE_BOUND ( 'NONE', #5739, .T. ) ;
#6761 = ADVANCED_FACE ( 'NONE', ( #4122 ), #696, .T. ) ;
#6762 = ORIENTED_EDGE ( 'NONE', *, *, #6841, .T. ) ;
#6763 = CARTESIAN_POINT ( 'NONE',  ( -0.4000000000000000222, -2.621259328415999956, 5.299999999999999822 ) ) ;
#6764 = AXIS2_PLACEMENT_3D ( 'NONE', #660, #2991, #4643 ) ;
#6765 = DIRECTION ( 'NONE',  ( 1.000000000000000000, 0.000000000000000000, 0.000000000000000000 ) ) ;
#6766 = CARTESIAN_POINT ( 'NONE',  ( 0.07736768238237999584, -2.299999999999999822, -4.249860751627999811 ) ) ;
#6767 = CARTESIAN_POINT ( 'NONE',  ( -4.299999999999999822, 2.500000000000000000, 5.549999999999999822 ) ) ;
#6768 = DIRECTION ( 'NONE',  ( 0.000000000000000000, 1.000000000000000000, 0.000000000000000000 ) ) ;
#6769 = ADVANCED_FACE ( 'NONE', ( #1180 ), #4931, .T. ) ;
#6770 = VECTOR ( 'NONE', #5142, 1000.000000000000000 ) ;
#6771 = VERTEX_POINT ( 'NONE', #584 ) ;
#6772 = LINE ( 'NONE', #2828, #1483 ) ;
#6773 = ORIENTED_EDGE ( 'NONE', *, *, #5741, .T. ) ;
#6774 = DIRECTION ( 'NONE',  ( 1.000000000000000000, 0.000000000000000000, 0.000000000000000000 ) ) ;
#6775 = CARTESIAN_POINT ( 'NONE',  ( 5.200000000000000178, 2.500000000000000000, -4.975000000000000533 ) ) ;
#6776 = DIRECTION ( 'NONE',  ( 0.000000000000000000, 1.000000000000000000, 0.000000000000000000 ) ) ;
#6777 = ORIENTED_EDGE ( 'NONE', *, *, #1647, .F. ) ;
#6778 = MECHANICAL_CONTEXT ( 'NONE', #222, 'mechanical' ) ;
#6779 = ORIENTED_EDGE ( 'NONE', *, *, #3630, .T. ) ;
#6780 = VERTEX_POINT ( 'NONE', #4755 ) ;
#6781 = ORIENTED_EDGE ( 'NONE', *, *, #7272, .F. ) ;
#6782 = DIRECTION ( 'NONE',  ( -0.7071067811813830373, 8.659560562291687168E-17, 0.7071067811917121082 ) ) ;
#6783 = CARTESIAN_POINT ( 'NONE',  ( 0.5000000000000000000, -4.850000000000000533, 5.000000000000000000 ) ) ;
#6784 = FACE_BOUND ( 'NONE', #6324, .T. ) ;
#6785 = DIRECTION ( 'NONE',  ( -0.000000000000000000, 1.000000000000000000, 0.000000000000000000 ) ) ;
#6786 = CARTESIAN_POINT ( 'NONE',  ( -1.837499999999999911, -2.100000000000000089, 5.237499999999999822 ) ) ;
#6787 = DIRECTION ( 'NONE',  ( -0.6125232486051082059, 0.7904525728456103240, 0.000000000000000000 ) ) ;
#6788 = ORIENTED_EDGE ( 'NONE', *, *, #3214, .T. ) ;
#6789 = ORIENTED_EDGE ( 'NONE', *, *, #5875, .F. ) ;
#6790 = ORIENTED_EDGE ( 'NONE', *, *, #4688, .T. ) ;
#6791 = AXIS2_PLACEMENT_3D ( 'NONE', #3655, #4403, #379 ) ;
#6792 = CARTESIAN_POINT ( 'NONE',  ( -0.4000000000000000222, -4.899999999999999467, 5.299999999999999822 ) ) ;
#6793 = DIRECTION ( 'NONE',  ( 0.000000000000000000, 1.000000000000000000, 0.000000000000000000 ) ) ;
#6794 = CARTESIAN_POINT ( 'NONE',  ( -4.950000000000000178, -2.200000000000000178, -3.149999999999999911 ) ) ;
#6795 = CARTESIAN_POINT ( 'NONE',  ( 4.700000000000000178, -2.200000000000000178, 2.299999999999999822 ) ) ;
#6796 = ORIENTED_EDGE ( 'NONE', *, *, #3536, .F. ) ;
#6797 = AXIS2_PLACEMENT_3D ( 'NONE', #3459, #2249, #5714 ) ;
#6798 = EDGE_CURVE ( 'NONE', #6750, #6807, #726, .T. ) ;
#6799 = CARTESIAN_POINT ( 'NONE',  ( -4.950000000000000178, -1.899999999999999911, -3.799999999999999822 ) ) ;
#6800 = CARTESIAN_POINT ( 'NONE',  ( 5.750000000000000000, -2.500000000000000000, 6.949999999999999289 ) ) ;
#6801 = CARTESIAN_POINT ( 'NONE',  ( 4.575000000000000178, -1.800000000000000044, 0.9000000000000000222 ) ) ;
#6802 = CARTESIAN_POINT ( 'NONE',  ( -2.877762515837999580, -1.300000000000000044, 5.813145250178000545 ) ) ;
#6803 = FACE_OUTER_BOUND ( 'NONE', #2767, .T. ) ;
#6804 = ORIENTED_EDGE ( 'NONE', *, *, #7272, .T. ) ;
#6805 = AXIS2_PLACEMENT_3D ( 'NONE', #6009, #5555, #2095 ) ;
#6806 = VERTEX_POINT ( 'NONE', #3446 ) ;
#6807 = VERTEX_POINT ( 'NONE', #7062 ) ;
#6808 = EDGE_CURVE ( 'NONE', #6590, #2374, #4043, .T. ) ;
#6809 = LINE ( 'NONE', #1081, #3618 ) ;
#6810 = EDGE_CURVE ( 'NONE', #6648, #571, #3554, .T. ) ;
#6811 = ADVANCED_FACE ( 'NONE', ( #1893 ), #1292, .T. ) ;
#6812 = AXIS2_PLACEMENT_3D ( 'NONE', #1548, #2851, #5022 ) ;
#6813 = LINE ( 'NONE', #3980, #483 ) ;
#6814 = LINE ( 'NONE', #2868, #4466 ) ;
#6815 = ORIENTED_EDGE ( 'NONE', *, *, #4179, .T. ) ;
#6816 = LINE ( 'NONE', #3279, #4148 ) ;
#6817 = ORIENTED_EDGE ( 'NONE', *, *, #2903, .F. ) ;
#6818 = ORIENTED_EDGE ( 'NONE', *, *, #7043, .T. ) ;
#6819 = AXIS2_PLACEMENT_3D ( 'NONE', #2578, #3211, #4870 ) ;
#6820 = VERTEX_POINT ( 'NONE', #2426 ) ;
#6821 = CARTESIAN_POINT ( 'NONE',  ( -5.349999999999999645, 3.299999999999999822, 4.675000000000000711 ) ) ;
#6822 = DIRECTION ( 'NONE',  ( 1.000000000000000000, 0.000000000000000000, 0.000000000000000000 ) ) ;
#6823 = CARTESIAN_POINT ( 'NONE',  ( 2.600000000000000089, 2.500000000000000000, 6.949999999999999289 ) ) ;
#6824 = LINE ( 'NONE', #5649, #624 ) ;
#6825 = VECTOR ( 'NONE', #6481, 1000.000000000000000 ) ;
#6826 = DIRECTION ( 'NONE',  ( 0.5547001962240989403, 0.8320502943385971184, 0.000000000000000000 ) ) ;
#6827 = EDGE_LOOP ( 'NONE', ( #2224, #4218, #4980 ) ) ;
#6828 = ORIENTED_EDGE ( 'NONE', *, *, #3717, .T. ) ;
#6829 = ORIENTED_EDGE ( 'NONE', *, *, #1318, .T. ) ;
#6830 = LINE ( 'NONE', #4038, #4947 ) ;
#6831 = DIRECTION ( 'NONE',  ( 0.000000000000000000, -1.000000000000000000, 0.000000000000000000 ) ) ;
#6832 = CARTESIAN_POINT ( 'NONE',  ( 0.2000000000000000111, 0.5000000000000000000, 6.949999999999999289 ) ) ;
#6833 = DIRECTION ( 'NONE',  ( -1.000000000000000000, 0.000000000000000000, 0.000000000000000000 ) ) ;
#6834 = EDGE_LOOP ( 'NONE', ( #3267, #2531, #5146, #5973, #3674, #1149 ) ) ;
#6835 = CARTESIAN_POINT ( 'NONE',  ( -2.024999999999999911, -1.800000000000000044, -1.899999999999999911 ) ) ;
#6836 = FACE_BOUND ( 'NONE', #1953, .T. ) ;
#6837 = EDGE_CURVE ( 'NONE', #4437, #1335, #67, .T. ) ;
#6838 = CARTESIAN_POINT ( 'NONE',  ( -3.225000000000000089, 2.299999999999999822, 5.474999999999999645 ) ) ;
#6839 = CARTESIAN_POINT ( 'NONE',  ( -2.200000000000000178, 0.5000000000000000000, 6.949999999999999289 ) ) ;
#6840 = EDGE_CURVE ( 'NONE', #4514, #2324, #1217, .T. ) ;
#6841 = EDGE_CURVE ( 'NONE', #6960, #5005, #663, .T. ) ;
#6842 = CARTESIAN_POINT ( 'NONE',  ( 0.2000018868028999863, 0.5000000000000000000, 4.850000000000000533 ) ) ;
#6843 = EDGE_LOOP ( 'NONE', ( #1424, #7155, #2902, #2836 ) ) ;
#6844 = ORIENTED_EDGE ( 'NONE', *, *, #4771, .F. ) ;
#6845 = EDGE_LOOP ( 'NONE', ( #1790, #121, #7298, #2259 ) ) ;
#6846 = DIRECTION ( 'NONE',  ( -1.000000000000000000, 0.000000000000000000, 0.000000000000000000 ) ) ;
#6847 = DIRECTION ( 'NONE',  ( 1.000000000000000000, 0.000000000000000000, 0.000000000000000000 ) ) ;
#6848 = DIRECTION ( 'NONE',  ( 1.000000000000000000, 0.000000000000000000, 0.000000000000000000 ) ) ;
#6849 = EDGE_CURVE ( 'NONE', #940, #2745, #4612, .T. ) ;
#6850 = ORIENTED_EDGE ( 'NONE', *, *, #2241, .T. ) ;
#6851 = EDGE_CURVE ( 'NONE', #5799, #302, #6952, .T. ) ;
#6852 = EDGE_LOOP ( 'NONE', ( #1655, #7036, #4150, #6790, #4552 ) ) ;
#6853 = VERTEX_POINT ( 'NONE', #6379 ) ;
#6854 = EDGE_CURVE ( 'NONE', #6247, #2539, #3692, .T. ) ;
#6855 = ORIENTED_EDGE ( 'NONE', *, *, #3030, .T. ) ;
#6856 = LINE ( 'NONE', #5043, #4841 ) ;
#6857 = CARTESIAN_POINT ( 'NONE',  ( 0.01991645209479804557, -2.299999999999999822, -4.073676878214885555 ) ) ;
#6858 = DIRECTION ( 'NONE',  ( 0.000000000000000000, 1.000000000000000000, -1.850371707708000085E-13 ) ) ;
#6859 = CARTESIAN_POINT ( 'NONE',  ( 4.500000000000000000, 2.500000000000000000, 5.549999999999999822 ) ) ;
#6860 = CIRCLE ( 'NONE', #3013, 0.2999999999999999334 ) ;
#6861 = AXIS2_PLACEMENT_3D ( 'NONE', #3275, #2867, #1682 ) ;
#6862 = DIRECTION ( 'NONE',  ( 0.000000000000000000, 0.000000000000000000, 1.000000000000000000 ) ) ;
#6863 = VERTEX_POINT ( 'NONE', #242 ) ;
#6864 = ORIENTED_EDGE ( 'NONE', *, *, #2819, .T. ) ;
#6865 = ORIENTED_EDGE ( 'NONE', *, *, #3587, .T. ) ;
#6866 = CARTESIAN_POINT ( 'NONE',  ( -3.350000000000000089, 2.350000000000000089, -6.275000000000000355 ) ) ;
#6867 = VECTOR ( 'NONE', #1948, 1000.000000000000000 ) ;
#6868 = CONICAL_SURFACE ( 'NONE', #4452, 2.000000000005000000, 0.7853981633901446768 ) ;
#6869 = FACE_OUTER_BOUND ( 'NONE', #2936, .T. ) ;
#6870 = DIRECTION ( 'NONE',  ( 0.7071067811865475727, -0.7071067811865475727, 0.000000000000000000 ) ) ;
#6871 = LINE ( 'NONE', #1711, #1511 ) ;
#6872 = AXIS2_PLACEMENT_3D ( 'NONE', #2089, #4386, #1513 ) ;
#6873 = CIRCLE ( 'NONE', #376, 2.140000000000000124 ) ;
#6874 = VECTOR ( 'NONE', #3435, 1000.000000000000000 ) ;
#6875 = EDGE_LOOP ( 'NONE', ( #1911, #1991, #1607, #214, #3816 ) ) ;
#6876 = DIRECTION ( 'NONE',  ( 0.000000000000000000, -1.000000000000000000, 0.000000000000000000 ) ) ;
#6877 = CARTESIAN_POINT ( 'NONE',  ( 2.299999999999999822, -1.800000000000000044, 5.799999999999999822 ) ) ;
#6878 = VECTOR ( 'NONE', #6078, 1000.000000000000000 ) ;
#6879 = AXIS2_PLACEMENT_3D ( 'NONE', #2822, #4012, #7443 ) ;
#6880 = VECTOR ( 'NONE', #2951, 1000.000000000000227 ) ;
#6881 = CARTESIAN_POINT ( 'NONE',  ( 0.2000000000000000111, 2.299999999999999822, 4.850000000000000533 ) ) ;
#6882 = FACE_OUTER_BOUND ( 'NONE', #1164, .T. ) ;
#6883 = DIRECTION ( 'NONE',  ( 0.000000000000000000, -1.000000000000000000, 0.000000000000000000 ) ) ;
#6884 = ORIENTED_EDGE ( 'NONE', *, *, #34, .T. ) ;
#6885 = AXIS2_PLACEMENT_3D ( 'NONE', #1771, #5807, #2456 ) ;
#6886 = DIRECTION ( 'NONE',  ( 0.000000000000000000, 0.000000000000000000, 1.000000000000000000 ) ) ;
#6887 = AXIS2_PLACEMENT_3D ( 'NONE', #7393, #6705, #2225 ) ;
#6888 = ORIENTED_EDGE ( 'NONE', *, *, #4680, .F. ) ;
#6889 = DIRECTION ( 'NONE',  ( 0.000000000000000000, -1.000000000000000000, 0.000000000000000000 ) ) ;
#6890 = EDGE_CURVE ( 'NONE', #28, #5677, #447, .T. ) ;
#6891 = DIRECTION ( 'NONE',  ( 0.000000000000000000, 1.000000000000000000, 0.000000000000000000 ) ) ;
#6892 = VECTOR ( 'NONE', #2702, 1000.000000000000000 ) ;
#6893 = DIRECTION ( 'NONE',  ( 0.000000000000000000, 0.7071067811865474617, 0.7071067811865474617 ) ) ;
#6894 = ORIENTED_EDGE ( 'NONE', *, *, #2755, .T. ) ;
#6895 = EDGE_LOOP ( 'NONE', ( #18, #1864, #4017, #3057 ) ) ;
#6896 = ORIENTED_EDGE ( 'NONE', *, *, #4735, .F. ) ;
#6897 = CIRCLE ( 'NONE', #3051, 0.1499999999999999667 ) ;
#6898 = VERTEX_POINT ( 'NONE', #1399 ) ;
#6899 = ADVANCED_FACE ( 'NONE', ( #7138 ), #4790, .T. ) ;
#6900 = EDGE_CURVE ( 'NONE', #6373, #2481, #4904, .T. ) ;
#6901 = DIRECTION ( 'NONE',  ( 0.000000000000000000, -1.000000000000000000, 0.000000000000000000 ) ) ;
#6902 = CARTESIAN_POINT ( 'NONE',  ( -4.299999999999999822, 3.500000000000000000, 5.549999999999999822 ) ) ;
#6903 = EDGE_CURVE ( 'NONE', #1596, #4661, #3803, .T. ) ;
#6904 = LINE ( 'NONE', #5045, #2542 ) ;
#6905 = DIRECTION ( 'NONE',  ( 0.000000000000000000, -1.000000000000000000, 0.000000000000000000 ) ) ;
#6906 = CARTESIAN_POINT ( 'NONE',  ( -4.299999999999999822, 2.649999999999999911, 5.025000000000000355 ) ) ;
#6907 = VERTEX_POINT ( 'NONE', #7247 ) ;
#6908 = EDGE_LOOP ( 'NONE', ( #4078, #6762, #933, #2769 ) ) ;
#6909 = EDGE_CURVE ( 'NONE', #4649, #2827, #6643, .T. ) ;
#6910 = CARTESIAN_POINT ( 'NONE',  ( -0.8499999999999999778, -2.500000000000000000, -5.250000000000000000 ) ) ;
#6911 = LINE ( 'NONE', #3961, #167 ) ;
#6912 = EDGE_CURVE ( 'NONE', #5264, #7081, #7097, .T. ) ;
#6913 = EDGE_CURVE ( 'NONE', #1348, #2031, #4304, .T. ) ;
#6914 = CARTESIAN_POINT ( 'NONE',  ( -1.906537443294000100, 1.649999999999999911, 5.950000000000000178 ) ) ;
#6915 = CLOSED_SHELL ( 'NONE', ( #1742, #2707, #1375, #510, #6755, #551, #2817 ) ) ;
#6916 = CARTESIAN_POINT ( 'NONE',  ( -0.1700556982309684995, -2.200000000000000178, -4.532520887256310083 ) ) ;
#6917 = ADVANCED_FACE ( 'NONE', ( #5463 ), #5430, .T. ) ;
#6918 = EDGE_LOOP ( 'NONE', ( #1456, #1407, #1702, #6106 ) ) ;
#6919 = CARTESIAN_POINT ( 'NONE',  ( -4.299999999999999822, 2.477185478309000377, 5.549999999999999822 ) ) ;
#6920 = DIRECTION ( 'NONE',  ( -1.000000000000000000, 0.000000000000000000, 0.000000000000000000 ) ) ;
#6921 = LINE ( 'NONE', #2277, #4696 ) ;
#6922 = DIRECTION ( 'NONE',  ( 0.000000000000000000, 0.6317418381935782090, 0.7751788502505720935 ) ) ;
#6923 = CARTESIAN_POINT ( 'NONE',  ( -4.950000000000000178, -2.500000000000000000, -2.500000000000000000 ) ) ;
#6924 = ORIENTED_EDGE ( 'NONE', *, *, #3548, .F. ) ;
#6925 = DIRECTION ( 'NONE',  ( 1.000000000000000000, 0.000000000000000000, 0.000000000000000000 ) ) ;
#6926 = ORIENTED_EDGE ( 'NONE', *, *, #4965, .F. ) ;
#6927 = FACE_OUTER_BOUND ( 'NONE', #6556, .T. ) ;
#6928 = CARTESIAN_POINT ( 'NONE',  ( -0.4095243470554000287, 1.062440450426999972, 5.950000000000000178 ) ) ;
#6929 = AXIS2_PLACEMENT_3D ( 'NONE', #5596, #444, #1721 ) ;
#6930 = CARTESIAN_POINT ( 'NONE',  ( -0.4000000000000000222, -1.928740671584000088, 5.799999999999999822 ) ) ;
#6931 = FACE_OUTER_BOUND ( 'NONE', #3355, .T. ) ;
#6932 = ORIENTED_EDGE ( 'NONE', *, *, #34, .F. ) ;
#6933 = ADVANCED_FACE ( 'NONE', ( #914 ), #4271, .F. ) ;
#6934 = DATE_TIME_ROLE ( 'creation_date' ) ;
#6935 = ORIENTED_EDGE ( 'NONE', *, *, #3079, .T. ) ;
#6936 = ORIENTED_EDGE ( 'NONE', *, *, #2279, .T. ) ;
#6937 = EDGE_LOOP ( 'NONE', ( #4554, #1852, #4365, #4621 ) ) ;
#6938 = CIRCLE ( 'NONE', #913, 0.8500000000000000888 ) ;
#6939 = DIRECTION ( 'NONE',  ( 0.000000000000000000, 0.000000000000000000, -1.000000000000000000 ) ) ;
#6940 = CARTESIAN_POINT ( 'NONE',  ( -1.899999999999999911, -1.800000000000000044, 5.799999999999999822 ) ) ;
#6941 = CARTESIAN_POINT ( 'NONE',  ( -4.799999999999999822, -1.699999999999999956, -2.550000000000000266 ) ) ;
#6942 = CIRCLE ( 'NONE', #4047, 0.2999999999999999334 ) ;
#6943 = EDGE_CURVE ( 'NONE', #5980, #3738, #3068, .T. ) ;
#6944 = CARTESIAN_POINT ( 'NONE',  ( 2.750000000000000000, -0.1499999999999999944, -6.125000000000000000 ) ) ;
#6945 = ORIENTED_EDGE ( 'NONE', *, *, #5547, .F. ) ;
#6946 = VERTEX_POINT ( 'NONE', #286 ) ;
#6947 = FACE_OUTER_BOUND ( 'NONE', #1272, .T. ) ;
#6948 = VECTOR ( 'NONE', #4077, 1000.000000000000000 ) ;
#6949 = DIRECTION ( 'NONE',  ( -0.9889363528683650095, -0.1483404529297947250, 0.000000000000000000 ) ) ;
#6950 = LINE ( 'NONE', #2537, #5534 ) ;
#6951 = ADVANCED_FACE ( 'NONE', ( #6569 ), #7205, .F. ) ;
#6952 = LINE ( 'NONE', #6459, #6948 ) ;
#6953 = EDGE_CURVE ( 'NONE', #815, #658, #7171, .T. ) ;
#6954 = EDGE_CURVE ( 'NONE', #7044, #918, #4292, .T. ) ;
#6955 = EDGE_LOOP ( 'NONE', ( #3945, #3428, #507 ) ) ;
#6956 = CARTESIAN_POINT ( 'NONE',  ( -2.475000000000000089, -1.899999999999999911, -0.8500000000000998979 ) ) ;
#6957 = CARTESIAN_POINT ( 'NONE',  ( 3.600000000000000089, 2.200000000000000178, 5.500000000000000000 ) ) ;
#6958 = CARTESIAN_POINT ( 'NONE',  ( 0.000000000000000000, 0.000000000000000000, 4.675000000000000711 ) ) ;
#6959 = DIRECTION ( 'NONE',  ( 0.000000000000000000, 0.000000000000000000, -1.000000000000000000 ) ) ;
#6960 = VERTEX_POINT ( 'NONE', #2083 ) ;
#6961 = LINE ( 'NONE', #1336, #589 ) ;
#6962 = VERTEX_POINT ( 'NONE', #2538 ) ;
#6963 = CARTESIAN_POINT ( 'NONE',  ( -0.4000000000000000222, -2.621259328415999956, 5.450000000000000178 ) ) ;
#6964 = ORIENTED_EDGE ( 'NONE', *, *, #2908, .T. ) ;
#6965 = CARTESIAN_POINT ( 'NONE',  ( -4.299999999999999822, 2.649999999999999911, 5.549999999999999822 ) ) ;
#6966 = PLANE ( 'NONE',  #6275 ) ;
#6967 = VECTOR ( 'NONE', #6357, 1000.000000000000114 ) ;
#6968 = DIRECTION ( 'NONE',  ( 1.000000000000000000, 0.000000000000000000, 0.000000000000000000 ) ) ;
#6969 = EDGE_LOOP ( 'NONE', ( #6619, #3281, #4491, #1031 ) ) ;
#6970 = ORIENTED_EDGE ( 'NONE', *, *, #6536, .F. ) ;
#6971 = ORIENTED_EDGE ( 'NONE', *, *, #3836, .F. ) ;
#6972 = ORIENTED_EDGE ( 'NONE', *, *, #3680, .T. ) ;
#6973 = CARTESIAN_POINT ( 'NONE',  ( 0.2000000000000000111, 0.5000000000000000000, 6.959999999999999964 ) ) ;
#6974 = CARTESIAN_POINT ( 'NONE',  ( -0.8499999999999999778, -2.350000000000000089, -4.400000000000000355 ) ) ;
#6975 = CARTESIAN_POINT ( 'NONE',  ( 4.825000000000000178, -1.699999999999999956, 1.011803398874989934 ) ) ;
#6976 = DIRECTION ( 'NONE',  ( 1.000000000000000000, 0.000000000000000000, 0.000000000000000000 ) ) ;
#6977 = EDGE_LOOP ( 'NONE', ( #6672, #3504, #5434, #1930 ) ) ;
#6978 = ORIENTED_EDGE ( 'NONE', *, *, #917, .T. ) ;
#6979 = CARTESIAN_POINT ( 'NONE',  ( -4.349999999999999645, -1.699999999999999956, -4.000000000000000000 ) ) ;
#6980 = EDGE_CURVE ( 'NONE', #4667, #5759, #2643, .T. ) ;
#6981 = FACE_OUTER_BOUND ( 'NONE', #193, .T. ) ;
#6982 = CIRCLE ( 'NONE', #3727, 0.8999999999999998002 ) ;
#6983 = DIRECTION ( 'NONE',  ( 0.000000000000000000, -1.000000000000000000, 0.000000000000000000 ) ) ;
#6984 = PLANE ( 'NONE',  #87 ) ;
#6985 = ORIENTED_EDGE ( 'NONE', *, *, #7273, .T. ) ;
#6986 = AXIS2_PLACEMENT_3D ( 'NONE', #4977, #7202, #387 ) ;
#6987 = FACE_OUTER_BOUND ( 'NONE', #327, .T. ) ;
#6988 = EDGE_CURVE ( 'NONE', #1810, #4714, #206, .T. ) ;
#6989 = FACE_OUTER_BOUND ( 'NONE', #227, .T. ) ;
#6990 = EDGE_CURVE ( 'NONE', #2487, #3274, #1042, .T. ) ;
#6991 = ADVANCED_FACE ( 'NONE', ( #4446 ), #6745, .T. ) ;
#6992 = EDGE_CURVE ( 'NONE', #1663, #4608, #572, .T. ) ;
#6993 = CIRCLE ( 'NONE', #6137, 0.1499999999999999667 ) ;
#6994 = AXIS2_PLACEMENT_3D ( 'NONE', #7184, #2127, #4423 ) ;
#6995 = CARTESIAN_POINT ( 'NONE',  ( 0.8239999999999999547, -2.621259328415999956, 5.450000000000000178 ) ) ;
#6996 = VECTOR ( 'NONE', #3757, 1000.000000000000000 ) ;
#6997 = EDGE_CURVE ( 'NONE', #1175, #5006, #2842, .T. ) ;
#6998 = PLANE ( 'NONE',  #3798 ) ;
#6999 = CARTESIAN_POINT ( 'NONE',  ( -5.250000000000000000, 2.500000000000000000, -6.424999999999999822 ) ) ;
#7000 = VERTEX_POINT ( 'NONE', #1028 ) ;
#7001 = PLANE ( 'NONE',  #1694 ) ;
#7002 = VECTOR ( 'NONE', #5251, 1000.000000000000000 ) ;
#7003 = AXIS2_PLACEMENT_3D ( 'NONE', #4710, #1310, #3060 ) ;
#7004 = EDGE_LOOP ( 'NONE', ( #5833, #6711, #4802, #3091, #2483, #1853, #3082, #3903, #3718, #4742, #7238, #4542, #3758, #456, #2754, #6681, #2007, #3767, #5873, #6804, #762, #2581, #6382 ) ) ;
#7005 = PLANE ( 'NONE',  #6498 ) ;
#7006 = EDGE_CURVE ( 'NONE', #2459, #6048, #5015, .T. ) ;
#7007 = CARTESIAN_POINT ( 'NONE',  ( -0.3133008409292000196, -2.200000000000000178, -4.950000000000000178 ) ) ;
#7008 = CIRCLE ( 'NONE', #7248, 0.1499999999999999667 ) ;
#7009 = CARTESIAN_POINT ( 'NONE',  ( 0.1532033693045000144, -2.200000000000000178, -3.850000000000000089 ) ) ;
#7010 = AXIS2_PLACEMENT_3D ( 'NONE', #6821, #6738, #574 ) ;
#7011 = ORIENTED_EDGE ( 'NONE', *, *, #2521, .T. ) ;
#7012 = ORIENTED_EDGE ( 'NONE', *, *, #5508, .F. ) ;
#7013 = VERTEX_POINT ( 'NONE', #3363 ) ;
#7014 = VERTEX_POINT ( 'NONE', #3403 ) ;
#7015 = CIRCLE ( 'NONE', #877, 0.1499999999999999667 ) ;
#7016 = CARTESIAN_POINT ( 'NONE',  ( 4.250000000000000000, -1.699999999999999956, 0.7999999999999001243 ) ) ;
#7017 = AXIS2_PLACEMENT_3D ( 'NONE', #733, #2964, #699 ) ;
#7018 = LINE ( 'NONE', #5838, #5074 ) ;
#7019 = CARTESIAN_POINT ( 'NONE',  ( 0.2000000000000000111, -4.850000000000000533, 4.986854749822000166 ) ) ;
#7020 = LINE ( 'NONE', #4070, #3927 ) ;
#7021 = VERTEX_POINT ( 'NONE', #5092 ) ;
#7022 = AXIS2_PLACEMENT_3D ( 'NONE', #2882, #5168, #2312 ) ;
#7023 = ORIENTED_EDGE ( 'NONE', *, *, #3669, .F. ) ;
#7024 = DIRECTION ( 'NONE',  ( -1.000000000000000000, 0.000000000000000000, 0.000000000000000000 ) ) ;
#7025 = FACE_OUTER_BOUND ( 'NONE', #1299, .T. ) ;
#7026 = CARTESIAN_POINT ( 'NONE',  ( -4.950000000000000178, -1.899999999999999911, -3.799999999999999822 ) ) ;
#7027 = CARTESIAN_POINT ( 'NONE',  ( 0.005362112447525990699, -2.200000000000000178, -4.003969365357605170 ) ) ;
#7028 = EDGE_LOOP ( 'NONE', ( #5455, #3012, #823 ) ) ;
#7029 = DIRECTION ( 'NONE',  ( 1.000000000000000000, 0.000000000000000000, 0.000000000000000000 ) ) ;
#7030 = LINE ( 'NONE', #4839, #2670 ) ;
#7031 = EDGE_CURVE ( 'NONE', #4054, #4246, #5250, .T. ) ;
#7032 = CARTESIAN_POINT ( 'NONE',  ( 4.649609279585962263, 2.500000000000015099, 4.675000000000000711 ) ) ;
#7033 = CARTESIAN_POINT ( 'NONE',  ( -4.675000000000000711, -1.699999999999999956, -2.550000000000000266 ) ) ;
#7034 = EDGE_CURVE ( 'NONE', #2361, #17, #2003, .T. ) ;
#7035 = DIRECTION ( 'NONE',  ( 0.000000000000000000, 0.000000000000000000, -1.000000000000000000 ) ) ;
#7036 = ORIENTED_EDGE ( 'NONE', *, *, #1327, .T. ) ;
#7037 = FACE_OUTER_BOUND ( 'NONE', #2671, .T. ) ;
#7038 = CC_DESIGN_SECURITY_CLASSIFICATION ( #4024, ( #4864 ) ) ;
#7039 = LINE ( 'NONE', #6361, #3373 ) ;
#7040 = LINE ( 'NONE', #1868, #6520 ) ;
#7041 = DIRECTION ( 'NONE',  ( -1.000000000000000000, 0.000000000000000000, 0.000000000000000000 ) ) ;
#7042 = EDGE_LOOP ( 'NONE', ( #5641, #94, #2100, #1623 ) ) ;
#7043 = EDGE_CURVE ( 'NONE', #3123, #4785, #7317, .T. ) ;
#7044 = VERTEX_POINT ( 'NONE', #3288 ) ;
#7045 = EDGE_LOOP ( 'NONE', ( #1158, #6645, #3160, #3366, #7128, #1739 ) ) ;
#7046 = EDGE_CURVE ( 'NONE', #5943, #4447, #6679, .T. ) ;
#7047 = ADVANCED_FACE ( 'NONE', ( #1506 ), #2766, .F. ) ;
#7048 = VERTEX_POINT ( 'NONE', #5694 ) ;
#7049 = DIRECTION ( 'NONE',  ( 1.000000000000000000, 0.000000000000000000, 0.000000000000000000 ) ) ;
#7050 = CYLINDRICAL_SURFACE ( 'NONE', #6885, 0.1499999999999999667 ) ;
#7051 = DIRECTION ( 'NONE',  ( 0.000000000000000000, 0.000000000000000000, 1.000000000000000000 ) ) ;
#7052 = DIRECTION ( 'NONE',  ( 1.000000000000000000, 0.000000000000000000, 0.000000000000000000 ) ) ;
#7053 = ORIENTED_EDGE ( 'NONE', *, *, #458, .T. ) ;
#7054 = ORIENTED_EDGE ( 'NONE', *, *, #822, .T. ) ;
#7055 = VECTOR ( 'NONE', #2593, 1000.000000000000000 ) ;
#7056 = APPLICATION_CONTEXT ( 'configuration controlled 3d designs of mechanical parts and assemblies' ) ;
#7057 = PLANE ( 'NONE',  #6415 ) ;
#7058 = CARTESIAN_POINT ( 'NONE',  ( 0.8000000000000000444, -2.621259328415999956, 5.450000000000000178 ) ) ;
#7059 = FACE_OUTER_BOUND ( 'NONE', #2097, .T. ) ;
#7060 = AXIS2_PLACEMENT_3D ( 'NONE', #4010, #6309, #5544 ) ;
#7061 = FACE_OUTER_BOUND ( 'NONE', #4557, .T. ) ;
#7062 = CARTESIAN_POINT ( 'NONE',  ( 4.250000000000000000, -1.699999999999999956, 0.7999999999999001243 ) ) ;
#7063 = ORIENTED_EDGE ( 'NONE', *, *, #5103, .T. ) ;
#7064 = AXIS2_PLACEMENT_3D ( 'NONE', #1700, #4712, #4000 ) ;
#7065 = DIRECTION ( 'NONE',  ( 0.000000000000000000, 1.000000000000000000, 0.000000000000000000 ) ) ;
#7066 = CARTESIAN_POINT ( 'NONE',  ( 0.2000000000000000111, 0.5000000000000000000, 10.34999999999999964 ) ) ;
#7067 = CARTESIAN_POINT ( 'NONE',  ( -0.9948204461110998764, 2.974880900854000032, 4.750000000000000000 ) ) ;
#7068 = CARTESIAN_POINT ( 'NONE',  ( 0.2000000000000000111, 0.5000000000000000000, 10.14999999999999858 ) ) ;
#7069 = VERTEX_POINT ( 'NONE', #3805 ) ;
#7070 = CARTESIAN_POINT ( 'NONE',  ( -2.649999999999999911, -1.699999999999999956, 4.850000000000000533 ) ) ;
#7071 = ORIENTED_EDGE ( 'NONE', *, *, #4170, .F. ) ;
#7072 = CARTESIAN_POINT ( 'NONE',  ( 0.000000000000000000, 2.500000000000000000, 0.000000000000000000 ) ) ;
#7073 = ORIENTED_EDGE ( 'NONE', *, *, #3848, .T. ) ;
#7074 = EDGE_CURVE ( 'NONE', #6214, #4514, #5734, .T. ) ;
#7075 = DIRECTION ( 'NONE',  ( 1.000000000000000000, 0.000000000000000000, 0.000000000000000000 ) ) ;
#7076 = CARTESIAN_POINT ( 'NONE',  ( -3.449999999999999734, 2.500000000000000000, 4.649999999999999467 ) ) ;
#7077 = CARTESIAN_POINT ( 'NONE',  ( 2.299999999999978062, 0.5000000000000000000, 5.000000000000000000 ) ) ;
#7078 = ORIENTED_EDGE ( 'NONE', *, *, #3539, .F. ) ;
#7079 = ORIENTED_EDGE ( 'NONE', *, *, #1230, .T. ) ;
#7080 = EDGE_LOOP ( 'NONE', ( #4306, #1975 ) ) ;
#7081 = VERTEX_POINT ( 'NONE', #6105 ) ;
#7082 = CARTESIAN_POINT ( 'NONE',  ( -2.575000000000000178, -1.800000000000000044, -1.449999999999999956 ) ) ;
#7083 = VECTOR ( 'NONE', #5330, 1000.000000000000000 ) ;
#7084 = ADVANCED_FACE ( 'NONE', ( #946 ), #5651, .T. ) ;
#7085 = CARTESIAN_POINT ( 'NONE',  ( -3.075549786411999609, -1.329668090586000107, 5.799999999999999822 ) ) ;
#7086 = DIRECTION ( 'NONE',  ( -1.000000000000000000, 0.000000000000000000, 0.000000000000000000 ) ) ;
#7087 = APPROVAL ( #5758, 'UNSPECIFIED' ) ;
#7088 = ADVANCED_FACE ( 'NONE', ( #2149 ), #7397, .T. ) ;
#7089 = EDGE_CURVE ( 'NONE', #5996, #5695, #3956, .T. ) ;
#7090 = DIRECTION ( 'NONE',  ( 0.000000000000000000, 1.000000000000000000, 0.000000000000000000 ) ) ;
#7091 = ORIENTED_EDGE ( 'NONE', *, *, #2989, .T. ) ;
#7092 = VERTEX_POINT ( 'NONE', #1539 ) ;
#7093 = LINE ( 'NONE', #3064, #1113 ) ;
#7094 = DIRECTION ( 'NONE',  ( 0.000000000000000000, 0.000000000000000000, 1.000000000000000000 ) ) ;
#7095 = CARTESIAN_POINT ( 'NONE',  ( 4.549999999999999822, -2.500000000000000000, 1.000000000000000000 ) ) ;
#7096 = DIRECTION ( 'NONE',  ( 0.000000000000000000, -1.312703472676999855E-13, -1.000000000000000000 ) ) ;
#7097 = LINE ( 'NONE', #6073, #209 ) ;
#7098 = ORIENTED_EDGE ( 'NONE', *, *, #4235, .T. ) ;
#7099 = EDGE_LOOP ( 'NONE', ( #2474, #2615, #6317, #6777 ) ) ;
#7100 = LINE ( 'NONE', #4652, #2309 ) ;
#7101 = DIRECTION ( 'NONE',  ( 0.000000000000000000, 0.000000000000000000, -1.000000000000000000 ) ) ;
#7102 = FACE_OUTER_BOUND ( 'NONE', #5198, .T. ) ;
#7103 = LINE ( 'NONE', #891, #204 ) ;
#7104 = VECTOR ( 'NONE', #6616, 1000.000000000000000 ) ;
#7105 = CIRCLE ( 'NONE', #5287, 0.5249999999999999112 ) ;
#7106 = VERTEX_POINT ( 'NONE', #6259 ) ;
#7107 = CARTESIAN_POINT ( 'NONE',  ( 4.575000000000000178, -4.899999999999999467, 1.050000000000000044 ) ) ;
#7108 = VERTEX_POINT ( 'NONE', #5129 ) ;
#7109 = DIRECTION ( 'NONE',  ( 1.000000000000000000, 0.000000000000000000, 0.000000000000000000 ) ) ;
#7110 = VECTOR ( 'NONE', #2697, 1000.000000000000000 ) ;
#7111 = VECTOR ( 'NONE', #3969, 1000.000000000000000 ) ;
#7112 = DIRECTION ( 'NONE',  ( -0.000000000000000000, 1.000000000000000000, 0.000000000000000000 ) ) ;
#7113 = CARTESIAN_POINT ( 'NONE',  ( 4.700000000000000178, -4.850000000000000533, -6.111511135518000515 ) ) ;
#7114 = DIRECTION ( 'NONE',  ( 1.000000000000000000, 0.000000000000000000, 0.000000000000000000 ) ) ;
#7115 = ORIENTED_EDGE ( 'NONE', *, *, #630, .T. ) ;
#7116 = ORIENTED_EDGE ( 'NONE', *, *, #1409, .F. ) ;
#7117 = VECTOR ( 'NONE', #2764, 1000.000000000000000 ) ;
#7118 = VECTOR ( 'NONE', #3416, 1000.000000000000114 ) ;
#7119 = VECTOR ( 'NONE', #301, 1000.000000000000000 ) ;
#7120 = ORIENTED_EDGE ( 'NONE', *, *, #3709, .T. ) ;
#7121 = ORIENTED_EDGE ( 'NONE', *, *, #3720, .F. ) ;
#7122 = CARTESIAN_POINT ( 'NONE',  ( -5.349999999999999645, -1.699999999999999956, 4.675000000000000711 ) ) ;
#7123 = FACE_OUTER_BOUND ( 'NONE', #1418, .T. ) ;
#7124 = VECTOR ( 'NONE', #6181, 1000.000000000000000 ) ;
#7125 = VECTOR ( 'NONE', #6149, 1000.000000000000000 ) ;
#7126 = DIRECTION ( 'NONE',  ( 1.000000000000000000, 0.000000000000000000, 0.000000000000000000 ) ) ;
#7127 = CARTESIAN_POINT ( 'NONE',  ( 3.849999987651000044, 2.500000000000000000, 4.950000000000000178 ) ) ;
#7128 = ORIENTED_EDGE ( 'NONE', *, *, #4084, .F. ) ;
#7129 = ORIENTED_EDGE ( 'NONE', *, *, #44, .T. ) ;
#7130 = EDGE_CURVE ( 'NONE', #7223, #6534, #3243, .T. ) ;
#7131 = EDGE_CURVE ( 'NONE', #4331, #198, #2691, .T. ) ;
#7132 = VECTOR ( 'NONE', #422, 1000.000000000000000 ) ;
#7133 = PLANE ( 'NONE',  #277 ) ;
#7134 = DIRECTION ( 'NONE',  ( -1.000000000000000000, 0.000000000000000000, 0.000000000000000000 ) ) ;
#7135 = DIRECTION ( 'NONE',  ( 0.000000000000000000, 0.000000000000000000, 1.000000000000000000 ) ) ;
#7136 = VECTOR ( 'NONE', #2163, 1000.000000000000000 ) ;
#7137 = CARTESIAN_POINT ( 'NONE',  ( -1.800000000000000044, 2.500000000000000000, 5.950000000000000178 ) ) ;
#7138 = FACE_OUTER_BOUND ( 'NONE', #4207, .T. ) ;
#7139 = ORIENTED_EDGE ( 'NONE', *, *, #2191, .F. ) ;
#7140 = EDGE_CURVE ( 'NONE', #7021, #6147, #7020, .T. ) ;
#7141 = ORIENTED_EDGE ( 'NONE', *, *, #225, .T. ) ;
#7142 = ADVANCED_FACE ( 'NONE', ( #4673 ), #3437, .F. ) ;
#7143 = ADVANCED_FACE ( 'NONE', ( #686 ), #1809, .F. ) ;
#7144 = CARTESIAN_POINT ( 'NONE',  ( -0.4000000000000000222, -2.045017499121999816, 5.444761275728999372 ) ) ;
#7145 = CARTESIAN_POINT ( 'NONE',  ( 2.888881257919000412, -1.500000000000000000, 5.649999999999999467 ) ) ;
#7146 = CARTESIAN_POINT ( 'NONE',  ( 0.2000000000000000111, 3.077185478309000022, -4.450000000000000178 ) ) ;
#7147 = DIRECTION ( 'NONE',  ( 1.000000000000000000, 0.000000000000000000, 0.000000000000000000 ) ) ;
#7148 = ORIENTED_EDGE ( 'NONE', *, *, #1877, .T. ) ;
#7149 = DIRECTION ( 'NONE',  ( 0.000000000000000000, 0.000000000000000000, -1.000000000000000000 ) ) ;
#7150 = LINE ( 'NONE', #3644, #2043 ) ;
#7151 = LINE ( 'NONE', #3156, #6626 ) ;
#7152 = FACE_OUTER_BOUND ( 'NONE', #1775, .T. ) ;
#7153 = ORIENTED_EDGE ( 'NONE', *, *, #2896, .F. ) ;
#7154 = VECTOR ( 'NONE', #4509, 1000.000000000000000 ) ;
#7155 = ORIENTED_EDGE ( 'NONE', *, *, #3720, .T. ) ;
#7156 = ORIENTED_EDGE ( 'NONE', *, *, #1601, .T. ) ;
#7157 = ORIENTED_EDGE ( 'NONE', *, *, #1043, .T. ) ;
#7158 = DIRECTION ( 'NONE',  ( 0.000000000000000000, -1.000000000000000000, 0.000000000000000000 ) ) ;
#7159 = CARTESIAN_POINT ( 'NONE',  ( -2.149999999999999911, -1.800000000000000044, -0.6999999999999999556 ) ) ;
#7160 = DIRECTION ( 'NONE',  ( 0.000000000000000000, -1.000000000000000000, 0.000000000000000000 ) ) ;
#7161 = DIRECTION ( 'NONE',  ( 0.000000000000000000, 0.000000000000000000, -1.000000000000000000 ) ) ;
#7162 = ORIENTED_EDGE ( 'NONE', *, *, #1359, .F. ) ;
#7163 = ORIENTED_EDGE ( 'NONE', *, *, #6054, .T. ) ;
#7164 = EDGE_CURVE ( 'NONE', #6898, #5309, #1285, .T. ) ;
#7165 = CARTESIAN_POINT ( 'NONE',  ( -2.149999999999999911, 1.649999999999999911, 6.949999999999999289 ) ) ;
#7166 = DIRECTION ( 'NONE',  ( 1.000000000000000000, 0.000000000000000000, 0.000000000000000000 ) ) ;
#7167 = CARTESIAN_POINT ( 'NONE',  ( 4.850000000000000533, -1.899999999999999911, 2.299999999999999822 ) ) ;
#7168 = ADVANCED_FACE ( 'NONE', ( #3021 ), #5237, .T. ) ;
#7169 = CARTESIAN_POINT ( 'NONE',  ( -2.149999999999999911, 1.649999999999999911, 6.949999999999999289 ) ) ;
#7170 = CIRCLE ( 'NONE', #5474, 3.000000000000000000 ) ;
#7171 = LINE ( 'NONE', #1473, #2373 ) ;
#7172 = ORIENTED_EDGE ( 'NONE', *, *, #3457, .T. ) ;
#7173 = VERTEX_POINT ( 'NONE', #5308 ) ;
#7174 = LINE ( 'NONE', #1544, #6638 ) ;
#7175 = CIRCLE ( 'NONE', #2967, 0.2000000000000000944 ) ;
#7176 = DIRECTION ( 'NONE',  ( 0.000000000000000000, 0.000000000000000000, 1.000000000000000000 ) ) ;
#7177 = ADVANCED_FACE ( 'NONE', ( #2266 ), #5810, .T. ) ;
#7178 = DIRECTION ( 'NONE',  ( -1.000000000000000000, 0.000000000000000000, 0.000000000000000000 ) ) ;
#7179 = ADVANCED_FACE ( 'NONE', ( #6372 ), #5206, .T. ) ;
#7180 = CARTESIAN_POINT ( 'NONE',  ( 4.575000000000000178, -4.899999999999999467, 1.050000000000000044 ) ) ;
#7181 = EDGE_CURVE ( 'NONE', #6212, #5207, #125, .T. ) ;
#7182 = VECTOR ( 'NONE', #389, 1000.000000000000000 ) ;
#7183 = ORIENTED_EDGE ( 'NONE', *, *, #3338, .T. ) ;
#7184 = CARTESIAN_POINT ( 'NONE',  ( -5.100000000000000533, 2.350000000000000089, -5.212500000000000355 ) ) ;
#7185 = CIRCLE ( 'NONE', #4895, 0.5249999999999999112 ) ;
#7186 = DIRECTION ( 'NONE',  ( -1.000000000000000000, 0.000000000000000000, 0.000000000000000000 ) ) ;
#7187 = CARTESIAN_POINT ( 'NONE',  ( -2.100000000000000089, -1.699999999999999956, 5.813145250178000545 ) ) ;
#7188 = PLANE ( 'NONE',  #2599 ) ;
#7189 = VERTEX_POINT ( 'NONE', #60 ) ;
#7190 = VERTEX_POINT ( 'NONE', #1737 ) ;
#7191 = ORIENTED_EDGE ( 'NONE', *, *, #1364, .T. ) ;
#7192 = DIRECTION ( 'NONE',  ( 1.000000000000000000, 0.000000000000000000, 0.000000000000000000 ) ) ;
#7193 = VERTEX_POINT ( 'NONE', #2415 ) ;
#7194 = CARTESIAN_POINT ( 'NONE',  ( 0.2000000000000000111, 0.5000000000000000000, 5.486854749822000166 ) ) ;
#7195 = PLANE ( 'NONE',  #5669 ) ;
#7196 = DIRECTION ( 'NONE',  ( 0.000000000000000000, -1.000000000000000000, 0.000000000000000000 ) ) ;
#7197 = VERTEX_POINT ( 'NONE', #5765 ) ;
#7198 = EDGE_LOOP ( 'NONE', ( #5331, #2516 ) ) ;
#7199 = VECTOR ( 'NONE', #7035, 1000.000000000000000 ) ;
#7200 = CARTESIAN_POINT ( 'NONE',  ( 0.2000000000000000111, 0.5000000000000000000, 5.799999999999999822 ) ) ;
#7201 = LINE ( 'NONE', #1427, #3152 ) ;
#7202 = DIRECTION ( 'NONE',  ( 0.5547001962240989403, 0.8320502943385971184, 0.000000000000000000 ) ) ;
#7203 = DIRECTION ( 'NONE',  ( -1.000000000000000000, 5.075305255429000167E-14, 0.000000000000000000 ) ) ;
#7204 = AXIS2_PLACEMENT_3D ( 'NONE', #635, #3530, #702 ) ;
#7205 = CYLINDRICAL_SURFACE ( 'NONE', #6819, 4.000000000000000000 ) ;
#7206 = ORIENTED_EDGE ( 'NONE', *, *, #1177, .F. ) ;
#7207 = VERTEX_POINT ( 'NONE', #6906 ) ;
#7208 = DIRECTION ( 'NONE',  ( 0.000000000000000000, -1.000000000000000000, 0.000000000000000000 ) ) ;
#7209 = CYLINDRICAL_SURFACE ( 'NONE', #1338, 0.1499999999999999667 ) ;
#7210 = DIRECTION ( 'NONE',  ( -0.000000000000000000, 1.000000000000000000, 0.000000000000000000 ) ) ;
#7211 = CARTESIAN_POINT ( 'NONE',  ( 3.600000000000000089, -0.5000000000000000000, 5.799999999999999822 ) ) ;
#7212 = ORIENTED_EDGE ( 'NONE', *, *, #1542, .T. ) ;
#7213 = EDGE_CURVE ( 'NONE', #151, #120, #4562, .T. ) ;
#7214 = ADVANCED_FACE ( 'NONE', ( #2954 ), #1209, .F. ) ;
#7215 = LINE ( 'NONE', #1441, #3386 ) ;
#7216 = EDGE_CURVE ( 'NONE', #1526, #2745, #5730, .T. ) ;
#7217 = EDGE_CURVE ( 'NONE', #1952, #1245, #92, .T. ) ;
#7218 = DIRECTION ( 'NONE',  ( 0.000000000000000000, 1.000000000000000000, 0.000000000000000000 ) ) ;
#7219 = CIRCLE ( 'NONE', #385, 0.8500000000000000888 ) ;
#7220 = CARTESIAN_POINT ( 'NONE',  ( 3.625000000000000000, 2.299999999999999822, 5.825000000000000178 ) ) ;
#7221 = AXIS2_PLACEMENT_3D ( 'NONE', #856, #2057, #3784 ) ;
#7222 = DIRECTION ( 'NONE',  ( 0.000000000000000000, 0.000000000000000000, 1.000000000000000000 ) ) ;
#7223 = VERTEX_POINT ( 'NONE', #578 ) ;
#7224 = EDGE_LOOP ( 'NONE', ( #2564, #4580, #6130, #1169, #4845, #5797 ) ) ;
#7225 = ORIENTED_EDGE ( 'NONE', *, *, #6849, .F. ) ;
#7226 = DIRECTION ( 'NONE',  ( 0.000000000000000000, 0.000000000000000000, -1.000000000000000000 ) ) ;
#7227 = VECTOR ( 'NONE', #1381, 1000.000000000000000 ) ;
#7228 = AXIS2_PLACEMENT_3D ( 'NONE', #4539, #6690, #2129 ) ;
#7229 = ORIENTED_EDGE ( 'NONE', *, *, #5509, .F. ) ;
#7230 = EDGE_CURVE ( 'NONE', #3372, #1175, #5254, .T. ) ;
#7231 = ADVANCED_FACE ( 'NONE', ( #2917 ), #2342, .T. ) ;
#7232 = PLANE ( 'NONE',  #6413 ) ;
#7233 = LINE ( 'NONE', #4894, #1821 ) ;
#7234 = AXIS2_PLACEMENT_3D ( 'NONE', #6154, #5021, #4454 ) ;
#7235 = VECTOR ( 'NONE', #1264, 1000.000000000000000 ) ;
#7236 = CIRCLE ( 'NONE', #7354, 2.350000000000000089 ) ;
#7237 = APPROVAL_STATUS ( 'not_yet_approved' ) ;
#7238 = ORIENTED_EDGE ( 'NONE', *, *, #6912, .T. ) ;
#7239 = ORIENTED_EDGE ( 'NONE', *, *, #225, .F. ) ;
#7240 = CIRCLE ( 'NONE', #3982, 0.1499999999999999667 ) ;
#7241 = DIRECTION ( 'NONE',  ( 1.000000000000000000, -5.878785113032513212E-14, 0.000000000000000000 ) ) ;
#7242 = VECTOR ( 'NONE', #3778, 1000.000000000000000 ) ;
#7243 = VECTOR ( 'NONE', #3510, 1000.000000000000000 ) ;
#7244 = DIRECTION ( 'NONE',  ( 1.000000000000000000, 0.000000000000000000, 0.000000000000000000 ) ) ;
#7245 = CARTESIAN_POINT ( 'NONE',  ( -3.200000000000000178, 2.200000000000000178, 5.799999999999999822 ) ) ;
#7246 = CARTESIAN_POINT ( 'NONE',  ( 0.2000000000000000111, 0.5000000000000000000, 6.959999999999999964 ) ) ;
#7247 = CARTESIAN_POINT ( 'NONE',  ( -5.750000000000000000, 3.500000000000000000, 6.949999999999999289 ) ) ;
#7248 = AXIS2_PLACEMENT_3D ( 'NONE', #1309, #5235, #3578 ) ;
#7249 = EDGE_LOOP ( 'NONE', ( #5398, #1022, #3383, #5944 ) ) ;
#7250 = EDGE_LOOP ( 'NONE', ( #6680, #3335, #633, #6926 ) ) ;
#7251 = ORIENTED_EDGE ( 'NONE', *, *, #2892, .T. ) ;
#7252 = CARTESIAN_POINT ( 'NONE',  ( 2.500000000000000000, -1.500000000000000000, 5.500000000000000000 ) ) ;
#7253 = CARTESIAN_POINT ( 'NONE',  ( -1.449999999999999956, 2.500000000000000000, -6.424999999999999822 ) ) ;
#7254 = AXIS2_PLACEMENT_3D ( 'NONE', #2930, #5217, #2320 ) ;
#7255 = DIRECTION ( 'NONE',  ( 0.000000000000000000, 0.000000000000000000, -1.000000000000000000 ) ) ;
#7256 = LINE ( 'NONE', #2506, #5246 ) ;
#7257 = VECTOR ( 'NONE', #6307, 1000.000000000000000 ) ;
#7258 = EDGE_LOOP ( 'NONE', ( #5731, #5159, #6262, #4526 ) ) ;
#7259 = CARTESIAN_POINT ( 'NONE',  ( -2.649999999999999911, 2.299999999999999822, 5.474999999999999645 ) ) ;
#7260 = CARTESIAN_POINT ( 'NONE',  ( -0.2313370455056000252, -2.299999999999999822, -4.717896939814000490 ) ) ;
#7261 = CARTESIAN_POINT ( 'NONE',  ( 0.1784818660467999973, -2.299999999999999822, -4.532520887255999220 ) ) ;
#7262 = ADVANCED_FACE ( 'NONE', ( #4185 ), #5951, .F. ) ;
#7263 = CARTESIAN_POINT ( 'NONE',  ( 0.8000000000000000444, -4.899999999999999467, 5.299999999999999822 ) ) ;
#7264 = EDGE_LOOP ( 'NONE', ( #3549, #1508, #1722, #3121 ) ) ;
#7265 = ORIENTED_EDGE ( 'NONE', *, *, #1420, .F. ) ;
#7266 = ORIENTED_EDGE ( 'NONE', *, *, #5372, .T. ) ;
#7267 = CARTESIAN_POINT ( 'NONE',  ( -4.649999999999999467, -2.500000000000000000, -2.500000000000000000 ) ) ;
#7268 = ORIENTED_EDGE ( 'NONE', *, *, #5419, .T. ) ;
#7269 = DIRECTION ( 'NONE',  ( 0.000000000000000000, 1.000000000000000000, 0.000000000000000000 ) ) ;
#7270 = DIRECTION ( 'NONE',  ( 0.3329829244524177834, 0.000000000000000000, 0.9429328565826494701 ) ) ;
#7271 = EDGE_CURVE ( 'NONE', #4071, #3571, #7185, .T. ) ;
#7272 = EDGE_CURVE ( 'NONE', #5406, #2579, #5345, .T. ) ;
#7273 = EDGE_CURVE ( 'NONE', #4739, #2775, #6465, .T. ) ;
#7274 = ORIENTED_EDGE ( 'NONE', *, *, #2980, .F. ) ;
#7275 = ORIENTED_EDGE ( 'NONE', *, *, #2251, .T. ) ;
#7276 = LINE ( 'NONE', #7165, #1346 ) ;
#7277 = CARTESIAN_POINT ( 'NONE',  ( -0.4000000000000000222, -1.928740671584000088, 5.349999999999999645 ) ) ;
#7278 = CARTESIAN_POINT ( 'NONE',  ( -4.950000000000000178, -2.500000000000000000, -2.500000000000000000 ) ) ;
#7279 = DIRECTION ( 'NONE',  ( 0.000000000000000000, 0.000000000000000000, 1.000000000000000000 ) ) ;
#7280 = CARTESIAN_POINT ( 'NONE',  ( 3.600000000000000089, 2.200000000000000178, 5.799999999999999822 ) ) ;
#7281 = ORIENTED_EDGE ( 'NONE', *, *, #2213, .F. ) ;
#7282 = VERTEX_POINT ( 'NONE', #6597 ) ;
#7283 = ORIENTED_EDGE ( 'NONE', *, *, #5658, .T. ) ;
#7284 = DIRECTION ( 'NONE',  ( 1.000000000000000000, 0.000000000000000000, 0.000000000000000000 ) ) ;
#7285 = LINE ( 'NONE', #2618, #999 ) ;
#7286 = LINE ( 'NONE', #549, #6740 ) ;
#7287 = CARTESIAN_POINT ( 'NONE',  ( 0.000000000000000000, 2.500000000000000000, -6.125000000000000000 ) ) ;
#7288 = ORIENTED_EDGE ( 'NONE', *, *, #1420, .T. ) ;
#7289 = VECTOR ( 'NONE', #1077, 1000.000000000000000 ) ;
#7290 = PLANE ( 'NONE',  #6994 ) ;
#7291 = DIRECTION ( 'NONE',  ( 0.000000000000000000, 0.000000000000000000, -1.000000000000000000 ) ) ;
#7292 = DIRECTION ( 'NONE',  ( -1.000000000000000000, 2.886579864026000229E-14, 0.000000000000000000 ) ) ;
#7293 = CARTESIAN_POINT ( 'NONE',  ( 0.1784818660467999973, -2.299999999999999822, -4.532520887255999220 ) ) ;
#7294 = VECTOR ( 'NONE', #1941, 1000.000000000000000 ) ;
#7295 = LINE ( 'NONE', #930, #5240 ) ;
#7296 = VERTEX_POINT ( 'NONE', #7127 ) ;
#7297 = CARTESIAN_POINT ( 'NONE',  ( 3.277762515837999935, -1.500000000000000000, 5.500000000000000000 ) ) ;
#7298 = ORIENTED_EDGE ( 'NONE', *, *, #1263, .T. ) ;
#7299 = DIRECTION ( 'NONE',  ( 1.000000000000000000, 0.000000000000000000, 0.000000000000000000 ) ) ;
#7300 = VECTOR ( 'NONE', #4833, 1000.000000000000000 ) ;
#7301 = EDGE_CURVE ( 'NONE', #418, #2391, #2616, .T. ) ;
#7302 = ADVANCED_FACE ( 'NONE', ( #1311 ), #1996, .T. ) ;
#7303 = CARTESIAN_POINT ( 'NONE',  ( 4.100000000000000533, 0.2999999999999999889, -5.525000000000000355 ) ) ;
#7304 = DIRECTION ( 'NONE',  ( 0.000000000000000000, 1.000000000000000000, 0.000000000000000000 ) ) ;
#7305 = ORIENTED_EDGE ( 'NONE', *, *, #1461, .F. ) ;
#7306 = ORIENTED_EDGE ( 'NONE', *, *, #6144, .T. ) ;
#7307 = ORIENTED_EDGE ( 'NONE', *, *, #3679, .F. ) ;
#7308 = EDGE_CURVE ( 'NONE', #3372, #254, #4860, .T. ) ;
#7309 = EDGE_CURVE ( 'NONE', #1731, #5502, #4238, .T. ) ;
#7310 = DIRECTION ( 'NONE',  ( 1.000000000000000000, 0.000000000000000000, 0.000000000000000000 ) ) ;
#7311 = PLANE ( 'NONE',  #6756 ) ;
#7312 = EDGE_CURVE ( 'NONE', #3193, #5980, #165, .T. ) ;
#7313 = EDGE_CURVE ( 'NONE', #3193, #5722, #1961, .T. ) ;
#7314 = CARTESIAN_POINT ( 'NONE',  ( 2.225000000000000089, 0.5000000000000000000, 4.924999999999999822 ) ) ;
#7315 = EDGE_CURVE ( 'NONE', #82, #659, #329, .T. ) ;
#7316 = LINE ( 'NONE', #1504, #6398 ) ;
#7317 = LINE ( 'NONE', #7434, #1284 ) ;
#7318 = ORIENTED_EDGE ( 'NONE', *, *, #6164, .T. ) ;
#7319 = ORIENTED_EDGE ( 'NONE', *, *, #4908, .F. ) ;
#7320 = ORIENTED_EDGE ( 'NONE', *, *, #3178, .F. ) ;
#7321 = DIRECTION ( 'NONE',  ( 1.000000000000000000, 0.000000000000000000, 0.000000000000000000 ) ) ;
#7322 = LINE ( 'NONE', #3147, #2815 ) ;
#7323 = EDGE_CURVE ( 'NONE', #7282, #4165, #5912, .T. ) ;
#7324 = FACE_OUTER_BOUND ( 'NONE', #4798, .T. ) ;
#7325 = CARTESIAN_POINT ( 'NONE',  ( 0.2000000000000000111, -0.05192307692308000683, 5.486854749822000166 ) ) ;
#7326 = VERTEX_POINT ( 'NONE', #305 ) ;
#7327 = CARTESIAN_POINT ( 'NONE',  ( 4.850000000000000533, -2.500000000000000000, 1.000000000000000000 ) ) ;
#7328 = DIRECTION ( 'NONE',  ( 0.000000000000000000, 0.000000000000000000, -1.000000000000000000 ) ) ;
#7329 = CARTESIAN_POINT ( 'NONE',  ( -5.250000000000000000, -1.699999999999999956, -2.500000000000000000 ) ) ;
#7330 = DIRECTION ( 'NONE',  ( 0.000000000000000000, -1.000000000000000000, 0.000000000000000000 ) ) ;
#7331 = DIRECTION ( 'NONE',  ( 0.000000000000000000, 0.000000000000000000, 1.000000000000000000 ) ) ;
#7332 = EDGE_LOOP ( 'NONE', ( #5535, #3809, #3656 ) ) ;
#7333 = LINE ( 'NONE', #7297, #2721 ) ;
#7334 = VERTEX_POINT ( 'NONE', #3613 ) ;
#7335 = DIRECTION ( 'NONE',  ( -1.000000000000000000, 0.000000000000000000, 3.734224056094999899E-14 ) ) ;
#7336 = CONICAL_SURFACE ( 'NONE', #843, 2.024999999999999911, 0.7853981633972990650 ) ;
#7337 = VECTOR ( 'NONE', #5635, 1000.000000000000000 ) ;
#7338 = DIRECTION ( 'NONE',  ( 0.000000000000000000, 0.7071067812026969879, 0.7071067811703980466 ) ) ;
#7339 = LINE ( 'NONE', #3350, #150 ) ;
#7340 = ORIENTED_EDGE ( 'NONE', *, *, #6992, .T. ) ;
#7341 =( LENGTH_UNIT ( ) NAMED_UNIT ( * ) SI_UNIT ( .MILLI., .METRE. ) );
#7342 = ORIENTED_EDGE ( 'NONE', *, *, #6837, .F. ) ;
#7343 = VECTOR ( 'NONE', #109, 1000.000000000000000 ) ;
#7344 = AXIS2_PLACEMENT_3D ( 'NONE', #765, #5386, #722 ) ;
#7345 = EDGE_LOOP ( 'NONE', ( #779, #2743, #5723, #1908, #334 ) ) ;
#7346 = EDGE_LOOP ( 'NONE', ( #6038, #4027, #3827, #7191, #6818, #2223, #4942, #5867, #5786, #2399, #4230, #7373, #3142, #708, #1228, #3923, #4792, #5404, #3832, #4835, #3269, #753, #4102, #166 ) ) ;
#7347 = FACE_OUTER_BOUND ( 'NONE', #5050, .T. ) ;
#7348 = DIRECTION ( 'NONE',  ( -1.000000000000000000, 0.000000000000000000, 0.000000000000000000 ) ) ;
#7349 = AXIS2_PLACEMENT_3D ( 'NONE', #1817, #6870, #3520 ) ;
#7350 = VECTOR ( 'NONE', #6431, 1000.000000000000114 ) ;
#7351 = AXIS2_PLACEMENT_3D ( 'NONE', #3599, #5895, #743 ) ;
#7352 = DIRECTION ( 'NONE',  ( -2.520206265898999829E-13, -4.588921835116999839E-14, -1.000000000000000000 ) ) ;
#7353 = DIRECTION ( 'NONE',  ( 0.000000000000000000, 0.000000000000000000, 1.000000000000000000 ) ) ;
#7354 = AXIS2_PLACEMENT_3D ( 'NONE', #577, #4487, #6905 ) ;
#7355 = PLANE ( 'NONE',  #3857 ) ;
#7356 = EDGE_CURVE ( 'NONE', #4363, #4897, #2458, .T. ) ;
#7357 = EDGE_CURVE ( 'NONE', #4490, #7189, #4216, .T. ) ;
#7358 = CARTESIAN_POINT ( 'NONE',  ( 0.2000000000000000111, -0.05192307692308000683, 5.799999999999999822 ) ) ;
#7359 = ORIENTED_EDGE ( 'NONE', *, *, #1243, .F. ) ;
#7360 = VERTEX_POINT ( 'NONE', #4330 ) ;
#7361 = AXIS2_PLACEMENT_3D ( 'NONE', #210, #1895, #2353 ) ;
#7362 = ORIENTED_EDGE ( 'NONE', *, *, #1874, .F. ) ;
#7363 = VECTOR ( 'NONE', #451, 1000.000000000000000 ) ;
#7364 = LINE ( 'NONE', #6910, #32 ) ;
#7365 = CARTESIAN_POINT ( 'NONE',  ( -4.299999999999999822, 3.100000000000000089, 5.549999999999999822 ) ) ;
#7366 = VECTOR ( 'NONE', #2146, 1000.000000000000000 ) ;
#7367 = VECTOR ( 'NONE', #698, 1000.000000000000000 ) ;
#7368 = PLANE ( 'NONE',  #6388 ) ;
#7369 = EDGE_CURVE ( 'NONE', #1755, #2333, #5987, .T. ) ;
#7370 = DIRECTION ( 'NONE',  ( 0.000000000000000000, 0.000000000000000000, -1.000000000000000000 ) ) ;
#7371 = EDGE_CURVE ( 'NONE', #1167, #875, #4296, .T. ) ;
#7372 = EDGE_CURVE ( 'NONE', #391, #5759, #3130, .T. ) ;
#7373 = ORIENTED_EDGE ( 'NONE', *, *, #1874, .T. ) ;
#7374 = VECTOR ( 'NONE', #4856, 1000.000000000000000 ) ;
#7375 = DIRECTION ( 'NONE',  ( 1.000000000000000000, 0.000000000000000000, 0.000000000000000000 ) ) ;
#7376 = AXIS2_PLACEMENT_3D ( 'NONE', #3916, #5610, #3993 ) ;
#7377 = DIRECTION ( 'NONE',  ( -1.000000000000000000, 0.000000000000000000, 0.000000000000000000 ) ) ;
#7378 = CARTESIAN_POINT ( 'NONE',  ( -1.899999999999977707, 0.5000000000000002220, 5.000000000000000000 ) ) ;
#7379 = LINE ( 'NONE', #5628, #1438 ) ;
#7380 = LINE ( 'NONE', #7415, #6688 ) ;
#7381 = VECTOR ( 'NONE', #4778, 1000.000000000000000 ) ;
#7382 = EDGE_LOOP ( 'NONE', ( #2098, #4993, #2150, #1794 ) ) ;
#7383 = CARTESIAN_POINT ( 'NONE',  ( -2.149999999999999911, -1.899999999999999911, -2.050000000000000266 ) ) ;
#7384 = ORIENTED_EDGE ( 'NONE', *, *, #96, .F. ) ;
#7385 = DIRECTION ( 'NONE',  ( -1.000000000000000000, 0.000000000000000000, 0.000000000000000000 ) ) ;
#7386 = CARTESIAN_POINT ( 'NONE',  ( 4.549999999999999822, -2.500000000000000000, 2.299999999999999822 ) ) ;
#7387 = DIRECTION ( 'NONE',  ( 0.000000000000000000, -1.000000000000000000, 0.000000000000000000 ) ) ;
#7388 = ORIENTED_EDGE ( 'NONE', *, *, #5798, .T. ) ;
#7389 = CARTESIAN_POINT ( 'NONE',  ( -4.299999999999999822, 3.077185478309000022, 5.549999999999999822 ) ) ;
#7390 = ORIENTED_EDGE ( 'NONE', *, *, #5647, .F. ) ;
#7391 = VERTEX_POINT ( 'NONE', #4748 ) ;
#7392 = ORIENTED_EDGE ( 'NONE', *, *, #4908, .T. ) ;
#7393 = CARTESIAN_POINT ( 'NONE',  ( -4.299999999999999822, 2.477185478309000377, 5.549999999999999822 ) ) ;
#7394 = DIRECTION ( 'NONE',  ( -1.000000000000000000, 0.000000000000000000, 0.000000000000000000 ) ) ;
#7395 = CARTESIAN_POINT ( 'NONE',  ( -2.449999999999999734, -1.800000000000000044, -0.8499999999999999778 ) ) ;
#7396 = DIRECTION ( 'NONE',  ( 0.000000000000000000, 0.000000000000000000, 1.000000000000000000 ) ) ;
#7397 = PLANE ( 'NONE',  #5134 ) ;
#7398 = VERTEX_POINT ( 'NONE', #1355 ) ;
#7399 = ORIENTED_EDGE ( 'NONE', *, *, #1327, .F. ) ;
#7400 = EDGE_CURVE ( 'NONE', #1104, #6492, #6313, .T. ) ;
#7401 = ORIENTED_EDGE ( 'NONE', *, *, #1542, .F. ) ;
#7402 = CARTESIAN_POINT ( 'NONE',  ( -4.924999999999999822, -4.899999999999999467, -2.550000000000000266 ) ) ;
#7403 = EDGE_CURVE ( 'NONE', #752, #2468, #6129, .T. ) ;
#7404 = CARTESIAN_POINT ( 'NONE',  ( -3.000000000000000000, 2.399999999999999911, 5.500000000000000000 ) ) ;
#7405 = CARTESIAN_POINT ( 'NONE',  ( -0.4000000000000000222, -1.964370335792000155, 5.797161038502000707 ) ) ;
#7406 = DIRECTION ( 'NONE',  ( 1.000000000000000000, 0.000000000000000000, 0.000000000000000000 ) ) ;
#7407 = ORIENTED_EDGE ( 'NONE', *, *, #3264, .F. ) ;
#7408 = LINE ( 'NONE', #6799, #1569 ) ;
#7409 = ADVANCED_FACE ( 'NONE', ( #5004 ), #5489, .T. ) ;
#7410 = CARTESIAN_POINT ( 'NONE',  ( 0.2000000000000000111, 2.825105252028999647, 4.750000000000000000 ) ) ;
#7411 = DIRECTION ( 'NONE',  ( 0.000000000000000000, 0.000000000000000000, 1.000000000000000000 ) ) ;
#7412 = PRODUCT_RELATED_PRODUCT_CATEGORY ( 'detail', '', ( #5562 ) ) ;
#7413 = EDGE_CURVE ( 'NONE', #4661, #1596, #1980, .T. ) ;
#7414 = FACE_OUTER_BOUND ( 'NONE', #6300, .T. ) ;
#7415 = CARTESIAN_POINT ( 'NONE',  ( 5.299999999999999822, 2.500000000000000000, -1.550000000000000044 ) ) ;
#7416 = ORIENTED_EDGE ( 'NONE', *, *, #6144, .F. ) ;
#7417 = VECTOR ( 'NONE', #3120, 1000.000000000000000 ) ;
#7418 = LINE ( 'NONE', #5114, #5106 ) ;
#7419 = ORIENTED_EDGE ( 'NONE', *, *, #4686, .T. ) ;
#7420 = CARTESIAN_POINT ( 'NONE',  ( -4.299999999999999822, 3.100000000000000089, 5.549999999999999822 ) ) ;
#7421 = CIRCLE ( 'NONE', #4524, 0.2999999999999999334 ) ;
#7422 = DIRECTION ( 'NONE',  ( 0.000000000000000000, 1.000000000000000000, 0.000000000000000000 ) ) ;
#7423 = CARTESIAN_POINT ( 'NONE',  ( -5.349999999999999645, -1.699999999999999956, 4.675000000000000711 ) ) ;
#7424 = ORIENTED_EDGE ( 'NONE', *, *, #1493, .T. ) ;
#7425 = ORIENTED_EDGE ( 'NONE', *, *, #4494, .T. ) ;
#7426 = ORIENTED_EDGE ( 'NONE', *, *, #1094, .T. ) ;
#7427 = VECTOR ( 'NONE', #6862, 1000.000000000000000 ) ;
#7428 = ORIENTED_EDGE ( 'NONE', *, *, #6342, .T. ) ;
#7429 = CARTESIAN_POINT ( 'NONE',  ( 0.2000000000000000111, 0.5000000000000000000, 6.959999999999999964 ) ) ;
#7430 = LINE ( 'NONE', #11, #7366 ) ;
#7431 = DIRECTION ( 'NONE',  ( 0.000000000000000000, 0.000000000000000000, -1.000000000000000000 ) ) ;
#7432 = DIRECTION ( 'NONE',  ( 0.000000000000000000, -0.7071067811866530439, 0.7071067811864419905 ) ) ;
#7433 = AXIS2_PLACEMENT_3D ( 'NONE', #234, #7052, #874 ) ;
#7434 = CARTESIAN_POINT ( 'NONE',  ( -0.4000000000000000222, -2.000000000000000000, 5.500000000000000000 ) ) ;
#7435 = ORIENTED_EDGE ( 'NONE', *, *, #5634, .F. ) ;
#7436 = ORIENTED_EDGE ( 'NONE', *, *, #1097, .T. ) ;
#7437 = ORIENTED_EDGE ( 'NONE', *, *, #7403, .F. ) ;
#7438 = CARTESIAN_POINT ( 'NONE',  ( -2.200000000000000178, 2.500000000000000000, 6.025000000000000355 ) ) ;
#7439 = LINE ( 'NONE', #546, #3645 ) ;
#7440 = DIRECTION ( 'NONE',  ( 1.000000000000000000, 0.000000000000000000, 0.000000000000000000 ) ) ;
#7441 = CARTESIAN_POINT ( 'NONE',  ( -4.924999999999999822, -4.850000000000000533, -2.850000000000000089 ) ) ;
#7442 = ORIENTED_EDGE ( 'NONE', *, *, #5232, .F. ) ;
#7443 = DIRECTION ( 'NONE',  ( -1.000000000000000000, 0.000000000000000000, 0.000000000000000000 ) ) ;
#7444 = DIRECTION ( 'NONE',  ( 0.000000000000000000, 0.000000000000000000, 1.000000000000000000 ) ) ;
#7445 = CARTESIAN_POINT ( 'NONE',  ( -2.125000000000000000, -0.3499999999999999778, -0.7750000000000000222 ) ) ;
#7446 = CYLINDRICAL_SURFACE ( 'NONE', #1324, 0.2000000000000000944 ) ;
#7447 = CARTESIAN_POINT ( 'NONE',  ( 0.8349954426310000066, 1.038233069753999871, 4.750000000000000000 ) ) ;
#7448 = EDGE_LOOP ( 'NONE', ( #2794, #5466, #1758, #2737 ) ) ;
#7449 = EDGE_CURVE ( 'NONE', #2250, #7190, #6701, .T. ) ;
#7450 = EDGE_CURVE ( 'NONE', #935, #5066, #6816, .T. ) ;
#7451 = DIRECTION ( 'NONE',  ( 0.000000000000000000, 0.000000000000000000, 1.000000000000000000 ) ) ;
#7452 = ORIENTED_EDGE ( 'NONE', *, *, #1549, .F. ) ;
#7453 = EDGE_CURVE ( 'NONE', #659, #82, #544, .T. ) ;
#7454 = DIRECTION ( 'NONE',  ( 0.000000000000000000, 0.000000000000000000, 1.000000000000000000 ) ) ;
#7455 = ADVANCED_FACE ( 'NONE', ( #978, #3874 ), #2751, .F. ) ;
ENDSEC;
END-ISO-10303-21;
